ISO-10303-21;
HEADER;
FILE_DESCRIPTION(('FreeCAD Model'),'2;1');
FILE_NAME('Open CASCADE Shape Model','2026-09-22T22:22:26',('Author'),(
    ''),'Open CASCADE STEP processor 7.8','FreeCAD','Unknown');
FILE_SCHEMA(('AUTOMOTIVE_DESIGN { 1 0 10303 214 1 1 1 1 }'));
ENDSEC;
DATA;
#1 = APPLICATION_PROTOCOL_DEFINITION('international standard',
  'automotive_design',2000,#2);
#2 = APPLICATION_CONTEXT(
  'core data for automotive mechanical design processes');
#3 = SHAPE_DEFINITION_REPRESENTATION(#4,#10);
#4 = PRODUCT_DEFINITION_SHAPE('','',#5);
#5 = PRODUCT_DEFINITION('design','',#6,#9);
#6 = PRODUCT_DEFINITION_FORMATION('','',#7);
#7 = PRODUCT('AIRKAN_E30_Kader_600x600_H30_JOIN',
  'AIRKAN_E30_Kader_600x600_H30_JOIN','',(#8));
#8 = PRODUCT_CONTEXT('',#2,'mechanical');
#9 = PRODUCT_DEFINITION_CONTEXT('part definition',#2,'design');
#10 = SHAPE_REPRESENTATION('',(#11,#15,#1661,#3307,#4953,#6599,#7766,
    #8933,#10100),#11267);
#11 = AXIS2_PLACEMENT_3D('',#12,#13,#14);
#12 = CARTESIAN_POINT('',(0.,0.,0.));
#13 = DIRECTION('',(0.,0.,1.));
#14 = DIRECTION('',(1.,0.,-0.));
#15 = MANIFOLD_SOLID_BREP('',#16);
#16 = CLOSED_SHELL('',(#17,#57,#90,#121,#154,#185,#218,#249,#282,#313,
    #346,#377,#410,#441,#474,#505,#538,#569,#602,#633,#666,#697,#730,
    #761,#792,#823,#856,#887,#920,#951,#984,#1015,#1048,#1079,#1112,
    #1143,#1176,#1207,#1240,#1271,#1304,#1335,#1368,#1399,#1432,#1463,
    #1496,#1527,#1549,#1605));
#17 = ADVANCED_FACE('',(#18),#52,.T.);
#18 = FACE_BOUND('',#19,.T.);
#19 = EDGE_LOOP('',(#20,#30,#38,#46));
#20 = ORIENTED_EDGE('',*,*,#21,.T.);
#21 = EDGE_CURVE('',#22,#24,#26,.T.);
#22 = VERTEX_POINT('',#23);
#23 = CARTESIAN_POINT('',(-300.,-300.,23.45));
#24 = VERTEX_POINT('',#25);
#25 = CARTESIAN_POINT('',(300.,-300.,23.45));
#26 = LINE('',#27,#28);
#27 = CARTESIAN_POINT('',(-300.,-300.,23.45));
#28 = VECTOR('',#29,1.);
#29 = DIRECTION('',(1.,0.,0.));
#30 = ORIENTED_EDGE('',*,*,#31,.T.);
#31 = EDGE_CURVE('',#24,#32,#34,.T.);
#32 = VERTEX_POINT('',#33);
#33 = CARTESIAN_POINT('',(300.,-300.,3.7));
#34 = LINE('',#35,#36);
#35 = CARTESIAN_POINT('',(300.,-300.,23.45));
#36 = VECTOR('',#37,1.);
#37 = DIRECTION('',(0.,-2.22044604925E-16,-1.));
#38 = ORIENTED_EDGE('',*,*,#39,.F.);
#39 = EDGE_CURVE('',#40,#32,#42,.T.);
#40 = VERTEX_POINT('',#41);
#41 = CARTESIAN_POINT('',(-300.,-300.,3.7));
#42 = LINE('',#43,#44);
#43 = CARTESIAN_POINT('',(-300.,-300.,3.7));
#44 = VECTOR('',#45,1.);
#45 = DIRECTION('',(1.,0.,0.));
#46 = ORIENTED_EDGE('',*,*,#47,.F.);
#47 = EDGE_CURVE('',#22,#40,#48,.T.);
#48 = LINE('',#49,#50);
#49 = CARTESIAN_POINT('',(-300.,-300.,23.45));
#50 = VECTOR('',#51,1.);
#51 = DIRECTION('',(0.,-2.22044604925E-16,-1.));
#52 = PLANE('',#53);
#53 = AXIS2_PLACEMENT_3D('',#54,#55,#56);
#54 = CARTESIAN_POINT('',(-300.,-300.,23.45));
#55 = DIRECTION('',(0.,1.,-2.22044604925E-16));
#56 = DIRECTION('',(0.,-2.22044604925E-16,-1.));
#57 = ADVANCED_FACE('',(#58),#85,.T.);
#58 = FACE_BOUND('',#59,.T.);
#59 = EDGE_LOOP('',(#60,#61,#70,#78));
#60 = ORIENTED_EDGE('',*,*,#39,.T.);
#61 = ORIENTED_EDGE('',*,*,#62,.T.);
#62 = EDGE_CURVE('',#32,#63,#65,.T.);
#63 = VERTEX_POINT('',#64);
#64 = CARTESIAN_POINT('',(300.,-301.25,2.45));
#65 = CIRCLE('',#66,1.25);
#66 = AXIS2_PLACEMENT_3D('',#67,#68,#69);
#67 = CARTESIAN_POINT('',(300.,-301.25,3.7));
#68 = DIRECTION('',(-1.,0.,0.));
#69 = DIRECTION('',(0.,1.,-2.22044604925E-16));
#70 = ORIENTED_EDGE('',*,*,#71,.F.);
#71 = EDGE_CURVE('',#72,#63,#74,.T.);
#72 = VERTEX_POINT('',#73);
#73 = CARTESIAN_POINT('',(-300.,-301.25,2.45));
#74 = LINE('',#75,#76);
#75 = CARTESIAN_POINT('',(-300.,-301.25,2.45));
#76 = VECTOR('',#77,1.);
#77 = DIRECTION('',(1.,0.,0.));
#78 = ORIENTED_EDGE('',*,*,#79,.F.);
#79 = EDGE_CURVE('',#40,#72,#80,.T.);
#80 = CIRCLE('',#81,1.25);
#81 = AXIS2_PLACEMENT_3D('',#82,#83,#84);
#82 = CARTESIAN_POINT('',(-300.,-301.25,3.7));
#83 = DIRECTION('',(-1.,0.,0.));
#84 = DIRECTION('',(0.,1.,-2.22044604925E-16));
#85 = CYLINDRICAL_SURFACE('',#86,1.25);
#86 = AXIS2_PLACEMENT_3D('',#87,#88,#89);
#87 = CARTESIAN_POINT('',(-300.,-301.25,3.7));
#88 = DIRECTION('',(-1.,0.,0.));
#89 = DIRECTION('',(0.,1.,-2.22044604925E-16));
#90 = ADVANCED_FACE('',(#91),#116,.T.);
#91 = FACE_BOUND('',#92,.T.);
#92 = EDGE_LOOP('',(#93,#94,#102,#110));
#93 = ORIENTED_EDGE('',*,*,#71,.T.);
#94 = ORIENTED_EDGE('',*,*,#95,.T.);
#95 = EDGE_CURVE('',#63,#96,#98,.T.);
#96 = VERTEX_POINT('',#97);
#97 = CARTESIAN_POINT('',(300.,-303.65,2.45));
#98 = LINE('',#99,#100);
#99 = CARTESIAN_POINT('',(300.,-301.25,2.45));
#100 = VECTOR('',#101,1.);
#101 = DIRECTION('',(0.,-1.,2.22044604925E-16));
#102 = ORIENTED_EDGE('',*,*,#103,.F.);
#103 = EDGE_CURVE('',#104,#96,#106,.T.);
#104 = VERTEX_POINT('',#105);
#105 = CARTESIAN_POINT('',(-300.,-303.65,2.45));
#106 = LINE('',#107,#108);
#107 = CARTESIAN_POINT('',(-300.,-303.65,2.45));
#108 = VECTOR('',#109,1.);
#109 = DIRECTION('',(1.,0.,0.));
#110 = ORIENTED_EDGE('',*,*,#111,.F.);
#111 = EDGE_CURVE('',#72,#104,#112,.T.);
#112 = LINE('',#113,#114);
#113 = CARTESIAN_POINT('',(-300.,-301.25,2.45));
#114 = VECTOR('',#115,1.);
#115 = DIRECTION('',(0.,-1.,2.22044604925E-16));
#116 = PLANE('',#117);
#117 = AXIS2_PLACEMENT_3D('',#118,#119,#120);
#118 = CARTESIAN_POINT('',(-300.,-301.25,2.45));
#119 = DIRECTION('',(0.,-2.22044604925E-16,-1.));
#120 = DIRECTION('',(0.,-1.,2.22044604925E-16));
#121 = ADVANCED_FACE('',(#122),#149,.F.);
#122 = FACE_BOUND('',#123,.T.);
#123 = EDGE_LOOP('',(#124,#125,#134,#142));
#124 = ORIENTED_EDGE('',*,*,#103,.T.);
#125 = ORIENTED_EDGE('',*,*,#126,.T.);
#126 = EDGE_CURVE('',#96,#127,#129,.T.);
#127 = VERTEX_POINT('',#128);
#128 = CARTESIAN_POINT('',(300.,-304.1,2.));
#129 = CIRCLE('',#130,0.45);
#130 = AXIS2_PLACEMENT_3D('',#131,#132,#133);
#131 = CARTESIAN_POINT('',(300.,-303.65,2.));
#132 = DIRECTION('',(1.,0.,0.));
#133 = DIRECTION('',(0.,-7.648203058529E-16,1.));
#134 = ORIENTED_EDGE('',*,*,#135,.F.);
#135 = EDGE_CURVE('',#136,#127,#138,.T.);
#136 = VERTEX_POINT('',#137);
#137 = CARTESIAN_POINT('',(-300.,-304.1,2.));
#138 = LINE('',#139,#140);
#139 = CARTESIAN_POINT('',(-300.,-304.1,2.));
#140 = VECTOR('',#141,1.);
#141 = DIRECTION('',(1.,0.,0.));
#142 = ORIENTED_EDGE('',*,*,#143,.F.);
#143 = EDGE_CURVE('',#104,#136,#144,.T.);
#144 = CIRCLE('',#145,0.45);
#145 = AXIS2_PLACEMENT_3D('',#146,#147,#148);
#146 = CARTESIAN_POINT('',(-300.,-303.65,2.));
#147 = DIRECTION('',(1.,0.,0.));
#148 = DIRECTION('',(0.,-7.648203058529E-16,1.));
#149 = CYLINDRICAL_SURFACE('',#150,0.45);
#150 = AXIS2_PLACEMENT_3D('',#151,#152,#153);
#151 = CARTESIAN_POINT('',(-300.,-303.65,2.));
#152 = DIRECTION('',(-1.,0.,-0.));
#153 = DIRECTION('',(0.,-7.648203058529E-16,1.));
#154 = ADVANCED_FACE('',(#155),#180,.T.);
#155 = FACE_BOUND('',#156,.T.);
#156 = EDGE_LOOP('',(#157,#158,#166,#174));
#157 = ORIENTED_EDGE('',*,*,#135,.T.);
#158 = ORIENTED_EDGE('',*,*,#159,.T.);
#159 = EDGE_CURVE('',#127,#160,#162,.T.);
#160 = VERTEX_POINT('',#161);
#161 = CARTESIAN_POINT('',(300.,-304.1,1.7));
#162 = LINE('',#163,#164);
#163 = CARTESIAN_POINT('',(300.,-304.1,2.));
#164 = VECTOR('',#165,1.);
#165 = DIRECTION('',(0.,-2.22044604925E-16,-1.));
#166 = ORIENTED_EDGE('',*,*,#167,.F.);
#167 = EDGE_CURVE('',#168,#160,#170,.T.);
#168 = VERTEX_POINT('',#169);
#169 = CARTESIAN_POINT('',(-300.,-304.1,1.7));
#170 = LINE('',#171,#172);
#171 = CARTESIAN_POINT('',(-300.,-304.1,1.7));
#172 = VECTOR('',#173,1.);
#173 = DIRECTION('',(1.,0.,0.));
#174 = ORIENTED_EDGE('',*,*,#175,.F.);
#175 = EDGE_CURVE('',#136,#168,#176,.T.);
#176 = LINE('',#177,#178);
#177 = CARTESIAN_POINT('',(-300.,-304.1,2.));
#178 = VECTOR('',#179,1.);
#179 = DIRECTION('',(0.,-2.22044604925E-16,-1.));
#180 = PLANE('',#181);
#181 = AXIS2_PLACEMENT_3D('',#182,#183,#184);
#182 = CARTESIAN_POINT('',(-300.,-304.1,2.));
#183 = DIRECTION('',(0.,1.,-2.22044604925E-16));
#184 = DIRECTION('',(0.,-2.22044604925E-16,-1.));
#185 = ADVANCED_FACE('',(#186),#213,.F.);
#186 = FACE_BOUND('',#187,.T.);
#187 = EDGE_LOOP('',(#188,#189,#198,#206));
#188 = ORIENTED_EDGE('',*,*,#167,.T.);
#189 = ORIENTED_EDGE('',*,*,#190,.T.);
#190 = EDGE_CURVE('',#160,#191,#193,.T.);
#191 = VERTEX_POINT('',#192);
#192 = CARTESIAN_POINT('',(300.,-303.65,1.25));
#193 = CIRCLE('',#194,0.45);
#194 = AXIS2_PLACEMENT_3D('',#195,#196,#197);
#195 = CARTESIAN_POINT('',(300.,-303.65,1.7));
#196 = DIRECTION('',(1.,0.,0.));
#197 = DIRECTION('',(0.,-1.,2.195774426481E-15));
#198 = ORIENTED_EDGE('',*,*,#199,.F.);
#199 = EDGE_CURVE('',#200,#191,#202,.T.);
#200 = VERTEX_POINT('',#201);
#201 = CARTESIAN_POINT('',(-300.,-303.65,1.25));
#202 = LINE('',#203,#204);
#203 = CARTESIAN_POINT('',(-300.,-303.65,1.25));
#204 = VECTOR('',#205,1.);
#205 = DIRECTION('',(1.,0.,0.));
#206 = ORIENTED_EDGE('',*,*,#207,.F.);
#207 = EDGE_CURVE('',#168,#200,#208,.T.);
#208 = CIRCLE('',#209,0.45);
#209 = AXIS2_PLACEMENT_3D('',#210,#211,#212);
#210 = CARTESIAN_POINT('',(-300.,-303.65,1.7));
#211 = DIRECTION('',(1.,0.,0.));
#212 = DIRECTION('',(0.,-1.,2.195774426481E-15));
#213 = CYLINDRICAL_SURFACE('',#214,0.45);
#214 = AXIS2_PLACEMENT_3D('',#215,#216,#217);
#215 = CARTESIAN_POINT('',(-300.,-303.65,1.7));
#216 = DIRECTION('',(-1.,0.,-0.));
#217 = DIRECTION('',(0.,-1.,2.195774426481E-15));
#218 = ADVANCED_FACE('',(#219),#244,.T.);
#219 = FACE_BOUND('',#220,.T.);
#220 = EDGE_LOOP('',(#221,#222,#230,#238));
#221 = ORIENTED_EDGE('',*,*,#199,.T.);
#222 = ORIENTED_EDGE('',*,*,#223,.T.);
#223 = EDGE_CURVE('',#191,#224,#226,.T.);
#224 = VERTEX_POINT('',#225);
#225 = CARTESIAN_POINT('',(300.,-301.25,1.25));
#226 = LINE('',#227,#228);
#227 = CARTESIAN_POINT('',(300.,-303.65,1.25));
#228 = VECTOR('',#229,1.);
#229 = DIRECTION('',(0.,1.,-2.22044604925E-16));
#230 = ORIENTED_EDGE('',*,*,#231,.F.);
#231 = EDGE_CURVE('',#232,#224,#234,.T.);
#232 = VERTEX_POINT('',#233);
#233 = CARTESIAN_POINT('',(-300.,-301.25,1.25));
#234 = LINE('',#235,#236);
#235 = CARTESIAN_POINT('',(-300.,-301.25,1.25));
#236 = VECTOR('',#237,1.);
#237 = DIRECTION('',(1.,0.,0.));
#238 = ORIENTED_EDGE('',*,*,#239,.F.);
#239 = EDGE_CURVE('',#200,#232,#240,.T.);
#240 = LINE('',#241,#242);
#241 = CARTESIAN_POINT('',(-300.,-303.65,1.25));
#242 = VECTOR('',#243,1.);
#243 = DIRECTION('',(0.,1.,-2.22044604925E-16));
#244 = PLANE('',#245);
#245 = AXIS2_PLACEMENT_3D('',#246,#247,#248);
#246 = CARTESIAN_POINT('',(-300.,-303.65,1.25));
#247 = DIRECTION('',(0.,2.22044604925E-16,1.));
#248 = DIRECTION('',(0.,1.,-2.22044604925E-16));
#249 = ADVANCED_FACE('',(#250),#277,.T.);
#250 = FACE_BOUND('',#251,.T.);
#251 = EDGE_LOOP('',(#252,#253,#262,#270));
#252 = ORIENTED_EDGE('',*,*,#231,.T.);
#253 = ORIENTED_EDGE('',*,*,#254,.T.);
#254 = EDGE_CURVE('',#224,#255,#257,.T.);
#255 = VERTEX_POINT('',#256);
#256 = CARTESIAN_POINT('',(300.,-300.,8.881784197001E-16));
#257 = CIRCLE('',#258,1.25);
#258 = AXIS2_PLACEMENT_3D('',#259,#260,#261);
#259 = CARTESIAN_POINT('',(300.,-301.25,2.22044604925E-15));
#260 = DIRECTION('',(-1.,0.,0.));
#261 = DIRECTION('',(0.,-3.10862446895E-16,1.));
#262 = ORIENTED_EDGE('',*,*,#263,.F.);
#263 = EDGE_CURVE('',#264,#255,#266,.T.);
#264 = VERTEX_POINT('',#265);
#265 = CARTESIAN_POINT('',(-300.,-300.,8.881784197001E-16));
#266 = LINE('',#267,#268);
#267 = CARTESIAN_POINT('',(-300.,-300.,8.881784197001E-16));
#268 = VECTOR('',#269,1.);
#269 = DIRECTION('',(1.,0.,0.));
#270 = ORIENTED_EDGE('',*,*,#271,.F.);
#271 = EDGE_CURVE('',#232,#264,#272,.T.);
#272 = CIRCLE('',#273,1.25);
#273 = AXIS2_PLACEMENT_3D('',#274,#275,#276);
#274 = CARTESIAN_POINT('',(-300.,-301.25,2.22044604925E-15));
#275 = DIRECTION('',(-1.,0.,0.));
#276 = DIRECTION('',(0.,-3.10862446895E-16,1.));
#277 = CYLINDRICAL_SURFACE('',#278,1.25);
#278 = AXIS2_PLACEMENT_3D('',#279,#280,#281);
#279 = CARTESIAN_POINT('',(-300.,-301.25,2.22044604925E-15));
#280 = DIRECTION('',(-1.,0.,0.));
#281 = DIRECTION('',(0.,-3.10862446895E-16,1.));
#282 = ADVANCED_FACE('',(#283),#308,.T.);
#283 = FACE_BOUND('',#284,.T.);
#284 = EDGE_LOOP('',(#285,#286,#294,#302));
#285 = ORIENTED_EDGE('',*,*,#263,.T.);
#286 = ORIENTED_EDGE('',*,*,#287,.T.);
#287 = EDGE_CURVE('',#255,#288,#290,.T.);
#288 = VERTEX_POINT('',#289);
#289 = CARTESIAN_POINT('',(300.,-300.,-2.3));
#290 = LINE('',#291,#292);
#291 = CARTESIAN_POINT('',(300.,-300.,8.881784197001E-16));
#292 = VECTOR('',#293,1.);
#293 = DIRECTION('',(0.,-2.22044604925E-16,-1.));
#294 = ORIENTED_EDGE('',*,*,#295,.F.);
#295 = EDGE_CURVE('',#296,#288,#298,.T.);
#296 = VERTEX_POINT('',#297);
#297 = CARTESIAN_POINT('',(-300.,-300.,-2.3));
#298 = LINE('',#299,#300);
#299 = CARTESIAN_POINT('',(-300.,-300.,-2.3));
#300 = VECTOR('',#301,1.);
#301 = DIRECTION('',(1.,0.,0.));
#302 = ORIENTED_EDGE('',*,*,#303,.F.);
#303 = EDGE_CURVE('',#264,#296,#304,.T.);
#304 = LINE('',#305,#306);
#305 = CARTESIAN_POINT('',(-300.,-300.,8.881784197001E-16));
#306 = VECTOR('',#307,1.);
#307 = DIRECTION('',(0.,-2.22044604925E-16,-1.));
#308 = PLANE('',#309);
#309 = AXIS2_PLACEMENT_3D('',#310,#311,#312);
#310 = CARTESIAN_POINT('',(-300.,-300.,8.881784197001E-16));
#311 = DIRECTION('',(0.,1.,-2.22044604925E-16));
#312 = DIRECTION('',(0.,-2.22044604925E-16,-1.));
#313 = ADVANCED_FACE('',(#314),#341,.T.);
#314 = FACE_BOUND('',#315,.T.);
#315 = EDGE_LOOP('',(#316,#317,#326,#334));
#316 = ORIENTED_EDGE('',*,*,#295,.T.);
#317 = ORIENTED_EDGE('',*,*,#318,.T.);
#318 = EDGE_CURVE('',#288,#319,#321,.T.);
#319 = VERTEX_POINT('',#320);
#320 = CARTESIAN_POINT('',(300.,-301.25,-3.55));
#321 = CIRCLE('',#322,1.25);
#322 = AXIS2_PLACEMENT_3D('',#323,#324,#325);
#323 = CARTESIAN_POINT('',(300.,-301.25,-2.3));
#324 = DIRECTION('',(-1.,0.,0.));
#325 = DIRECTION('',(0.,1.,-2.22044604925E-16));
#326 = ORIENTED_EDGE('',*,*,#327,.F.);
#327 = EDGE_CURVE('',#328,#319,#330,.T.);
#328 = VERTEX_POINT('',#329);
#329 = CARTESIAN_POINT('',(-300.,-301.25,-3.55));
#330 = LINE('',#331,#332);
#331 = CARTESIAN_POINT('',(-300.,-301.25,-3.55));
#332 = VECTOR('',#333,1.);
#333 = DIRECTION('',(1.,0.,0.));
#334 = ORIENTED_EDGE('',*,*,#335,.F.);
#335 = EDGE_CURVE('',#296,#328,#336,.T.);
#336 = CIRCLE('',#337,1.25);
#337 = AXIS2_PLACEMENT_3D('',#338,#339,#340);
#338 = CARTESIAN_POINT('',(-300.,-301.25,-2.3));
#339 = DIRECTION('',(-1.,0.,0.));
#340 = DIRECTION('',(0.,1.,-2.22044604925E-16));
#341 = CYLINDRICAL_SURFACE('',#342,1.25);
#342 = AXIS2_PLACEMENT_3D('',#343,#344,#345);
#343 = CARTESIAN_POINT('',(-300.,-301.25,-2.3));
#344 = DIRECTION('',(-1.,0.,0.));
#345 = DIRECTION('',(0.,1.,-2.22044604925E-16));
#346 = ADVANCED_FACE('',(#347),#372,.T.);
#347 = FACE_BOUND('',#348,.T.);
#348 = EDGE_LOOP('',(#349,#350,#358,#366));
#349 = ORIENTED_EDGE('',*,*,#327,.T.);
#350 = ORIENTED_EDGE('',*,*,#351,.T.);
#351 = EDGE_CURVE('',#319,#352,#354,.T.);
#352 = VERTEX_POINT('',#353);
#353 = CARTESIAN_POINT('',(300.,-328.,-3.55));
#354 = LINE('',#355,#356);
#355 = CARTESIAN_POINT('',(300.,-301.25,-3.55));
#356 = VECTOR('',#357,1.);
#357 = DIRECTION('',(0.,-1.,2.22044604925E-16));
#358 = ORIENTED_EDGE('',*,*,#359,.F.);
#359 = EDGE_CURVE('',#360,#352,#362,.T.);
#360 = VERTEX_POINT('',#361);
#361 = CARTESIAN_POINT('',(-300.,-328.,-3.55));
#362 = LINE('',#363,#364);
#363 = CARTESIAN_POINT('',(-300.,-328.,-3.55));
#364 = VECTOR('',#365,1.);
#365 = DIRECTION('',(1.,0.,0.));
#366 = ORIENTED_EDGE('',*,*,#367,.F.);
#367 = EDGE_CURVE('',#328,#360,#368,.T.);
#368 = LINE('',#369,#370);
#369 = CARTESIAN_POINT('',(-300.,-301.25,-3.55));
#370 = VECTOR('',#371,1.);
#371 = DIRECTION('',(0.,-1.,2.22044604925E-16));
#372 = PLANE('',#373);
#373 = AXIS2_PLACEMENT_3D('',#374,#375,#376);
#374 = CARTESIAN_POINT('',(-300.,-301.25,-3.55));
#375 = DIRECTION('',(0.,-2.22044604925E-16,-1.));
#376 = DIRECTION('',(0.,-1.,2.22044604925E-16));
#377 = ADVANCED_FACE('',(#378),#405,.T.);
#378 = FACE_BOUND('',#379,.T.);
#379 = EDGE_LOOP('',(#380,#381,#390,#398));
#380 = ORIENTED_EDGE('',*,*,#359,.T.);
#381 = ORIENTED_EDGE('',*,*,#382,.T.);
#382 = EDGE_CURVE('',#352,#383,#385,.T.);
#383 = VERTEX_POINT('',#384);
#384 = CARTESIAN_POINT('',(300.,-330.,-1.55));
#385 = CIRCLE('',#386,2.);
#386 = AXIS2_PLACEMENT_3D('',#387,#388,#389);
#387 = CARTESIAN_POINT('',(300.,-328.,-1.55));
#388 = DIRECTION('',(-1.,-0.,0.));
#389 = DIRECTION('',(0.,-2.22044604925E-16,-1.));
#390 = ORIENTED_EDGE('',*,*,#391,.F.);
#391 = EDGE_CURVE('',#392,#383,#394,.T.);
#392 = VERTEX_POINT('',#393);
#393 = CARTESIAN_POINT('',(-300.,-330.,-1.55));
#394 = LINE('',#395,#396);
#395 = CARTESIAN_POINT('',(-300.,-330.,-1.55));
#396 = VECTOR('',#397,1.);
#397 = DIRECTION('',(1.,0.,0.));
#398 = ORIENTED_EDGE('',*,*,#399,.F.);
#399 = EDGE_CURVE('',#360,#392,#400,.T.);
#400 = CIRCLE('',#401,2.);
#401 = AXIS2_PLACEMENT_3D('',#402,#403,#404);
#402 = CARTESIAN_POINT('',(-300.,-328.,-1.55));
#403 = DIRECTION('',(-1.,-0.,0.));
#404 = DIRECTION('',(0.,-2.22044604925E-16,-1.));
#405 = CYLINDRICAL_SURFACE('',#406,2.);
#406 = AXIS2_PLACEMENT_3D('',#407,#408,#409);
#407 = CARTESIAN_POINT('',(-300.,-328.,-1.55));
#408 = DIRECTION('',(-1.,0.,0.));
#409 = DIRECTION('',(0.,-2.22044604925E-16,-1.));
#410 = ADVANCED_FACE('',(#411),#436,.T.);
#411 = FACE_BOUND('',#412,.T.);
#412 = EDGE_LOOP('',(#413,#414,#422,#430));
#413 = ORIENTED_EDGE('',*,*,#391,.T.);
#414 = ORIENTED_EDGE('',*,*,#415,.T.);
#415 = EDGE_CURVE('',#383,#416,#418,.T.);
#416 = VERTEX_POINT('',#417);
#417 = CARTESIAN_POINT('',(300.,-330.,3.45));
#418 = LINE('',#419,#420);
#419 = CARTESIAN_POINT('',(300.,-330.,-1.55));
#420 = VECTOR('',#421,1.);
#421 = DIRECTION('',(0.,2.22044604925E-16,1.));
#422 = ORIENTED_EDGE('',*,*,#423,.F.);
#423 = EDGE_CURVE('',#424,#416,#426,.T.);
#424 = VERTEX_POINT('',#425);
#425 = CARTESIAN_POINT('',(-300.,-330.,3.45));
#426 = LINE('',#427,#428);
#427 = CARTESIAN_POINT('',(-300.,-330.,3.45));
#428 = VECTOR('',#429,1.);
#429 = DIRECTION('',(1.,0.,0.));
#430 = ORIENTED_EDGE('',*,*,#431,.F.);
#431 = EDGE_CURVE('',#392,#424,#432,.T.);
#432 = LINE('',#433,#434);
#433 = CARTESIAN_POINT('',(-300.,-330.,-1.55));
#434 = VECTOR('',#435,1.);
#435 = DIRECTION('',(0.,2.22044604925E-16,1.));
#436 = PLANE('',#437);
#437 = AXIS2_PLACEMENT_3D('',#438,#439,#440);
#438 = CARTESIAN_POINT('',(-300.,-330.,-1.55));
#439 = DIRECTION('',(0.,-1.,2.22044604925E-16));
#440 = DIRECTION('',(0.,2.22044604925E-16,1.));
#441 = ADVANCED_FACE('',(#442),#469,.T.);
#442 = FACE_BOUND('',#443,.T.);
#443 = EDGE_LOOP('',(#444,#445,#454,#462));
#444 = ORIENTED_EDGE('',*,*,#423,.T.);
#445 = ORIENTED_EDGE('',*,*,#446,.T.);
#446 = EDGE_CURVE('',#416,#447,#449,.T.);
#447 = VERTEX_POINT('',#448);
#448 = CARTESIAN_POINT('',(300.,-327.,3.45));
#449 = CIRCLE('',#450,1.5);
#450 = AXIS2_PLACEMENT_3D('',#451,#452,#453);
#451 = CARTESIAN_POINT('',(300.,-328.5,3.45));
#452 = DIRECTION('',(-1.,0.,0.));
#453 = DIRECTION('',(0.,-1.,2.22044604925E-16));
#454 = ORIENTED_EDGE('',*,*,#455,.F.);
#455 = EDGE_CURVE('',#456,#447,#458,.T.);
#456 = VERTEX_POINT('',#457);
#457 = CARTESIAN_POINT('',(-300.,-327.,3.45));
#458 = LINE('',#459,#460);
#459 = CARTESIAN_POINT('',(-300.,-327.,3.45));
#460 = VECTOR('',#461,1.);
#461 = DIRECTION('',(1.,0.,0.));
#462 = ORIENTED_EDGE('',*,*,#463,.F.);
#463 = EDGE_CURVE('',#424,#456,#464,.T.);
#464 = CIRCLE('',#465,1.5);
#465 = AXIS2_PLACEMENT_3D('',#466,#467,#468);
#466 = CARTESIAN_POINT('',(-300.,-328.5,3.45));
#467 = DIRECTION('',(-1.,0.,0.));
#468 = DIRECTION('',(0.,-1.,2.22044604925E-16));
#469 = CYLINDRICAL_SURFACE('',#470,1.5);
#470 = AXIS2_PLACEMENT_3D('',#471,#472,#473);
#471 = CARTESIAN_POINT('',(-300.,-328.5,3.45));
#472 = DIRECTION('',(-1.,0.,0.));
#473 = DIRECTION('',(0.,-1.,2.22044604925E-16));
#474 = ADVANCED_FACE('',(#475),#500,.T.);
#475 = FACE_BOUND('',#476,.T.);
#476 = EDGE_LOOP('',(#477,#478,#486,#494));
#477 = ORIENTED_EDGE('',*,*,#455,.T.);
#478 = ORIENTED_EDGE('',*,*,#479,.T.);
#479 = EDGE_CURVE('',#447,#480,#482,.T.);
#480 = VERTEX_POINT('',#481);
#481 = CARTESIAN_POINT('',(300.,-327.,1.95));
#482 = LINE('',#483,#484);
#483 = CARTESIAN_POINT('',(300.,-327.,3.45));
#484 = VECTOR('',#485,1.);
#485 = DIRECTION('',(0.,-2.22044604925E-16,-1.));
#486 = ORIENTED_EDGE('',*,*,#487,.F.);
#487 = EDGE_CURVE('',#488,#480,#490,.T.);
#488 = VERTEX_POINT('',#489);
#489 = CARTESIAN_POINT('',(-300.,-327.,1.95));
#490 = LINE('',#491,#492);
#491 = CARTESIAN_POINT('',(-300.,-327.,1.95));
#492 = VECTOR('',#493,1.);
#493 = DIRECTION('',(1.,0.,0.));
#494 = ORIENTED_EDGE('',*,*,#495,.F.);
#495 = EDGE_CURVE('',#456,#488,#496,.T.);
#496 = LINE('',#497,#498);
#497 = CARTESIAN_POINT('',(-300.,-327.,3.45));
#498 = VECTOR('',#499,1.);
#499 = DIRECTION('',(0.,-2.22044604925E-16,-1.));
#500 = PLANE('',#501);
#501 = AXIS2_PLACEMENT_3D('',#502,#503,#504);
#502 = CARTESIAN_POINT('',(-300.,-327.,3.45));
#503 = DIRECTION('',(0.,1.,-2.22044604925E-16));
#504 = DIRECTION('',(0.,-2.22044604925E-16,-1.));
#505 = ADVANCED_FACE('',(#506),#533,.F.);
#506 = FACE_BOUND('',#507,.T.);
#507 = EDGE_LOOP('',(#508,#509,#518,#526));
#508 = ORIENTED_EDGE('',*,*,#487,.T.);
#509 = ORIENTED_EDGE('',*,*,#510,.T.);
#510 = EDGE_CURVE('',#480,#511,#513,.T.);
#511 = VERTEX_POINT('',#512);
#512 = CARTESIAN_POINT('',(300.,-326.4,1.35));
#513 = CIRCLE('',#514,0.6);
#514 = AXIS2_PLACEMENT_3D('',#515,#516,#517);
#515 = CARTESIAN_POINT('',(300.,-326.4,1.95));
#516 = DIRECTION('',(1.,0.,0.));
#517 = DIRECTION('',(0.,-1.,-7.179442225909E-15));
#518 = ORIENTED_EDGE('',*,*,#519,.F.);
#519 = EDGE_CURVE('',#520,#511,#522,.T.);
#520 = VERTEX_POINT('',#521);
#521 = CARTESIAN_POINT('',(-300.,-326.4,1.35));
#522 = LINE('',#523,#524);
#523 = CARTESIAN_POINT('',(-300.,-326.4,1.35));
#524 = VECTOR('',#525,1.);
#525 = DIRECTION('',(1.,0.,0.));
#526 = ORIENTED_EDGE('',*,*,#527,.F.);
#527 = EDGE_CURVE('',#488,#520,#528,.T.);
#528 = CIRCLE('',#529,0.6);
#529 = AXIS2_PLACEMENT_3D('',#530,#531,#532);
#530 = CARTESIAN_POINT('',(-300.,-326.4,1.95));
#531 = DIRECTION('',(1.,0.,0.));
#532 = DIRECTION('',(0.,-1.,-7.179442225909E-15));
#533 = CYLINDRICAL_SURFACE('',#534,0.6);
#534 = AXIS2_PLACEMENT_3D('',#535,#536,#537);
#535 = CARTESIAN_POINT('',(-300.,-326.4,1.95));
#536 = DIRECTION('',(-1.,0.,-0.));
#537 = DIRECTION('',(0.,-1.,-7.179442225909E-15));
#538 = ADVANCED_FACE('',(#539),#564,.T.);
#539 = FACE_BOUND('',#540,.T.);
#540 = EDGE_LOOP('',(#541,#542,#550,#558));
#541 = ORIENTED_EDGE('',*,*,#519,.T.);
#542 = ORIENTED_EDGE('',*,*,#543,.T.);
#543 = EDGE_CURVE('',#511,#544,#546,.T.);
#544 = VERTEX_POINT('',#545);
#545 = CARTESIAN_POINT('',(300.,-310.765564437,1.35));
#546 = LINE('',#547,#548);
#547 = CARTESIAN_POINT('',(300.,-326.4,1.35));
#548 = VECTOR('',#549,1.);
#549 = DIRECTION('',(0.,1.,-2.22044604925E-16));
#550 = ORIENTED_EDGE('',*,*,#551,.F.);
#551 = EDGE_CURVE('',#552,#544,#554,.T.);
#552 = VERTEX_POINT('',#553);
#553 = CARTESIAN_POINT('',(-300.,-310.765564437,1.35));
#554 = LINE('',#555,#556);
#555 = CARTESIAN_POINT('',(-300.,-310.765564437,1.35));
#556 = VECTOR('',#557,1.);
#557 = DIRECTION('',(1.,0.,0.));
#558 = ORIENTED_EDGE('',*,*,#559,.F.);
#559 = EDGE_CURVE('',#520,#552,#560,.T.);
#560 = LINE('',#561,#562);
#561 = CARTESIAN_POINT('',(-300.,-326.4,1.35));
#562 = VECTOR('',#563,1.);
#563 = DIRECTION('',(0.,1.,-2.22044604925E-16));
#564 = PLANE('',#565);
#565 = AXIS2_PLACEMENT_3D('',#566,#567,#568);
#566 = CARTESIAN_POINT('',(-300.,-326.4,1.35));
#567 = DIRECTION('',(0.,2.22044604925E-16,1.));
#568 = DIRECTION('',(0.,1.,-2.22044604925E-16));
#569 = ADVANCED_FACE('',(#570),#597,.F.);
#570 = FACE_BOUND('',#571,.T.);
#571 = EDGE_LOOP('',(#572,#573,#582,#590));
#572 = ORIENTED_EDGE('',*,*,#551,.T.);
#573 = ORIENTED_EDGE('',*,*,#574,.T.);
#574 = EDGE_CURVE('',#544,#575,#577,.T.);
#575 = VERTEX_POINT('',#576);
#576 = CARTESIAN_POINT('',(300.,-310.467881074,1.429054114725));
#577 = CIRCLE('',#578,0.6);
#578 = AXIS2_PLACEMENT_3D('',#579,#580,#581);
#579 = CARTESIAN_POINT('',(300.,-310.765564437,1.95));
#580 = DIRECTION('',(1.,0.,0.));
#581 = DIRECTION('',(0.,-9.103828801927E-15,-1.));
#582 = ORIENTED_EDGE('',*,*,#583,.F.);
#583 = EDGE_CURVE('',#584,#575,#586,.T.);
#584 = VERTEX_POINT('',#585);
#585 = CARTESIAN_POINT('',(-300.,-310.467881074,1.429054114725));
#586 = LINE('',#587,#588);
#587 = CARTESIAN_POINT('',(-300.,-310.467881074,1.429054114725));
#588 = VECTOR('',#589,1.);
#589 = DIRECTION('',(1.,0.,0.));
#590 = ORIENTED_EDGE('',*,*,#591,.F.);
#591 = EDGE_CURVE('',#552,#584,#592,.T.);
#592 = CIRCLE('',#593,0.6);
#593 = AXIS2_PLACEMENT_3D('',#594,#595,#596);
#594 = CARTESIAN_POINT('',(-300.,-310.765564437,1.95));
#595 = DIRECTION('',(1.,0.,0.));
#596 = DIRECTION('',(0.,-9.103828801927E-15,-1.));
#597 = CYLINDRICAL_SURFACE('',#598,0.6);
#598 = AXIS2_PLACEMENT_3D('',#599,#600,#601);
#599 = CARTESIAN_POINT('',(-300.,-310.765564437,1.95));
#600 = DIRECTION('',(-1.,0.,-0.));
#601 = DIRECTION('',(0.,-9.103828801927E-15,-1.));
#602 = ADVANCED_FACE('',(#603),#628,.T.);
#603 = FACE_BOUND('',#604,.T.);
#604 = EDGE_LOOP('',(#605,#606,#614,#622));
#605 = ORIENTED_EDGE('',*,*,#583,.T.);
#606 = ORIENTED_EDGE('',*,*,#607,.T.);
#607 = EDGE_CURVE('',#575,#608,#610,.T.);
#608 = VERTEX_POINT('',#609);
#609 = CARTESIAN_POINT('',(300.,-304.1805623409,5.021807676486));
#610 = LINE('',#611,#612);
#611 = CARTESIAN_POINT('',(300.,-310.467881074,1.429054114725));
#612 = VECTOR('',#613,1.);
#613 = DIRECTION('',(0.,0.868243142124,0.496138938357));
#614 = ORIENTED_EDGE('',*,*,#615,.F.);
#615 = EDGE_CURVE('',#616,#608,#618,.T.);
#616 = VERTEX_POINT('',#617);
#617 = CARTESIAN_POINT('',(-300.,-304.1805623409,5.021807676486));
#618 = LINE('',#619,#620);
#619 = CARTESIAN_POINT('',(-300.,-304.1805623409,5.021807676486));
#620 = VECTOR('',#621,1.);
#621 = DIRECTION('',(1.,0.,0.));
#622 = ORIENTED_EDGE('',*,*,#623,.F.);
#623 = EDGE_CURVE('',#584,#616,#624,.T.);
#624 = LINE('',#625,#626);
#625 = CARTESIAN_POINT('',(-300.,-310.467881074,1.429054114725));
#626 = VECTOR('',#627,1.);
#627 = DIRECTION('',(0.,0.868243142124,0.496138938357));
#628 = PLANE('',#629);
#629 = AXIS2_PLACEMENT_3D('',#630,#631,#632);
#630 = CARTESIAN_POINT('',(-300.,-310.467881074,1.429054114725));
#631 = DIRECTION('',(0.,-0.496138938357,0.868243142124));
#632 = DIRECTION('',(0.,0.868243142124,0.496138938357));
#633 = ADVANCED_FACE('',(#634),#661,.F.);
#634 = FACE_BOUND('',#635,.T.);
#635 = EDGE_LOOP('',(#636,#637,#646,#654));
#636 = ORIENTED_EDGE('',*,*,#615,.T.);
#637 = ORIENTED_EDGE('',*,*,#638,.T.);
#638 = EDGE_CURVE('',#608,#639,#641,.T.);
#639 = VERTEX_POINT('',#640);
#640 = CARTESIAN_POINT('',(300.,-303.8326215018,5.548067202649));
#641 = CIRCLE('',#642,0.7);
#642 = AXIS2_PLACEMENT_3D('',#643,#644,#645);
#643 = CARTESIAN_POINT('',(300.,-304.5278595978,5.629577875973));
#644 = DIRECTION('',(1.,-0.,0.));
#645 = DIRECTION('',(0.,0.496138938357,-0.868243142124));
#646 = ORIENTED_EDGE('',*,*,#647,.F.);
#647 = EDGE_CURVE('',#648,#639,#650,.T.);
#648 = VERTEX_POINT('',#649);
#649 = CARTESIAN_POINT('',(-300.,-303.8326215018,5.548067202649));
#650 = LINE('',#651,#652);
#651 = CARTESIAN_POINT('',(-300.,-303.8326215018,5.548067202649));
#652 = VECTOR('',#653,1.);
#653 = DIRECTION('',(1.,0.,0.));
#654 = ORIENTED_EDGE('',*,*,#655,.F.);
#655 = EDGE_CURVE('',#616,#648,#656,.T.);
#656 = CIRCLE('',#657,0.7);
#657 = AXIS2_PLACEMENT_3D('',#658,#659,#660);
#658 = CARTESIAN_POINT('',(-300.,-304.5278595978,5.629577875973));
#659 = DIRECTION('',(1.,-0.,0.));
#660 = DIRECTION('',(0.,0.496138938357,-0.868243142124));
#661 = CYLINDRICAL_SURFACE('',#662,0.7);
#662 = AXIS2_PLACEMENT_3D('',#663,#664,#665);
#663 = CARTESIAN_POINT('',(-300.,-304.5278595978,5.629577875973));
#664 = DIRECTION('',(-1.,0.,-0.));
#665 = DIRECTION('',(0.,0.496138938357,-0.868243142124));
#666 = ADVANCED_FACE('',(#667),#692,.T.);
#667 = FACE_BOUND('',#668,.T.);
#668 = EDGE_LOOP('',(#669,#670,#678,#686));
#669 = ORIENTED_EDGE('',*,*,#647,.T.);
#670 = ORIENTED_EDGE('',*,*,#671,.T.);
#671 = EDGE_CURVE('',#639,#672,#674,.T.);
#672 = VERTEX_POINT('',#673);
#673 = CARTESIAN_POINT('',(300.,-302.2446793038,19.092280067822));
#674 = LINE('',#675,#676);
#675 = CARTESIAN_POINT('',(300.,-303.8326215018,5.548067202649));
#676 = VECTOR('',#677,1.);
#677 = DIRECTION('',(0.,0.116443819035,0.993197280005));
#678 = ORIENTED_EDGE('',*,*,#679,.F.);
#679 = EDGE_CURVE('',#680,#672,#682,.T.);
#680 = VERTEX_POINT('',#681);
#681 = CARTESIAN_POINT('',(-300.,-302.2446793038,19.092280067822));
#682 = LINE('',#683,#684);
#683 = CARTESIAN_POINT('',(-300.,-302.2446793038,19.092280067822));
#684 = VECTOR('',#685,1.);
#685 = DIRECTION('',(1.,0.,0.));
#686 = ORIENTED_EDGE('',*,*,#687,.F.);
#687 = EDGE_CURVE('',#648,#680,#688,.T.);
#688 = LINE('',#689,#690);
#689 = CARTESIAN_POINT('',(-300.,-303.8326215018,5.548067202649));
#690 = VECTOR('',#691,1.);
#691 = DIRECTION('',(0.,0.116443819035,0.993197280005));
#692 = PLANE('',#693);
#693 = AXIS2_PLACEMENT_3D('',#694,#695,#696);
#694 = CARTESIAN_POINT('',(-300.,-303.8326215018,5.548067202649));
#695 = DIRECTION('',(0.,-0.993197280005,0.116443819035));
#696 = DIRECTION('',(0.,0.116443819035,0.993197280005));
#697 = ADVANCED_FACE('',(#698),#725,.F.);
#698 = FACE_BOUND('',#699,.T.);
#699 = EDGE_LOOP('',(#700,#701,#710,#718));
#700 = ORIENTED_EDGE('',*,*,#679,.T.);
#701 = ORIENTED_EDGE('',*,*,#702,.T.);
#702 = EDGE_CURVE('',#672,#703,#705,.T.);
#703 = VERTEX_POINT('',#704);
#704 = CARTESIAN_POINT('',(300.,-302.3696308707,19.48498434315));
#705 = CIRCLE('',#706,0.5);
#706 = AXIS2_PLACEMENT_3D('',#707,#708,#709);
#707 = CARTESIAN_POINT('',(300.,-302.7412779438,19.150501977339));
#708 = DIRECTION('',(1.,-0.,0.));
#709 = DIRECTION('',(0.,0.993197280005,-0.116443819035));
#710 = ORIENTED_EDGE('',*,*,#711,.F.);
#711 = EDGE_CURVE('',#712,#703,#714,.T.);
#712 = VERTEX_POINT('',#713);
#713 = CARTESIAN_POINT('',(-300.,-302.3696308707,19.48498434315));
#714 = LINE('',#715,#716);
#715 = CARTESIAN_POINT('',(-300.,-302.3696308707,19.48498434315));
#716 = VECTOR('',#717,1.);
#717 = DIRECTION('',(1.,0.,0.));
#718 = ORIENTED_EDGE('',*,*,#719,.F.);
#719 = EDGE_CURVE('',#680,#712,#720,.T.);
#720 = CIRCLE('',#721,0.5);
#721 = AXIS2_PLACEMENT_3D('',#722,#723,#724);
#722 = CARTESIAN_POINT('',(-300.,-302.7412779438,19.150501977339));
#723 = DIRECTION('',(1.,-0.,0.));
#724 = DIRECTION('',(0.,0.993197280005,-0.116443819035));
#725 = CYLINDRICAL_SURFACE('',#726,0.5);
#726 = AXIS2_PLACEMENT_3D('',#727,#728,#729);
#727 = CARTESIAN_POINT('',(-300.,-302.7412779438,19.150501977339));
#728 = DIRECTION('',(-1.,0.,-0.));
#729 = DIRECTION('',(0.,0.993197280005,-0.116443819035));
#730 = ADVANCED_FACE('',(#731),#756,.T.);
#731 = FACE_BOUND('',#732,.T.);
#732 = EDGE_LOOP('',(#733,#734,#742,#750));
#733 = ORIENTED_EDGE('',*,*,#711,.T.);
#734 = ORIENTED_EDGE('',*,*,#735,.T.);
#735 = EDGE_CURVE('',#703,#736,#738,.T.);
#736 = VERTEX_POINT('',#737);
#737 = CARTESIAN_POINT('',(300.,-303.8973176584,21.182414107351));
#738 = LINE('',#739,#740);
#739 = CARTESIAN_POINT('',(300.,-302.3696308707,19.48498434315));
#740 = VECTOR('',#741,1.);
#741 = DIRECTION('',(0.,-0.668964731622,0.743294146247));
#742 = ORIENTED_EDGE('',*,*,#743,.F.);
#743 = EDGE_CURVE('',#744,#736,#746,.T.);
#744 = VERTEX_POINT('',#745);
#745 = CARTESIAN_POINT('',(-300.,-303.8973176584,21.182414107351));
#746 = LINE('',#747,#748);
#747 = CARTESIAN_POINT('',(-300.,-303.8973176584,21.182414107351));
#748 = VECTOR('',#749,1.);
#749 = DIRECTION('',(1.,0.,0.));
#750 = ORIENTED_EDGE('',*,*,#751,.F.);
#751 = EDGE_CURVE('',#712,#744,#752,.T.);
#752 = LINE('',#753,#754);
#753 = CARTESIAN_POINT('',(-300.,-302.3696308707,19.48498434315));
#754 = VECTOR('',#755,1.);
#755 = DIRECTION('',(0.,-0.668964731622,0.743294146247));
#756 = PLANE('',#757);
#757 = AXIS2_PLACEMENT_3D('',#758,#759,#760);
#758 = CARTESIAN_POINT('',(-300.,-302.3696308707,19.48498434315));
#759 = DIRECTION('',(0.,-0.743294146247,-0.668964731622));
#760 = DIRECTION('',(0.,-0.668964731622,0.743294146247));
#761 = ADVANCED_FACE('',(#762),#787,.T.);
#762 = FACE_BOUND('',#763,.T.);
#763 = EDGE_LOOP('',(#764,#765,#773,#781));
#764 = ORIENTED_EDGE('',*,*,#743,.T.);
#765 = ORIENTED_EDGE('',*,*,#766,.T.);
#766 = EDGE_CURVE('',#736,#767,#769,.T.);
#767 = VERTEX_POINT('',#768);
#768 = CARTESIAN_POINT('',(300.,-303.3026823415,21.717585892649));
#769 = LINE('',#770,#771);
#770 = CARTESIAN_POINT('',(300.,-303.8973176584,21.182414107351));
#771 = VECTOR('',#772,1.);
#772 = DIRECTION('',(0.,0.743294146247,0.668964731622));
#773 = ORIENTED_EDGE('',*,*,#774,.F.);
#774 = EDGE_CURVE('',#775,#767,#777,.T.);
#775 = VERTEX_POINT('',#776);
#776 = CARTESIAN_POINT('',(-300.,-303.3026823415,21.717585892649));
#777 = LINE('',#778,#779);
#778 = CARTESIAN_POINT('',(-300.,-303.3026823415,21.717585892649));
#779 = VECTOR('',#780,1.);
#780 = DIRECTION('',(1.,0.,0.));
#781 = ORIENTED_EDGE('',*,*,#782,.F.);
#782 = EDGE_CURVE('',#744,#775,#783,.T.);
#783 = LINE('',#784,#785);
#784 = CARTESIAN_POINT('',(-300.,-303.8973176584,21.182414107351));
#785 = VECTOR('',#786,1.);
#786 = DIRECTION('',(0.,0.743294146247,0.668964731622));
#787 = PLANE('',#788);
#788 = AXIS2_PLACEMENT_3D('',#789,#790,#791);
#789 = CARTESIAN_POINT('',(-300.,-303.8973176584,21.182414107351));
#790 = DIRECTION('',(0.,-0.668964731622,0.743294146247));
#791 = DIRECTION('',(0.,0.743294146247,0.668964731622));
#792 = ADVANCED_FACE('',(#793),#818,.T.);
#793 = FACE_BOUND('',#794,.T.);
#794 = EDGE_LOOP('',(#795,#796,#804,#812));
#795 = ORIENTED_EDGE('',*,*,#774,.T.);
#796 = ORIENTED_EDGE('',*,*,#797,.T.);
#797 = EDGE_CURVE('',#767,#798,#800,.T.);
#798 = VERTEX_POINT('',#799);
#799 = CARTESIAN_POINT('',(300.,-301.7749955537,20.020156128448));
#800 = LINE('',#801,#802);
#801 = CARTESIAN_POINT('',(300.,-303.3026823415,21.717585892649));
#802 = VECTOR('',#803,1.);
#803 = DIRECTION('',(0.,0.668964731622,-0.743294146247));
#804 = ORIENTED_EDGE('',*,*,#805,.F.);
#805 = EDGE_CURVE('',#806,#798,#808,.T.);
#806 = VERTEX_POINT('',#807);
#807 = CARTESIAN_POINT('',(-300.,-301.7749955537,20.020156128448));
#808 = LINE('',#809,#810);
#809 = CARTESIAN_POINT('',(-300.,-301.7749955537,20.020156128448));
#810 = VECTOR('',#811,1.);
#811 = DIRECTION('',(1.,0.,0.));
#812 = ORIENTED_EDGE('',*,*,#813,.F.);
#813 = EDGE_CURVE('',#775,#806,#814,.T.);
#814 = LINE('',#815,#816);
#815 = CARTESIAN_POINT('',(-300.,-303.3026823415,21.717585892649));
#816 = VECTOR('',#817,1.);
#817 = DIRECTION('',(0.,0.668964731622,-0.743294146247));
#818 = PLANE('',#819);
#819 = AXIS2_PLACEMENT_3D('',#820,#821,#822);
#820 = CARTESIAN_POINT('',(-300.,-303.3026823415,21.717585892649));
#821 = DIRECTION('',(0.,0.743294146247,0.668964731622));
#822 = DIRECTION('',(0.,0.668964731622,-0.743294146247));
#823 = ADVANCED_FACE('',(#824),#851,.T.);
#824 = FACE_BOUND('',#825,.T.);
#825 = EDGE_LOOP('',(#826,#827,#836,#844));
#826 = ORIENTED_EDGE('',*,*,#805,.T.);
#827 = ORIENTED_EDGE('',*,*,#828,.T.);
#828 = EDGE_CURVE('',#798,#829,#831,.T.);
#829 = VERTEX_POINT('',#830);
#830 = CARTESIAN_POINT('',(300.,-301.4501214798,18.999125012594));
#831 = CIRCLE('',#832,1.3);
#832 = AXIS2_PLACEMENT_3D('',#833,#834,#835);
#833 = CARTESIAN_POINT('',(300.,-302.7412779438,19.150501977339));
#834 = DIRECTION('',(-1.,0.,0.));
#835 = DIRECTION('',(0.,0.743294146247,0.668964731622));
#836 = ORIENTED_EDGE('',*,*,#837,.F.);
#837 = EDGE_CURVE('',#838,#829,#840,.T.);
#838 = VERTEX_POINT('',#839);
#839 = CARTESIAN_POINT('',(-300.,-301.4501214798,18.999125012594));
#840 = LINE('',#841,#842);
#841 = CARTESIAN_POINT('',(-300.,-301.4501214798,18.999125012594));
#842 = VECTOR('',#843,1.);
#843 = DIRECTION('',(1.,0.,0.));
#844 = ORIENTED_EDGE('',*,*,#845,.F.);
#845 = EDGE_CURVE('',#806,#838,#846,.T.);
#846 = CIRCLE('',#847,1.3);
#847 = AXIS2_PLACEMENT_3D('',#848,#849,#850);
#848 = CARTESIAN_POINT('',(-300.,-302.7412779438,19.150501977339));
#849 = DIRECTION('',(-1.,0.,0.));
#850 = DIRECTION('',(0.,0.743294146247,0.668964731622));
#851 = CYLINDRICAL_SURFACE('',#852,1.3);
#852 = AXIS2_PLACEMENT_3D('',#853,#854,#855);
#853 = CARTESIAN_POINT('',(-300.,-302.7412779438,19.150501977339));
#854 = DIRECTION('',(-1.,0.,0.));
#855 = DIRECTION('',(0.,0.743294146247,0.668964731622));
#856 = ADVANCED_FACE('',(#857),#882,.T.);
#857 = FACE_BOUND('',#858,.T.);
#858 = EDGE_LOOP('',(#859,#860,#868,#876));
#859 = ORIENTED_EDGE('',*,*,#837,.T.);
#860 = ORIENTED_EDGE('',*,*,#861,.T.);
#861 = EDGE_CURVE('',#829,#862,#864,.T.);
#862 = VERTEX_POINT('',#863);
#863 = CARTESIAN_POINT('',(300.,-303.0380636778,5.454912147421));
#864 = LINE('',#865,#866);
#865 = CARTESIAN_POINT('',(300.,-301.4501214798,18.999125012594));
#866 = VECTOR('',#867,1.);
#867 = DIRECTION('',(0.,-0.116443819035,-0.993197280005));
#868 = ORIENTED_EDGE('',*,*,#869,.F.);
#869 = EDGE_CURVE('',#870,#862,#872,.T.);
#870 = VERTEX_POINT('',#871);
#871 = CARTESIAN_POINT('',(-300.,-303.0380636778,5.454912147421));
#872 = LINE('',#873,#874);
#873 = CARTESIAN_POINT('',(-300.,-303.0380636778,5.454912147421));
#874 = VECTOR('',#875,1.);
#875 = DIRECTION('',(1.,0.,0.));
#876 = ORIENTED_EDGE('',*,*,#877,.F.);
#877 = EDGE_CURVE('',#838,#870,#878,.T.);
#878 = LINE('',#879,#880);
#879 = CARTESIAN_POINT('',(-300.,-301.4501214798,18.999125012594));
#880 = VECTOR('',#881,1.);
#881 = DIRECTION('',(0.,-0.116443819035,-0.993197280005));
#882 = PLANE('',#883);
#883 = AXIS2_PLACEMENT_3D('',#884,#885,#886);
#884 = CARTESIAN_POINT('',(-300.,-301.4501214798,18.999125012594));
#885 = DIRECTION('',(0.,0.993197280005,-0.116443819035));
#886 = DIRECTION('',(0.,-0.116443819035,-0.993197280005));
#887 = ADVANCED_FACE('',(#888),#915,.T.);
#888 = FACE_BOUND('',#889,.T.);
#889 = EDGE_LOOP('',(#890,#891,#900,#908));
#890 = ORIENTED_EDGE('',*,*,#869,.T.);
#891 = ORIENTED_EDGE('',*,*,#892,.T.);
#892 = EDGE_CURVE('',#862,#893,#895,.T.);
#893 = VERTEX_POINT('',#894);
#894 = CARTESIAN_POINT('',(300.,-303.7836511902,4.327213162787));
#895 = CIRCLE('',#896,1.5);
#896 = AXIS2_PLACEMENT_3D('',#897,#898,#899);
#897 = CARTESIAN_POINT('',(300.,-304.5278595978,5.629577875973));
#898 = DIRECTION('',(-1.,-0.,0.));
#899 = DIRECTION('',(-0.,0.993197280005,-0.116443819035));
#900 = ORIENTED_EDGE('',*,*,#901,.F.);
#901 = EDGE_CURVE('',#902,#893,#904,.T.);
#902 = VERTEX_POINT('',#903);
#903 = CARTESIAN_POINT('',(-300.,-303.7836511902,4.327213162787));
#904 = LINE('',#905,#906);
#905 = CARTESIAN_POINT('',(-300.,-303.7836511902,4.327213162787));
#906 = VECTOR('',#907,1.);
#907 = DIRECTION('',(1.,0.,0.));
#908 = ORIENTED_EDGE('',*,*,#909,.F.);
#909 = EDGE_CURVE('',#870,#902,#910,.T.);
#910 = CIRCLE('',#911,1.5);
#911 = AXIS2_PLACEMENT_3D('',#912,#913,#914);
#912 = CARTESIAN_POINT('',(-300.,-304.5278595978,5.629577875973));
#913 = DIRECTION('',(-1.,-0.,0.));
#914 = DIRECTION('',(-0.,0.993197280005,-0.116443819035));
#915 = CYLINDRICAL_SURFACE('',#916,1.5);
#916 = AXIS2_PLACEMENT_3D('',#917,#918,#919);
#917 = CARTESIAN_POINT('',(-300.,-304.5278595978,5.629577875973));
#918 = DIRECTION('',(-1.,0.,0.));
#919 = DIRECTION('',(-0.,0.993197280005,-0.116443819035));
#920 = ADVANCED_FACE('',(#921),#946,.T.);
#921 = FACE_BOUND('',#922,.T.);
#922 = EDGE_LOOP('',(#923,#924,#932,#940));
#923 = ORIENTED_EDGE('',*,*,#901,.T.);
#924 = ORIENTED_EDGE('',*,*,#925,.T.);
#925 = EDGE_CURVE('',#893,#926,#928,.T.);
#926 = VERTEX_POINT('',#927);
#927 = CARTESIAN_POINT('',(300.,-310.0709699233,0.734459601026));
#928 = LINE('',#929,#930);
#929 = CARTESIAN_POINT('',(300.,-303.7836511902,4.327213162787));
#930 = VECTOR('',#931,1.);
#931 = DIRECTION('',(0.,-0.868243142124,-0.496138938357));
#932 = ORIENTED_EDGE('',*,*,#933,.F.);
#933 = EDGE_CURVE('',#934,#926,#936,.T.);
#934 = VERTEX_POINT('',#935);
#935 = CARTESIAN_POINT('',(-300.,-310.0709699233,0.734459601026));
#936 = LINE('',#937,#938);
#937 = CARTESIAN_POINT('',(-300.,-310.0709699233,0.734459601026));
#938 = VECTOR('',#939,1.);
#939 = DIRECTION('',(1.,0.,0.));
#940 = ORIENTED_EDGE('',*,*,#941,.F.);
#941 = EDGE_CURVE('',#902,#934,#942,.T.);
#942 = LINE('',#943,#944);
#943 = CARTESIAN_POINT('',(-300.,-303.7836511902,4.327213162787));
#944 = VECTOR('',#945,1.);
#945 = DIRECTION('',(0.,-0.868243142124,-0.496138938357));
#946 = PLANE('',#947);
#947 = AXIS2_PLACEMENT_3D('',#948,#949,#950);
#948 = CARTESIAN_POINT('',(-300.,-303.7836511902,4.327213162787));
#949 = DIRECTION('',(0.,0.496138938357,-0.868243142124));
#950 = DIRECTION('',(0.,-0.868243142124,-0.496138938357));
#951 = ADVANCED_FACE('',(#952),#979,.T.);
#952 = FACE_BOUND('',#953,.T.);
#953 = EDGE_LOOP('',(#954,#955,#964,#972));
#954 = ORIENTED_EDGE('',*,*,#933,.T.);
#955 = ORIENTED_EDGE('',*,*,#956,.T.);
#956 = EDGE_CURVE('',#926,#957,#959,.T.);
#957 = VERTEX_POINT('',#958);
#958 = CARTESIAN_POINT('',(300.,-310.765564437,0.55));
#959 = CIRCLE('',#960,1.4);
#960 = AXIS2_PLACEMENT_3D('',#961,#962,#963);
#961 = CARTESIAN_POINT('',(300.,-310.765564437,1.95));
#962 = DIRECTION('',(-1.,-0.,0.));
#963 = DIRECTION('',(-0.,0.496138938357,-0.868243142124));
#964 = ORIENTED_EDGE('',*,*,#965,.F.);
#965 = EDGE_CURVE('',#966,#957,#968,.T.);
#966 = VERTEX_POINT('',#967);
#967 = CARTESIAN_POINT('',(-300.,-310.765564437,0.55));
#968 = LINE('',#969,#970);
#969 = CARTESIAN_POINT('',(-300.,-310.765564437,0.55));
#970 = VECTOR('',#971,1.);
#971 = DIRECTION('',(1.,0.,0.));
#972 = ORIENTED_EDGE('',*,*,#973,.F.);
#973 = EDGE_CURVE('',#934,#966,#974,.T.);
#974 = CIRCLE('',#975,1.4);
#975 = AXIS2_PLACEMENT_3D('',#976,#977,#978);
#976 = CARTESIAN_POINT('',(-300.,-310.765564437,1.95));
#977 = DIRECTION('',(-1.,-0.,0.));
#978 = DIRECTION('',(-0.,0.496138938357,-0.868243142124));
#979 = CYLINDRICAL_SURFACE('',#980,1.4);
#980 = AXIS2_PLACEMENT_3D('',#981,#982,#983);
#981 = CARTESIAN_POINT('',(-300.,-310.765564437,1.95));
#982 = DIRECTION('',(-1.,0.,0.));
#983 = DIRECTION('',(-0.,0.496138938357,-0.868243142124));
#984 = ADVANCED_FACE('',(#985),#1010,.T.);
#985 = FACE_BOUND('',#986,.T.);
#986 = EDGE_LOOP('',(#987,#988,#996,#1004));
#987 = ORIENTED_EDGE('',*,*,#965,.T.);
#988 = ORIENTED_EDGE('',*,*,#989,.T.);
#989 = EDGE_CURVE('',#957,#990,#992,.T.);
#990 = VERTEX_POINT('',#991);
#991 = CARTESIAN_POINT('',(300.,-326.4,0.55));
#992 = LINE('',#993,#994);
#993 = CARTESIAN_POINT('',(300.,-310.765564437,0.55));
#994 = VECTOR('',#995,1.);
#995 = DIRECTION('',(0.,-1.,2.22044604925E-16));
#996 = ORIENTED_EDGE('',*,*,#997,.F.);
#997 = EDGE_CURVE('',#998,#990,#1000,.T.);
#998 = VERTEX_POINT('',#999);
#999 = CARTESIAN_POINT('',(-300.,-326.4,0.55));
#1000 = LINE('',#1001,#1002);
#1001 = CARTESIAN_POINT('',(-300.,-326.4,0.55));
#1002 = VECTOR('',#1003,1.);
#1003 = DIRECTION('',(1.,0.,0.));
#1004 = ORIENTED_EDGE('',*,*,#1005,.F.);
#1005 = EDGE_CURVE('',#966,#998,#1006,.T.);
#1006 = LINE('',#1007,#1008);
#1007 = CARTESIAN_POINT('',(-300.,-310.765564437,0.55));
#1008 = VECTOR('',#1009,1.);
#1009 = DIRECTION('',(0.,-1.,2.22044604925E-16));
#1010 = PLANE('',#1011);
#1011 = AXIS2_PLACEMENT_3D('',#1012,#1013,#1014);
#1012 = CARTESIAN_POINT('',(-300.,-310.765564437,0.55));
#1013 = DIRECTION('',(0.,-2.22044604925E-16,-1.));
#1014 = DIRECTION('',(0.,-1.,2.22044604925E-16));
#1015 = ADVANCED_FACE('',(#1016),#1043,.T.);
#1016 = FACE_BOUND('',#1017,.T.);
#1017 = EDGE_LOOP('',(#1018,#1019,#1028,#1036));
#1018 = ORIENTED_EDGE('',*,*,#997,.T.);
#1019 = ORIENTED_EDGE('',*,*,#1020,.T.);
#1020 = EDGE_CURVE('',#990,#1021,#1023,.T.);
#1021 = VERTEX_POINT('',#1022);
#1022 = CARTESIAN_POINT('',(300.,-327.8,1.95));
#1023 = CIRCLE('',#1024,1.4);
#1024 = AXIS2_PLACEMENT_3D('',#1025,#1026,#1027);
#1025 = CARTESIAN_POINT('',(300.,-326.4,1.95));
#1026 = DIRECTION('',(-1.,-0.,0.));
#1027 = DIRECTION('',(-0.,2.31560802279E-15,-1.));
#1028 = ORIENTED_EDGE('',*,*,#1029,.F.);
#1029 = EDGE_CURVE('',#1030,#1021,#1032,.T.);
#1030 = VERTEX_POINT('',#1031);
#1031 = CARTESIAN_POINT('',(-300.,-327.8,1.95));
#1032 = LINE('',#1033,#1034);
#1033 = CARTESIAN_POINT('',(-300.,-327.8,1.95));
#1034 = VECTOR('',#1035,1.);
#1035 = DIRECTION('',(1.,0.,0.));
#1036 = ORIENTED_EDGE('',*,*,#1037,.F.);
#1037 = EDGE_CURVE('',#998,#1030,#1038,.T.);
#1038 = CIRCLE('',#1039,1.4);
#1039 = AXIS2_PLACEMENT_3D('',#1040,#1041,#1042);
#1040 = CARTESIAN_POINT('',(-300.,-326.4,1.95));
#1041 = DIRECTION('',(-1.,-0.,0.));
#1042 = DIRECTION('',(-0.,2.31560802279E-15,-1.));
#1043 = CYLINDRICAL_SURFACE('',#1044,1.4);
#1044 = AXIS2_PLACEMENT_3D('',#1045,#1046,#1047);
#1045 = CARTESIAN_POINT('',(-300.,-326.4,1.95));
#1046 = DIRECTION('',(-1.,0.,0.));
#1047 = DIRECTION('',(-0.,2.31560802279E-15,-1.));
#1048 = ADVANCED_FACE('',(#1049),#1074,.T.);
#1049 = FACE_BOUND('',#1050,.T.);
#1050 = EDGE_LOOP('',(#1051,#1052,#1060,#1068));
#1051 = ORIENTED_EDGE('',*,*,#1029,.T.);
#1052 = ORIENTED_EDGE('',*,*,#1053,.T.);
#1053 = EDGE_CURVE('',#1021,#1054,#1056,.T.);
#1054 = VERTEX_POINT('',#1055);
#1055 = CARTESIAN_POINT('',(300.,-327.8,3.45));
#1056 = LINE('',#1057,#1058);
#1057 = CARTESIAN_POINT('',(300.,-327.8,1.95));
#1058 = VECTOR('',#1059,1.);
#1059 = DIRECTION('',(0.,2.22044604925E-16,1.));
#1060 = ORIENTED_EDGE('',*,*,#1061,.F.);
#1061 = EDGE_CURVE('',#1062,#1054,#1064,.T.);
#1062 = VERTEX_POINT('',#1063);
#1063 = CARTESIAN_POINT('',(-300.,-327.8,3.45));
#1064 = LINE('',#1065,#1066);
#1065 = CARTESIAN_POINT('',(-300.,-327.8,3.45));
#1066 = VECTOR('',#1067,1.);
#1067 = DIRECTION('',(1.,0.,0.));
#1068 = ORIENTED_EDGE('',*,*,#1069,.F.);
#1069 = EDGE_CURVE('',#1030,#1062,#1070,.T.);
#1070 = LINE('',#1071,#1072);
#1071 = CARTESIAN_POINT('',(-300.,-327.8,1.95));
#1072 = VECTOR('',#1073,1.);
#1073 = DIRECTION('',(0.,2.22044604925E-16,1.));
#1074 = PLANE('',#1075);
#1075 = AXIS2_PLACEMENT_3D('',#1076,#1077,#1078);
#1076 = CARTESIAN_POINT('',(-300.,-327.8,1.95));
#1077 = DIRECTION('',(0.,-1.,2.22044604925E-16));
#1078 = DIRECTION('',(0.,2.22044604925E-16,1.));
#1079 = ADVANCED_FACE('',(#1080),#1107,.F.);
#1080 = FACE_BOUND('',#1081,.T.);
#1081 = EDGE_LOOP('',(#1082,#1083,#1092,#1100));
#1082 = ORIENTED_EDGE('',*,*,#1061,.T.);
#1083 = ORIENTED_EDGE('',*,*,#1084,.T.);
#1084 = EDGE_CURVE('',#1054,#1085,#1087,.T.);
#1085 = VERTEX_POINT('',#1086);
#1086 = CARTESIAN_POINT('',(300.,-329.2,3.45));
#1087 = CIRCLE('',#1088,0.7);
#1088 = AXIS2_PLACEMENT_3D('',#1089,#1090,#1091);
#1089 = CARTESIAN_POINT('',(300.,-328.5,3.45));
#1090 = DIRECTION('',(1.,0.,-0.));
#1091 = DIRECTION('',(0.,1.,2.31560802279E-15));
#1092 = ORIENTED_EDGE('',*,*,#1093,.F.);
#1093 = EDGE_CURVE('',#1094,#1085,#1096,.T.);
#1094 = VERTEX_POINT('',#1095);
#1095 = CARTESIAN_POINT('',(-300.,-329.2,3.45));
#1096 = LINE('',#1097,#1098);
#1097 = CARTESIAN_POINT('',(-300.,-329.2,3.45));
#1098 = VECTOR('',#1099,1.);
#1099 = DIRECTION('',(1.,0.,0.));
#1100 = ORIENTED_EDGE('',*,*,#1101,.F.);
#1101 = EDGE_CURVE('',#1062,#1094,#1102,.T.);
#1102 = CIRCLE('',#1103,0.7);
#1103 = AXIS2_PLACEMENT_3D('',#1104,#1105,#1106);
#1104 = CARTESIAN_POINT('',(-300.,-328.5,3.45));
#1105 = DIRECTION('',(1.,0.,-0.));
#1106 = DIRECTION('',(0.,1.,2.31560802279E-15));
#1107 = CYLINDRICAL_SURFACE('',#1108,0.7);
#1108 = AXIS2_PLACEMENT_3D('',#1109,#1110,#1111);
#1109 = CARTESIAN_POINT('',(-300.,-328.5,3.45));
#1110 = DIRECTION('',(-1.,-0.,0.));
#1111 = DIRECTION('',(0.,1.,2.31560802279E-15));
#1112 = ADVANCED_FACE('',(#1113),#1138,.T.);
#1113 = FACE_BOUND('',#1114,.T.);
#1114 = EDGE_LOOP('',(#1115,#1116,#1124,#1132));
#1115 = ORIENTED_EDGE('',*,*,#1093,.T.);
#1116 = ORIENTED_EDGE('',*,*,#1117,.T.);
#1117 = EDGE_CURVE('',#1085,#1118,#1120,.T.);
#1118 = VERTEX_POINT('',#1119);
#1119 = CARTESIAN_POINT('',(300.,-329.2,-1.55));
#1120 = LINE('',#1121,#1122);
#1121 = CARTESIAN_POINT('',(300.,-329.2,3.45));
#1122 = VECTOR('',#1123,1.);
#1123 = DIRECTION('',(0.,-2.22044604925E-16,-1.));
#1124 = ORIENTED_EDGE('',*,*,#1125,.F.);
#1125 = EDGE_CURVE('',#1126,#1118,#1128,.T.);
#1126 = VERTEX_POINT('',#1127);
#1127 = CARTESIAN_POINT('',(-300.,-329.2,-1.55));
#1128 = LINE('',#1129,#1130);
#1129 = CARTESIAN_POINT('',(-300.,-329.2,-1.55));
#1130 = VECTOR('',#1131,1.);
#1131 = DIRECTION('',(1.,0.,0.));
#1132 = ORIENTED_EDGE('',*,*,#1133,.F.);
#1133 = EDGE_CURVE('',#1094,#1126,#1134,.T.);
#1134 = LINE('',#1135,#1136);
#1135 = CARTESIAN_POINT('',(-300.,-329.2,3.45));
#1136 = VECTOR('',#1137,1.);
#1137 = DIRECTION('',(0.,-2.22044604925E-16,-1.));
#1138 = PLANE('',#1139);
#1139 = AXIS2_PLACEMENT_3D('',#1140,#1141,#1142);
#1140 = CARTESIAN_POINT('',(-300.,-329.2,3.45));
#1141 = DIRECTION('',(0.,1.,-2.22044604925E-16));
#1142 = DIRECTION('',(0.,-2.22044604925E-16,-1.));
#1143 = ADVANCED_FACE('',(#1144),#1171,.F.);
#1144 = FACE_BOUND('',#1145,.T.);
#1145 = EDGE_LOOP('',(#1146,#1147,#1156,#1164));
#1146 = ORIENTED_EDGE('',*,*,#1125,.T.);
#1147 = ORIENTED_EDGE('',*,*,#1148,.T.);
#1148 = EDGE_CURVE('',#1118,#1149,#1151,.T.);
#1149 = VERTEX_POINT('',#1150);
#1150 = CARTESIAN_POINT('',(300.,-328.,-2.75));
#1151 = CIRCLE('',#1152,1.2);
#1152 = AXIS2_PLACEMENT_3D('',#1153,#1154,#1155);
#1153 = CARTESIAN_POINT('',(300.,-328.,-1.55));
#1154 = DIRECTION('',(1.,0.,0.));
#1155 = DIRECTION('',(0.,-1.,2.812564995717E-15));
#1156 = ORIENTED_EDGE('',*,*,#1157,.F.);
#1157 = EDGE_CURVE('',#1158,#1149,#1160,.T.);
#1158 = VERTEX_POINT('',#1159);
#1159 = CARTESIAN_POINT('',(-300.,-328.,-2.75));
#1160 = LINE('',#1161,#1162);
#1161 = CARTESIAN_POINT('',(-300.,-328.,-2.75));
#1162 = VECTOR('',#1163,1.);
#1163 = DIRECTION('',(1.,0.,0.));
#1164 = ORIENTED_EDGE('',*,*,#1165,.F.);
#1165 = EDGE_CURVE('',#1126,#1158,#1166,.T.);
#1166 = CIRCLE('',#1167,1.2);
#1167 = AXIS2_PLACEMENT_3D('',#1168,#1169,#1170);
#1168 = CARTESIAN_POINT('',(-300.,-328.,-1.55));
#1169 = DIRECTION('',(1.,0.,0.));
#1170 = DIRECTION('',(0.,-1.,2.812564995717E-15));
#1171 = CYLINDRICAL_SURFACE('',#1172,1.2);
#1172 = AXIS2_PLACEMENT_3D('',#1173,#1174,#1175);
#1173 = CARTESIAN_POINT('',(-300.,-328.,-1.55));
#1174 = DIRECTION('',(-1.,0.,-0.));
#1175 = DIRECTION('',(0.,-1.,2.812564995717E-15));
#1176 = ADVANCED_FACE('',(#1177),#1202,.T.);
#1177 = FACE_BOUND('',#1178,.T.);
#1178 = EDGE_LOOP('',(#1179,#1180,#1188,#1196));
#1179 = ORIENTED_EDGE('',*,*,#1157,.T.);
#1180 = ORIENTED_EDGE('',*,*,#1181,.T.);
#1181 = EDGE_CURVE('',#1149,#1182,#1184,.T.);
#1182 = VERTEX_POINT('',#1183);
#1183 = CARTESIAN_POINT('',(300.,-301.25,-2.75));
#1184 = LINE('',#1185,#1186);
#1185 = CARTESIAN_POINT('',(300.,-328.,-2.75));
#1186 = VECTOR('',#1187,1.);
#1187 = DIRECTION('',(0.,1.,-2.22044604925E-16));
#1188 = ORIENTED_EDGE('',*,*,#1189,.F.);
#1189 = EDGE_CURVE('',#1190,#1182,#1192,.T.);
#1190 = VERTEX_POINT('',#1191);
#1191 = CARTESIAN_POINT('',(-300.,-301.25,-2.75));
#1192 = LINE('',#1193,#1194);
#1193 = CARTESIAN_POINT('',(-300.,-301.25,-2.75));
#1194 = VECTOR('',#1195,1.);
#1195 = DIRECTION('',(1.,0.,0.));
#1196 = ORIENTED_EDGE('',*,*,#1197,.F.);
#1197 = EDGE_CURVE('',#1158,#1190,#1198,.T.);
#1198 = LINE('',#1199,#1200);
#1199 = CARTESIAN_POINT('',(-300.,-328.,-2.75));
#1200 = VECTOR('',#1201,1.);
#1201 = DIRECTION('',(0.,1.,-2.22044604925E-16));
#1202 = PLANE('',#1203);
#1203 = AXIS2_PLACEMENT_3D('',#1204,#1205,#1206);
#1204 = CARTESIAN_POINT('',(-300.,-328.,-2.75));
#1205 = DIRECTION('',(0.,2.22044604925E-16,1.));
#1206 = DIRECTION('',(0.,1.,-2.22044604925E-16));
#1207 = ADVANCED_FACE('',(#1208),#1235,.F.);
#1208 = FACE_BOUND('',#1209,.T.);
#1209 = EDGE_LOOP('',(#1210,#1211,#1220,#1228));
#1210 = ORIENTED_EDGE('',*,*,#1189,.T.);
#1211 = ORIENTED_EDGE('',*,*,#1212,.T.);
#1212 = EDGE_CURVE('',#1182,#1213,#1215,.T.);
#1213 = VERTEX_POINT('',#1214);
#1214 = CARTESIAN_POINT('',(300.,-300.8,-2.3));
#1215 = CIRCLE('',#1216,0.45);
#1216 = AXIS2_PLACEMENT_3D('',#1217,#1218,#1219);
#1217 = CARTESIAN_POINT('',(300.,-301.25,-2.3));
#1218 = DIRECTION('',(1.,0.,0.));
#1219 = DIRECTION('',(0.,-2.22044604925E-16,-1.));
#1220 = ORIENTED_EDGE('',*,*,#1221,.F.);
#1221 = EDGE_CURVE('',#1222,#1213,#1224,.T.);
#1222 = VERTEX_POINT('',#1223);
#1223 = CARTESIAN_POINT('',(-300.,-300.8,-2.3));
#1224 = LINE('',#1225,#1226);
#1225 = CARTESIAN_POINT('',(-300.,-300.8,-2.3));
#1226 = VECTOR('',#1227,1.);
#1227 = DIRECTION('',(1.,0.,0.));
#1228 = ORIENTED_EDGE('',*,*,#1229,.F.);
#1229 = EDGE_CURVE('',#1190,#1222,#1230,.T.);
#1230 = CIRCLE('',#1231,0.45);
#1231 = AXIS2_PLACEMENT_3D('',#1232,#1233,#1234);
#1232 = CARTESIAN_POINT('',(-300.,-301.25,-2.3));
#1233 = DIRECTION('',(1.,0.,0.));
#1234 = DIRECTION('',(0.,-2.22044604925E-16,-1.));
#1235 = CYLINDRICAL_SURFACE('',#1236,0.45);
#1236 = AXIS2_PLACEMENT_3D('',#1237,#1238,#1239);
#1237 = CARTESIAN_POINT('',(-300.,-301.25,-2.3));
#1238 = DIRECTION('',(-1.,0.,-0.));
#1239 = DIRECTION('',(0.,-2.22044604925E-16,-1.));
#1240 = ADVANCED_FACE('',(#1241),#1266,.T.);
#1241 = FACE_BOUND('',#1242,.T.);
#1242 = EDGE_LOOP('',(#1243,#1244,#1252,#1260));
#1243 = ORIENTED_EDGE('',*,*,#1221,.T.);
#1244 = ORIENTED_EDGE('',*,*,#1245,.T.);
#1245 = EDGE_CURVE('',#1213,#1246,#1248,.T.);
#1246 = VERTEX_POINT('',#1247);
#1247 = CARTESIAN_POINT('',(300.,-300.8,8.881784197001E-16));
#1248 = LINE('',#1249,#1250);
#1249 = CARTESIAN_POINT('',(300.,-300.8,-2.3));
#1250 = VECTOR('',#1251,1.);
#1251 = DIRECTION('',(0.,2.22044604925E-16,1.));
#1252 = ORIENTED_EDGE('',*,*,#1253,.F.);
#1253 = EDGE_CURVE('',#1254,#1246,#1256,.T.);
#1254 = VERTEX_POINT('',#1255);
#1255 = CARTESIAN_POINT('',(-300.,-300.8,8.881784197001E-16));
#1256 = LINE('',#1257,#1258);
#1257 = CARTESIAN_POINT('',(-300.,-300.8,8.881784197001E-16));
#1258 = VECTOR('',#1259,1.);
#1259 = DIRECTION('',(1.,0.,0.));
#1260 = ORIENTED_EDGE('',*,*,#1261,.F.);
#1261 = EDGE_CURVE('',#1222,#1254,#1262,.T.);
#1262 = LINE('',#1263,#1264);
#1263 = CARTESIAN_POINT('',(-300.,-300.8,-2.3));
#1264 = VECTOR('',#1265,1.);
#1265 = DIRECTION('',(0.,2.22044604925E-16,1.));
#1266 = PLANE('',#1267);
#1267 = AXIS2_PLACEMENT_3D('',#1268,#1269,#1270);
#1268 = CARTESIAN_POINT('',(-300.,-300.8,-2.3));
#1269 = DIRECTION('',(0.,-1.,2.22044604925E-16));
#1270 = DIRECTION('',(0.,2.22044604925E-16,1.));
#1271 = ADVANCED_FACE('',(#1272),#1299,.F.);
#1272 = FACE_BOUND('',#1273,.T.);
#1273 = EDGE_LOOP('',(#1274,#1275,#1284,#1292));
#1274 = ORIENTED_EDGE('',*,*,#1253,.T.);
#1275 = ORIENTED_EDGE('',*,*,#1276,.T.);
#1276 = EDGE_CURVE('',#1246,#1277,#1279,.T.);
#1277 = VERTEX_POINT('',#1278);
#1278 = CARTESIAN_POINT('',(300.,-301.25,0.45));
#1279 = CIRCLE('',#1280,0.45);
#1280 = AXIS2_PLACEMENT_3D('',#1281,#1282,#1283);
#1281 = CARTESIAN_POINT('',(300.,-301.25,1.33226762955E-15));
#1282 = DIRECTION('',(1.,-0.,0.));
#1283 = DIRECTION('',(0.,1.,-1.208909515703E-15));
#1284 = ORIENTED_EDGE('',*,*,#1285,.F.);
#1285 = EDGE_CURVE('',#1286,#1277,#1288,.T.);
#1286 = VERTEX_POINT('',#1287);
#1287 = CARTESIAN_POINT('',(-300.,-301.25,0.45));
#1288 = LINE('',#1289,#1290);
#1289 = CARTESIAN_POINT('',(-300.,-301.25,0.45));
#1290 = VECTOR('',#1291,1.);
#1291 = DIRECTION('',(1.,0.,0.));
#1292 = ORIENTED_EDGE('',*,*,#1293,.F.);
#1293 = EDGE_CURVE('',#1254,#1286,#1294,.T.);
#1294 = CIRCLE('',#1295,0.45);
#1295 = AXIS2_PLACEMENT_3D('',#1296,#1297,#1298);
#1296 = CARTESIAN_POINT('',(-300.,-301.25,1.33226762955E-15));
#1297 = DIRECTION('',(1.,-0.,0.));
#1298 = DIRECTION('',(0.,1.,-1.208909515703E-15));
#1299 = CYLINDRICAL_SURFACE('',#1300,0.45);
#1300 = AXIS2_PLACEMENT_3D('',#1301,#1302,#1303);
#1301 = CARTESIAN_POINT('',(-300.,-301.25,1.33226762955E-15));
#1302 = DIRECTION('',(-1.,0.,-0.));
#1303 = DIRECTION('',(0.,1.,-1.208909515703E-15));
#1304 = ADVANCED_FACE('',(#1305),#1330,.T.);
#1305 = FACE_BOUND('',#1306,.T.);
#1306 = EDGE_LOOP('',(#1307,#1308,#1316,#1324));
#1307 = ORIENTED_EDGE('',*,*,#1285,.T.);
#1308 = ORIENTED_EDGE('',*,*,#1309,.T.);
#1309 = EDGE_CURVE('',#1277,#1310,#1312,.T.);
#1310 = VERTEX_POINT('',#1311);
#1311 = CARTESIAN_POINT('',(300.,-303.65,0.45));
#1312 = LINE('',#1313,#1314);
#1313 = CARTESIAN_POINT('',(300.,-301.25,0.45));
#1314 = VECTOR('',#1315,1.);
#1315 = DIRECTION('',(0.,-1.,2.22044604925E-16));
#1316 = ORIENTED_EDGE('',*,*,#1317,.F.);
#1317 = EDGE_CURVE('',#1318,#1310,#1320,.T.);
#1318 = VERTEX_POINT('',#1319);
#1319 = CARTESIAN_POINT('',(-300.,-303.65,0.45));
#1320 = LINE('',#1321,#1322);
#1321 = CARTESIAN_POINT('',(-300.,-303.65,0.45));
#1322 = VECTOR('',#1323,1.);
#1323 = DIRECTION('',(1.,0.,0.));
#1324 = ORIENTED_EDGE('',*,*,#1325,.F.);
#1325 = EDGE_CURVE('',#1286,#1318,#1326,.T.);
#1326 = LINE('',#1327,#1328);
#1327 = CARTESIAN_POINT('',(-300.,-301.25,0.45));
#1328 = VECTOR('',#1329,1.);
#1329 = DIRECTION('',(0.,-1.,2.22044604925E-16));
#1330 = PLANE('',#1331);
#1331 = AXIS2_PLACEMENT_3D('',#1332,#1333,#1334);
#1332 = CARTESIAN_POINT('',(-300.,-301.25,0.45));
#1333 = DIRECTION('',(0.,-2.22044604925E-16,-1.));
#1334 = DIRECTION('',(0.,-1.,2.22044604925E-16));
#1335 = ADVANCED_FACE('',(#1336),#1363,.T.);
#1336 = FACE_BOUND('',#1337,.T.);
#1337 = EDGE_LOOP('',(#1338,#1339,#1348,#1356));
#1338 = ORIENTED_EDGE('',*,*,#1317,.T.);
#1339 = ORIENTED_EDGE('',*,*,#1340,.T.);
#1340 = EDGE_CURVE('',#1310,#1341,#1343,.T.);
#1341 = VERTEX_POINT('',#1342);
#1342 = CARTESIAN_POINT('',(300.,-304.9,1.7));
#1343 = CIRCLE('',#1344,1.25);
#1344 = AXIS2_PLACEMENT_3D('',#1345,#1346,#1347);
#1345 = CARTESIAN_POINT('',(300.,-303.65,1.7));
#1346 = DIRECTION('',(-1.,-0.,0.));
#1347 = DIRECTION('',(-0.,8.437694987151E-16,-1.));
#1348 = ORIENTED_EDGE('',*,*,#1349,.F.);
#1349 = EDGE_CURVE('',#1350,#1341,#1352,.T.);
#1350 = VERTEX_POINT('',#1351);
#1351 = CARTESIAN_POINT('',(-300.,-304.9,1.7));
#1352 = LINE('',#1353,#1354);
#1353 = CARTESIAN_POINT('',(-300.,-304.9,1.7));
#1354 = VECTOR('',#1355,1.);
#1355 = DIRECTION('',(1.,0.,0.));
#1356 = ORIENTED_EDGE('',*,*,#1357,.F.);
#1357 = EDGE_CURVE('',#1318,#1350,#1358,.T.);
#1358 = CIRCLE('',#1359,1.25);
#1359 = AXIS2_PLACEMENT_3D('',#1360,#1361,#1362);
#1360 = CARTESIAN_POINT('',(-300.,-303.65,1.7));
#1361 = DIRECTION('',(-1.,-0.,0.));
#1362 = DIRECTION('',(-0.,8.437694987151E-16,-1.));
#1363 = CYLINDRICAL_SURFACE('',#1364,1.25);
#1364 = AXIS2_PLACEMENT_3D('',#1365,#1366,#1367);
#1365 = CARTESIAN_POINT('',(-300.,-303.65,1.7));
#1366 = DIRECTION('',(-1.,0.,0.));
#1367 = DIRECTION('',(-0.,8.437694987151E-16,-1.));
#1368 = ADVANCED_FACE('',(#1369),#1394,.T.);
#1369 = FACE_BOUND('',#1370,.T.);
#1370 = EDGE_LOOP('',(#1371,#1372,#1380,#1388));
#1371 = ORIENTED_EDGE('',*,*,#1349,.T.);
#1372 = ORIENTED_EDGE('',*,*,#1373,.T.);
#1373 = EDGE_CURVE('',#1341,#1374,#1376,.T.);
#1374 = VERTEX_POINT('',#1375);
#1375 = CARTESIAN_POINT('',(300.,-304.9,2.));
#1376 = LINE('',#1377,#1378);
#1377 = CARTESIAN_POINT('',(300.,-304.9,1.7));
#1378 = VECTOR('',#1379,1.);
#1379 = DIRECTION('',(0.,2.22044604925E-16,1.));
#1380 = ORIENTED_EDGE('',*,*,#1381,.F.);
#1381 = EDGE_CURVE('',#1382,#1374,#1384,.T.);
#1382 = VERTEX_POINT('',#1383);
#1383 = CARTESIAN_POINT('',(-300.,-304.9,2.));
#1384 = LINE('',#1385,#1386);
#1385 = CARTESIAN_POINT('',(-300.,-304.9,2.));
#1386 = VECTOR('',#1387,1.);
#1387 = DIRECTION('',(1.,0.,0.));
#1388 = ORIENTED_EDGE('',*,*,#1389,.F.);
#1389 = EDGE_CURVE('',#1350,#1382,#1390,.T.);
#1390 = LINE('',#1391,#1392);
#1391 = CARTESIAN_POINT('',(-300.,-304.9,1.7));
#1392 = VECTOR('',#1393,1.);
#1393 = DIRECTION('',(0.,2.22044604925E-16,1.));
#1394 = PLANE('',#1395);
#1395 = AXIS2_PLACEMENT_3D('',#1396,#1397,#1398);
#1396 = CARTESIAN_POINT('',(-300.,-304.9,1.7));
#1397 = DIRECTION('',(0.,-1.,2.22044604925E-16));
#1398 = DIRECTION('',(0.,2.22044604925E-16,1.));
#1399 = ADVANCED_FACE('',(#1400),#1427,.T.);
#1400 = FACE_BOUND('',#1401,.T.);
#1401 = EDGE_LOOP('',(#1402,#1403,#1412,#1420));
#1402 = ORIENTED_EDGE('',*,*,#1381,.T.);
#1403 = ORIENTED_EDGE('',*,*,#1404,.T.);
#1404 = EDGE_CURVE('',#1374,#1405,#1407,.T.);
#1405 = VERTEX_POINT('',#1406);
#1406 = CARTESIAN_POINT('',(300.,-303.65,3.25));
#1407 = CIRCLE('',#1408,1.25);
#1408 = AXIS2_PLACEMENT_3D('',#1409,#1410,#1411);
#1409 = CARTESIAN_POINT('',(300.,-303.65,2.));
#1410 = DIRECTION('',(-1.,0.,0.));
#1411 = DIRECTION('',(0.,-1.,2.22044604925E-16));
#1412 = ORIENTED_EDGE('',*,*,#1413,.F.);
#1413 = EDGE_CURVE('',#1414,#1405,#1416,.T.);
#1414 = VERTEX_POINT('',#1415);
#1415 = CARTESIAN_POINT('',(-300.,-303.65,3.25));
#1416 = LINE('',#1417,#1418);
#1417 = CARTESIAN_POINT('',(-300.,-303.65,3.25));
#1418 = VECTOR('',#1419,1.);
#1419 = DIRECTION('',(1.,0.,0.));
#1420 = ORIENTED_EDGE('',*,*,#1421,.F.);
#1421 = EDGE_CURVE('',#1382,#1414,#1422,.T.);
#1422 = CIRCLE('',#1423,1.25);
#1423 = AXIS2_PLACEMENT_3D('',#1424,#1425,#1426);
#1424 = CARTESIAN_POINT('',(-300.,-303.65,2.));
#1425 = DIRECTION('',(-1.,0.,0.));
#1426 = DIRECTION('',(0.,-1.,2.22044604925E-16));
#1427 = CYLINDRICAL_SURFACE('',#1428,1.25);
#1428 = AXIS2_PLACEMENT_3D('',#1429,#1430,#1431);
#1429 = CARTESIAN_POINT('',(-300.,-303.65,2.));
#1430 = DIRECTION('',(-1.,0.,0.));
#1431 = DIRECTION('',(0.,-1.,2.22044604925E-16));
#1432 = ADVANCED_FACE('',(#1433),#1458,.T.);
#1433 = FACE_BOUND('',#1434,.T.);
#1434 = EDGE_LOOP('',(#1435,#1436,#1444,#1452));
#1435 = ORIENTED_EDGE('',*,*,#1413,.T.);
#1436 = ORIENTED_EDGE('',*,*,#1437,.T.);
#1437 = EDGE_CURVE('',#1405,#1438,#1440,.T.);
#1438 = VERTEX_POINT('',#1439);
#1439 = CARTESIAN_POINT('',(300.,-301.25,3.25));
#1440 = LINE('',#1441,#1442);
#1441 = CARTESIAN_POINT('',(300.,-303.65,3.25));
#1442 = VECTOR('',#1443,1.);
#1443 = DIRECTION('',(0.,1.,-2.22044604925E-16));
#1444 = ORIENTED_EDGE('',*,*,#1445,.F.);
#1445 = EDGE_CURVE('',#1446,#1438,#1448,.T.);
#1446 = VERTEX_POINT('',#1447);
#1447 = CARTESIAN_POINT('',(-300.,-301.25,3.25));
#1448 = LINE('',#1449,#1450);
#1449 = CARTESIAN_POINT('',(-300.,-301.25,3.25));
#1450 = VECTOR('',#1451,1.);
#1451 = DIRECTION('',(1.,0.,0.));
#1452 = ORIENTED_EDGE('',*,*,#1453,.F.);
#1453 = EDGE_CURVE('',#1414,#1446,#1454,.T.);
#1454 = LINE('',#1455,#1456);
#1455 = CARTESIAN_POINT('',(-300.,-303.65,3.25));
#1456 = VECTOR('',#1457,1.);
#1457 = DIRECTION('',(0.,1.,-2.22044604925E-16));
#1458 = PLANE('',#1459);
#1459 = AXIS2_PLACEMENT_3D('',#1460,#1461,#1462);
#1460 = CARTESIAN_POINT('',(-300.,-303.65,3.25));
#1461 = DIRECTION('',(0.,2.22044604925E-16,1.));
#1462 = DIRECTION('',(0.,1.,-2.22044604925E-16));
#1463 = ADVANCED_FACE('',(#1464),#1491,.F.);
#1464 = FACE_BOUND('',#1465,.T.);
#1465 = EDGE_LOOP('',(#1466,#1467,#1476,#1484));
#1466 = ORIENTED_EDGE('',*,*,#1445,.T.);
#1467 = ORIENTED_EDGE('',*,*,#1468,.T.);
#1468 = EDGE_CURVE('',#1438,#1469,#1471,.T.);
#1469 = VERTEX_POINT('',#1470);
#1470 = CARTESIAN_POINT('',(300.,-300.8,3.7));
#1471 = CIRCLE('',#1472,0.45);
#1472 = AXIS2_PLACEMENT_3D('',#1473,#1474,#1475);
#1473 = CARTESIAN_POINT('',(300.,-301.25,3.7));
#1474 = DIRECTION('',(1.,0.,0.));
#1475 = DIRECTION('',(0.,-1.208909515703E-15,-1.));
#1476 = ORIENTED_EDGE('',*,*,#1477,.F.);
#1477 = EDGE_CURVE('',#1478,#1469,#1480,.T.);
#1478 = VERTEX_POINT('',#1479);
#1479 = CARTESIAN_POINT('',(-300.,-300.8,3.7));
#1480 = LINE('',#1481,#1482);
#1481 = CARTESIAN_POINT('',(-300.,-300.8,3.7));
#1482 = VECTOR('',#1483,1.);
#1483 = DIRECTION('',(1.,0.,0.));
#1484 = ORIENTED_EDGE('',*,*,#1485,.F.);
#1485 = EDGE_CURVE('',#1446,#1478,#1486,.T.);
#1486 = CIRCLE('',#1487,0.45);
#1487 = AXIS2_PLACEMENT_3D('',#1488,#1489,#1490);
#1488 = CARTESIAN_POINT('',(-300.,-301.25,3.7));
#1489 = DIRECTION('',(1.,0.,0.));
#1490 = DIRECTION('',(0.,-1.208909515703E-15,-1.));
#1491 = CYLINDRICAL_SURFACE('',#1492,0.45);
#1492 = AXIS2_PLACEMENT_3D('',#1493,#1494,#1495);
#1493 = CARTESIAN_POINT('',(-300.,-301.25,3.7));
#1494 = DIRECTION('',(-1.,0.,-0.));
#1495 = DIRECTION('',(0.,-1.208909515703E-15,-1.));
#1496 = ADVANCED_FACE('',(#1497),#1522,.T.);
#1497 = FACE_BOUND('',#1498,.T.);
#1498 = EDGE_LOOP('',(#1499,#1500,#1508,#1516));
#1499 = ORIENTED_EDGE('',*,*,#1477,.T.);
#1500 = ORIENTED_EDGE('',*,*,#1501,.T.);
#1501 = EDGE_CURVE('',#1469,#1502,#1504,.T.);
#1502 = VERTEX_POINT('',#1503);
#1503 = CARTESIAN_POINT('',(300.,-300.8,23.45));
#1504 = LINE('',#1505,#1506);
#1505 = CARTESIAN_POINT('',(300.,-300.8,3.7));
#1506 = VECTOR('',#1507,1.);
#1507 = DIRECTION('',(0.,2.22044604925E-16,1.));
#1508 = ORIENTED_EDGE('',*,*,#1509,.F.);
#1509 = EDGE_CURVE('',#1510,#1502,#1512,.T.);
#1510 = VERTEX_POINT('',#1511);
#1511 = CARTESIAN_POINT('',(-300.,-300.8,23.45));
#1512 = LINE('',#1513,#1514);
#1513 = CARTESIAN_POINT('',(-300.,-300.8,23.45));
#1514 = VECTOR('',#1515,1.);
#1515 = DIRECTION('',(1.,0.,0.));
#1516 = ORIENTED_EDGE('',*,*,#1517,.F.);
#1517 = EDGE_CURVE('',#1478,#1510,#1518,.T.);
#1518 = LINE('',#1519,#1520);
#1519 = CARTESIAN_POINT('',(-300.,-300.8,3.7));
#1520 = VECTOR('',#1521,1.);
#1521 = DIRECTION('',(0.,2.22044604925E-16,1.));
#1522 = PLANE('',#1523);
#1523 = AXIS2_PLACEMENT_3D('',#1524,#1525,#1526);
#1524 = CARTESIAN_POINT('',(-300.,-300.8,3.7));
#1525 = DIRECTION('',(0.,-1.,2.22044604925E-16));
#1526 = DIRECTION('',(0.,2.22044604925E-16,1.));
#1527 = ADVANCED_FACE('',(#1528),#1544,.T.);
#1528 = FACE_BOUND('',#1529,.T.);
#1529 = EDGE_LOOP('',(#1530,#1531,#1537,#1538));
#1530 = ORIENTED_EDGE('',*,*,#1509,.T.);
#1531 = ORIENTED_EDGE('',*,*,#1532,.T.);
#1532 = EDGE_CURVE('',#1502,#24,#1533,.T.);
#1533 = LINE('',#1534,#1535);
#1534 = CARTESIAN_POINT('',(300.,-300.8,23.45));
#1535 = VECTOR('',#1536,1.);
#1536 = DIRECTION('',(0.,1.,-2.22044604925E-16));
#1537 = ORIENTED_EDGE('',*,*,#21,.F.);
#1538 = ORIENTED_EDGE('',*,*,#1539,.F.);
#1539 = EDGE_CURVE('',#1510,#22,#1540,.T.);
#1540 = LINE('',#1541,#1542);
#1541 = CARTESIAN_POINT('',(-300.,-300.8,23.45));
#1542 = VECTOR('',#1543,1.);
#1543 = DIRECTION('',(0.,1.,-2.22044604925E-16));
#1544 = PLANE('',#1545);
#1545 = AXIS2_PLACEMENT_3D('',#1546,#1547,#1548);
#1546 = CARTESIAN_POINT('',(-300.,-300.8,23.45));
#1547 = DIRECTION('',(0.,2.22044604925E-16,1.));
#1548 = DIRECTION('',(0.,1.,-2.22044604925E-16));
#1549 = ADVANCED_FACE('',(#1550),#1600,.T.);
#1550 = FACE_BOUND('',#1551,.T.);
#1551 = EDGE_LOOP('',(#1552,#1553,#1554,#1555,#1556,#1557,#1558,#1559,
    #1560,#1561,#1562,#1563,#1564,#1565,#1566,#1567,#1568,#1569,#1570,
    #1571,#1572,#1573,#1574,#1575,#1576,#1577,#1578,#1579,#1580,#1581,
    #1582,#1583,#1584,#1585,#1586,#1587,#1588,#1589,#1590,#1591,#1592,
    #1593,#1594,#1595,#1596,#1597,#1598,#1599));
#1552 = ORIENTED_EDGE('',*,*,#47,.T.);
#1553 = ORIENTED_EDGE('',*,*,#79,.T.);
#1554 = ORIENTED_EDGE('',*,*,#111,.T.);
#1555 = ORIENTED_EDGE('',*,*,#143,.T.);
#1556 = ORIENTED_EDGE('',*,*,#175,.T.);
#1557 = ORIENTED_EDGE('',*,*,#207,.T.);
#1558 = ORIENTED_EDGE('',*,*,#239,.T.);
#1559 = ORIENTED_EDGE('',*,*,#271,.T.);
#1560 = ORIENTED_EDGE('',*,*,#303,.T.);
#1561 = ORIENTED_EDGE('',*,*,#335,.T.);
#1562 = ORIENTED_EDGE('',*,*,#367,.T.);
#1563 = ORIENTED_EDGE('',*,*,#399,.T.);
#1564 = ORIENTED_EDGE('',*,*,#431,.T.);
#1565 = ORIENTED_EDGE('',*,*,#463,.T.);
#1566 = ORIENTED_EDGE('',*,*,#495,.T.);
#1567 = ORIENTED_EDGE('',*,*,#527,.T.);
#1568 = ORIENTED_EDGE('',*,*,#559,.T.);
#1569 = ORIENTED_EDGE('',*,*,#591,.T.);
#1570 = ORIENTED_EDGE('',*,*,#623,.T.);
#1571 = ORIENTED_EDGE('',*,*,#655,.T.);
#1572 = ORIENTED_EDGE('',*,*,#687,.T.);
#1573 = ORIENTED_EDGE('',*,*,#719,.T.);
#1574 = ORIENTED_EDGE('',*,*,#751,.T.);
#1575 = ORIENTED_EDGE('',*,*,#782,.T.);
#1576 = ORIENTED_EDGE('',*,*,#813,.T.);
#1577 = ORIENTED_EDGE('',*,*,#845,.T.);
#1578 = ORIENTED_EDGE('',*,*,#877,.T.);
#1579 = ORIENTED_EDGE('',*,*,#909,.T.);
#1580 = ORIENTED_EDGE('',*,*,#941,.T.);
#1581 = ORIENTED_EDGE('',*,*,#973,.T.);
#1582 = ORIENTED_EDGE('',*,*,#1005,.T.);
#1583 = ORIENTED_EDGE('',*,*,#1037,.T.);
#1584 = ORIENTED_EDGE('',*,*,#1069,.T.);
#1585 = ORIENTED_EDGE('',*,*,#1101,.T.);
#1586 = ORIENTED_EDGE('',*,*,#1133,.T.);
#1587 = ORIENTED_EDGE('',*,*,#1165,.T.);
#1588 = ORIENTED_EDGE('',*,*,#1197,.T.);
#1589 = ORIENTED_EDGE('',*,*,#1229,.T.);
#1590 = ORIENTED_EDGE('',*,*,#1261,.T.);
#1591 = ORIENTED_EDGE('',*,*,#1293,.T.);
#1592 = ORIENTED_EDGE('',*,*,#1325,.T.);
#1593 = ORIENTED_EDGE('',*,*,#1357,.T.);
#1594 = ORIENTED_EDGE('',*,*,#1389,.T.);
#1595 = ORIENTED_EDGE('',*,*,#1421,.T.);
#1596 = ORIENTED_EDGE('',*,*,#1453,.T.);
#1597 = ORIENTED_EDGE('',*,*,#1485,.T.);
#1598 = ORIENTED_EDGE('',*,*,#1517,.T.);
#1599 = ORIENTED_EDGE('',*,*,#1539,.T.);
#1600 = PLANE('',#1601);
#1601 = AXIS2_PLACEMENT_3D('',#1602,#1603,#1604);
#1602 = CARTESIAN_POINT('',(-300.,-310.5039073479,4.326785227791));
#1603 = DIRECTION('',(-1.,0.,-0.));
#1604 = DIRECTION('',(0.,1.,-2.22044604925E-16));
#1605 = ADVANCED_FACE('',(#1606),#1656,.F.);
#1606 = FACE_BOUND('',#1607,.F.);
#1607 = EDGE_LOOP('',(#1608,#1609,#1610,#1611,#1612,#1613,#1614,#1615,
    #1616,#1617,#1618,#1619,#1620,#1621,#1622,#1623,#1624,#1625,#1626,
    #1627,#1628,#1629,#1630,#1631,#1632,#1633,#1634,#1635,#1636,#1637,
    #1638,#1639,#1640,#1641,#1642,#1643,#1644,#1645,#1646,#1647,#1648,
    #1649,#1650,#1651,#1652,#1653,#1654,#1655));
#1608 = ORIENTED_EDGE('',*,*,#31,.T.);
#1609 = ORIENTED_EDGE('',*,*,#62,.T.);
#1610 = ORIENTED_EDGE('',*,*,#95,.T.);
#1611 = ORIENTED_EDGE('',*,*,#126,.T.);
#1612 = ORIENTED_EDGE('',*,*,#159,.T.);
#1613 = ORIENTED_EDGE('',*,*,#190,.T.);
#1614 = ORIENTED_EDGE('',*,*,#223,.T.);
#1615 = ORIENTED_EDGE('',*,*,#254,.T.);
#1616 = ORIENTED_EDGE('',*,*,#287,.T.);
#1617 = ORIENTED_EDGE('',*,*,#318,.T.);
#1618 = ORIENTED_EDGE('',*,*,#351,.T.);
#1619 = ORIENTED_EDGE('',*,*,#382,.T.);
#1620 = ORIENTED_EDGE('',*,*,#415,.T.);
#1621 = ORIENTED_EDGE('',*,*,#446,.T.);
#1622 = ORIENTED_EDGE('',*,*,#479,.T.);
#1623 = ORIENTED_EDGE('',*,*,#510,.T.);
#1624 = ORIENTED_EDGE('',*,*,#543,.T.);
#1625 = ORIENTED_EDGE('',*,*,#574,.T.);
#1626 = ORIENTED_EDGE('',*,*,#607,.T.);
#1627 = ORIENTED_EDGE('',*,*,#638,.T.);
#1628 = ORIENTED_EDGE('',*,*,#671,.T.);
#1629 = ORIENTED_EDGE('',*,*,#702,.T.);
#1630 = ORIENTED_EDGE('',*,*,#735,.T.);
#1631 = ORIENTED_EDGE('',*,*,#766,.T.);
#1632 = ORIENTED_EDGE('',*,*,#797,.T.);
#1633 = ORIENTED_EDGE('',*,*,#828,.T.);
#1634 = ORIENTED_EDGE('',*,*,#861,.T.);
#1635 = ORIENTED_EDGE('',*,*,#892,.T.);
#1636 = ORIENTED_EDGE('',*,*,#925,.T.);
#1637 = ORIENTED_EDGE('',*,*,#956,.T.);
#1638 = ORIENTED_EDGE('',*,*,#989,.T.);
#1639 = ORIENTED_EDGE('',*,*,#1020,.T.);
#1640 = ORIENTED_EDGE('',*,*,#1053,.T.);
#1641 = ORIENTED_EDGE('',*,*,#1084,.T.);
#1642 = ORIENTED_EDGE('',*,*,#1117,.T.);
#1643 = ORIENTED_EDGE('',*,*,#1148,.T.);
#1644 = ORIENTED_EDGE('',*,*,#1181,.T.);
#1645 = ORIENTED_EDGE('',*,*,#1212,.T.);
#1646 = ORIENTED_EDGE('',*,*,#1245,.T.);
#1647 = ORIENTED_EDGE('',*,*,#1276,.T.);
#1648 = ORIENTED_EDGE('',*,*,#1309,.T.);
#1649 = ORIENTED_EDGE('',*,*,#1340,.T.);
#1650 = ORIENTED_EDGE('',*,*,#1373,.T.);
#1651 = ORIENTED_EDGE('',*,*,#1404,.T.);
#1652 = ORIENTED_EDGE('',*,*,#1437,.T.);
#1653 = ORIENTED_EDGE('',*,*,#1468,.T.);
#1654 = ORIENTED_EDGE('',*,*,#1501,.T.);
#1655 = ORIENTED_EDGE('',*,*,#1532,.T.);
#1656 = PLANE('',#1657);
#1657 = AXIS2_PLACEMENT_3D('',#1658,#1659,#1660);
#1658 = CARTESIAN_POINT('',(300.,-310.5039073479,4.326785227791));
#1659 = DIRECTION('',(-1.,0.,-0.));
#1660 = DIRECTION('',(0.,1.,-2.22044604925E-16));
#1661 = MANIFOLD_SOLID_BREP('',#1662);
#1662 = CLOSED_SHELL('',(#1663,#1703,#1736,#1767,#1800,#1831,#1864,#1895
    ,#1928,#1959,#1992,#2023,#2056,#2087,#2120,#2151,#2184,#2215,#2248,
    #2279,#2312,#2343,#2376,#2407,#2438,#2469,#2502,#2533,#2566,#2597,
    #2630,#2661,#2694,#2725,#2758,#2789,#2822,#2853,#2886,#2917,#2950,
    #2981,#3014,#3045,#3078,#3109,#3142,#3173,#3195,#3251));
#1663 = ADVANCED_FACE('',(#1664),#1698,.T.);
#1664 = FACE_BOUND('',#1665,.T.);
#1665 = EDGE_LOOP('',(#1666,#1676,#1684,#1692));
#1666 = ORIENTED_EDGE('',*,*,#1667,.T.);
#1667 = EDGE_CURVE('',#1668,#1670,#1672,.T.);
#1668 = VERTEX_POINT('',#1669);
#1669 = CARTESIAN_POINT('',(300.,-300.,23.45));
#1670 = VERTEX_POINT('',#1671);
#1671 = CARTESIAN_POINT('',(300.,300.,23.45));
#1672 = LINE('',#1673,#1674);
#1673 = CARTESIAN_POINT('',(300.,-300.,23.45));
#1674 = VECTOR('',#1675,1.);
#1675 = DIRECTION('',(0.,1.,0.));
#1676 = ORIENTED_EDGE('',*,*,#1677,.T.);
#1677 = EDGE_CURVE('',#1670,#1678,#1680,.T.);
#1678 = VERTEX_POINT('',#1679);
#1679 = CARTESIAN_POINT('',(300.,300.,3.7));
#1680 = LINE('',#1681,#1682);
#1681 = CARTESIAN_POINT('',(300.,300.,23.45));
#1682 = VECTOR('',#1683,1.);
#1683 = DIRECTION('',(0.,0.,-1.));
#1684 = ORIENTED_EDGE('',*,*,#1685,.F.);
#1685 = EDGE_CURVE('',#1686,#1678,#1688,.T.);
#1686 = VERTEX_POINT('',#1687);
#1687 = CARTESIAN_POINT('',(300.,-300.,3.7));
#1688 = LINE('',#1689,#1690);
#1689 = CARTESIAN_POINT('',(300.,-300.,3.7));
#1690 = VECTOR('',#1691,1.);
#1691 = DIRECTION('',(0.,1.,0.));
#1692 = ORIENTED_EDGE('',*,*,#1693,.F.);
#1693 = EDGE_CURVE('',#1668,#1686,#1694,.T.);
#1694 = LINE('',#1695,#1696);
#1695 = CARTESIAN_POINT('',(300.,-300.,23.45));
#1696 = VECTOR('',#1697,1.);
#1697 = DIRECTION('',(0.,0.,-1.));
#1698 = PLANE('',#1699);
#1699 = AXIS2_PLACEMENT_3D('',#1700,#1701,#1702);
#1700 = CARTESIAN_POINT('',(300.,-300.,23.45));
#1701 = DIRECTION('',(-1.,0.,0.));
#1702 = DIRECTION('',(0.,0.,-1.));
#1703 = ADVANCED_FACE('',(#1704),#1731,.T.);
#1704 = FACE_BOUND('',#1705,.T.);
#1705 = EDGE_LOOP('',(#1706,#1707,#1716,#1724));
#1706 = ORIENTED_EDGE('',*,*,#1685,.T.);
#1707 = ORIENTED_EDGE('',*,*,#1708,.T.);
#1708 = EDGE_CURVE('',#1678,#1709,#1711,.T.);
#1709 = VERTEX_POINT('',#1710);
#1710 = CARTESIAN_POINT('',(301.25,300.,2.45));
#1711 = CIRCLE('',#1712,1.25);
#1712 = AXIS2_PLACEMENT_3D('',#1713,#1714,#1715);
#1713 = CARTESIAN_POINT('',(301.25,300.,3.7));
#1714 = DIRECTION('',(0.,-1.,0.));
#1715 = DIRECTION('',(-1.,0.,0.));
#1716 = ORIENTED_EDGE('',*,*,#1717,.F.);
#1717 = EDGE_CURVE('',#1718,#1709,#1720,.T.);
#1718 = VERTEX_POINT('',#1719);
#1719 = CARTESIAN_POINT('',(301.25,-300.,2.45));
#1720 = LINE('',#1721,#1722);
#1721 = CARTESIAN_POINT('',(301.25,-300.,2.45));
#1722 = VECTOR('',#1723,1.);
#1723 = DIRECTION('',(0.,1.,0.));
#1724 = ORIENTED_EDGE('',*,*,#1725,.F.);
#1725 = EDGE_CURVE('',#1686,#1718,#1726,.T.);
#1726 = CIRCLE('',#1727,1.25);
#1727 = AXIS2_PLACEMENT_3D('',#1728,#1729,#1730);
#1728 = CARTESIAN_POINT('',(301.25,-300.,3.7));
#1729 = DIRECTION('',(0.,-1.,0.));
#1730 = DIRECTION('',(-1.,0.,0.));
#1731 = CYLINDRICAL_SURFACE('',#1732,1.25);
#1732 = AXIS2_PLACEMENT_3D('',#1733,#1734,#1735);
#1733 = CARTESIAN_POINT('',(301.25,-300.,3.7));
#1734 = DIRECTION('',(0.,-1.,0.));
#1735 = DIRECTION('',(-1.,0.,0.));
#1736 = ADVANCED_FACE('',(#1737),#1762,.T.);
#1737 = FACE_BOUND('',#1738,.T.);
#1738 = EDGE_LOOP('',(#1739,#1740,#1748,#1756));
#1739 = ORIENTED_EDGE('',*,*,#1717,.T.);
#1740 = ORIENTED_EDGE('',*,*,#1741,.T.);
#1741 = EDGE_CURVE('',#1709,#1742,#1744,.T.);
#1742 = VERTEX_POINT('',#1743);
#1743 = CARTESIAN_POINT('',(303.65,300.,2.45));
#1744 = LINE('',#1745,#1746);
#1745 = CARTESIAN_POINT('',(301.25,300.,2.45));
#1746 = VECTOR('',#1747,1.);
#1747 = DIRECTION('',(1.,0.,0.));
#1748 = ORIENTED_EDGE('',*,*,#1749,.F.);
#1749 = EDGE_CURVE('',#1750,#1742,#1752,.T.);
#1750 = VERTEX_POINT('',#1751);
#1751 = CARTESIAN_POINT('',(303.65,-300.,2.45));
#1752 = LINE('',#1753,#1754);
#1753 = CARTESIAN_POINT('',(303.65,-300.,2.45));
#1754 = VECTOR('',#1755,1.);
#1755 = DIRECTION('',(0.,1.,0.));
#1756 = ORIENTED_EDGE('',*,*,#1757,.F.);
#1757 = EDGE_CURVE('',#1718,#1750,#1758,.T.);
#1758 = LINE('',#1759,#1760);
#1759 = CARTESIAN_POINT('',(301.25,-300.,2.45));
#1760 = VECTOR('',#1761,1.);
#1761 = DIRECTION('',(1.,0.,0.));
#1762 = PLANE('',#1763);
#1763 = AXIS2_PLACEMENT_3D('',#1764,#1765,#1766);
#1764 = CARTESIAN_POINT('',(301.25,-300.,2.45));
#1765 = DIRECTION('',(0.,0.,-1.));
#1766 = DIRECTION('',(1.,0.,0.));
#1767 = ADVANCED_FACE('',(#1768),#1795,.F.);
#1768 = FACE_BOUND('',#1769,.T.);
#1769 = EDGE_LOOP('',(#1770,#1771,#1780,#1788));
#1770 = ORIENTED_EDGE('',*,*,#1749,.T.);
#1771 = ORIENTED_EDGE('',*,*,#1772,.T.);
#1772 = EDGE_CURVE('',#1742,#1773,#1775,.T.);
#1773 = VERTEX_POINT('',#1774);
#1774 = CARTESIAN_POINT('',(304.1,300.,2.));
#1775 = CIRCLE('',#1776,0.45);
#1776 = AXIS2_PLACEMENT_3D('',#1777,#1778,#1779);
#1777 = CARTESIAN_POINT('',(303.65,300.,2.));
#1778 = DIRECTION('',(-0.,1.,0.));
#1779 = DIRECTION('',(9.868649107779E-16,0.,1.));
#1780 = ORIENTED_EDGE('',*,*,#1781,.F.);
#1781 = EDGE_CURVE('',#1782,#1773,#1784,.T.);
#1782 = VERTEX_POINT('',#1783);
#1783 = CARTESIAN_POINT('',(304.1,-300.,2.));
#1784 = LINE('',#1785,#1786);
#1785 = CARTESIAN_POINT('',(304.1,-300.,2.));
#1786 = VECTOR('',#1787,1.);
#1787 = DIRECTION('',(0.,1.,0.));
#1788 = ORIENTED_EDGE('',*,*,#1789,.F.);
#1789 = EDGE_CURVE('',#1750,#1782,#1790,.T.);
#1790 = CIRCLE('',#1791,0.45);
#1791 = AXIS2_PLACEMENT_3D('',#1792,#1793,#1794);
#1792 = CARTESIAN_POINT('',(303.65,-300.,2.));
#1793 = DIRECTION('',(-0.,1.,0.));
#1794 = DIRECTION('',(9.868649107779E-16,0.,1.));
#1795 = CYLINDRICAL_SURFACE('',#1796,0.45);
#1796 = AXIS2_PLACEMENT_3D('',#1797,#1798,#1799);
#1797 = CARTESIAN_POINT('',(303.65,-300.,2.));
#1798 = DIRECTION('',(-0.,-1.,-0.));
#1799 = DIRECTION('',(9.868649107779E-16,0.,1.));
#1800 = ADVANCED_FACE('',(#1801),#1826,.T.);
#1801 = FACE_BOUND('',#1802,.T.);
#1802 = EDGE_LOOP('',(#1803,#1804,#1812,#1820));
#1803 = ORIENTED_EDGE('',*,*,#1781,.T.);
#1804 = ORIENTED_EDGE('',*,*,#1805,.T.);
#1805 = EDGE_CURVE('',#1773,#1806,#1808,.T.);
#1806 = VERTEX_POINT('',#1807);
#1807 = CARTESIAN_POINT('',(304.1,300.,1.7));
#1808 = LINE('',#1809,#1810);
#1809 = CARTESIAN_POINT('',(304.1,300.,2.));
#1810 = VECTOR('',#1811,1.);
#1811 = DIRECTION('',(0.,0.,-1.));
#1812 = ORIENTED_EDGE('',*,*,#1813,.F.);
#1813 = EDGE_CURVE('',#1814,#1806,#1816,.T.);
#1814 = VERTEX_POINT('',#1815);
#1815 = CARTESIAN_POINT('',(304.1,-300.,1.7));
#1816 = LINE('',#1817,#1818);
#1817 = CARTESIAN_POINT('',(304.1,-300.,1.7));
#1818 = VECTOR('',#1819,1.);
#1819 = DIRECTION('',(0.,1.,0.));
#1820 = ORIENTED_EDGE('',*,*,#1821,.F.);
#1821 = EDGE_CURVE('',#1782,#1814,#1822,.T.);
#1822 = LINE('',#1823,#1824);
#1823 = CARTESIAN_POINT('',(304.1,-300.,2.));
#1824 = VECTOR('',#1825,1.);
#1825 = DIRECTION('',(0.,0.,-1.));
#1826 = PLANE('',#1827);
#1827 = AXIS2_PLACEMENT_3D('',#1828,#1829,#1830);
#1828 = CARTESIAN_POINT('',(304.1,-300.,2.));
#1829 = DIRECTION('',(-1.,0.,0.));
#1830 = DIRECTION('',(0.,0.,-1.));
#1831 = ADVANCED_FACE('',(#1832),#1859,.F.);
#1832 = FACE_BOUND('',#1833,.T.);
#1833 = EDGE_LOOP('',(#1834,#1835,#1844,#1852));
#1834 = ORIENTED_EDGE('',*,*,#1813,.T.);
#1835 = ORIENTED_EDGE('',*,*,#1836,.T.);
#1836 = EDGE_CURVE('',#1806,#1837,#1839,.T.);
#1837 = VERTEX_POINT('',#1838);
#1838 = CARTESIAN_POINT('',(303.65,300.,1.25));
#1839 = CIRCLE('',#1840,0.45);
#1840 = AXIS2_PLACEMENT_3D('',#1841,#1842,#1843);
#1841 = CARTESIAN_POINT('',(303.65,300.,1.7));
#1842 = DIRECTION('',(-0.,1.,0.));
#1843 = DIRECTION('',(1.,0.,1.973729821556E-15));
#1844 = ORIENTED_EDGE('',*,*,#1845,.F.);
#1845 = EDGE_CURVE('',#1846,#1837,#1848,.T.);
#1846 = VERTEX_POINT('',#1847);
#1847 = CARTESIAN_POINT('',(303.65,-300.,1.25));
#1848 = LINE('',#1849,#1850);
#1849 = CARTESIAN_POINT('',(303.65,-300.,1.25));
#1850 = VECTOR('',#1851,1.);
#1851 = DIRECTION('',(0.,1.,0.));
#1852 = ORIENTED_EDGE('',*,*,#1853,.F.);
#1853 = EDGE_CURVE('',#1814,#1846,#1854,.T.);
#1854 = CIRCLE('',#1855,0.45);
#1855 = AXIS2_PLACEMENT_3D('',#1856,#1857,#1858);
#1856 = CARTESIAN_POINT('',(303.65,-300.,1.7));
#1857 = DIRECTION('',(-0.,1.,0.));
#1858 = DIRECTION('',(1.,0.,1.973729821556E-15));
#1859 = CYLINDRICAL_SURFACE('',#1860,0.45);
#1860 = AXIS2_PLACEMENT_3D('',#1861,#1862,#1863);
#1861 = CARTESIAN_POINT('',(303.65,-300.,1.7));
#1862 = DIRECTION('',(-0.,-1.,-0.));
#1863 = DIRECTION('',(1.,0.,1.973729821556E-15));
#1864 = ADVANCED_FACE('',(#1865),#1890,.T.);
#1865 = FACE_BOUND('',#1866,.T.);
#1866 = EDGE_LOOP('',(#1867,#1868,#1876,#1884));
#1867 = ORIENTED_EDGE('',*,*,#1845,.T.);
#1868 = ORIENTED_EDGE('',*,*,#1869,.T.);
#1869 = EDGE_CURVE('',#1837,#1870,#1872,.T.);
#1870 = VERTEX_POINT('',#1871);
#1871 = CARTESIAN_POINT('',(301.25,300.,1.25));
#1872 = LINE('',#1873,#1874);
#1873 = CARTESIAN_POINT('',(303.65,300.,1.25));
#1874 = VECTOR('',#1875,1.);
#1875 = DIRECTION('',(-1.,0.,0.));
#1876 = ORIENTED_EDGE('',*,*,#1877,.F.);
#1877 = EDGE_CURVE('',#1878,#1870,#1880,.T.);
#1878 = VERTEX_POINT('',#1879);
#1879 = CARTESIAN_POINT('',(301.25,-300.,1.25));
#1880 = LINE('',#1881,#1882);
#1881 = CARTESIAN_POINT('',(301.25,-300.,1.25));
#1882 = VECTOR('',#1883,1.);
#1883 = DIRECTION('',(0.,1.,0.));
#1884 = ORIENTED_EDGE('',*,*,#1885,.F.);
#1885 = EDGE_CURVE('',#1846,#1878,#1886,.T.);
#1886 = LINE('',#1887,#1888);
#1887 = CARTESIAN_POINT('',(303.65,-300.,1.25));
#1888 = VECTOR('',#1889,1.);
#1889 = DIRECTION('',(-1.,0.,0.));
#1890 = PLANE('',#1891);
#1891 = AXIS2_PLACEMENT_3D('',#1892,#1893,#1894);
#1892 = CARTESIAN_POINT('',(303.65,-300.,1.25));
#1893 = DIRECTION('',(0.,0.,1.));
#1894 = DIRECTION('',(-1.,0.,0.));
#1895 = ADVANCED_FACE('',(#1896),#1923,.T.);
#1896 = FACE_BOUND('',#1897,.T.);
#1897 = EDGE_LOOP('',(#1898,#1899,#1908,#1916));
#1898 = ORIENTED_EDGE('',*,*,#1877,.T.);
#1899 = ORIENTED_EDGE('',*,*,#1900,.T.);
#1900 = EDGE_CURVE('',#1870,#1901,#1903,.T.);
#1901 = VERTEX_POINT('',#1902);
#1902 = CARTESIAN_POINT('',(300.,300.,8.881784197001E-16));
#1903 = CIRCLE('',#1904,1.25);
#1904 = AXIS2_PLACEMENT_3D('',#1905,#1906,#1907);
#1905 = CARTESIAN_POINT('',(301.25,300.,1.7763568394E-15));
#1906 = DIRECTION('',(0.,-1.,0.));
#1907 = DIRECTION('',(5.329070518201E-16,0.,1.));
#1908 = ORIENTED_EDGE('',*,*,#1909,.F.);
#1909 = EDGE_CURVE('',#1910,#1901,#1912,.T.);
#1910 = VERTEX_POINT('',#1911);
#1911 = CARTESIAN_POINT('',(300.,-300.,8.881784197001E-16));
#1912 = LINE('',#1913,#1914);
#1913 = CARTESIAN_POINT('',(300.,-300.,8.881784197001E-16));
#1914 = VECTOR('',#1915,1.);
#1915 = DIRECTION('',(0.,1.,0.));
#1916 = ORIENTED_EDGE('',*,*,#1917,.F.);
#1917 = EDGE_CURVE('',#1878,#1910,#1918,.T.);
#1918 = CIRCLE('',#1919,1.25);
#1919 = AXIS2_PLACEMENT_3D('',#1920,#1921,#1922);
#1920 = CARTESIAN_POINT('',(301.25,-300.,1.7763568394E-15));
#1921 = DIRECTION('',(0.,-1.,0.));
#1922 = DIRECTION('',(5.329070518201E-16,0.,1.));
#1923 = CYLINDRICAL_SURFACE('',#1924,1.25);
#1924 = AXIS2_PLACEMENT_3D('',#1925,#1926,#1927);
#1925 = CARTESIAN_POINT('',(301.25,-300.,1.7763568394E-15));
#1926 = DIRECTION('',(0.,-1.,0.));
#1927 = DIRECTION('',(5.329070518201E-16,0.,1.));
#1928 = ADVANCED_FACE('',(#1929),#1954,.T.);
#1929 = FACE_BOUND('',#1930,.T.);
#1930 = EDGE_LOOP('',(#1931,#1932,#1940,#1948));
#1931 = ORIENTED_EDGE('',*,*,#1909,.T.);
#1932 = ORIENTED_EDGE('',*,*,#1933,.T.);
#1933 = EDGE_CURVE('',#1901,#1934,#1936,.T.);
#1934 = VERTEX_POINT('',#1935);
#1935 = CARTESIAN_POINT('',(300.,300.,-2.3));
#1936 = LINE('',#1937,#1938);
#1937 = CARTESIAN_POINT('',(300.,300.,8.881784197001E-16));
#1938 = VECTOR('',#1939,1.);
#1939 = DIRECTION('',(0.,0.,-1.));
#1940 = ORIENTED_EDGE('',*,*,#1941,.F.);
#1941 = EDGE_CURVE('',#1942,#1934,#1944,.T.);
#1942 = VERTEX_POINT('',#1943);
#1943 = CARTESIAN_POINT('',(300.,-300.,-2.3));
#1944 = LINE('',#1945,#1946);
#1945 = CARTESIAN_POINT('',(300.,-300.,-2.3));
#1946 = VECTOR('',#1947,1.);
#1947 = DIRECTION('',(0.,1.,0.));
#1948 = ORIENTED_EDGE('',*,*,#1949,.F.);
#1949 = EDGE_CURVE('',#1910,#1942,#1950,.T.);
#1950 = LINE('',#1951,#1952);
#1951 = CARTESIAN_POINT('',(300.,-300.,8.881784197001E-16));
#1952 = VECTOR('',#1953,1.);
#1953 = DIRECTION('',(0.,0.,-1.));
#1954 = PLANE('',#1955);
#1955 = AXIS2_PLACEMENT_3D('',#1956,#1957,#1958);
#1956 = CARTESIAN_POINT('',(300.,-300.,8.881784197001E-16));
#1957 = DIRECTION('',(-1.,0.,0.));
#1958 = DIRECTION('',(0.,0.,-1.));
#1959 = ADVANCED_FACE('',(#1960),#1987,.T.);
#1960 = FACE_BOUND('',#1961,.T.);
#1961 = EDGE_LOOP('',(#1962,#1963,#1972,#1980));
#1962 = ORIENTED_EDGE('',*,*,#1941,.T.);
#1963 = ORIENTED_EDGE('',*,*,#1964,.T.);
#1964 = EDGE_CURVE('',#1934,#1965,#1967,.T.);
#1965 = VERTEX_POINT('',#1966);
#1966 = CARTESIAN_POINT('',(301.25,300.,-3.55));
#1967 = CIRCLE('',#1968,1.25);
#1968 = AXIS2_PLACEMENT_3D('',#1969,#1970,#1971);
#1969 = CARTESIAN_POINT('',(301.25,300.,-2.3));
#1970 = DIRECTION('',(0.,-1.,0.));
#1971 = DIRECTION('',(-1.,0.,0.));
#1972 = ORIENTED_EDGE('',*,*,#1973,.F.);
#1973 = EDGE_CURVE('',#1974,#1965,#1976,.T.);
#1974 = VERTEX_POINT('',#1975);
#1975 = CARTESIAN_POINT('',(301.25,-300.,-3.55));
#1976 = LINE('',#1977,#1978);
#1977 = CARTESIAN_POINT('',(301.25,-300.,-3.55));
#1978 = VECTOR('',#1979,1.);
#1979 = DIRECTION('',(0.,1.,0.));
#1980 = ORIENTED_EDGE('',*,*,#1981,.F.);
#1981 = EDGE_CURVE('',#1942,#1974,#1982,.T.);
#1982 = CIRCLE('',#1983,1.25);
#1983 = AXIS2_PLACEMENT_3D('',#1984,#1985,#1986);
#1984 = CARTESIAN_POINT('',(301.25,-300.,-2.3));
#1985 = DIRECTION('',(0.,-1.,0.));
#1986 = DIRECTION('',(-1.,0.,0.));
#1987 = CYLINDRICAL_SURFACE('',#1988,1.25);
#1988 = AXIS2_PLACEMENT_3D('',#1989,#1990,#1991);
#1989 = CARTESIAN_POINT('',(301.25,-300.,-2.3));
#1990 = DIRECTION('',(0.,-1.,0.));
#1991 = DIRECTION('',(-1.,0.,0.));
#1992 = ADVANCED_FACE('',(#1993),#2018,.T.);
#1993 = FACE_BOUND('',#1994,.T.);
#1994 = EDGE_LOOP('',(#1995,#1996,#2004,#2012));
#1995 = ORIENTED_EDGE('',*,*,#1973,.T.);
#1996 = ORIENTED_EDGE('',*,*,#1997,.T.);
#1997 = EDGE_CURVE('',#1965,#1998,#2000,.T.);
#1998 = VERTEX_POINT('',#1999);
#1999 = CARTESIAN_POINT('',(328.,300.,-3.55));
#2000 = LINE('',#2001,#2002);
#2001 = CARTESIAN_POINT('',(301.25,300.,-3.55));
#2002 = VECTOR('',#2003,1.);
#2003 = DIRECTION('',(1.,0.,0.));
#2004 = ORIENTED_EDGE('',*,*,#2005,.F.);
#2005 = EDGE_CURVE('',#2006,#1998,#2008,.T.);
#2006 = VERTEX_POINT('',#2007);
#2007 = CARTESIAN_POINT('',(328.,-300.,-3.55));
#2008 = LINE('',#2009,#2010);
#2009 = CARTESIAN_POINT('',(328.,-300.,-3.55));
#2010 = VECTOR('',#2011,1.);
#2011 = DIRECTION('',(0.,1.,0.));
#2012 = ORIENTED_EDGE('',*,*,#2013,.F.);
#2013 = EDGE_CURVE('',#1974,#2006,#2014,.T.);
#2014 = LINE('',#2015,#2016);
#2015 = CARTESIAN_POINT('',(301.25,-300.,-3.55));
#2016 = VECTOR('',#2017,1.);
#2017 = DIRECTION('',(1.,0.,0.));
#2018 = PLANE('',#2019);
#2019 = AXIS2_PLACEMENT_3D('',#2020,#2021,#2022);
#2020 = CARTESIAN_POINT('',(301.25,-300.,-3.55));
#2021 = DIRECTION('',(0.,0.,-1.));
#2022 = DIRECTION('',(1.,0.,0.));
#2023 = ADVANCED_FACE('',(#2024),#2051,.T.);
#2024 = FACE_BOUND('',#2025,.T.);
#2025 = EDGE_LOOP('',(#2026,#2027,#2036,#2044));
#2026 = ORIENTED_EDGE('',*,*,#2005,.T.);
#2027 = ORIENTED_EDGE('',*,*,#2028,.T.);
#2028 = EDGE_CURVE('',#1998,#2029,#2031,.T.);
#2029 = VERTEX_POINT('',#2030);
#2030 = CARTESIAN_POINT('',(330.,300.,-1.55));
#2031 = CIRCLE('',#2032,2.);
#2032 = AXIS2_PLACEMENT_3D('',#2033,#2034,#2035);
#2033 = CARTESIAN_POINT('',(328.,300.,-1.55));
#2034 = DIRECTION('',(0.,-1.,0.));
#2035 = DIRECTION('',(0.,0.,-1.));
#2036 = ORIENTED_EDGE('',*,*,#2037,.F.);
#2037 = EDGE_CURVE('',#2038,#2029,#2040,.T.);
#2038 = VERTEX_POINT('',#2039);
#2039 = CARTESIAN_POINT('',(330.,-300.,-1.55));
#2040 = LINE('',#2041,#2042);
#2041 = CARTESIAN_POINT('',(330.,-300.,-1.55));
#2042 = VECTOR('',#2043,1.);
#2043 = DIRECTION('',(0.,1.,0.));
#2044 = ORIENTED_EDGE('',*,*,#2045,.F.);
#2045 = EDGE_CURVE('',#2006,#2038,#2046,.T.);
#2046 = CIRCLE('',#2047,2.);
#2047 = AXIS2_PLACEMENT_3D('',#2048,#2049,#2050);
#2048 = CARTESIAN_POINT('',(328.,-300.,-1.55));
#2049 = DIRECTION('',(0.,-1.,0.));
#2050 = DIRECTION('',(0.,0.,-1.));
#2051 = CYLINDRICAL_SURFACE('',#2052,2.);
#2052 = AXIS2_PLACEMENT_3D('',#2053,#2054,#2055);
#2053 = CARTESIAN_POINT('',(328.,-300.,-1.55));
#2054 = DIRECTION('',(0.,-1.,0.));
#2055 = DIRECTION('',(0.,0.,-1.));
#2056 = ADVANCED_FACE('',(#2057),#2082,.T.);
#2057 = FACE_BOUND('',#2058,.T.);
#2058 = EDGE_LOOP('',(#2059,#2060,#2068,#2076));
#2059 = ORIENTED_EDGE('',*,*,#2037,.T.);
#2060 = ORIENTED_EDGE('',*,*,#2061,.T.);
#2061 = EDGE_CURVE('',#2029,#2062,#2064,.T.);
#2062 = VERTEX_POINT('',#2063);
#2063 = CARTESIAN_POINT('',(330.,300.,3.45));
#2064 = LINE('',#2065,#2066);
#2065 = CARTESIAN_POINT('',(330.,300.,-1.55));
#2066 = VECTOR('',#2067,1.);
#2067 = DIRECTION('',(0.,0.,1.));
#2068 = ORIENTED_EDGE('',*,*,#2069,.F.);
#2069 = EDGE_CURVE('',#2070,#2062,#2072,.T.);
#2070 = VERTEX_POINT('',#2071);
#2071 = CARTESIAN_POINT('',(330.,-300.,3.45));
#2072 = LINE('',#2073,#2074);
#2073 = CARTESIAN_POINT('',(330.,-300.,3.45));
#2074 = VECTOR('',#2075,1.);
#2075 = DIRECTION('',(0.,1.,0.));
#2076 = ORIENTED_EDGE('',*,*,#2077,.F.);
#2077 = EDGE_CURVE('',#2038,#2070,#2078,.T.);
#2078 = LINE('',#2079,#2080);
#2079 = CARTESIAN_POINT('',(330.,-300.,-1.55));
#2080 = VECTOR('',#2081,1.);
#2081 = DIRECTION('',(0.,0.,1.));
#2082 = PLANE('',#2083);
#2083 = AXIS2_PLACEMENT_3D('',#2084,#2085,#2086);
#2084 = CARTESIAN_POINT('',(330.,-300.,-1.55));
#2085 = DIRECTION('',(1.,0.,0.));
#2086 = DIRECTION('',(0.,0.,1.));
#2087 = ADVANCED_FACE('',(#2088),#2115,.T.);
#2088 = FACE_BOUND('',#2089,.T.);
#2089 = EDGE_LOOP('',(#2090,#2091,#2100,#2108));
#2090 = ORIENTED_EDGE('',*,*,#2069,.T.);
#2091 = ORIENTED_EDGE('',*,*,#2092,.T.);
#2092 = EDGE_CURVE('',#2062,#2093,#2095,.T.);
#2093 = VERTEX_POINT('',#2094);
#2094 = CARTESIAN_POINT('',(327.,300.,3.45));
#2095 = CIRCLE('',#2096,1.5);
#2096 = AXIS2_PLACEMENT_3D('',#2097,#2098,#2099);
#2097 = CARTESIAN_POINT('',(328.5,300.,3.45));
#2098 = DIRECTION('',(0.,-1.,0.));
#2099 = DIRECTION('',(1.,0.,0.));
#2100 = ORIENTED_EDGE('',*,*,#2101,.F.);
#2101 = EDGE_CURVE('',#2102,#2093,#2104,.T.);
#2102 = VERTEX_POINT('',#2103);
#2103 = CARTESIAN_POINT('',(327.,-300.,3.45));
#2104 = LINE('',#2105,#2106);
#2105 = CARTESIAN_POINT('',(327.,-300.,3.45));
#2106 = VECTOR('',#2107,1.);
#2107 = DIRECTION('',(0.,1.,0.));
#2108 = ORIENTED_EDGE('',*,*,#2109,.F.);
#2109 = EDGE_CURVE('',#2070,#2102,#2110,.T.);
#2110 = CIRCLE('',#2111,1.5);
#2111 = AXIS2_PLACEMENT_3D('',#2112,#2113,#2114);
#2112 = CARTESIAN_POINT('',(328.5,-300.,3.45));
#2113 = DIRECTION('',(0.,-1.,0.));
#2114 = DIRECTION('',(1.,0.,0.));
#2115 = CYLINDRICAL_SURFACE('',#2116,1.5);
#2116 = AXIS2_PLACEMENT_3D('',#2117,#2118,#2119);
#2117 = CARTESIAN_POINT('',(328.5,-300.,3.45));
#2118 = DIRECTION('',(0.,-1.,0.));
#2119 = DIRECTION('',(1.,0.,0.));
#2120 = ADVANCED_FACE('',(#2121),#2146,.T.);
#2121 = FACE_BOUND('',#2122,.T.);
#2122 = EDGE_LOOP('',(#2123,#2124,#2132,#2140));
#2123 = ORIENTED_EDGE('',*,*,#2101,.T.);
#2124 = ORIENTED_EDGE('',*,*,#2125,.T.);
#2125 = EDGE_CURVE('',#2093,#2126,#2128,.T.);
#2126 = VERTEX_POINT('',#2127);
#2127 = CARTESIAN_POINT('',(327.,300.,1.95));
#2128 = LINE('',#2129,#2130);
#2129 = CARTESIAN_POINT('',(327.,300.,3.45));
#2130 = VECTOR('',#2131,1.);
#2131 = DIRECTION('',(0.,0.,-1.));
#2132 = ORIENTED_EDGE('',*,*,#2133,.F.);
#2133 = EDGE_CURVE('',#2134,#2126,#2136,.T.);
#2134 = VERTEX_POINT('',#2135);
#2135 = CARTESIAN_POINT('',(327.,-300.,1.95));
#2136 = LINE('',#2137,#2138);
#2137 = CARTESIAN_POINT('',(327.,-300.,1.95));
#2138 = VECTOR('',#2139,1.);
#2139 = DIRECTION('',(0.,1.,0.));
#2140 = ORIENTED_EDGE('',*,*,#2141,.F.);
#2141 = EDGE_CURVE('',#2102,#2134,#2142,.T.);
#2142 = LINE('',#2143,#2144);
#2143 = CARTESIAN_POINT('',(327.,-300.,3.45));
#2144 = VECTOR('',#2145,1.);
#2145 = DIRECTION('',(0.,0.,-1.));
#2146 = PLANE('',#2147);
#2147 = AXIS2_PLACEMENT_3D('',#2148,#2149,#2150);
#2148 = CARTESIAN_POINT('',(327.,-300.,3.45));
#2149 = DIRECTION('',(-1.,0.,0.));
#2150 = DIRECTION('',(0.,0.,-1.));
#2151 = ADVANCED_FACE('',(#2152),#2179,.F.);
#2152 = FACE_BOUND('',#2153,.T.);
#2153 = EDGE_LOOP('',(#2154,#2155,#2164,#2172));
#2154 = ORIENTED_EDGE('',*,*,#2133,.T.);
#2155 = ORIENTED_EDGE('',*,*,#2156,.T.);
#2156 = EDGE_CURVE('',#2126,#2157,#2159,.T.);
#2157 = VERTEX_POINT('',#2158);
#2158 = CARTESIAN_POINT('',(326.4,300.,1.35));
#2159 = CIRCLE('',#2160,0.6);
#2160 = AXIS2_PLACEMENT_3D('',#2161,#2162,#2163);
#2161 = CARTESIAN_POINT('',(326.4,300.,1.95));
#2162 = DIRECTION('',(0.,1.,0.));
#2163 = DIRECTION('',(1.,0.,-7.401486830834E-15));
#2164 = ORIENTED_EDGE('',*,*,#2165,.F.);
#2165 = EDGE_CURVE('',#2166,#2157,#2168,.T.);
#2166 = VERTEX_POINT('',#2167);
#2167 = CARTESIAN_POINT('',(326.4,-300.,1.35));
#2168 = LINE('',#2169,#2170);
#2169 = CARTESIAN_POINT('',(326.4,-300.,1.35));
#2170 = VECTOR('',#2171,1.);
#2171 = DIRECTION('',(0.,1.,0.));
#2172 = ORIENTED_EDGE('',*,*,#2173,.F.);
#2173 = EDGE_CURVE('',#2134,#2166,#2174,.T.);
#2174 = CIRCLE('',#2175,0.6);
#2175 = AXIS2_PLACEMENT_3D('',#2176,#2177,#2178);
#2176 = CARTESIAN_POINT('',(326.4,-300.,1.95));
#2177 = DIRECTION('',(0.,1.,0.));
#2178 = DIRECTION('',(1.,0.,-7.401486830834E-15));
#2179 = CYLINDRICAL_SURFACE('',#2180,0.6);
#2180 = AXIS2_PLACEMENT_3D('',#2181,#2182,#2183);
#2181 = CARTESIAN_POINT('',(326.4,-300.,1.95));
#2182 = DIRECTION('',(-0.,-1.,-0.));
#2183 = DIRECTION('',(1.,0.,-7.401486830834E-15));
#2184 = ADVANCED_FACE('',(#2185),#2210,.T.);
#2185 = FACE_BOUND('',#2186,.T.);
#2186 = EDGE_LOOP('',(#2187,#2188,#2196,#2204));
#2187 = ORIENTED_EDGE('',*,*,#2165,.T.);
#2188 = ORIENTED_EDGE('',*,*,#2189,.T.);
#2189 = EDGE_CURVE('',#2157,#2190,#2192,.T.);
#2190 = VERTEX_POINT('',#2191);
#2191 = CARTESIAN_POINT('',(310.76556443707,300.,1.35));
#2192 = LINE('',#2193,#2194);
#2193 = CARTESIAN_POINT('',(326.4,300.,1.35));
#2194 = VECTOR('',#2195,1.);
#2195 = DIRECTION('',(-1.,0.,0.));
#2196 = ORIENTED_EDGE('',*,*,#2197,.F.);
#2197 = EDGE_CURVE('',#2198,#2190,#2200,.T.);
#2198 = VERTEX_POINT('',#2199);
#2199 = CARTESIAN_POINT('',(310.76556443707,-300.,1.35));
#2200 = LINE('',#2201,#2202);
#2201 = CARTESIAN_POINT('',(310.76556443707,-300.,1.35));
#2202 = VECTOR('',#2203,1.);
#2203 = DIRECTION('',(0.,1.,0.));
#2204 = ORIENTED_EDGE('',*,*,#2205,.F.);
#2205 = EDGE_CURVE('',#2166,#2198,#2206,.T.);
#2206 = LINE('',#2207,#2208);
#2207 = CARTESIAN_POINT('',(326.4,-300.,1.35));
#2208 = VECTOR('',#2209,1.);
#2209 = DIRECTION('',(-1.,0.,0.));
#2210 = PLANE('',#2211);
#2211 = AXIS2_PLACEMENT_3D('',#2212,#2213,#2214);
#2212 = CARTESIAN_POINT('',(326.4,-300.,1.35));
#2213 = DIRECTION('',(0.,0.,1.));
#2214 = DIRECTION('',(-1.,0.,0.));
#2215 = ADVANCED_FACE('',(#2216),#2243,.F.);
#2216 = FACE_BOUND('',#2217,.T.);
#2217 = EDGE_LOOP('',(#2218,#2219,#2228,#2236));
#2218 = ORIENTED_EDGE('',*,*,#2197,.T.);
#2219 = ORIENTED_EDGE('',*,*,#2220,.T.);
#2220 = EDGE_CURVE('',#2190,#2221,#2223,.T.);
#2221 = VERTEX_POINT('',#2222);
#2222 = CARTESIAN_POINT('',(310.46788107406,300.,1.429054114725));
#2223 = CIRCLE('',#2224,0.6);
#2224 = AXIS2_PLACEMENT_3D('',#2225,#2226,#2227);
#2225 = CARTESIAN_POINT('',(310.76556443707,300.,1.95));
#2226 = DIRECTION('',(0.,1.,0.));
#2227 = DIRECTION('',(8.881784197002E-15,0.,-1.));
#2228 = ORIENTED_EDGE('',*,*,#2229,.F.);
#2229 = EDGE_CURVE('',#2230,#2221,#2232,.T.);
#2230 = VERTEX_POINT('',#2231);
#2231 = CARTESIAN_POINT('',(310.46788107406,-300.,1.429054114725));
#2232 = LINE('',#2233,#2234);
#2233 = CARTESIAN_POINT('',(310.46788107406,-300.,1.429054114725));
#2234 = VECTOR('',#2235,1.);
#2235 = DIRECTION('',(0.,1.,0.));
#2236 = ORIENTED_EDGE('',*,*,#2237,.F.);
#2237 = EDGE_CURVE('',#2198,#2230,#2238,.T.);
#2238 = CIRCLE('',#2239,0.6);
#2239 = AXIS2_PLACEMENT_3D('',#2240,#2241,#2242);
#2240 = CARTESIAN_POINT('',(310.76556443707,-300.,1.95));
#2241 = DIRECTION('',(0.,1.,0.));
#2242 = DIRECTION('',(8.881784197002E-15,0.,-1.));
#2243 = CYLINDRICAL_SURFACE('',#2244,0.6);
#2244 = AXIS2_PLACEMENT_3D('',#2245,#2246,#2247);
#2245 = CARTESIAN_POINT('',(310.76556443707,-300.,1.95));
#2246 = DIRECTION('',(-0.,-1.,-0.));
#2247 = DIRECTION('',(8.881784197002E-15,0.,-1.));
#2248 = ADVANCED_FACE('',(#2249),#2274,.T.);
#2249 = FACE_BOUND('',#2250,.T.);
#2250 = EDGE_LOOP('',(#2251,#2252,#2260,#2268));
#2251 = ORIENTED_EDGE('',*,*,#2229,.T.);
#2252 = ORIENTED_EDGE('',*,*,#2253,.T.);
#2253 = EDGE_CURVE('',#2221,#2254,#2256,.T.);
#2254 = VERTEX_POINT('',#2255);
#2255 = CARTESIAN_POINT('',(304.18056234097,300.,5.021807676486));
#2256 = LINE('',#2257,#2258);
#2257 = CARTESIAN_POINT('',(310.46788107406,300.,1.429054114725));
#2258 = VECTOR('',#2259,1.);
#2259 = DIRECTION('',(-0.868243142124,0.,0.496138938357));
#2260 = ORIENTED_EDGE('',*,*,#2261,.F.);
#2261 = EDGE_CURVE('',#2262,#2254,#2264,.T.);
#2262 = VERTEX_POINT('',#2263);
#2263 = CARTESIAN_POINT('',(304.18056234097,-300.,5.021807676486));
#2264 = LINE('',#2265,#2266);
#2265 = CARTESIAN_POINT('',(304.18056234097,-300.,5.021807676486));
#2266 = VECTOR('',#2267,1.);
#2267 = DIRECTION('',(0.,1.,0.));
#2268 = ORIENTED_EDGE('',*,*,#2269,.F.);
#2269 = EDGE_CURVE('',#2230,#2262,#2270,.T.);
#2270 = LINE('',#2271,#2272);
#2271 = CARTESIAN_POINT('',(310.46788107406,-300.,1.429054114725));
#2272 = VECTOR('',#2273,1.);
#2273 = DIRECTION('',(-0.868243142124,0.,0.496138938357));
#2274 = PLANE('',#2275);
#2275 = AXIS2_PLACEMENT_3D('',#2276,#2277,#2278);
#2276 = CARTESIAN_POINT('',(310.46788107406,-300.,1.429054114725));
#2277 = DIRECTION('',(0.496138938357,0.,0.868243142124));
#2278 = DIRECTION('',(-0.868243142124,0.,0.496138938357));
#2279 = ADVANCED_FACE('',(#2280),#2307,.F.);
#2280 = FACE_BOUND('',#2281,.T.);
#2281 = EDGE_LOOP('',(#2282,#2283,#2292,#2300));
#2282 = ORIENTED_EDGE('',*,*,#2261,.T.);
#2283 = ORIENTED_EDGE('',*,*,#2284,.T.);
#2284 = EDGE_CURVE('',#2254,#2285,#2287,.T.);
#2285 = VERTEX_POINT('',#2286);
#2286 = CARTESIAN_POINT('',(303.83262150182,300.,5.548067202649));
#2287 = CIRCLE('',#2288,0.7);
#2288 = AXIS2_PLACEMENT_3D('',#2289,#2290,#2291);
#2289 = CARTESIAN_POINT('',(304.52785959782,300.,5.629577875973));
#2290 = DIRECTION('',(0.,1.,0.));
#2291 = DIRECTION('',(-0.496138938357,0.,-0.868243142124));
#2292 = ORIENTED_EDGE('',*,*,#2293,.F.);
#2293 = EDGE_CURVE('',#2294,#2285,#2296,.T.);
#2294 = VERTEX_POINT('',#2295);
#2295 = CARTESIAN_POINT('',(303.83262150182,-300.,5.548067202649));
#2296 = LINE('',#2297,#2298);
#2297 = CARTESIAN_POINT('',(303.83262150182,-300.,5.548067202649));
#2298 = VECTOR('',#2299,1.);
#2299 = DIRECTION('',(0.,1.,0.));
#2300 = ORIENTED_EDGE('',*,*,#2301,.F.);
#2301 = EDGE_CURVE('',#2262,#2294,#2302,.T.);
#2302 = CIRCLE('',#2303,0.7);
#2303 = AXIS2_PLACEMENT_3D('',#2304,#2305,#2306);
#2304 = CARTESIAN_POINT('',(304.52785959782,-300.,5.629577875973));
#2305 = DIRECTION('',(0.,1.,0.));
#2306 = DIRECTION('',(-0.496138938357,0.,-0.868243142124));
#2307 = CYLINDRICAL_SURFACE('',#2308,0.7);
#2308 = AXIS2_PLACEMENT_3D('',#2309,#2310,#2311);
#2309 = CARTESIAN_POINT('',(304.52785959782,-300.,5.629577875973));
#2310 = DIRECTION('',(-0.,-1.,-0.));
#2311 = DIRECTION('',(-0.496138938357,0.,-0.868243142124));
#2312 = ADVANCED_FACE('',(#2313),#2338,.T.);
#2313 = FACE_BOUND('',#2314,.T.);
#2314 = EDGE_LOOP('',(#2315,#2316,#2324,#2332));
#2315 = ORIENTED_EDGE('',*,*,#2293,.T.);
#2316 = ORIENTED_EDGE('',*,*,#2317,.T.);
#2317 = EDGE_CURVE('',#2285,#2318,#2320,.T.);
#2318 = VERTEX_POINT('',#2319);
#2319 = CARTESIAN_POINT('',(302.24467930383,300.,19.092280067822));
#2320 = LINE('',#2321,#2322);
#2321 = CARTESIAN_POINT('',(303.83262150182,300.,5.548067202649));
#2322 = VECTOR('',#2323,1.);
#2323 = DIRECTION('',(-0.116443819035,0.,0.993197280005));
#2324 = ORIENTED_EDGE('',*,*,#2325,.F.);
#2325 = EDGE_CURVE('',#2326,#2318,#2328,.T.);
#2326 = VERTEX_POINT('',#2327);
#2327 = CARTESIAN_POINT('',(302.24467930384,-300.,19.092280067822));
#2328 = LINE('',#2329,#2330);
#2329 = CARTESIAN_POINT('',(302.24467930384,-300.,19.092280067822));
#2330 = VECTOR('',#2331,1.);
#2331 = DIRECTION('',(0.,1.,0.));
#2332 = ORIENTED_EDGE('',*,*,#2333,.F.);
#2333 = EDGE_CURVE('',#2294,#2326,#2334,.T.);
#2334 = LINE('',#2335,#2336);
#2335 = CARTESIAN_POINT('',(303.83262150182,-300.,5.548067202649));
#2336 = VECTOR('',#2337,1.);
#2337 = DIRECTION('',(-0.116443819035,0.,0.993197280005));
#2338 = PLANE('',#2339);
#2339 = AXIS2_PLACEMENT_3D('',#2340,#2341,#2342);
#2340 = CARTESIAN_POINT('',(303.83262150182,-300.,5.548067202649));
#2341 = DIRECTION('',(0.993197280005,0.,0.116443819035));
#2342 = DIRECTION('',(-0.116443819035,0.,0.993197280005));
#2343 = ADVANCED_FACE('',(#2344),#2371,.F.);
#2344 = FACE_BOUND('',#2345,.T.);
#2345 = EDGE_LOOP('',(#2346,#2347,#2356,#2364));
#2346 = ORIENTED_EDGE('',*,*,#2325,.T.);
#2347 = ORIENTED_EDGE('',*,*,#2348,.T.);
#2348 = EDGE_CURVE('',#2318,#2349,#2351,.T.);
#2349 = VERTEX_POINT('',#2350);
#2350 = CARTESIAN_POINT('',(302.36963087071,300.,19.48498434315));
#2351 = CIRCLE('',#2352,0.5);
#2352 = AXIS2_PLACEMENT_3D('',#2353,#2354,#2355);
#2353 = CARTESIAN_POINT('',(302.74127794384,300.,19.150501977339));
#2354 = DIRECTION('',(0.,1.,0.));
#2355 = DIRECTION('',(-0.993197280005,0.,-0.116443819035));
#2356 = ORIENTED_EDGE('',*,*,#2357,.F.);
#2357 = EDGE_CURVE('',#2358,#2349,#2360,.T.);
#2358 = VERTEX_POINT('',#2359);
#2359 = CARTESIAN_POINT('',(302.36963087071,-300.,19.48498434315));
#2360 = LINE('',#2361,#2362);
#2361 = CARTESIAN_POINT('',(302.36963087071,-300.,19.48498434315));
#2362 = VECTOR('',#2363,1.);
#2363 = DIRECTION('',(0.,1.,0.));
#2364 = ORIENTED_EDGE('',*,*,#2365,.F.);
#2365 = EDGE_CURVE('',#2326,#2358,#2366,.T.);
#2366 = CIRCLE('',#2367,0.5);
#2367 = AXIS2_PLACEMENT_3D('',#2368,#2369,#2370);
#2368 = CARTESIAN_POINT('',(302.74127794384,-300.,19.150501977339));
#2369 = DIRECTION('',(0.,1.,0.));
#2370 = DIRECTION('',(-0.993197280005,0.,-0.116443819035));
#2371 = CYLINDRICAL_SURFACE('',#2372,0.5);
#2372 = AXIS2_PLACEMENT_3D('',#2373,#2374,#2375);
#2373 = CARTESIAN_POINT('',(302.74127794384,-300.,19.150501977339));
#2374 = DIRECTION('',(-0.,-1.,-0.));
#2375 = DIRECTION('',(-0.993197280005,0.,-0.116443819035));
#2376 = ADVANCED_FACE('',(#2377),#2402,.T.);
#2377 = FACE_BOUND('',#2378,.T.);
#2378 = EDGE_LOOP('',(#2379,#2380,#2388,#2396));
#2379 = ORIENTED_EDGE('',*,*,#2357,.T.);
#2380 = ORIENTED_EDGE('',*,*,#2381,.T.);
#2381 = EDGE_CURVE('',#2349,#2382,#2384,.T.);
#2382 = VERTEX_POINT('',#2383);
#2383 = CARTESIAN_POINT('',(303.89731765849,300.,21.182414107351));
#2384 = LINE('',#2385,#2386);
#2385 = CARTESIAN_POINT('',(302.36963087071,300.,19.48498434315));
#2386 = VECTOR('',#2387,1.);
#2387 = DIRECTION('',(0.668964731622,0.,0.743294146247));
#2388 = ORIENTED_EDGE('',*,*,#2389,.F.);
#2389 = EDGE_CURVE('',#2390,#2382,#2392,.T.);
#2390 = VERTEX_POINT('',#2391);
#2391 = CARTESIAN_POINT('',(303.89731765849,-300.,21.182414107351));
#2392 = LINE('',#2393,#2394);
#2393 = CARTESIAN_POINT('',(303.89731765849,-300.,21.182414107351));
#2394 = VECTOR('',#2395,1.);
#2395 = DIRECTION('',(0.,1.,0.));
#2396 = ORIENTED_EDGE('',*,*,#2397,.F.);
#2397 = EDGE_CURVE('',#2358,#2390,#2398,.T.);
#2398 = LINE('',#2399,#2400);
#2399 = CARTESIAN_POINT('',(302.36963087071,-300.,19.48498434315));
#2400 = VECTOR('',#2401,1.);
#2401 = DIRECTION('',(0.668964731622,0.,0.743294146247));
#2402 = PLANE('',#2403);
#2403 = AXIS2_PLACEMENT_3D('',#2404,#2405,#2406);
#2404 = CARTESIAN_POINT('',(302.36963087071,-300.,19.48498434315));
#2405 = DIRECTION('',(0.743294146247,0.,-0.668964731622));
#2406 = DIRECTION('',(0.668964731622,0.,0.743294146247));
#2407 = ADVANCED_FACE('',(#2408),#2433,.T.);
#2408 = FACE_BOUND('',#2409,.T.);
#2409 = EDGE_LOOP('',(#2410,#2411,#2419,#2427));
#2410 = ORIENTED_EDGE('',*,*,#2389,.T.);
#2411 = ORIENTED_EDGE('',*,*,#2412,.T.);
#2412 = EDGE_CURVE('',#2382,#2413,#2415,.T.);
#2413 = VERTEX_POINT('',#2414);
#2414 = CARTESIAN_POINT('',(303.3026823415,300.,21.717585892649));
#2415 = LINE('',#2416,#2417);
#2416 = CARTESIAN_POINT('',(303.89731765849,300.,21.182414107351));
#2417 = VECTOR('',#2418,1.);
#2418 = DIRECTION('',(-0.743294146247,0.,0.668964731622));
#2419 = ORIENTED_EDGE('',*,*,#2420,.F.);
#2420 = EDGE_CURVE('',#2421,#2413,#2423,.T.);
#2421 = VERTEX_POINT('',#2422);
#2422 = CARTESIAN_POINT('',(303.3026823415,-300.,21.717585892649));
#2423 = LINE('',#2424,#2425);
#2424 = CARTESIAN_POINT('',(303.3026823415,-300.,21.717585892649));
#2425 = VECTOR('',#2426,1.);
#2426 = DIRECTION('',(0.,1.,0.));
#2427 = ORIENTED_EDGE('',*,*,#2428,.F.);
#2428 = EDGE_CURVE('',#2390,#2421,#2429,.T.);
#2429 = LINE('',#2430,#2431);
#2430 = CARTESIAN_POINT('',(303.89731765849,-300.,21.182414107351));
#2431 = VECTOR('',#2432,1.);
#2432 = DIRECTION('',(-0.743294146247,0.,0.668964731622));
#2433 = PLANE('',#2434);
#2434 = AXIS2_PLACEMENT_3D('',#2435,#2436,#2437);
#2435 = CARTESIAN_POINT('',(303.89731765849,-300.,21.182414107351));
#2436 = DIRECTION('',(0.668964731622,0.,0.743294146247));
#2437 = DIRECTION('',(-0.743294146247,0.,0.668964731622));
#2438 = ADVANCED_FACE('',(#2439),#2464,.T.);
#2439 = FACE_BOUND('',#2440,.T.);
#2440 = EDGE_LOOP('',(#2441,#2442,#2450,#2458));
#2441 = ORIENTED_EDGE('',*,*,#2420,.T.);
#2442 = ORIENTED_EDGE('',*,*,#2443,.T.);
#2443 = EDGE_CURVE('',#2413,#2444,#2446,.T.);
#2444 = VERTEX_POINT('',#2445);
#2445 = CARTESIAN_POINT('',(301.77499555372,300.,20.020156128448));
#2446 = LINE('',#2447,#2448);
#2447 = CARTESIAN_POINT('',(303.3026823415,300.,21.717585892649));
#2448 = VECTOR('',#2449,1.);
#2449 = DIRECTION('',(-0.668964731622,0.,-0.743294146247));
#2450 = ORIENTED_EDGE('',*,*,#2451,.F.);
#2451 = EDGE_CURVE('',#2452,#2444,#2454,.T.);
#2452 = VERTEX_POINT('',#2453);
#2453 = CARTESIAN_POINT('',(301.77499555372,-300.,20.020156128448));
#2454 = LINE('',#2455,#2456);
#2455 = CARTESIAN_POINT('',(301.77499555372,-300.,20.020156128448));
#2456 = VECTOR('',#2457,1.);
#2457 = DIRECTION('',(0.,1.,0.));
#2458 = ORIENTED_EDGE('',*,*,#2459,.F.);
#2459 = EDGE_CURVE('',#2421,#2452,#2460,.T.);
#2460 = LINE('',#2461,#2462);
#2461 = CARTESIAN_POINT('',(303.3026823415,-300.,21.717585892649));
#2462 = VECTOR('',#2463,1.);
#2463 = DIRECTION('',(-0.668964731622,0.,-0.743294146247));
#2464 = PLANE('',#2465);
#2465 = AXIS2_PLACEMENT_3D('',#2466,#2467,#2468);
#2466 = CARTESIAN_POINT('',(303.3026823415,-300.,21.717585892649));
#2467 = DIRECTION('',(-0.743294146247,0.,0.668964731622));
#2468 = DIRECTION('',(-0.668964731622,0.,-0.743294146247));
#2469 = ADVANCED_FACE('',(#2470),#2497,.T.);
#2470 = FACE_BOUND('',#2471,.T.);
#2471 = EDGE_LOOP('',(#2472,#2473,#2482,#2490));
#2472 = ORIENTED_EDGE('',*,*,#2451,.T.);
#2473 = ORIENTED_EDGE('',*,*,#2474,.T.);
#2474 = EDGE_CURVE('',#2444,#2475,#2477,.T.);
#2475 = VERTEX_POINT('',#2476);
#2476 = CARTESIAN_POINT('',(301.45012147983,300.,18.999125012594));
#2477 = CIRCLE('',#2478,1.3);
#2478 = AXIS2_PLACEMENT_3D('',#2479,#2480,#2481);
#2479 = CARTESIAN_POINT('',(302.74127794384,300.,19.150501977339));
#2480 = DIRECTION('',(0.,-1.,0.));
#2481 = DIRECTION('',(-0.743294146247,0.,0.668964731622));
#2482 = ORIENTED_EDGE('',*,*,#2483,.F.);
#2483 = EDGE_CURVE('',#2484,#2475,#2486,.T.);
#2484 = VERTEX_POINT('',#2485);
#2485 = CARTESIAN_POINT('',(301.45012147983,-300.,18.999125012594));
#2486 = LINE('',#2487,#2488);
#2487 = CARTESIAN_POINT('',(301.45012147983,-300.,18.999125012594));
#2488 = VECTOR('',#2489,1.);
#2489 = DIRECTION('',(0.,1.,0.));
#2490 = ORIENTED_EDGE('',*,*,#2491,.F.);
#2491 = EDGE_CURVE('',#2452,#2484,#2492,.T.);
#2492 = CIRCLE('',#2493,1.3);
#2493 = AXIS2_PLACEMENT_3D('',#2494,#2495,#2496);
#2494 = CARTESIAN_POINT('',(302.74127794384,-300.,19.150501977339));
#2495 = DIRECTION('',(0.,-1.,0.));
#2496 = DIRECTION('',(-0.743294146247,0.,0.668964731622));
#2497 = CYLINDRICAL_SURFACE('',#2498,1.3);
#2498 = AXIS2_PLACEMENT_3D('',#2499,#2500,#2501);
#2499 = CARTESIAN_POINT('',(302.74127794384,-300.,19.150501977339));
#2500 = DIRECTION('',(0.,-1.,0.));
#2501 = DIRECTION('',(-0.743294146247,0.,0.668964731622));
#2502 = ADVANCED_FACE('',(#2503),#2528,.T.);
#2503 = FACE_BOUND('',#2504,.T.);
#2504 = EDGE_LOOP('',(#2505,#2506,#2514,#2522));
#2505 = ORIENTED_EDGE('',*,*,#2483,.T.);
#2506 = ORIENTED_EDGE('',*,*,#2507,.T.);
#2507 = EDGE_CURVE('',#2475,#2508,#2510,.T.);
#2508 = VERTEX_POINT('',#2509);
#2509 = CARTESIAN_POINT('',(303.03806367782,300.,5.454912147421));
#2510 = LINE('',#2511,#2512);
#2511 = CARTESIAN_POINT('',(301.45012147983,300.,18.999125012594));
#2512 = VECTOR('',#2513,1.);
#2513 = DIRECTION('',(0.116443819035,0.,-0.993197280005));
#2514 = ORIENTED_EDGE('',*,*,#2515,.F.);
#2515 = EDGE_CURVE('',#2516,#2508,#2518,.T.);
#2516 = VERTEX_POINT('',#2517);
#2517 = CARTESIAN_POINT('',(303.03806367782,-300.,5.454912147421));
#2518 = LINE('',#2519,#2520);
#2519 = CARTESIAN_POINT('',(303.03806367782,-300.,5.454912147421));
#2520 = VECTOR('',#2521,1.);
#2521 = DIRECTION('',(0.,1.,0.));
#2522 = ORIENTED_EDGE('',*,*,#2523,.F.);
#2523 = EDGE_CURVE('',#2484,#2516,#2524,.T.);
#2524 = LINE('',#2525,#2526);
#2525 = CARTESIAN_POINT('',(301.45012147983,-300.,18.999125012594));
#2526 = VECTOR('',#2527,1.);
#2527 = DIRECTION('',(0.116443819035,0.,-0.993197280005));
#2528 = PLANE('',#2529);
#2529 = AXIS2_PLACEMENT_3D('',#2530,#2531,#2532);
#2530 = CARTESIAN_POINT('',(301.45012147983,-300.,18.999125012594));
#2531 = DIRECTION('',(-0.993197280005,0.,-0.116443819035));
#2532 = DIRECTION('',(0.116443819035,0.,-0.993197280005));
#2533 = ADVANCED_FACE('',(#2534),#2561,.T.);
#2534 = FACE_BOUND('',#2535,.T.);
#2535 = EDGE_LOOP('',(#2536,#2537,#2546,#2554));
#2536 = ORIENTED_EDGE('',*,*,#2515,.T.);
#2537 = ORIENTED_EDGE('',*,*,#2538,.T.);
#2538 = EDGE_CURVE('',#2508,#2539,#2541,.T.);
#2539 = VERTEX_POINT('',#2540);
#2540 = CARTESIAN_POINT('',(303.78365119029,300.,4.327213162787));
#2541 = CIRCLE('',#2542,1.5);
#2542 = AXIS2_PLACEMENT_3D('',#2543,#2544,#2545);
#2543 = CARTESIAN_POINT('',(304.52785959782,300.,5.629577875973));
#2544 = DIRECTION('',(0.,-1.,0.));
#2545 = DIRECTION('',(-0.993197280005,-0.,-0.116443819035));
#2546 = ORIENTED_EDGE('',*,*,#2547,.F.);
#2547 = EDGE_CURVE('',#2548,#2539,#2550,.T.);
#2548 = VERTEX_POINT('',#2549);
#2549 = CARTESIAN_POINT('',(303.78365119029,-300.,4.327213162787));
#2550 = LINE('',#2551,#2552);
#2551 = CARTESIAN_POINT('',(303.78365119029,-300.,4.327213162787));
#2552 = VECTOR('',#2553,1.);
#2553 = DIRECTION('',(0.,1.,0.));
#2554 = ORIENTED_EDGE('',*,*,#2555,.F.);
#2555 = EDGE_CURVE('',#2516,#2548,#2556,.T.);
#2556 = CIRCLE('',#2557,1.5);
#2557 = AXIS2_PLACEMENT_3D('',#2558,#2559,#2560);
#2558 = CARTESIAN_POINT('',(304.52785959782,-300.,5.629577875973));
#2559 = DIRECTION('',(0.,-1.,0.));
#2560 = DIRECTION('',(-0.993197280005,-0.,-0.116443819035));
#2561 = CYLINDRICAL_SURFACE('',#2562,1.5);
#2562 = AXIS2_PLACEMENT_3D('',#2563,#2564,#2565);
#2563 = CARTESIAN_POINT('',(304.52785959782,-300.,5.629577875973));
#2564 = DIRECTION('',(0.,-1.,0.));
#2565 = DIRECTION('',(-0.993197280005,-0.,-0.116443819035));
#2566 = ADVANCED_FACE('',(#2567),#2592,.T.);
#2567 = FACE_BOUND('',#2568,.T.);
#2568 = EDGE_LOOP('',(#2569,#2570,#2578,#2586));
#2569 = ORIENTED_EDGE('',*,*,#2547,.T.);
#2570 = ORIENTED_EDGE('',*,*,#2571,.T.);
#2571 = EDGE_CURVE('',#2539,#2572,#2574,.T.);
#2572 = VERTEX_POINT('',#2573);
#2573 = CARTESIAN_POINT('',(310.07096992337,300.,0.734459601026));
#2574 = LINE('',#2575,#2576);
#2575 = CARTESIAN_POINT('',(303.78365119029,300.,4.327213162787));
#2576 = VECTOR('',#2577,1.);
#2577 = DIRECTION('',(0.868243142124,0.,-0.496138938357));
#2578 = ORIENTED_EDGE('',*,*,#2579,.F.);
#2579 = EDGE_CURVE('',#2580,#2572,#2582,.T.);
#2580 = VERTEX_POINT('',#2581);
#2581 = CARTESIAN_POINT('',(310.07096992337,-300.,0.734459601026));
#2582 = LINE('',#2583,#2584);
#2583 = CARTESIAN_POINT('',(310.07096992337,-300.,0.734459601026));
#2584 = VECTOR('',#2585,1.);
#2585 = DIRECTION('',(0.,1.,0.));
#2586 = ORIENTED_EDGE('',*,*,#2587,.F.);
#2587 = EDGE_CURVE('',#2548,#2580,#2588,.T.);
#2588 = LINE('',#2589,#2590);
#2589 = CARTESIAN_POINT('',(303.78365119029,-300.,4.327213162787));
#2590 = VECTOR('',#2591,1.);
#2591 = DIRECTION('',(0.868243142124,0.,-0.496138938357));
#2592 = PLANE('',#2593);
#2593 = AXIS2_PLACEMENT_3D('',#2594,#2595,#2596);
#2594 = CARTESIAN_POINT('',(303.78365119029,-300.,4.327213162787));
#2595 = DIRECTION('',(-0.496138938357,0.,-0.868243142124));
#2596 = DIRECTION('',(0.868243142124,0.,-0.496138938357));
#2597 = ADVANCED_FACE('',(#2598),#2625,.T.);
#2598 = FACE_BOUND('',#2599,.T.);
#2599 = EDGE_LOOP('',(#2600,#2601,#2610,#2618));
#2600 = ORIENTED_EDGE('',*,*,#2579,.T.);
#2601 = ORIENTED_EDGE('',*,*,#2602,.T.);
#2602 = EDGE_CURVE('',#2572,#2603,#2605,.T.);
#2603 = VERTEX_POINT('',#2604);
#2604 = CARTESIAN_POINT('',(310.76556443707,300.,0.55));
#2605 = CIRCLE('',#2606,1.4);
#2606 = AXIS2_PLACEMENT_3D('',#2607,#2608,#2609);
#2607 = CARTESIAN_POINT('',(310.76556443707,300.,1.95));
#2608 = DIRECTION('',(0.,-1.,0.));
#2609 = DIRECTION('',(-0.496138938357,-0.,-0.868243142124));
#2610 = ORIENTED_EDGE('',*,*,#2611,.F.);
#2611 = EDGE_CURVE('',#2612,#2603,#2614,.T.);
#2612 = VERTEX_POINT('',#2613);
#2613 = CARTESIAN_POINT('',(310.76556443707,-300.,0.55));
#2614 = LINE('',#2615,#2616);
#2615 = CARTESIAN_POINT('',(310.76556443707,-300.,0.55));
#2616 = VECTOR('',#2617,1.);
#2617 = DIRECTION('',(0.,1.,0.));
#2618 = ORIENTED_EDGE('',*,*,#2619,.F.);
#2619 = EDGE_CURVE('',#2580,#2612,#2620,.T.);
#2620 = CIRCLE('',#2621,1.4);
#2621 = AXIS2_PLACEMENT_3D('',#2622,#2623,#2624);
#2622 = CARTESIAN_POINT('',(310.76556443707,-300.,1.95));
#2623 = DIRECTION('',(0.,-1.,0.));
#2624 = DIRECTION('',(-0.496138938357,-0.,-0.868243142124));
#2625 = CYLINDRICAL_SURFACE('',#2626,1.4);
#2626 = AXIS2_PLACEMENT_3D('',#2627,#2628,#2629);
#2627 = CARTESIAN_POINT('',(310.76556443707,-300.,1.95));
#2628 = DIRECTION('',(0.,-1.,0.));
#2629 = DIRECTION('',(-0.496138938357,-0.,-0.868243142124));
#2630 = ADVANCED_FACE('',(#2631),#2656,.T.);
#2631 = FACE_BOUND('',#2632,.T.);
#2632 = EDGE_LOOP('',(#2633,#2634,#2642,#2650));
#2633 = ORIENTED_EDGE('',*,*,#2611,.T.);
#2634 = ORIENTED_EDGE('',*,*,#2635,.T.);
#2635 = EDGE_CURVE('',#2603,#2636,#2638,.T.);
#2636 = VERTEX_POINT('',#2637);
#2637 = CARTESIAN_POINT('',(326.4,300.,0.55));
#2638 = LINE('',#2639,#2640);
#2639 = CARTESIAN_POINT('',(310.76556443707,300.,0.55));
#2640 = VECTOR('',#2641,1.);
#2641 = DIRECTION('',(1.,0.,0.));
#2642 = ORIENTED_EDGE('',*,*,#2643,.F.);
#2643 = EDGE_CURVE('',#2644,#2636,#2646,.T.);
#2644 = VERTEX_POINT('',#2645);
#2645 = CARTESIAN_POINT('',(326.4,-300.,0.55));
#2646 = LINE('',#2647,#2648);
#2647 = CARTESIAN_POINT('',(326.4,-300.,0.55));
#2648 = VECTOR('',#2649,1.);
#2649 = DIRECTION('',(0.,1.,0.));
#2650 = ORIENTED_EDGE('',*,*,#2651,.F.);
#2651 = EDGE_CURVE('',#2612,#2644,#2652,.T.);
#2652 = LINE('',#2653,#2654);
#2653 = CARTESIAN_POINT('',(310.76556443707,-300.,0.55));
#2654 = VECTOR('',#2655,1.);
#2655 = DIRECTION('',(1.,0.,0.));
#2656 = PLANE('',#2657);
#2657 = AXIS2_PLACEMENT_3D('',#2658,#2659,#2660);
#2658 = CARTESIAN_POINT('',(310.76556443707,-300.,0.55));
#2659 = DIRECTION('',(0.,0.,-1.));
#2660 = DIRECTION('',(1.,0.,0.));
#2661 = ADVANCED_FACE('',(#2662),#2689,.T.);
#2662 = FACE_BOUND('',#2663,.T.);
#2663 = EDGE_LOOP('',(#2664,#2665,#2674,#2682));
#2664 = ORIENTED_EDGE('',*,*,#2643,.T.);
#2665 = ORIENTED_EDGE('',*,*,#2666,.T.);
#2666 = EDGE_CURVE('',#2636,#2667,#2669,.T.);
#2667 = VERTEX_POINT('',#2668);
#2668 = CARTESIAN_POINT('',(327.8,300.,1.95));
#2669 = CIRCLE('',#2670,1.4);
#2670 = AXIS2_PLACEMENT_3D('',#2671,#2672,#2673);
#2671 = CARTESIAN_POINT('',(326.4,300.,1.95));
#2672 = DIRECTION('',(0.,-1.,0.));
#2673 = DIRECTION('',(-2.537652627715E-15,-0.,-1.));
#2674 = ORIENTED_EDGE('',*,*,#2675,.F.);
#2675 = EDGE_CURVE('',#2676,#2667,#2678,.T.);
#2676 = VERTEX_POINT('',#2677);
#2677 = CARTESIAN_POINT('',(327.8,-300.,1.95));
#2678 = LINE('',#2679,#2680);
#2679 = CARTESIAN_POINT('',(327.8,-300.,1.95));
#2680 = VECTOR('',#2681,1.);
#2681 = DIRECTION('',(0.,1.,0.));
#2682 = ORIENTED_EDGE('',*,*,#2683,.F.);
#2683 = EDGE_CURVE('',#2644,#2676,#2684,.T.);
#2684 = CIRCLE('',#2685,1.4);
#2685 = AXIS2_PLACEMENT_3D('',#2686,#2687,#2688);
#2686 = CARTESIAN_POINT('',(326.4,-300.,1.95));
#2687 = DIRECTION('',(0.,-1.,0.));
#2688 = DIRECTION('',(-2.537652627715E-15,-0.,-1.));
#2689 = CYLINDRICAL_SURFACE('',#2690,1.4);
#2690 = AXIS2_PLACEMENT_3D('',#2691,#2692,#2693);
#2691 = CARTESIAN_POINT('',(326.4,-300.,1.95));
#2692 = DIRECTION('',(0.,-1.,0.));
#2693 = DIRECTION('',(-2.537652627715E-15,-0.,-1.));
#2694 = ADVANCED_FACE('',(#2695),#2720,.T.);
#2695 = FACE_BOUND('',#2696,.T.);
#2696 = EDGE_LOOP('',(#2697,#2698,#2706,#2714));
#2697 = ORIENTED_EDGE('',*,*,#2675,.T.);
#2698 = ORIENTED_EDGE('',*,*,#2699,.T.);
#2699 = EDGE_CURVE('',#2667,#2700,#2702,.T.);
#2700 = VERTEX_POINT('',#2701);
#2701 = CARTESIAN_POINT('',(327.8,300.,3.45));
#2702 = LINE('',#2703,#2704);
#2703 = CARTESIAN_POINT('',(327.8,300.,1.95));
#2704 = VECTOR('',#2705,1.);
#2705 = DIRECTION('',(0.,0.,1.));
#2706 = ORIENTED_EDGE('',*,*,#2707,.F.);
#2707 = EDGE_CURVE('',#2708,#2700,#2710,.T.);
#2708 = VERTEX_POINT('',#2709);
#2709 = CARTESIAN_POINT('',(327.8,-300.,3.45));
#2710 = LINE('',#2711,#2712);
#2711 = CARTESIAN_POINT('',(327.8,-300.,3.45));
#2712 = VECTOR('',#2713,1.);
#2713 = DIRECTION('',(0.,1.,0.));
#2714 = ORIENTED_EDGE('',*,*,#2715,.F.);
#2715 = EDGE_CURVE('',#2676,#2708,#2716,.T.);
#2716 = LINE('',#2717,#2718);
#2717 = CARTESIAN_POINT('',(327.8,-300.,1.95));
#2718 = VECTOR('',#2719,1.);
#2719 = DIRECTION('',(0.,0.,1.));
#2720 = PLANE('',#2721);
#2721 = AXIS2_PLACEMENT_3D('',#2722,#2723,#2724);
#2722 = CARTESIAN_POINT('',(327.8,-300.,1.95));
#2723 = DIRECTION('',(1.,0.,0.));
#2724 = DIRECTION('',(0.,0.,1.));
#2725 = ADVANCED_FACE('',(#2726),#2753,.F.);
#2726 = FACE_BOUND('',#2727,.T.);
#2727 = EDGE_LOOP('',(#2728,#2729,#2738,#2746));
#2728 = ORIENTED_EDGE('',*,*,#2707,.T.);
#2729 = ORIENTED_EDGE('',*,*,#2730,.T.);
#2730 = EDGE_CURVE('',#2700,#2731,#2733,.T.);
#2731 = VERTEX_POINT('',#2732);
#2732 = CARTESIAN_POINT('',(329.2,300.,3.45));
#2733 = CIRCLE('',#2734,0.7);
#2734 = AXIS2_PLACEMENT_3D('',#2735,#2736,#2737);
#2735 = CARTESIAN_POINT('',(328.5,300.,3.45));
#2736 = DIRECTION('',(0.,1.,-0.));
#2737 = DIRECTION('',(-1.,0.,2.537652627715E-15));
#2738 = ORIENTED_EDGE('',*,*,#2739,.F.);
#2739 = EDGE_CURVE('',#2740,#2731,#2742,.T.);
#2740 = VERTEX_POINT('',#2741);
#2741 = CARTESIAN_POINT('',(329.2,-300.,3.45));
#2742 = LINE('',#2743,#2744);
#2743 = CARTESIAN_POINT('',(329.2,-300.,3.45));
#2744 = VECTOR('',#2745,1.);
#2745 = DIRECTION('',(0.,1.,0.));
#2746 = ORIENTED_EDGE('',*,*,#2747,.F.);
#2747 = EDGE_CURVE('',#2708,#2740,#2748,.T.);
#2748 = CIRCLE('',#2749,0.7);
#2749 = AXIS2_PLACEMENT_3D('',#2750,#2751,#2752);
#2750 = CARTESIAN_POINT('',(328.5,-300.,3.45));
#2751 = DIRECTION('',(0.,1.,-0.));
#2752 = DIRECTION('',(-1.,0.,2.537652627715E-15));
#2753 = CYLINDRICAL_SURFACE('',#2754,0.7);
#2754 = AXIS2_PLACEMENT_3D('',#2755,#2756,#2757);
#2755 = CARTESIAN_POINT('',(328.5,-300.,3.45));
#2756 = DIRECTION('',(0.,-1.,0.));
#2757 = DIRECTION('',(-1.,0.,2.537652627715E-15));
#2758 = ADVANCED_FACE('',(#2759),#2784,.T.);
#2759 = FACE_BOUND('',#2760,.T.);
#2760 = EDGE_LOOP('',(#2761,#2762,#2770,#2778));
#2761 = ORIENTED_EDGE('',*,*,#2739,.T.);
#2762 = ORIENTED_EDGE('',*,*,#2763,.T.);
#2763 = EDGE_CURVE('',#2731,#2764,#2766,.T.);
#2764 = VERTEX_POINT('',#2765);
#2765 = CARTESIAN_POINT('',(329.2,300.,-1.55));
#2766 = LINE('',#2767,#2768);
#2767 = CARTESIAN_POINT('',(329.2,300.,3.45));
#2768 = VECTOR('',#2769,1.);
#2769 = DIRECTION('',(0.,0.,-1.));
#2770 = ORIENTED_EDGE('',*,*,#2771,.F.);
#2771 = EDGE_CURVE('',#2772,#2764,#2774,.T.);
#2772 = VERTEX_POINT('',#2773);
#2773 = CARTESIAN_POINT('',(329.2,-300.,-1.55));
#2774 = LINE('',#2775,#2776);
#2775 = CARTESIAN_POINT('',(329.2,-300.,-1.55));
#2776 = VECTOR('',#2777,1.);
#2777 = DIRECTION('',(0.,1.,0.));
#2778 = ORIENTED_EDGE('',*,*,#2779,.F.);
#2779 = EDGE_CURVE('',#2740,#2772,#2780,.T.);
#2780 = LINE('',#2781,#2782);
#2781 = CARTESIAN_POINT('',(329.2,-300.,3.45));
#2782 = VECTOR('',#2783,1.);
#2783 = DIRECTION('',(0.,0.,-1.));
#2784 = PLANE('',#2785);
#2785 = AXIS2_PLACEMENT_3D('',#2786,#2787,#2788);
#2786 = CARTESIAN_POINT('',(329.2,-300.,3.45));
#2787 = DIRECTION('',(-1.,0.,0.));
#2788 = DIRECTION('',(0.,0.,-1.));
#2789 = ADVANCED_FACE('',(#2790),#2817,.F.);
#2790 = FACE_BOUND('',#2791,.T.);
#2791 = EDGE_LOOP('',(#2792,#2793,#2802,#2810));
#2792 = ORIENTED_EDGE('',*,*,#2771,.T.);
#2793 = ORIENTED_EDGE('',*,*,#2794,.T.);
#2794 = EDGE_CURVE('',#2764,#2795,#2797,.T.);
#2795 = VERTEX_POINT('',#2796);
#2796 = CARTESIAN_POINT('',(328.,300.,-2.75));
#2797 = CIRCLE('',#2798,1.2);
#2798 = AXIS2_PLACEMENT_3D('',#2799,#2800,#2801);
#2799 = CARTESIAN_POINT('',(328.,300.,-1.55));
#2800 = DIRECTION('',(-0.,1.,0.));
#2801 = DIRECTION('',(1.,0.,2.590520390792E-15));
#2802 = ORIENTED_EDGE('',*,*,#2803,.F.);
#2803 = EDGE_CURVE('',#2804,#2795,#2806,.T.);
#2804 = VERTEX_POINT('',#2805);
#2805 = CARTESIAN_POINT('',(328.,-300.,-2.75));
#2806 = LINE('',#2807,#2808);
#2807 = CARTESIAN_POINT('',(328.,-300.,-2.75));
#2808 = VECTOR('',#2809,1.);
#2809 = DIRECTION('',(0.,1.,0.));
#2810 = ORIENTED_EDGE('',*,*,#2811,.F.);
#2811 = EDGE_CURVE('',#2772,#2804,#2812,.T.);
#2812 = CIRCLE('',#2813,1.2);
#2813 = AXIS2_PLACEMENT_3D('',#2814,#2815,#2816);
#2814 = CARTESIAN_POINT('',(328.,-300.,-1.55));
#2815 = DIRECTION('',(-0.,1.,0.));
#2816 = DIRECTION('',(1.,0.,2.590520390792E-15));
#2817 = CYLINDRICAL_SURFACE('',#2818,1.2);
#2818 = AXIS2_PLACEMENT_3D('',#2819,#2820,#2821);
#2819 = CARTESIAN_POINT('',(328.,-300.,-1.55));
#2820 = DIRECTION('',(-0.,-1.,-0.));
#2821 = DIRECTION('',(1.,0.,2.590520390792E-15));
#2822 = ADVANCED_FACE('',(#2823),#2848,.T.);
#2823 = FACE_BOUND('',#2824,.T.);
#2824 = EDGE_LOOP('',(#2825,#2826,#2834,#2842));
#2825 = ORIENTED_EDGE('',*,*,#2803,.T.);
#2826 = ORIENTED_EDGE('',*,*,#2827,.T.);
#2827 = EDGE_CURVE('',#2795,#2828,#2830,.T.);
#2828 = VERTEX_POINT('',#2829);
#2829 = CARTESIAN_POINT('',(301.25,300.,-2.75));
#2830 = LINE('',#2831,#2832);
#2831 = CARTESIAN_POINT('',(328.,300.,-2.75));
#2832 = VECTOR('',#2833,1.);
#2833 = DIRECTION('',(-1.,0.,0.));
#2834 = ORIENTED_EDGE('',*,*,#2835,.F.);
#2835 = EDGE_CURVE('',#2836,#2828,#2838,.T.);
#2836 = VERTEX_POINT('',#2837);
#2837 = CARTESIAN_POINT('',(301.25,-300.,-2.75));
#2838 = LINE('',#2839,#2840);
#2839 = CARTESIAN_POINT('',(301.25,-300.,-2.75));
#2840 = VECTOR('',#2841,1.);
#2841 = DIRECTION('',(0.,1.,0.));
#2842 = ORIENTED_EDGE('',*,*,#2843,.F.);
#2843 = EDGE_CURVE('',#2804,#2836,#2844,.T.);
#2844 = LINE('',#2845,#2846);
#2845 = CARTESIAN_POINT('',(328.,-300.,-2.75));
#2846 = VECTOR('',#2847,1.);
#2847 = DIRECTION('',(-1.,0.,0.));
#2848 = PLANE('',#2849);
#2849 = AXIS2_PLACEMENT_3D('',#2850,#2851,#2852);
#2850 = CARTESIAN_POINT('',(328.,-300.,-2.75));
#2851 = DIRECTION('',(0.,0.,1.));
#2852 = DIRECTION('',(-1.,0.,0.));
#2853 = ADVANCED_FACE('',(#2854),#2881,.F.);
#2854 = FACE_BOUND('',#2855,.T.);
#2855 = EDGE_LOOP('',(#2856,#2857,#2866,#2874));
#2856 = ORIENTED_EDGE('',*,*,#2835,.T.);
#2857 = ORIENTED_EDGE('',*,*,#2858,.T.);
#2858 = EDGE_CURVE('',#2828,#2859,#2861,.T.);
#2859 = VERTEX_POINT('',#2860);
#2860 = CARTESIAN_POINT('',(300.8,300.,-2.3));
#2861 = CIRCLE('',#2862,0.45);
#2862 = AXIS2_PLACEMENT_3D('',#2863,#2864,#2865);
#2863 = CARTESIAN_POINT('',(301.25,300.,-2.3));
#2864 = DIRECTION('',(0.,1.,0.));
#2865 = DIRECTION('',(0.,0.,-1.));
#2866 = ORIENTED_EDGE('',*,*,#2867,.F.);
#2867 = EDGE_CURVE('',#2868,#2859,#2870,.T.);
#2868 = VERTEX_POINT('',#2869);
#2869 = CARTESIAN_POINT('',(300.8,-300.,-2.3));
#2870 = LINE('',#2871,#2872);
#2871 = CARTESIAN_POINT('',(300.8,-300.,-2.3));
#2872 = VECTOR('',#2873,1.);
#2873 = DIRECTION('',(0.,1.,0.));
#2874 = ORIENTED_EDGE('',*,*,#2875,.F.);
#2875 = EDGE_CURVE('',#2836,#2868,#2876,.T.);
#2876 = CIRCLE('',#2877,0.45);
#2877 = AXIS2_PLACEMENT_3D('',#2878,#2879,#2880);
#2878 = CARTESIAN_POINT('',(301.25,-300.,-2.3));
#2879 = DIRECTION('',(0.,1.,0.));
#2880 = DIRECTION('',(0.,0.,-1.));
#2881 = CYLINDRICAL_SURFACE('',#2882,0.45);
#2882 = AXIS2_PLACEMENT_3D('',#2883,#2884,#2885);
#2883 = CARTESIAN_POINT('',(301.25,-300.,-2.3));
#2884 = DIRECTION('',(-0.,-1.,-0.));
#2885 = DIRECTION('',(0.,0.,-1.));
#2886 = ADVANCED_FACE('',(#2887),#2912,.T.);
#2887 = FACE_BOUND('',#2888,.T.);
#2888 = EDGE_LOOP('',(#2889,#2890,#2898,#2906));
#2889 = ORIENTED_EDGE('',*,*,#2867,.T.);
#2890 = ORIENTED_EDGE('',*,*,#2891,.T.);
#2891 = EDGE_CURVE('',#2859,#2892,#2894,.T.);
#2892 = VERTEX_POINT('',#2893);
#2893 = CARTESIAN_POINT('',(300.8,300.,8.881784197001E-16));
#2894 = LINE('',#2895,#2896);
#2895 = CARTESIAN_POINT('',(300.8,300.,-2.3));
#2896 = VECTOR('',#2897,1.);
#2897 = DIRECTION('',(0.,0.,1.));
#2898 = ORIENTED_EDGE('',*,*,#2899,.F.);
#2899 = EDGE_CURVE('',#2900,#2892,#2902,.T.);
#2900 = VERTEX_POINT('',#2901);
#2901 = CARTESIAN_POINT('',(300.8,-300.,8.881784197001E-16));
#2902 = LINE('',#2903,#2904);
#2903 = CARTESIAN_POINT('',(300.8,-300.,8.881784197001E-16));
#2904 = VECTOR('',#2905,1.);
#2905 = DIRECTION('',(0.,1.,0.));
#2906 = ORIENTED_EDGE('',*,*,#2907,.F.);
#2907 = EDGE_CURVE('',#2868,#2900,#2908,.T.);
#2908 = LINE('',#2909,#2910);
#2909 = CARTESIAN_POINT('',(300.8,-300.,-2.3));
#2910 = VECTOR('',#2911,1.);
#2911 = DIRECTION('',(0.,0.,1.));
#2912 = PLANE('',#2913);
#2913 = AXIS2_PLACEMENT_3D('',#2914,#2915,#2916);
#2914 = CARTESIAN_POINT('',(300.8,-300.,-2.3));
#2915 = DIRECTION('',(1.,0.,0.));
#2916 = DIRECTION('',(0.,0.,1.));
#2917 = ADVANCED_FACE('',(#2918),#2945,.F.);
#2918 = FACE_BOUND('',#2919,.T.);
#2919 = EDGE_LOOP('',(#2920,#2921,#2930,#2938));
#2920 = ORIENTED_EDGE('',*,*,#2899,.T.);
#2921 = ORIENTED_EDGE('',*,*,#2922,.T.);
#2922 = EDGE_CURVE('',#2892,#2923,#2925,.T.);
#2923 = VERTEX_POINT('',#2924);
#2924 = CARTESIAN_POINT('',(301.25,300.,0.45));
#2925 = CIRCLE('',#2926,0.45);
#2926 = AXIS2_PLACEMENT_3D('',#2927,#2928,#2929);
#2927 = CARTESIAN_POINT('',(301.25,300.,8.881784197001E-16));
#2928 = DIRECTION('',(0.,1.,0.));
#2929 = DIRECTION('',(-1.,0.,-9.868649107779E-16));
#2930 = ORIENTED_EDGE('',*,*,#2931,.F.);
#2931 = EDGE_CURVE('',#2932,#2923,#2934,.T.);
#2932 = VERTEX_POINT('',#2933);
#2933 = CARTESIAN_POINT('',(301.25,-300.,0.45));
#2934 = LINE('',#2935,#2936);
#2935 = CARTESIAN_POINT('',(301.25,-300.,0.45));
#2936 = VECTOR('',#2937,1.);
#2937 = DIRECTION('',(0.,1.,0.));
#2938 = ORIENTED_EDGE('',*,*,#2939,.F.);
#2939 = EDGE_CURVE('',#2900,#2932,#2940,.T.);
#2940 = CIRCLE('',#2941,0.45);
#2941 = AXIS2_PLACEMENT_3D('',#2942,#2943,#2944);
#2942 = CARTESIAN_POINT('',(301.25,-300.,8.881784197001E-16));
#2943 = DIRECTION('',(0.,1.,0.));
#2944 = DIRECTION('',(-1.,0.,-9.868649107779E-16));
#2945 = CYLINDRICAL_SURFACE('',#2946,0.45);
#2946 = AXIS2_PLACEMENT_3D('',#2947,#2948,#2949);
#2947 = CARTESIAN_POINT('',(301.25,-300.,8.881784197001E-16));
#2948 = DIRECTION('',(-0.,-1.,-0.));
#2949 = DIRECTION('',(-1.,0.,-9.868649107779E-16));
#2950 = ADVANCED_FACE('',(#2951),#2976,.T.);
#2951 = FACE_BOUND('',#2952,.T.);
#2952 = EDGE_LOOP('',(#2953,#2954,#2962,#2970));
#2953 = ORIENTED_EDGE('',*,*,#2931,.T.);
#2954 = ORIENTED_EDGE('',*,*,#2955,.T.);
#2955 = EDGE_CURVE('',#2923,#2956,#2958,.T.);
#2956 = VERTEX_POINT('',#2957);
#2957 = CARTESIAN_POINT('',(303.65,300.,0.45));
#2958 = LINE('',#2959,#2960);
#2959 = CARTESIAN_POINT('',(301.25,300.,0.45));
#2960 = VECTOR('',#2961,1.);
#2961 = DIRECTION('',(1.,0.,0.));
#2962 = ORIENTED_EDGE('',*,*,#2963,.F.);
#2963 = EDGE_CURVE('',#2964,#2956,#2966,.T.);
#2964 = VERTEX_POINT('',#2965);
#2965 = CARTESIAN_POINT('',(303.65,-300.,0.45));
#2966 = LINE('',#2967,#2968);
#2967 = CARTESIAN_POINT('',(303.65,-300.,0.45));
#2968 = VECTOR('',#2969,1.);
#2969 = DIRECTION('',(0.,1.,0.));
#2970 = ORIENTED_EDGE('',*,*,#2971,.F.);
#2971 = EDGE_CURVE('',#2932,#2964,#2972,.T.);
#2972 = LINE('',#2973,#2974);
#2973 = CARTESIAN_POINT('',(301.25,-300.,0.45));
#2974 = VECTOR('',#2975,1.);
#2975 = DIRECTION('',(1.,0.,0.));
#2976 = PLANE('',#2977);
#2977 = AXIS2_PLACEMENT_3D('',#2978,#2979,#2980);
#2978 = CARTESIAN_POINT('',(301.25,-300.,0.45));
#2979 = DIRECTION('',(0.,0.,-1.));
#2980 = DIRECTION('',(1.,0.,0.));
#2981 = ADVANCED_FACE('',(#2982),#3009,.T.);
#2982 = FACE_BOUND('',#2983,.T.);
#2983 = EDGE_LOOP('',(#2984,#2985,#2994,#3002));
#2984 = ORIENTED_EDGE('',*,*,#2963,.T.);
#2985 = ORIENTED_EDGE('',*,*,#2986,.T.);
#2986 = EDGE_CURVE('',#2956,#2987,#2989,.T.);
#2987 = VERTEX_POINT('',#2988);
#2988 = CARTESIAN_POINT('',(304.9,300.,1.7));
#2989 = CIRCLE('',#2990,1.25);
#2990 = AXIS2_PLACEMENT_3D('',#2991,#2992,#2993);
#2991 = CARTESIAN_POINT('',(303.65,300.,1.7));
#2992 = DIRECTION('',(0.,-1.,0.));
#2993 = DIRECTION('',(-1.06581410364E-15,-0.,-1.));
#2994 = ORIENTED_EDGE('',*,*,#2995,.F.);
#2995 = EDGE_CURVE('',#2996,#2987,#2998,.T.);
#2996 = VERTEX_POINT('',#2997);
#2997 = CARTESIAN_POINT('',(304.9,-300.,1.7));
#2998 = LINE('',#2999,#3000);
#2999 = CARTESIAN_POINT('',(304.9,-300.,1.7));
#3000 = VECTOR('',#3001,1.);
#3001 = DIRECTION('',(0.,1.,0.));
#3002 = ORIENTED_EDGE('',*,*,#3003,.F.);
#3003 = EDGE_CURVE('',#2964,#2996,#3004,.T.);
#3004 = CIRCLE('',#3005,1.25);
#3005 = AXIS2_PLACEMENT_3D('',#3006,#3007,#3008);
#3006 = CARTESIAN_POINT('',(303.65,-300.,1.7));
#3007 = DIRECTION('',(0.,-1.,0.));
#3008 = DIRECTION('',(-1.06581410364E-15,-0.,-1.));
#3009 = CYLINDRICAL_SURFACE('',#3010,1.25);
#3010 = AXIS2_PLACEMENT_3D('',#3011,#3012,#3013);
#3011 = CARTESIAN_POINT('',(303.65,-300.,1.7));
#3012 = DIRECTION('',(0.,-1.,0.));
#3013 = DIRECTION('',(-1.06581410364E-15,-0.,-1.));
#3014 = ADVANCED_FACE('',(#3015),#3040,.T.);
#3015 = FACE_BOUND('',#3016,.T.);
#3016 = EDGE_LOOP('',(#3017,#3018,#3026,#3034));
#3017 = ORIENTED_EDGE('',*,*,#2995,.T.);
#3018 = ORIENTED_EDGE('',*,*,#3019,.T.);
#3019 = EDGE_CURVE('',#2987,#3020,#3022,.T.);
#3020 = VERTEX_POINT('',#3021);
#3021 = CARTESIAN_POINT('',(304.9,300.,2.));
#3022 = LINE('',#3023,#3024);
#3023 = CARTESIAN_POINT('',(304.9,300.,1.7));
#3024 = VECTOR('',#3025,1.);
#3025 = DIRECTION('',(0.,0.,1.));
#3026 = ORIENTED_EDGE('',*,*,#3027,.F.);
#3027 = EDGE_CURVE('',#3028,#3020,#3030,.T.);
#3028 = VERTEX_POINT('',#3029);
#3029 = CARTESIAN_POINT('',(304.9,-300.,2.));
#3030 = LINE('',#3031,#3032);
#3031 = CARTESIAN_POINT('',(304.9,-300.,2.));
#3032 = VECTOR('',#3033,1.);
#3033 = DIRECTION('',(0.,1.,0.));
#3034 = ORIENTED_EDGE('',*,*,#3035,.F.);
#3035 = EDGE_CURVE('',#2996,#3028,#3036,.T.);
#3036 = LINE('',#3037,#3038);
#3037 = CARTESIAN_POINT('',(304.9,-300.,1.7));
#3038 = VECTOR('',#3039,1.);
#3039 = DIRECTION('',(0.,0.,1.));
#3040 = PLANE('',#3041);
#3041 = AXIS2_PLACEMENT_3D('',#3042,#3043,#3044);
#3042 = CARTESIAN_POINT('',(304.9,-300.,1.7));
#3043 = DIRECTION('',(1.,0.,0.));
#3044 = DIRECTION('',(0.,0.,1.));
#3045 = ADVANCED_FACE('',(#3046),#3073,.T.);
#3046 = FACE_BOUND('',#3047,.T.);
#3047 = EDGE_LOOP('',(#3048,#3049,#3058,#3066));
#3048 = ORIENTED_EDGE('',*,*,#3027,.T.);
#3049 = ORIENTED_EDGE('',*,*,#3050,.T.);
#3050 = EDGE_CURVE('',#3020,#3051,#3053,.T.);
#3051 = VERTEX_POINT('',#3052);
#3052 = CARTESIAN_POINT('',(303.65,300.,3.25));
#3053 = CIRCLE('',#3054,1.25);
#3054 = AXIS2_PLACEMENT_3D('',#3055,#3056,#3057);
#3055 = CARTESIAN_POINT('',(303.65,300.,2.));
#3056 = DIRECTION('',(0.,-1.,0.));
#3057 = DIRECTION('',(1.,0.,0.));
#3058 = ORIENTED_EDGE('',*,*,#3059,.F.);
#3059 = EDGE_CURVE('',#3060,#3051,#3062,.T.);
#3060 = VERTEX_POINT('',#3061);
#3061 = CARTESIAN_POINT('',(303.65,-300.,3.25));
#3062 = LINE('',#3063,#3064);
#3063 = CARTESIAN_POINT('',(303.65,-300.,3.25));
#3064 = VECTOR('',#3065,1.);
#3065 = DIRECTION('',(0.,1.,0.));
#3066 = ORIENTED_EDGE('',*,*,#3067,.F.);
#3067 = EDGE_CURVE('',#3028,#3060,#3068,.T.);
#3068 = CIRCLE('',#3069,1.25);
#3069 = AXIS2_PLACEMENT_3D('',#3070,#3071,#3072);
#3070 = CARTESIAN_POINT('',(303.65,-300.,2.));
#3071 = DIRECTION('',(0.,-1.,0.));
#3072 = DIRECTION('',(1.,0.,0.));
#3073 = CYLINDRICAL_SURFACE('',#3074,1.25);
#3074 = AXIS2_PLACEMENT_3D('',#3075,#3076,#3077);
#3075 = CARTESIAN_POINT('',(303.65,-300.,2.));
#3076 = DIRECTION('',(0.,-1.,0.));
#3077 = DIRECTION('',(1.,0.,0.));
#3078 = ADVANCED_FACE('',(#3079),#3104,.T.);
#3079 = FACE_BOUND('',#3080,.T.);
#3080 = EDGE_LOOP('',(#3081,#3082,#3090,#3098));
#3081 = ORIENTED_EDGE('',*,*,#3059,.T.);
#3082 = ORIENTED_EDGE('',*,*,#3083,.T.);
#3083 = EDGE_CURVE('',#3051,#3084,#3086,.T.);
#3084 = VERTEX_POINT('',#3085);
#3085 = CARTESIAN_POINT('',(301.25,300.,3.25));
#3086 = LINE('',#3087,#3088);
#3087 = CARTESIAN_POINT('',(303.65,300.,3.25));
#3088 = VECTOR('',#3089,1.);
#3089 = DIRECTION('',(-1.,0.,0.));
#3090 = ORIENTED_EDGE('',*,*,#3091,.F.);
#3091 = EDGE_CURVE('',#3092,#3084,#3094,.T.);
#3092 = VERTEX_POINT('',#3093);
#3093 = CARTESIAN_POINT('',(301.25,-300.,3.25));
#3094 = LINE('',#3095,#3096);
#3095 = CARTESIAN_POINT('',(301.25,-300.,3.25));
#3096 = VECTOR('',#3097,1.);
#3097 = DIRECTION('',(0.,1.,0.));
#3098 = ORIENTED_EDGE('',*,*,#3099,.F.);
#3099 = EDGE_CURVE('',#3060,#3092,#3100,.T.);
#3100 = LINE('',#3101,#3102);
#3101 = CARTESIAN_POINT('',(303.65,-300.,3.25));
#3102 = VECTOR('',#3103,1.);
#3103 = DIRECTION('',(-1.,0.,0.));
#3104 = PLANE('',#3105);
#3105 = AXIS2_PLACEMENT_3D('',#3106,#3107,#3108);
#3106 = CARTESIAN_POINT('',(303.65,-300.,3.25));
#3107 = DIRECTION('',(0.,0.,1.));
#3108 = DIRECTION('',(-1.,0.,0.));
#3109 = ADVANCED_FACE('',(#3110),#3137,.F.);
#3110 = FACE_BOUND('',#3111,.T.);
#3111 = EDGE_LOOP('',(#3112,#3113,#3122,#3130));
#3112 = ORIENTED_EDGE('',*,*,#3091,.T.);
#3113 = ORIENTED_EDGE('',*,*,#3114,.T.);
#3114 = EDGE_CURVE('',#3084,#3115,#3117,.T.);
#3115 = VERTEX_POINT('',#3116);
#3116 = CARTESIAN_POINT('',(300.8,300.,3.7));
#3117 = CIRCLE('',#3118,0.45);
#3118 = AXIS2_PLACEMENT_3D('',#3119,#3120,#3121);
#3119 = CARTESIAN_POINT('',(301.25,300.,3.7));
#3120 = DIRECTION('',(0.,1.,0.));
#3121 = DIRECTION('',(9.868649107779E-16,0.,-1.));
#3122 = ORIENTED_EDGE('',*,*,#3123,.F.);
#3123 = EDGE_CURVE('',#3124,#3115,#3126,.T.);
#3124 = VERTEX_POINT('',#3125);
#3125 = CARTESIAN_POINT('',(300.8,-300.,3.7));
#3126 = LINE('',#3127,#3128);
#3127 = CARTESIAN_POINT('',(300.8,-300.,3.7));
#3128 = VECTOR('',#3129,1.);
#3129 = DIRECTION('',(0.,1.,0.));
#3130 = ORIENTED_EDGE('',*,*,#3131,.F.);
#3131 = EDGE_CURVE('',#3092,#3124,#3132,.T.);
#3132 = CIRCLE('',#3133,0.45);
#3133 = AXIS2_PLACEMENT_3D('',#3134,#3135,#3136);
#3134 = CARTESIAN_POINT('',(301.25,-300.,3.7));
#3135 = DIRECTION('',(0.,1.,0.));
#3136 = DIRECTION('',(9.868649107779E-16,0.,-1.));
#3137 = CYLINDRICAL_SURFACE('',#3138,0.45);
#3138 = AXIS2_PLACEMENT_3D('',#3139,#3140,#3141);
#3139 = CARTESIAN_POINT('',(301.25,-300.,3.7));
#3140 = DIRECTION('',(-0.,-1.,-0.));
#3141 = DIRECTION('',(9.868649107779E-16,0.,-1.));
#3142 = ADVANCED_FACE('',(#3143),#3168,.T.);
#3143 = FACE_BOUND('',#3144,.T.);
#3144 = EDGE_LOOP('',(#3145,#3146,#3154,#3162));
#3145 = ORIENTED_EDGE('',*,*,#3123,.T.);
#3146 = ORIENTED_EDGE('',*,*,#3147,.T.);
#3147 = EDGE_CURVE('',#3115,#3148,#3150,.T.);
#3148 = VERTEX_POINT('',#3149);
#3149 = CARTESIAN_POINT('',(300.8,300.,23.45));
#3150 = LINE('',#3151,#3152);
#3151 = CARTESIAN_POINT('',(300.8,300.,3.7));
#3152 = VECTOR('',#3153,1.);
#3153 = DIRECTION('',(0.,0.,1.));
#3154 = ORIENTED_EDGE('',*,*,#3155,.F.);
#3155 = EDGE_CURVE('',#3156,#3148,#3158,.T.);
#3156 = VERTEX_POINT('',#3157);
#3157 = CARTESIAN_POINT('',(300.8,-300.,23.45));
#3158 = LINE('',#3159,#3160);
#3159 = CARTESIAN_POINT('',(300.8,-300.,23.45));
#3160 = VECTOR('',#3161,1.);
#3161 = DIRECTION('',(0.,1.,0.));
#3162 = ORIENTED_EDGE('',*,*,#3163,.F.);
#3163 = EDGE_CURVE('',#3124,#3156,#3164,.T.);
#3164 = LINE('',#3165,#3166);
#3165 = CARTESIAN_POINT('',(300.8,-300.,3.7));
#3166 = VECTOR('',#3167,1.);
#3167 = DIRECTION('',(0.,0.,1.));
#3168 = PLANE('',#3169);
#3169 = AXIS2_PLACEMENT_3D('',#3170,#3171,#3172);
#3170 = CARTESIAN_POINT('',(300.8,-300.,3.7));
#3171 = DIRECTION('',(1.,0.,0.));
#3172 = DIRECTION('',(0.,0.,1.));
#3173 = ADVANCED_FACE('',(#3174),#3190,.T.);
#3174 = FACE_BOUND('',#3175,.T.);
#3175 = EDGE_LOOP('',(#3176,#3177,#3183,#3184));
#3176 = ORIENTED_EDGE('',*,*,#3155,.T.);
#3177 = ORIENTED_EDGE('',*,*,#3178,.T.);
#3178 = EDGE_CURVE('',#3148,#1670,#3179,.T.);
#3179 = LINE('',#3180,#3181);
#3180 = CARTESIAN_POINT('',(300.8,300.,23.45));
#3181 = VECTOR('',#3182,1.);
#3182 = DIRECTION('',(-1.,0.,0.));
#3183 = ORIENTED_EDGE('',*,*,#1667,.F.);
#3184 = ORIENTED_EDGE('',*,*,#3185,.F.);
#3185 = EDGE_CURVE('',#3156,#1668,#3186,.T.);
#3186 = LINE('',#3187,#3188);
#3187 = CARTESIAN_POINT('',(300.8,-300.,23.45));
#3188 = VECTOR('',#3189,1.);
#3189 = DIRECTION('',(-1.,0.,0.));
#3190 = PLANE('',#3191);
#3191 = AXIS2_PLACEMENT_3D('',#3192,#3193,#3194);
#3192 = CARTESIAN_POINT('',(300.8,-300.,23.45));
#3193 = DIRECTION('',(0.,0.,1.));
#3194 = DIRECTION('',(-1.,0.,0.));
#3195 = ADVANCED_FACE('',(#3196),#3246,.T.);
#3196 = FACE_BOUND('',#3197,.T.);
#3197 = EDGE_LOOP('',(#3198,#3199,#3200,#3201,#3202,#3203,#3204,#3205,
    #3206,#3207,#3208,#3209,#3210,#3211,#3212,#3213,#3214,#3215,#3216,
    #3217,#3218,#3219,#3220,#3221,#3222,#3223,#3224,#3225,#3226,#3227,
    #3228,#3229,#3230,#3231,#3232,#3233,#3234,#3235,#3236,#3237,#3238,
    #3239,#3240,#3241,#3242,#3243,#3244,#3245));
#3198 = ORIENTED_EDGE('',*,*,#1693,.T.);
#3199 = ORIENTED_EDGE('',*,*,#1725,.T.);
#3200 = ORIENTED_EDGE('',*,*,#1757,.T.);
#3201 = ORIENTED_EDGE('',*,*,#1789,.T.);
#3202 = ORIENTED_EDGE('',*,*,#1821,.T.);
#3203 = ORIENTED_EDGE('',*,*,#1853,.T.);
#3204 = ORIENTED_EDGE('',*,*,#1885,.T.);
#3205 = ORIENTED_EDGE('',*,*,#1917,.T.);
#3206 = ORIENTED_EDGE('',*,*,#1949,.T.);
#3207 = ORIENTED_EDGE('',*,*,#1981,.T.);
#3208 = ORIENTED_EDGE('',*,*,#2013,.T.);
#3209 = ORIENTED_EDGE('',*,*,#2045,.T.);
#3210 = ORIENTED_EDGE('',*,*,#2077,.T.);
#3211 = ORIENTED_EDGE('',*,*,#2109,.T.);
#3212 = ORIENTED_EDGE('',*,*,#2141,.T.);
#3213 = ORIENTED_EDGE('',*,*,#2173,.T.);
#3214 = ORIENTED_EDGE('',*,*,#2205,.T.);
#3215 = ORIENTED_EDGE('',*,*,#2237,.T.);
#3216 = ORIENTED_EDGE('',*,*,#2269,.T.);
#3217 = ORIENTED_EDGE('',*,*,#2301,.T.);
#3218 = ORIENTED_EDGE('',*,*,#2333,.T.);
#3219 = ORIENTED_EDGE('',*,*,#2365,.T.);
#3220 = ORIENTED_EDGE('',*,*,#2397,.T.);
#3221 = ORIENTED_EDGE('',*,*,#2428,.T.);
#3222 = ORIENTED_EDGE('',*,*,#2459,.T.);
#3223 = ORIENTED_EDGE('',*,*,#2491,.T.);
#3224 = ORIENTED_EDGE('',*,*,#2523,.T.);
#3225 = ORIENTED_EDGE('',*,*,#2555,.T.);
#3226 = ORIENTED_EDGE('',*,*,#2587,.T.);
#3227 = ORIENTED_EDGE('',*,*,#2619,.T.);
#3228 = ORIENTED_EDGE('',*,*,#2651,.T.);
#3229 = ORIENTED_EDGE('',*,*,#2683,.T.);
#3230 = ORIENTED_EDGE('',*,*,#2715,.T.);
#3231 = ORIENTED_EDGE('',*,*,#2747,.T.);
#3232 = ORIENTED_EDGE('',*,*,#2779,.T.);
#3233 = ORIENTED_EDGE('',*,*,#2811,.T.);
#3234 = ORIENTED_EDGE('',*,*,#2843,.T.);
#3235 = ORIENTED_EDGE('',*,*,#2875,.T.);
#3236 = ORIENTED_EDGE('',*,*,#2907,.T.);
#3237 = ORIENTED_EDGE('',*,*,#2939,.T.);
#3238 = ORIENTED_EDGE('',*,*,#2971,.T.);
#3239 = ORIENTED_EDGE('',*,*,#3003,.T.);
#3240 = ORIENTED_EDGE('',*,*,#3035,.T.);
#3241 = ORIENTED_EDGE('',*,*,#3067,.T.);
#3242 = ORIENTED_EDGE('',*,*,#3099,.T.);
#3243 = ORIENTED_EDGE('',*,*,#3131,.T.);
#3244 = ORIENTED_EDGE('',*,*,#3163,.T.);
#3245 = ORIENTED_EDGE('',*,*,#3185,.T.);
#3246 = PLANE('',#3247);
#3247 = AXIS2_PLACEMENT_3D('',#3248,#3249,#3250);
#3248 = CARTESIAN_POINT('',(310.50390734792,-300.,4.326785227791));
#3249 = DIRECTION('',(-0.,-1.,-0.));
#3250 = DIRECTION('',(-1.,0.,0.));
#3251 = ADVANCED_FACE('',(#3252),#3302,.F.);
#3252 = FACE_BOUND('',#3253,.F.);
#3253 = EDGE_LOOP('',(#3254,#3255,#3256,#3257,#3258,#3259,#3260,#3261,
    #3262,#3263,#3264,#3265,#3266,#3267,#3268,#3269,#3270,#3271,#3272,
    #3273,#3274,#3275,#3276,#3277,#3278,#3279,#3280,#3281,#3282,#3283,
    #3284,#3285,#3286,#3287,#3288,#3289,#3290,#3291,#3292,#3293,#3294,
    #3295,#3296,#3297,#3298,#3299,#3300,#3301));
#3254 = ORIENTED_EDGE('',*,*,#1677,.T.);
#3255 = ORIENTED_EDGE('',*,*,#1708,.T.);
#3256 = ORIENTED_EDGE('',*,*,#1741,.T.);
#3257 = ORIENTED_EDGE('',*,*,#1772,.T.);
#3258 = ORIENTED_EDGE('',*,*,#1805,.T.);
#3259 = ORIENTED_EDGE('',*,*,#1836,.T.);
#3260 = ORIENTED_EDGE('',*,*,#1869,.T.);
#3261 = ORIENTED_EDGE('',*,*,#1900,.T.);
#3262 = ORIENTED_EDGE('',*,*,#1933,.T.);
#3263 = ORIENTED_EDGE('',*,*,#1964,.T.);
#3264 = ORIENTED_EDGE('',*,*,#1997,.T.);
#3265 = ORIENTED_EDGE('',*,*,#2028,.T.);
#3266 = ORIENTED_EDGE('',*,*,#2061,.T.);
#3267 = ORIENTED_EDGE('',*,*,#2092,.T.);
#3268 = ORIENTED_EDGE('',*,*,#2125,.T.);
#3269 = ORIENTED_EDGE('',*,*,#2156,.T.);
#3270 = ORIENTED_EDGE('',*,*,#2189,.T.);
#3271 = ORIENTED_EDGE('',*,*,#2220,.T.);
#3272 = ORIENTED_EDGE('',*,*,#2253,.T.);
#3273 = ORIENTED_EDGE('',*,*,#2284,.T.);
#3274 = ORIENTED_EDGE('',*,*,#2317,.T.);
#3275 = ORIENTED_EDGE('',*,*,#2348,.T.);
#3276 = ORIENTED_EDGE('',*,*,#2381,.T.);
#3277 = ORIENTED_EDGE('',*,*,#2412,.T.);
#3278 = ORIENTED_EDGE('',*,*,#2443,.T.);
#3279 = ORIENTED_EDGE('',*,*,#2474,.T.);
#3280 = ORIENTED_EDGE('',*,*,#2507,.T.);
#3281 = ORIENTED_EDGE('',*,*,#2538,.T.);
#3282 = ORIENTED_EDGE('',*,*,#2571,.T.);
#3283 = ORIENTED_EDGE('',*,*,#2602,.T.);
#3284 = ORIENTED_EDGE('',*,*,#2635,.T.);
#3285 = ORIENTED_EDGE('',*,*,#2666,.T.);
#3286 = ORIENTED_EDGE('',*,*,#2699,.T.);
#3287 = ORIENTED_EDGE('',*,*,#2730,.T.);
#3288 = ORIENTED_EDGE('',*,*,#2763,.T.);
#3289 = ORIENTED_EDGE('',*,*,#2794,.T.);
#3290 = ORIENTED_EDGE('',*,*,#2827,.T.);
#3291 = ORIENTED_EDGE('',*,*,#2858,.T.);
#3292 = ORIENTED_EDGE('',*,*,#2891,.T.);
#3293 = ORIENTED_EDGE('',*,*,#2922,.T.);
#3294 = ORIENTED_EDGE('',*,*,#2955,.T.);
#3295 = ORIENTED_EDGE('',*,*,#2986,.T.);
#3296 = ORIENTED_EDGE('',*,*,#3019,.T.);
#3297 = ORIENTED_EDGE('',*,*,#3050,.T.);
#3298 = ORIENTED_EDGE('',*,*,#3083,.T.);
#3299 = ORIENTED_EDGE('',*,*,#3114,.T.);
#3300 = ORIENTED_EDGE('',*,*,#3147,.T.);
#3301 = ORIENTED_EDGE('',*,*,#3178,.T.);
#3302 = PLANE('',#3303);
#3303 = AXIS2_PLACEMENT_3D('',#3304,#3305,#3306);
#3304 = CARTESIAN_POINT('',(310.50390734792,300.,4.326785227791));
#3305 = DIRECTION('',(-0.,-1.,-0.));
#3306 = DIRECTION('',(-1.,0.,0.));
#3307 = MANIFOLD_SOLID_BREP('',#3308);
#3308 = CLOSED_SHELL('',(#3309,#3349,#3382,#3413,#3446,#3477,#3510,#3541
    ,#3574,#3605,#3638,#3669,#3702,#3733,#3766,#3797,#3830,#3861,#3894,
    #3925,#3958,#3989,#4022,#4053,#4084,#4115,#4148,#4179,#4212,#4243,
    #4276,#4307,#4340,#4371,#4404,#4435,#4468,#4499,#4532,#4563,#4596,
    #4627,#4660,#4691,#4724,#4755,#4788,#4819,#4841,#4897));
#3309 = ADVANCED_FACE('',(#3310),#3344,.T.);
#3310 = FACE_BOUND('',#3311,.T.);
#3311 = EDGE_LOOP('',(#3312,#3322,#3330,#3338));
#3312 = ORIENTED_EDGE('',*,*,#3313,.T.);
#3313 = EDGE_CURVE('',#3314,#3316,#3318,.T.);
#3314 = VERTEX_POINT('',#3315);
#3315 = CARTESIAN_POINT('',(300.,300.,23.45));
#3316 = VERTEX_POINT('',#3317);
#3317 = CARTESIAN_POINT('',(-300.,300.,23.45));
#3318 = LINE('',#3319,#3320);
#3319 = CARTESIAN_POINT('',(300.,300.,23.45));
#3320 = VECTOR('',#3321,1.);
#3321 = DIRECTION('',(-1.,0.,0.));
#3322 = ORIENTED_EDGE('',*,*,#3323,.T.);
#3323 = EDGE_CURVE('',#3316,#3324,#3326,.T.);
#3324 = VERTEX_POINT('',#3325);
#3325 = CARTESIAN_POINT('',(-300.,300.,3.7));
#3326 = LINE('',#3327,#3328);
#3327 = CARTESIAN_POINT('',(-300.,300.,23.45));
#3328 = VECTOR('',#3329,1.);
#3329 = DIRECTION('',(0.,-2.22044604925E-16,-1.));
#3330 = ORIENTED_EDGE('',*,*,#3331,.F.);
#3331 = EDGE_CURVE('',#3332,#3324,#3334,.T.);
#3332 = VERTEX_POINT('',#3333);
#3333 = CARTESIAN_POINT('',(300.,300.,3.7));
#3334 = LINE('',#3335,#3336);
#3335 = CARTESIAN_POINT('',(300.,300.,3.7));
#3336 = VECTOR('',#3337,1.);
#3337 = DIRECTION('',(-1.,0.,0.));
#3338 = ORIENTED_EDGE('',*,*,#3339,.F.);
#3339 = EDGE_CURVE('',#3314,#3332,#3340,.T.);
#3340 = LINE('',#3341,#3342);
#3341 = CARTESIAN_POINT('',(300.,300.,23.45));
#3342 = VECTOR('',#3343,1.);
#3343 = DIRECTION('',(0.,-2.22044604925E-16,-1.));
#3344 = PLANE('',#3345);
#3345 = AXIS2_PLACEMENT_3D('',#3346,#3347,#3348);
#3346 = CARTESIAN_POINT('',(300.,300.,23.45));
#3347 = DIRECTION('',(0.,-1.,2.22044604925E-16));
#3348 = DIRECTION('',(0.,-2.22044604925E-16,-1.));
#3349 = ADVANCED_FACE('',(#3350),#3377,.T.);
#3350 = FACE_BOUND('',#3351,.T.);
#3351 = EDGE_LOOP('',(#3352,#3353,#3362,#3370));
#3352 = ORIENTED_EDGE('',*,*,#3331,.T.);
#3353 = ORIENTED_EDGE('',*,*,#3354,.T.);
#3354 = EDGE_CURVE('',#3324,#3355,#3357,.T.);
#3355 = VERTEX_POINT('',#3356);
#3356 = CARTESIAN_POINT('',(-300.,301.25,2.45));
#3357 = CIRCLE('',#3358,1.25);
#3358 = AXIS2_PLACEMENT_3D('',#3359,#3360,#3361);
#3359 = CARTESIAN_POINT('',(-300.,301.25,3.7));
#3360 = DIRECTION('',(1.,0.,0.));
#3361 = DIRECTION('',(0.,-1.,2.22044604925E-16));
#3362 = ORIENTED_EDGE('',*,*,#3363,.F.);
#3363 = EDGE_CURVE('',#3364,#3355,#3366,.T.);
#3364 = VERTEX_POINT('',#3365);
#3365 = CARTESIAN_POINT('',(300.,301.25,2.45));
#3366 = LINE('',#3367,#3368);
#3367 = CARTESIAN_POINT('',(300.,301.25,2.45));
#3368 = VECTOR('',#3369,1.);
#3369 = DIRECTION('',(-1.,0.,0.));
#3370 = ORIENTED_EDGE('',*,*,#3371,.F.);
#3371 = EDGE_CURVE('',#3332,#3364,#3372,.T.);
#3372 = CIRCLE('',#3373,1.25);
#3373 = AXIS2_PLACEMENT_3D('',#3374,#3375,#3376);
#3374 = CARTESIAN_POINT('',(300.,301.25,3.7));
#3375 = DIRECTION('',(1.,0.,0.));
#3376 = DIRECTION('',(0.,-1.,2.22044604925E-16));
#3377 = CYLINDRICAL_SURFACE('',#3378,1.25);
#3378 = AXIS2_PLACEMENT_3D('',#3379,#3380,#3381);
#3379 = CARTESIAN_POINT('',(300.,301.25,3.7));
#3380 = DIRECTION('',(1.,0.,0.));
#3381 = DIRECTION('',(0.,-1.,2.22044604925E-16));
#3382 = ADVANCED_FACE('',(#3383),#3408,.T.);
#3383 = FACE_BOUND('',#3384,.T.);
#3384 = EDGE_LOOP('',(#3385,#3386,#3394,#3402));
#3385 = ORIENTED_EDGE('',*,*,#3363,.T.);
#3386 = ORIENTED_EDGE('',*,*,#3387,.T.);
#3387 = EDGE_CURVE('',#3355,#3388,#3390,.T.);
#3388 = VERTEX_POINT('',#3389);
#3389 = CARTESIAN_POINT('',(-300.,303.65,2.45));
#3390 = LINE('',#3391,#3392);
#3391 = CARTESIAN_POINT('',(-300.,301.25,2.45));
#3392 = VECTOR('',#3393,1.);
#3393 = DIRECTION('',(0.,1.,-2.22044604925E-16));
#3394 = ORIENTED_EDGE('',*,*,#3395,.F.);
#3395 = EDGE_CURVE('',#3396,#3388,#3398,.T.);
#3396 = VERTEX_POINT('',#3397);
#3397 = CARTESIAN_POINT('',(300.,303.65,2.45));
#3398 = LINE('',#3399,#3400);
#3399 = CARTESIAN_POINT('',(300.,303.65,2.45));
#3400 = VECTOR('',#3401,1.);
#3401 = DIRECTION('',(-1.,0.,0.));
#3402 = ORIENTED_EDGE('',*,*,#3403,.F.);
#3403 = EDGE_CURVE('',#3364,#3396,#3404,.T.);
#3404 = LINE('',#3405,#3406);
#3405 = CARTESIAN_POINT('',(300.,301.25,2.45));
#3406 = VECTOR('',#3407,1.);
#3407 = DIRECTION('',(0.,1.,-2.22044604925E-16));
#3408 = PLANE('',#3409);
#3409 = AXIS2_PLACEMENT_3D('',#3410,#3411,#3412);
#3410 = CARTESIAN_POINT('',(300.,301.25,2.45));
#3411 = DIRECTION('',(0.,-2.22044604925E-16,-1.));
#3412 = DIRECTION('',(0.,1.,-2.22044604925E-16));
#3413 = ADVANCED_FACE('',(#3414),#3441,.F.);
#3414 = FACE_BOUND('',#3415,.T.);
#3415 = EDGE_LOOP('',(#3416,#3417,#3426,#3434));
#3416 = ORIENTED_EDGE('',*,*,#3395,.T.);
#3417 = ORIENTED_EDGE('',*,*,#3418,.T.);
#3418 = EDGE_CURVE('',#3388,#3419,#3421,.T.);
#3419 = VERTEX_POINT('',#3420);
#3420 = CARTESIAN_POINT('',(-300.,304.1,2.));
#3421 = CIRCLE('',#3422,0.45);
#3422 = AXIS2_PLACEMENT_3D('',#3423,#3424,#3425);
#3423 = CARTESIAN_POINT('',(-300.,303.65,2.));
#3424 = DIRECTION('',(-1.,0.,0.));
#3425 = DIRECTION('',(0.,1.208909515703E-15,1.));
#3426 = ORIENTED_EDGE('',*,*,#3427,.F.);
#3427 = EDGE_CURVE('',#3428,#3419,#3430,.T.);
#3428 = VERTEX_POINT('',#3429);
#3429 = CARTESIAN_POINT('',(300.,304.1,2.));
#3430 = LINE('',#3431,#3432);
#3431 = CARTESIAN_POINT('',(300.,304.1,2.));
#3432 = VECTOR('',#3433,1.);
#3433 = DIRECTION('',(-1.,0.,0.));
#3434 = ORIENTED_EDGE('',*,*,#3435,.F.);
#3435 = EDGE_CURVE('',#3396,#3428,#3436,.T.);
#3436 = CIRCLE('',#3437,0.45);
#3437 = AXIS2_PLACEMENT_3D('',#3438,#3439,#3440);
#3438 = CARTESIAN_POINT('',(300.,303.65,2.));
#3439 = DIRECTION('',(-1.,0.,0.));
#3440 = DIRECTION('',(0.,1.208909515703E-15,1.));
#3441 = CYLINDRICAL_SURFACE('',#3442,0.45);
#3442 = AXIS2_PLACEMENT_3D('',#3443,#3444,#3445);
#3443 = CARTESIAN_POINT('',(300.,303.65,2.));
#3444 = DIRECTION('',(1.,-0.,0.));
#3445 = DIRECTION('',(0.,1.208909515703E-15,1.));
#3446 = ADVANCED_FACE('',(#3447),#3472,.T.);
#3447 = FACE_BOUND('',#3448,.T.);
#3448 = EDGE_LOOP('',(#3449,#3450,#3458,#3466));
#3449 = ORIENTED_EDGE('',*,*,#3427,.T.);
#3450 = ORIENTED_EDGE('',*,*,#3451,.T.);
#3451 = EDGE_CURVE('',#3419,#3452,#3454,.T.);
#3452 = VERTEX_POINT('',#3453);
#3453 = CARTESIAN_POINT('',(-300.,304.1,1.7));
#3454 = LINE('',#3455,#3456);
#3455 = CARTESIAN_POINT('',(-300.,304.1,2.));
#3456 = VECTOR('',#3457,1.);
#3457 = DIRECTION('',(0.,-2.22044604925E-16,-1.));
#3458 = ORIENTED_EDGE('',*,*,#3459,.F.);
#3459 = EDGE_CURVE('',#3460,#3452,#3462,.T.);
#3460 = VERTEX_POINT('',#3461);
#3461 = CARTESIAN_POINT('',(300.,304.1,1.7));
#3462 = LINE('',#3463,#3464);
#3463 = CARTESIAN_POINT('',(300.,304.1,1.7));
#3464 = VECTOR('',#3465,1.);
#3465 = DIRECTION('',(-1.,0.,0.));
#3466 = ORIENTED_EDGE('',*,*,#3467,.F.);
#3467 = EDGE_CURVE('',#3428,#3460,#3468,.T.);
#3468 = LINE('',#3469,#3470);
#3469 = CARTESIAN_POINT('',(300.,304.1,2.));
#3470 = VECTOR('',#3471,1.);
#3471 = DIRECTION('',(0.,-2.22044604925E-16,-1.));
#3472 = PLANE('',#3473);
#3473 = AXIS2_PLACEMENT_3D('',#3474,#3475,#3476);
#3474 = CARTESIAN_POINT('',(300.,304.1,2.));
#3475 = DIRECTION('',(0.,-1.,2.22044604925E-16));
#3476 = DIRECTION('',(0.,-2.22044604925E-16,-1.));
#3477 = ADVANCED_FACE('',(#3478),#3505,.F.);
#3478 = FACE_BOUND('',#3479,.T.);
#3479 = EDGE_LOOP('',(#3480,#3481,#3490,#3498));
#3480 = ORIENTED_EDGE('',*,*,#3459,.T.);
#3481 = ORIENTED_EDGE('',*,*,#3482,.T.);
#3482 = EDGE_CURVE('',#3452,#3483,#3485,.T.);
#3483 = VERTEX_POINT('',#3484);
#3484 = CARTESIAN_POINT('',(-300.,303.65,1.25));
#3485 = CIRCLE('',#3486,0.45);
#3486 = AXIS2_PLACEMENT_3D('',#3487,#3488,#3489);
#3487 = CARTESIAN_POINT('',(-300.,303.65,1.7));
#3488 = DIRECTION('',(-1.,0.,0.));
#3489 = DIRECTION('',(0.,1.,1.751685216631E-15));
#3490 = ORIENTED_EDGE('',*,*,#3491,.F.);
#3491 = EDGE_CURVE('',#3492,#3483,#3494,.T.);
#3492 = VERTEX_POINT('',#3493);
#3493 = CARTESIAN_POINT('',(300.,303.65,1.25));
#3494 = LINE('',#3495,#3496);
#3495 = CARTESIAN_POINT('',(300.,303.65,1.25));
#3496 = VECTOR('',#3497,1.);
#3497 = DIRECTION('',(-1.,0.,0.));
#3498 = ORIENTED_EDGE('',*,*,#3499,.F.);
#3499 = EDGE_CURVE('',#3460,#3492,#3500,.T.);
#3500 = CIRCLE('',#3501,0.45);
#3501 = AXIS2_PLACEMENT_3D('',#3502,#3503,#3504);
#3502 = CARTESIAN_POINT('',(300.,303.65,1.7));
#3503 = DIRECTION('',(-1.,0.,0.));
#3504 = DIRECTION('',(0.,1.,1.751685216631E-15));
#3505 = CYLINDRICAL_SURFACE('',#3506,0.45);
#3506 = AXIS2_PLACEMENT_3D('',#3507,#3508,#3509);
#3507 = CARTESIAN_POINT('',(300.,303.65,1.7));
#3508 = DIRECTION('',(1.,-0.,0.));
#3509 = DIRECTION('',(0.,1.,1.751685216631E-15));
#3510 = ADVANCED_FACE('',(#3511),#3536,.T.);
#3511 = FACE_BOUND('',#3512,.T.);
#3512 = EDGE_LOOP('',(#3513,#3514,#3522,#3530));
#3513 = ORIENTED_EDGE('',*,*,#3491,.T.);
#3514 = ORIENTED_EDGE('',*,*,#3515,.T.);
#3515 = EDGE_CURVE('',#3483,#3516,#3518,.T.);
#3516 = VERTEX_POINT('',#3517);
#3517 = CARTESIAN_POINT('',(-300.,301.25,1.25));
#3518 = LINE('',#3519,#3520);
#3519 = CARTESIAN_POINT('',(-300.,303.65,1.25));
#3520 = VECTOR('',#3521,1.);
#3521 = DIRECTION('',(0.,-1.,2.22044604925E-16));
#3522 = ORIENTED_EDGE('',*,*,#3523,.F.);
#3523 = EDGE_CURVE('',#3524,#3516,#3526,.T.);
#3524 = VERTEX_POINT('',#3525);
#3525 = CARTESIAN_POINT('',(300.,301.25,1.25));
#3526 = LINE('',#3527,#3528);
#3527 = CARTESIAN_POINT('',(300.,301.25,1.25));
#3528 = VECTOR('',#3529,1.);
#3529 = DIRECTION('',(-1.,0.,0.));
#3530 = ORIENTED_EDGE('',*,*,#3531,.F.);
#3531 = EDGE_CURVE('',#3492,#3524,#3532,.T.);
#3532 = LINE('',#3533,#3534);
#3533 = CARTESIAN_POINT('',(300.,303.65,1.25));
#3534 = VECTOR('',#3535,1.);
#3535 = DIRECTION('',(0.,-1.,2.22044604925E-16));
#3536 = PLANE('',#3537);
#3537 = AXIS2_PLACEMENT_3D('',#3538,#3539,#3540);
#3538 = CARTESIAN_POINT('',(300.,303.65,1.25));
#3539 = DIRECTION('',(0.,2.22044604925E-16,1.));
#3540 = DIRECTION('',(0.,-1.,2.22044604925E-16));
#3541 = ADVANCED_FACE('',(#3542),#3569,.T.);
#3542 = FACE_BOUND('',#3543,.T.);
#3543 = EDGE_LOOP('',(#3544,#3545,#3554,#3562));
#3544 = ORIENTED_EDGE('',*,*,#3523,.T.);
#3545 = ORIENTED_EDGE('',*,*,#3546,.T.);
#3546 = EDGE_CURVE('',#3516,#3547,#3549,.T.);
#3547 = VERTEX_POINT('',#3548);
#3548 = CARTESIAN_POINT('',(-300.,300.,8.881784197001E-16));
#3549 = CIRCLE('',#3550,1.25);
#3550 = AXIS2_PLACEMENT_3D('',#3551,#3552,#3553);
#3551 = CARTESIAN_POINT('',(-300.,301.25,1.33226762955E-15));
#3552 = DIRECTION('',(1.,0.,-0.));
#3553 = DIRECTION('',(0.,7.549516567451E-16,1.));
#3554 = ORIENTED_EDGE('',*,*,#3555,.F.);
#3555 = EDGE_CURVE('',#3556,#3547,#3558,.T.);
#3556 = VERTEX_POINT('',#3557);
#3557 = CARTESIAN_POINT('',(300.,300.,8.881784197001E-16));
#3558 = LINE('',#3559,#3560);
#3559 = CARTESIAN_POINT('',(300.,300.,8.881784197001E-16));
#3560 = VECTOR('',#3561,1.);
#3561 = DIRECTION('',(-1.,0.,0.));
#3562 = ORIENTED_EDGE('',*,*,#3563,.F.);
#3563 = EDGE_CURVE('',#3524,#3556,#3564,.T.);
#3564 = CIRCLE('',#3565,1.25);
#3565 = AXIS2_PLACEMENT_3D('',#3566,#3567,#3568);
#3566 = CARTESIAN_POINT('',(300.,301.25,1.33226762955E-15));
#3567 = DIRECTION('',(1.,0.,-0.));
#3568 = DIRECTION('',(0.,7.549516567451E-16,1.));
#3569 = CYLINDRICAL_SURFACE('',#3570,1.25);
#3570 = AXIS2_PLACEMENT_3D('',#3571,#3572,#3573);
#3571 = CARTESIAN_POINT('',(300.,301.25,1.33226762955E-15));
#3572 = DIRECTION('',(1.,0.,0.));
#3573 = DIRECTION('',(0.,7.549516567451E-16,1.));
#3574 = ADVANCED_FACE('',(#3575),#3600,.T.);
#3575 = FACE_BOUND('',#3576,.T.);
#3576 = EDGE_LOOP('',(#3577,#3578,#3586,#3594));
#3577 = ORIENTED_EDGE('',*,*,#3555,.T.);
#3578 = ORIENTED_EDGE('',*,*,#3579,.T.);
#3579 = EDGE_CURVE('',#3547,#3580,#3582,.T.);
#3580 = VERTEX_POINT('',#3581);
#3581 = CARTESIAN_POINT('',(-300.,300.,-2.3));
#3582 = LINE('',#3583,#3584);
#3583 = CARTESIAN_POINT('',(-300.,300.,8.881784197001E-16));
#3584 = VECTOR('',#3585,1.);
#3585 = DIRECTION('',(0.,-2.22044604925E-16,-1.));
#3586 = ORIENTED_EDGE('',*,*,#3587,.F.);
#3587 = EDGE_CURVE('',#3588,#3580,#3590,.T.);
#3588 = VERTEX_POINT('',#3589);
#3589 = CARTESIAN_POINT('',(300.,300.,-2.3));
#3590 = LINE('',#3591,#3592);
#3591 = CARTESIAN_POINT('',(300.,300.,-2.3));
#3592 = VECTOR('',#3593,1.);
#3593 = DIRECTION('',(-1.,0.,0.));
#3594 = ORIENTED_EDGE('',*,*,#3595,.F.);
#3595 = EDGE_CURVE('',#3556,#3588,#3596,.T.);
#3596 = LINE('',#3597,#3598);
#3597 = CARTESIAN_POINT('',(300.,300.,8.881784197001E-16));
#3598 = VECTOR('',#3599,1.);
#3599 = DIRECTION('',(0.,-2.22044604925E-16,-1.));
#3600 = PLANE('',#3601);
#3601 = AXIS2_PLACEMENT_3D('',#3602,#3603,#3604);
#3602 = CARTESIAN_POINT('',(300.,300.,8.881784197001E-16));
#3603 = DIRECTION('',(0.,-1.,2.22044604925E-16));
#3604 = DIRECTION('',(0.,-2.22044604925E-16,-1.));
#3605 = ADVANCED_FACE('',(#3606),#3633,.T.);
#3606 = FACE_BOUND('',#3607,.T.);
#3607 = EDGE_LOOP('',(#3608,#3609,#3618,#3626));
#3608 = ORIENTED_EDGE('',*,*,#3587,.T.);
#3609 = ORIENTED_EDGE('',*,*,#3610,.T.);
#3610 = EDGE_CURVE('',#3580,#3611,#3613,.T.);
#3611 = VERTEX_POINT('',#3612);
#3612 = CARTESIAN_POINT('',(-300.,301.25,-3.55));
#3613 = CIRCLE('',#3614,1.25);
#3614 = AXIS2_PLACEMENT_3D('',#3615,#3616,#3617);
#3615 = CARTESIAN_POINT('',(-300.,301.25,-2.3));
#3616 = DIRECTION('',(1.,0.,0.));
#3617 = DIRECTION('',(0.,-1.,2.22044604925E-16));
#3618 = ORIENTED_EDGE('',*,*,#3619,.F.);
#3619 = EDGE_CURVE('',#3620,#3611,#3622,.T.);
#3620 = VERTEX_POINT('',#3621);
#3621 = CARTESIAN_POINT('',(300.,301.25,-3.55));
#3622 = LINE('',#3623,#3624);
#3623 = CARTESIAN_POINT('',(300.,301.25,-3.55));
#3624 = VECTOR('',#3625,1.);
#3625 = DIRECTION('',(-1.,0.,0.));
#3626 = ORIENTED_EDGE('',*,*,#3627,.F.);
#3627 = EDGE_CURVE('',#3588,#3620,#3628,.T.);
#3628 = CIRCLE('',#3629,1.25);
#3629 = AXIS2_PLACEMENT_3D('',#3630,#3631,#3632);
#3630 = CARTESIAN_POINT('',(300.,301.25,-2.3));
#3631 = DIRECTION('',(1.,0.,0.));
#3632 = DIRECTION('',(0.,-1.,2.22044604925E-16));
#3633 = CYLINDRICAL_SURFACE('',#3634,1.25);
#3634 = AXIS2_PLACEMENT_3D('',#3635,#3636,#3637);
#3635 = CARTESIAN_POINT('',(300.,301.25,-2.3));
#3636 = DIRECTION('',(1.,0.,0.));
#3637 = DIRECTION('',(0.,-1.,2.22044604925E-16));
#3638 = ADVANCED_FACE('',(#3639),#3664,.T.);
#3639 = FACE_BOUND('',#3640,.T.);
#3640 = EDGE_LOOP('',(#3641,#3642,#3650,#3658));
#3641 = ORIENTED_EDGE('',*,*,#3619,.T.);
#3642 = ORIENTED_EDGE('',*,*,#3643,.T.);
#3643 = EDGE_CURVE('',#3611,#3644,#3646,.T.);
#3644 = VERTEX_POINT('',#3645);
#3645 = CARTESIAN_POINT('',(-300.,328.,-3.55));
#3646 = LINE('',#3647,#3648);
#3647 = CARTESIAN_POINT('',(-300.,301.25,-3.55));
#3648 = VECTOR('',#3649,1.);
#3649 = DIRECTION('',(0.,1.,-2.22044604925E-16));
#3650 = ORIENTED_EDGE('',*,*,#3651,.F.);
#3651 = EDGE_CURVE('',#3652,#3644,#3654,.T.);
#3652 = VERTEX_POINT('',#3653);
#3653 = CARTESIAN_POINT('',(300.,328.,-3.55));
#3654 = LINE('',#3655,#3656);
#3655 = CARTESIAN_POINT('',(300.,328.,-3.55));
#3656 = VECTOR('',#3657,1.);
#3657 = DIRECTION('',(-1.,0.,0.));
#3658 = ORIENTED_EDGE('',*,*,#3659,.F.);
#3659 = EDGE_CURVE('',#3620,#3652,#3660,.T.);
#3660 = LINE('',#3661,#3662);
#3661 = CARTESIAN_POINT('',(300.,301.25,-3.55));
#3662 = VECTOR('',#3663,1.);
#3663 = DIRECTION('',(0.,1.,-2.22044604925E-16));
#3664 = PLANE('',#3665);
#3665 = AXIS2_PLACEMENT_3D('',#3666,#3667,#3668);
#3666 = CARTESIAN_POINT('',(300.,301.25,-3.55));
#3667 = DIRECTION('',(0.,-2.22044604925E-16,-1.));
#3668 = DIRECTION('',(0.,1.,-2.22044604925E-16));
#3669 = ADVANCED_FACE('',(#3670),#3697,.T.);
#3670 = FACE_BOUND('',#3671,.T.);
#3671 = EDGE_LOOP('',(#3672,#3673,#3682,#3690));
#3672 = ORIENTED_EDGE('',*,*,#3651,.T.);
#3673 = ORIENTED_EDGE('',*,*,#3674,.T.);
#3674 = EDGE_CURVE('',#3644,#3675,#3677,.T.);
#3675 = VERTEX_POINT('',#3676);
#3676 = CARTESIAN_POINT('',(-300.,330.,-1.55));
#3677 = CIRCLE('',#3678,2.);
#3678 = AXIS2_PLACEMENT_3D('',#3679,#3680,#3681);
#3679 = CARTESIAN_POINT('',(-300.,328.,-1.55));
#3680 = DIRECTION('',(1.,0.,0.));
#3681 = DIRECTION('',(0.,-2.22044604925E-16,-1.));
#3682 = ORIENTED_EDGE('',*,*,#3683,.F.);
#3683 = EDGE_CURVE('',#3684,#3675,#3686,.T.);
#3684 = VERTEX_POINT('',#3685);
#3685 = CARTESIAN_POINT('',(300.,330.,-1.55));
#3686 = LINE('',#3687,#3688);
#3687 = CARTESIAN_POINT('',(300.,330.,-1.55));
#3688 = VECTOR('',#3689,1.);
#3689 = DIRECTION('',(-1.,0.,0.));
#3690 = ORIENTED_EDGE('',*,*,#3691,.F.);
#3691 = EDGE_CURVE('',#3652,#3684,#3692,.T.);
#3692 = CIRCLE('',#3693,2.);
#3693 = AXIS2_PLACEMENT_3D('',#3694,#3695,#3696);
#3694 = CARTESIAN_POINT('',(300.,328.,-1.55));
#3695 = DIRECTION('',(1.,0.,0.));
#3696 = DIRECTION('',(0.,-2.22044604925E-16,-1.));
#3697 = CYLINDRICAL_SURFACE('',#3698,2.);
#3698 = AXIS2_PLACEMENT_3D('',#3699,#3700,#3701);
#3699 = CARTESIAN_POINT('',(300.,328.,-1.55));
#3700 = DIRECTION('',(1.,0.,0.));
#3701 = DIRECTION('',(0.,-2.22044604925E-16,-1.));
#3702 = ADVANCED_FACE('',(#3703),#3728,.T.);
#3703 = FACE_BOUND('',#3704,.T.);
#3704 = EDGE_LOOP('',(#3705,#3706,#3714,#3722));
#3705 = ORIENTED_EDGE('',*,*,#3683,.T.);
#3706 = ORIENTED_EDGE('',*,*,#3707,.T.);
#3707 = EDGE_CURVE('',#3675,#3708,#3710,.T.);
#3708 = VERTEX_POINT('',#3709);
#3709 = CARTESIAN_POINT('',(-300.,330.,3.45));
#3710 = LINE('',#3711,#3712);
#3711 = CARTESIAN_POINT('',(-300.,330.,-1.55));
#3712 = VECTOR('',#3713,1.);
#3713 = DIRECTION('',(0.,2.22044604925E-16,1.));
#3714 = ORIENTED_EDGE('',*,*,#3715,.F.);
#3715 = EDGE_CURVE('',#3716,#3708,#3718,.T.);
#3716 = VERTEX_POINT('',#3717);
#3717 = CARTESIAN_POINT('',(300.,330.,3.45));
#3718 = LINE('',#3719,#3720);
#3719 = CARTESIAN_POINT('',(300.,330.,3.45));
#3720 = VECTOR('',#3721,1.);
#3721 = DIRECTION('',(-1.,0.,0.));
#3722 = ORIENTED_EDGE('',*,*,#3723,.F.);
#3723 = EDGE_CURVE('',#3684,#3716,#3724,.T.);
#3724 = LINE('',#3725,#3726);
#3725 = CARTESIAN_POINT('',(300.,330.,-1.55));
#3726 = VECTOR('',#3727,1.);
#3727 = DIRECTION('',(0.,2.22044604925E-16,1.));
#3728 = PLANE('',#3729);
#3729 = AXIS2_PLACEMENT_3D('',#3730,#3731,#3732);
#3730 = CARTESIAN_POINT('',(300.,330.,-1.55));
#3731 = DIRECTION('',(0.,1.,-2.22044604925E-16));
#3732 = DIRECTION('',(0.,2.22044604925E-16,1.));
#3733 = ADVANCED_FACE('',(#3734),#3761,.T.);
#3734 = FACE_BOUND('',#3735,.T.);
#3735 = EDGE_LOOP('',(#3736,#3737,#3746,#3754));
#3736 = ORIENTED_EDGE('',*,*,#3715,.T.);
#3737 = ORIENTED_EDGE('',*,*,#3738,.T.);
#3738 = EDGE_CURVE('',#3708,#3739,#3741,.T.);
#3739 = VERTEX_POINT('',#3740);
#3740 = CARTESIAN_POINT('',(-300.,327.,3.45));
#3741 = CIRCLE('',#3742,1.5);
#3742 = AXIS2_PLACEMENT_3D('',#3743,#3744,#3745);
#3743 = CARTESIAN_POINT('',(-300.,328.5,3.45));
#3744 = DIRECTION('',(1.,-0.,0.));
#3745 = DIRECTION('',(0.,1.,-2.22044604925E-16));
#3746 = ORIENTED_EDGE('',*,*,#3747,.F.);
#3747 = EDGE_CURVE('',#3748,#3739,#3750,.T.);
#3748 = VERTEX_POINT('',#3749);
#3749 = CARTESIAN_POINT('',(300.,327.,3.45));
#3750 = LINE('',#3751,#3752);
#3751 = CARTESIAN_POINT('',(300.,327.,3.45));
#3752 = VECTOR('',#3753,1.);
#3753 = DIRECTION('',(-1.,0.,0.));
#3754 = ORIENTED_EDGE('',*,*,#3755,.F.);
#3755 = EDGE_CURVE('',#3716,#3748,#3756,.T.);
#3756 = CIRCLE('',#3757,1.5);
#3757 = AXIS2_PLACEMENT_3D('',#3758,#3759,#3760);
#3758 = CARTESIAN_POINT('',(300.,328.5,3.45));
#3759 = DIRECTION('',(1.,-0.,0.));
#3760 = DIRECTION('',(0.,1.,-2.22044604925E-16));
#3761 = CYLINDRICAL_SURFACE('',#3762,1.5);
#3762 = AXIS2_PLACEMENT_3D('',#3763,#3764,#3765);
#3763 = CARTESIAN_POINT('',(300.,328.5,3.45));
#3764 = DIRECTION('',(1.,0.,0.));
#3765 = DIRECTION('',(0.,1.,-2.22044604925E-16));
#3766 = ADVANCED_FACE('',(#3767),#3792,.T.);
#3767 = FACE_BOUND('',#3768,.T.);
#3768 = EDGE_LOOP('',(#3769,#3770,#3778,#3786));
#3769 = ORIENTED_EDGE('',*,*,#3747,.T.);
#3770 = ORIENTED_EDGE('',*,*,#3771,.T.);
#3771 = EDGE_CURVE('',#3739,#3772,#3774,.T.);
#3772 = VERTEX_POINT('',#3773);
#3773 = CARTESIAN_POINT('',(-300.,327.,1.95));
#3774 = LINE('',#3775,#3776);
#3775 = CARTESIAN_POINT('',(-300.,327.,3.45));
#3776 = VECTOR('',#3777,1.);
#3777 = DIRECTION('',(0.,-2.22044604925E-16,-1.));
#3778 = ORIENTED_EDGE('',*,*,#3779,.F.);
#3779 = EDGE_CURVE('',#3780,#3772,#3782,.T.);
#3780 = VERTEX_POINT('',#3781);
#3781 = CARTESIAN_POINT('',(300.,327.,1.95));
#3782 = LINE('',#3783,#3784);
#3783 = CARTESIAN_POINT('',(300.,327.,1.95));
#3784 = VECTOR('',#3785,1.);
#3785 = DIRECTION('',(-1.,0.,0.));
#3786 = ORIENTED_EDGE('',*,*,#3787,.F.);
#3787 = EDGE_CURVE('',#3748,#3780,#3788,.T.);
#3788 = LINE('',#3789,#3790);
#3789 = CARTESIAN_POINT('',(300.,327.,3.45));
#3790 = VECTOR('',#3791,1.);
#3791 = DIRECTION('',(0.,-2.22044604925E-16,-1.));
#3792 = PLANE('',#3793);
#3793 = AXIS2_PLACEMENT_3D('',#3794,#3795,#3796);
#3794 = CARTESIAN_POINT('',(300.,327.,3.45));
#3795 = DIRECTION('',(0.,-1.,2.22044604925E-16));
#3796 = DIRECTION('',(0.,-2.22044604925E-16,-1.));
#3797 = ADVANCED_FACE('',(#3798),#3825,.F.);
#3798 = FACE_BOUND('',#3799,.T.);
#3799 = EDGE_LOOP('',(#3800,#3801,#3810,#3818));
#3800 = ORIENTED_EDGE('',*,*,#3779,.T.);
#3801 = ORIENTED_EDGE('',*,*,#3802,.T.);
#3802 = EDGE_CURVE('',#3772,#3803,#3805,.T.);
#3803 = VERTEX_POINT('',#3804);
#3804 = CARTESIAN_POINT('',(-300.,326.4,1.35));
#3805 = CIRCLE('',#3806,0.6);
#3806 = AXIS2_PLACEMENT_3D('',#3807,#3808,#3809);
#3807 = CARTESIAN_POINT('',(-300.,326.4,1.95));
#3808 = DIRECTION('',(-1.,0.,0.));
#3809 = DIRECTION('',(0.,1.,-7.623531435759E-15));
#3810 = ORIENTED_EDGE('',*,*,#3811,.F.);
#3811 = EDGE_CURVE('',#3812,#3803,#3814,.T.);
#3812 = VERTEX_POINT('',#3813);
#3813 = CARTESIAN_POINT('',(300.,326.4,1.35));
#3814 = LINE('',#3815,#3816);
#3815 = CARTESIAN_POINT('',(300.,326.4,1.35));
#3816 = VECTOR('',#3817,1.);
#3817 = DIRECTION('',(-1.,0.,0.));
#3818 = ORIENTED_EDGE('',*,*,#3819,.F.);
#3819 = EDGE_CURVE('',#3780,#3812,#3820,.T.);
#3820 = CIRCLE('',#3821,0.6);
#3821 = AXIS2_PLACEMENT_3D('',#3822,#3823,#3824);
#3822 = CARTESIAN_POINT('',(300.,326.4,1.95));
#3823 = DIRECTION('',(-1.,0.,0.));
#3824 = DIRECTION('',(0.,1.,-7.623531435759E-15));
#3825 = CYLINDRICAL_SURFACE('',#3826,0.6);
#3826 = AXIS2_PLACEMENT_3D('',#3827,#3828,#3829);
#3827 = CARTESIAN_POINT('',(300.,326.4,1.95));
#3828 = DIRECTION('',(1.,-0.,0.));
#3829 = DIRECTION('',(0.,1.,-7.623531435759E-15));
#3830 = ADVANCED_FACE('',(#3831),#3856,.T.);
#3831 = FACE_BOUND('',#3832,.T.);
#3832 = EDGE_LOOP('',(#3833,#3834,#3842,#3850));
#3833 = ORIENTED_EDGE('',*,*,#3811,.T.);
#3834 = ORIENTED_EDGE('',*,*,#3835,.T.);
#3835 = EDGE_CURVE('',#3803,#3836,#3838,.T.);
#3836 = VERTEX_POINT('',#3837);
#3837 = CARTESIAN_POINT('',(-300.,310.76556443707,1.35));
#3838 = LINE('',#3839,#3840);
#3839 = CARTESIAN_POINT('',(-300.,326.4,1.35));
#3840 = VECTOR('',#3841,1.);
#3841 = DIRECTION('',(0.,-1.,2.22044604925E-16));
#3842 = ORIENTED_EDGE('',*,*,#3843,.F.);
#3843 = EDGE_CURVE('',#3844,#3836,#3846,.T.);
#3844 = VERTEX_POINT('',#3845);
#3845 = CARTESIAN_POINT('',(300.,310.76556443707,1.35));
#3846 = LINE('',#3847,#3848);
#3847 = CARTESIAN_POINT('',(300.,310.76556443707,1.35));
#3848 = VECTOR('',#3849,1.);
#3849 = DIRECTION('',(-1.,0.,0.));
#3850 = ORIENTED_EDGE('',*,*,#3851,.F.);
#3851 = EDGE_CURVE('',#3812,#3844,#3852,.T.);
#3852 = LINE('',#3853,#3854);
#3853 = CARTESIAN_POINT('',(300.,326.4,1.35));
#3854 = VECTOR('',#3855,1.);
#3855 = DIRECTION('',(0.,-1.,2.22044604925E-16));
#3856 = PLANE('',#3857);
#3857 = AXIS2_PLACEMENT_3D('',#3858,#3859,#3860);
#3858 = CARTESIAN_POINT('',(300.,326.4,1.35));
#3859 = DIRECTION('',(0.,2.22044604925E-16,1.));
#3860 = DIRECTION('',(0.,-1.,2.22044604925E-16));
#3861 = ADVANCED_FACE('',(#3862),#3889,.F.);
#3862 = FACE_BOUND('',#3863,.T.);
#3863 = EDGE_LOOP('',(#3864,#3865,#3874,#3882));
#3864 = ORIENTED_EDGE('',*,*,#3843,.T.);
#3865 = ORIENTED_EDGE('',*,*,#3866,.T.);
#3866 = EDGE_CURVE('',#3836,#3867,#3869,.T.);
#3867 = VERTEX_POINT('',#3868);
#3868 = CARTESIAN_POINT('',(-300.,310.46788107406,1.429054114725));
#3869 = CIRCLE('',#3870,0.6);
#3870 = AXIS2_PLACEMENT_3D('',#3871,#3872,#3873);
#3871 = CARTESIAN_POINT('',(-300.,310.76556443707,1.95));
#3872 = DIRECTION('',(-1.,0.,0.));
#3873 = DIRECTION('',(0.,8.659739592077E-15,-1.));
#3874 = ORIENTED_EDGE('',*,*,#3875,.F.);
#3875 = EDGE_CURVE('',#3876,#3867,#3878,.T.);
#3876 = VERTEX_POINT('',#3877);
#3877 = CARTESIAN_POINT('',(300.,310.46788107406,1.429054114725));
#3878 = LINE('',#3879,#3880);
#3879 = CARTESIAN_POINT('',(300.,310.46788107406,1.429054114725));
#3880 = VECTOR('',#3881,1.);
#3881 = DIRECTION('',(-1.,0.,0.));
#3882 = ORIENTED_EDGE('',*,*,#3883,.F.);
#3883 = EDGE_CURVE('',#3844,#3876,#3884,.T.);
#3884 = CIRCLE('',#3885,0.6);
#3885 = AXIS2_PLACEMENT_3D('',#3886,#3887,#3888);
#3886 = CARTESIAN_POINT('',(300.,310.76556443707,1.95));
#3887 = DIRECTION('',(-1.,0.,0.));
#3888 = DIRECTION('',(0.,8.659739592077E-15,-1.));
#3889 = CYLINDRICAL_SURFACE('',#3890,0.6);
#3890 = AXIS2_PLACEMENT_3D('',#3891,#3892,#3893);
#3891 = CARTESIAN_POINT('',(300.,310.76556443707,1.95));
#3892 = DIRECTION('',(1.,-0.,0.));
#3893 = DIRECTION('',(0.,8.659739592077E-15,-1.));
#3894 = ADVANCED_FACE('',(#3895),#3920,.T.);
#3895 = FACE_BOUND('',#3896,.T.);
#3896 = EDGE_LOOP('',(#3897,#3898,#3906,#3914));
#3897 = ORIENTED_EDGE('',*,*,#3875,.T.);
#3898 = ORIENTED_EDGE('',*,*,#3899,.T.);
#3899 = EDGE_CURVE('',#3867,#3900,#3902,.T.);
#3900 = VERTEX_POINT('',#3901);
#3901 = CARTESIAN_POINT('',(-300.,304.18056234097,5.021807676486));
#3902 = LINE('',#3903,#3904);
#3903 = CARTESIAN_POINT('',(-300.,310.46788107406,1.429054114725));
#3904 = VECTOR('',#3905,1.);
#3905 = DIRECTION('',(0.,-0.868243142124,0.496138938357));
#3906 = ORIENTED_EDGE('',*,*,#3907,.F.);
#3907 = EDGE_CURVE('',#3908,#3900,#3910,.T.);
#3908 = VERTEX_POINT('',#3909);
#3909 = CARTESIAN_POINT('',(300.,304.18056234097,5.021807676486));
#3910 = LINE('',#3911,#3912);
#3911 = CARTESIAN_POINT('',(300.,304.18056234097,5.021807676486));
#3912 = VECTOR('',#3913,1.);
#3913 = DIRECTION('',(-1.,0.,0.));
#3914 = ORIENTED_EDGE('',*,*,#3915,.F.);
#3915 = EDGE_CURVE('',#3876,#3908,#3916,.T.);
#3916 = LINE('',#3917,#3918);
#3917 = CARTESIAN_POINT('',(300.,310.46788107406,1.429054114725));
#3918 = VECTOR('',#3919,1.);
#3919 = DIRECTION('',(0.,-0.868243142124,0.496138938357));
#3920 = PLANE('',#3921);
#3921 = AXIS2_PLACEMENT_3D('',#3922,#3923,#3924);
#3922 = CARTESIAN_POINT('',(300.,310.46788107406,1.429054114725));
#3923 = DIRECTION('',(0.,0.496138938357,0.868243142124));
#3924 = DIRECTION('',(0.,-0.868243142124,0.496138938357));
#3925 = ADVANCED_FACE('',(#3926),#3953,.F.);
#3926 = FACE_BOUND('',#3927,.T.);
#3927 = EDGE_LOOP('',(#3928,#3929,#3938,#3946));
#3928 = ORIENTED_EDGE('',*,*,#3907,.T.);
#3929 = ORIENTED_EDGE('',*,*,#3930,.T.);
#3930 = EDGE_CURVE('',#3900,#3931,#3933,.T.);
#3931 = VERTEX_POINT('',#3932);
#3932 = CARTESIAN_POINT('',(-300.,303.83262150182,5.548067202649));
#3933 = CIRCLE('',#3934,0.7);
#3934 = AXIS2_PLACEMENT_3D('',#3935,#3936,#3937);
#3935 = CARTESIAN_POINT('',(-300.,304.52785959782,5.629577875973));
#3936 = DIRECTION('',(-1.,0.,0.));
#3937 = DIRECTION('',(-0.,-0.496138938357,-0.868243142124));
#3938 = ORIENTED_EDGE('',*,*,#3939,.F.);
#3939 = EDGE_CURVE('',#3940,#3931,#3942,.T.);
#3940 = VERTEX_POINT('',#3941);
#3941 = CARTESIAN_POINT('',(300.,303.83262150182,5.548067202649));
#3942 = LINE('',#3943,#3944);
#3943 = CARTESIAN_POINT('',(300.,303.83262150182,5.548067202649));
#3944 = VECTOR('',#3945,1.);
#3945 = DIRECTION('',(-1.,0.,0.));
#3946 = ORIENTED_EDGE('',*,*,#3947,.F.);
#3947 = EDGE_CURVE('',#3908,#3940,#3948,.T.);
#3948 = CIRCLE('',#3949,0.7);
#3949 = AXIS2_PLACEMENT_3D('',#3950,#3951,#3952);
#3950 = CARTESIAN_POINT('',(300.,304.52785959782,5.629577875973));
#3951 = DIRECTION('',(-1.,0.,0.));
#3952 = DIRECTION('',(-0.,-0.496138938357,-0.868243142124));
#3953 = CYLINDRICAL_SURFACE('',#3954,0.7);
#3954 = AXIS2_PLACEMENT_3D('',#3955,#3956,#3957);
#3955 = CARTESIAN_POINT('',(300.,304.52785959782,5.629577875973));
#3956 = DIRECTION('',(1.,-0.,0.));
#3957 = DIRECTION('',(-0.,-0.496138938357,-0.868243142124));
#3958 = ADVANCED_FACE('',(#3959),#3984,.T.);
#3959 = FACE_BOUND('',#3960,.T.);
#3960 = EDGE_LOOP('',(#3961,#3962,#3970,#3978));
#3961 = ORIENTED_EDGE('',*,*,#3939,.T.);
#3962 = ORIENTED_EDGE('',*,*,#3963,.T.);
#3963 = EDGE_CURVE('',#3931,#3964,#3966,.T.);
#3964 = VERTEX_POINT('',#3965);
#3965 = CARTESIAN_POINT('',(-300.,302.24467930384,19.092280067822));
#3966 = LINE('',#3967,#3968);
#3967 = CARTESIAN_POINT('',(-300.,303.83262150182,5.548067202649));
#3968 = VECTOR('',#3969,1.);
#3969 = DIRECTION('',(0.,-0.116443819035,0.993197280005));
#3970 = ORIENTED_EDGE('',*,*,#3971,.F.);
#3971 = EDGE_CURVE('',#3972,#3964,#3974,.T.);
#3972 = VERTEX_POINT('',#3973);
#3973 = CARTESIAN_POINT('',(300.,302.24467930384,19.092280067822));
#3974 = LINE('',#3975,#3976);
#3975 = CARTESIAN_POINT('',(300.,302.24467930384,19.092280067822));
#3976 = VECTOR('',#3977,1.);
#3977 = DIRECTION('',(-1.,0.,0.));
#3978 = ORIENTED_EDGE('',*,*,#3979,.F.);
#3979 = EDGE_CURVE('',#3940,#3972,#3980,.T.);
#3980 = LINE('',#3981,#3982);
#3981 = CARTESIAN_POINT('',(300.,303.83262150182,5.548067202649));
#3982 = VECTOR('',#3983,1.);
#3983 = DIRECTION('',(0.,-0.116443819035,0.993197280005));
#3984 = PLANE('',#3985);
#3985 = AXIS2_PLACEMENT_3D('',#3986,#3987,#3988);
#3986 = CARTESIAN_POINT('',(300.,303.83262150182,5.548067202649));
#3987 = DIRECTION('',(0.,0.993197280005,0.116443819035));
#3988 = DIRECTION('',(0.,-0.116443819035,0.993197280005));
#3989 = ADVANCED_FACE('',(#3990),#4017,.F.);
#3990 = FACE_BOUND('',#3991,.T.);
#3991 = EDGE_LOOP('',(#3992,#3993,#4002,#4010));
#3992 = ORIENTED_EDGE('',*,*,#3971,.T.);
#3993 = ORIENTED_EDGE('',*,*,#3994,.T.);
#3994 = EDGE_CURVE('',#3964,#3995,#3997,.T.);
#3995 = VERTEX_POINT('',#3996);
#3996 = CARTESIAN_POINT('',(-300.,302.36963087071,19.48498434315));
#3997 = CIRCLE('',#3998,0.5);
#3998 = AXIS2_PLACEMENT_3D('',#3999,#4000,#4001);
#3999 = CARTESIAN_POINT('',(-300.,302.74127794384,19.150501977339));
#4000 = DIRECTION('',(-1.,0.,0.));
#4001 = DIRECTION('',(-0.,-0.993197280005,-0.116443819035));
#4002 = ORIENTED_EDGE('',*,*,#4003,.F.);
#4003 = EDGE_CURVE('',#4004,#3995,#4006,.T.);
#4004 = VERTEX_POINT('',#4005);
#4005 = CARTESIAN_POINT('',(300.,302.36963087071,19.48498434315));
#4006 = LINE('',#4007,#4008);
#4007 = CARTESIAN_POINT('',(300.,302.36963087071,19.48498434315));
#4008 = VECTOR('',#4009,1.);
#4009 = DIRECTION('',(-1.,0.,0.));
#4010 = ORIENTED_EDGE('',*,*,#4011,.F.);
#4011 = EDGE_CURVE('',#3972,#4004,#4012,.T.);
#4012 = CIRCLE('',#4013,0.5);
#4013 = AXIS2_PLACEMENT_3D('',#4014,#4015,#4016);
#4014 = CARTESIAN_POINT('',(300.,302.74127794384,19.150501977339));
#4015 = DIRECTION('',(-1.,0.,0.));
#4016 = DIRECTION('',(-0.,-0.993197280005,-0.116443819035));
#4017 = CYLINDRICAL_SURFACE('',#4018,0.5);
#4018 = AXIS2_PLACEMENT_3D('',#4019,#4020,#4021);
#4019 = CARTESIAN_POINT('',(300.,302.74127794384,19.150501977339));
#4020 = DIRECTION('',(1.,-0.,0.));
#4021 = DIRECTION('',(-0.,-0.993197280005,-0.116443819035));
#4022 = ADVANCED_FACE('',(#4023),#4048,.T.);
#4023 = FACE_BOUND('',#4024,.T.);
#4024 = EDGE_LOOP('',(#4025,#4026,#4034,#4042));
#4025 = ORIENTED_EDGE('',*,*,#4003,.T.);
#4026 = ORIENTED_EDGE('',*,*,#4027,.T.);
#4027 = EDGE_CURVE('',#3995,#4028,#4030,.T.);
#4028 = VERTEX_POINT('',#4029);
#4029 = CARTESIAN_POINT('',(-300.,303.89731765849,21.182414107351));
#4030 = LINE('',#4031,#4032);
#4031 = CARTESIAN_POINT('',(-300.,302.36963087071,19.48498434315));
#4032 = VECTOR('',#4033,1.);
#4033 = DIRECTION('',(0.,0.668964731622,0.743294146247));
#4034 = ORIENTED_EDGE('',*,*,#4035,.F.);
#4035 = EDGE_CURVE('',#4036,#4028,#4038,.T.);
#4036 = VERTEX_POINT('',#4037);
#4037 = CARTESIAN_POINT('',(300.,303.89731765849,21.182414107351));
#4038 = LINE('',#4039,#4040);
#4039 = CARTESIAN_POINT('',(300.,303.89731765849,21.182414107351));
#4040 = VECTOR('',#4041,1.);
#4041 = DIRECTION('',(-1.,0.,0.));
#4042 = ORIENTED_EDGE('',*,*,#4043,.F.);
#4043 = EDGE_CURVE('',#4004,#4036,#4044,.T.);
#4044 = LINE('',#4045,#4046);
#4045 = CARTESIAN_POINT('',(300.,302.36963087071,19.48498434315));
#4046 = VECTOR('',#4047,1.);
#4047 = DIRECTION('',(0.,0.668964731622,0.743294146247));
#4048 = PLANE('',#4049);
#4049 = AXIS2_PLACEMENT_3D('',#4050,#4051,#4052);
#4050 = CARTESIAN_POINT('',(300.,302.36963087071,19.48498434315));
#4051 = DIRECTION('',(0.,0.743294146247,-0.668964731622));
#4052 = DIRECTION('',(0.,0.668964731622,0.743294146247));
#4053 = ADVANCED_FACE('',(#4054),#4079,.T.);
#4054 = FACE_BOUND('',#4055,.T.);
#4055 = EDGE_LOOP('',(#4056,#4057,#4065,#4073));
#4056 = ORIENTED_EDGE('',*,*,#4035,.T.);
#4057 = ORIENTED_EDGE('',*,*,#4058,.T.);
#4058 = EDGE_CURVE('',#4028,#4059,#4061,.T.);
#4059 = VERTEX_POINT('',#4060);
#4060 = CARTESIAN_POINT('',(-300.,303.3026823415,21.717585892649));
#4061 = LINE('',#4062,#4063);
#4062 = CARTESIAN_POINT('',(-300.,303.89731765849,21.182414107351));
#4063 = VECTOR('',#4064,1.);
#4064 = DIRECTION('',(0.,-0.743294146247,0.668964731622));
#4065 = ORIENTED_EDGE('',*,*,#4066,.F.);
#4066 = EDGE_CURVE('',#4067,#4059,#4069,.T.);
#4067 = VERTEX_POINT('',#4068);
#4068 = CARTESIAN_POINT('',(300.,303.3026823415,21.717585892649));
#4069 = LINE('',#4070,#4071);
#4070 = CARTESIAN_POINT('',(300.,303.3026823415,21.717585892649));
#4071 = VECTOR('',#4072,1.);
#4072 = DIRECTION('',(-1.,0.,0.));
#4073 = ORIENTED_EDGE('',*,*,#4074,.F.);
#4074 = EDGE_CURVE('',#4036,#4067,#4075,.T.);
#4075 = LINE('',#4076,#4077);
#4076 = CARTESIAN_POINT('',(300.,303.89731765849,21.182414107351));
#4077 = VECTOR('',#4078,1.);
#4078 = DIRECTION('',(0.,-0.743294146247,0.668964731622));
#4079 = PLANE('',#4080);
#4080 = AXIS2_PLACEMENT_3D('',#4081,#4082,#4083);
#4081 = CARTESIAN_POINT('',(300.,303.89731765849,21.182414107351));
#4082 = DIRECTION('',(0.,0.668964731622,0.743294146247));
#4083 = DIRECTION('',(0.,-0.743294146247,0.668964731622));
#4084 = ADVANCED_FACE('',(#4085),#4110,.T.);
#4085 = FACE_BOUND('',#4086,.T.);
#4086 = EDGE_LOOP('',(#4087,#4088,#4096,#4104));
#4087 = ORIENTED_EDGE('',*,*,#4066,.T.);
#4088 = ORIENTED_EDGE('',*,*,#4089,.T.);
#4089 = EDGE_CURVE('',#4059,#4090,#4092,.T.);
#4090 = VERTEX_POINT('',#4091);
#4091 = CARTESIAN_POINT('',(-300.,301.77499555372,20.020156128448));
#4092 = LINE('',#4093,#4094);
#4093 = CARTESIAN_POINT('',(-300.,303.3026823415,21.717585892649));
#4094 = VECTOR('',#4095,1.);
#4095 = DIRECTION('',(-0.,-0.668964731622,-0.743294146247));
#4096 = ORIENTED_EDGE('',*,*,#4097,.F.);
#4097 = EDGE_CURVE('',#4098,#4090,#4100,.T.);
#4098 = VERTEX_POINT('',#4099);
#4099 = CARTESIAN_POINT('',(300.,301.77499555372,20.020156128448));
#4100 = LINE('',#4101,#4102);
#4101 = CARTESIAN_POINT('',(300.,301.77499555372,20.020156128448));
#4102 = VECTOR('',#4103,1.);
#4103 = DIRECTION('',(-1.,0.,0.));
#4104 = ORIENTED_EDGE('',*,*,#4105,.F.);
#4105 = EDGE_CURVE('',#4067,#4098,#4106,.T.);
#4106 = LINE('',#4107,#4108);
#4107 = CARTESIAN_POINT('',(300.,303.3026823415,21.717585892649));
#4108 = VECTOR('',#4109,1.);
#4109 = DIRECTION('',(-0.,-0.668964731622,-0.743294146247));
#4110 = PLANE('',#4111);
#4111 = AXIS2_PLACEMENT_3D('',#4112,#4113,#4114);
#4112 = CARTESIAN_POINT('',(300.,303.3026823415,21.717585892649));
#4113 = DIRECTION('',(0.,-0.743294146247,0.668964731622));
#4114 = DIRECTION('',(-0.,-0.668964731622,-0.743294146247));
#4115 = ADVANCED_FACE('',(#4116),#4143,.T.);
#4116 = FACE_BOUND('',#4117,.T.);
#4117 = EDGE_LOOP('',(#4118,#4119,#4128,#4136));
#4118 = ORIENTED_EDGE('',*,*,#4097,.T.);
#4119 = ORIENTED_EDGE('',*,*,#4120,.T.);
#4120 = EDGE_CURVE('',#4090,#4121,#4123,.T.);
#4121 = VERTEX_POINT('',#4122);
#4122 = CARTESIAN_POINT('',(-300.,301.45012147983,18.999125012594));
#4123 = CIRCLE('',#4124,1.3);
#4124 = AXIS2_PLACEMENT_3D('',#4125,#4126,#4127);
#4125 = CARTESIAN_POINT('',(-300.,302.74127794384,19.150501977339));
#4126 = DIRECTION('',(1.,0.,0.));
#4127 = DIRECTION('',(0.,-0.743294146247,0.668964731622));
#4128 = ORIENTED_EDGE('',*,*,#4129,.F.);
#4129 = EDGE_CURVE('',#4130,#4121,#4132,.T.);
#4130 = VERTEX_POINT('',#4131);
#4131 = CARTESIAN_POINT('',(300.,301.45012147983,18.999125012594));
#4132 = LINE('',#4133,#4134);
#4133 = CARTESIAN_POINT('',(300.,301.45012147983,18.999125012594));
#4134 = VECTOR('',#4135,1.);
#4135 = DIRECTION('',(-1.,0.,0.));
#4136 = ORIENTED_EDGE('',*,*,#4137,.F.);
#4137 = EDGE_CURVE('',#4098,#4130,#4138,.T.);
#4138 = CIRCLE('',#4139,1.3);
#4139 = AXIS2_PLACEMENT_3D('',#4140,#4141,#4142);
#4140 = CARTESIAN_POINT('',(300.,302.74127794384,19.150501977339));
#4141 = DIRECTION('',(1.,0.,0.));
#4142 = DIRECTION('',(0.,-0.743294146247,0.668964731622));
#4143 = CYLINDRICAL_SURFACE('',#4144,1.3);
#4144 = AXIS2_PLACEMENT_3D('',#4145,#4146,#4147);
#4145 = CARTESIAN_POINT('',(300.,302.74127794384,19.150501977339));
#4146 = DIRECTION('',(1.,0.,0.));
#4147 = DIRECTION('',(0.,-0.743294146247,0.668964731622));
#4148 = ADVANCED_FACE('',(#4149),#4174,.T.);
#4149 = FACE_BOUND('',#4150,.T.);
#4150 = EDGE_LOOP('',(#4151,#4152,#4160,#4168));
#4151 = ORIENTED_EDGE('',*,*,#4129,.T.);
#4152 = ORIENTED_EDGE('',*,*,#4153,.T.);
#4153 = EDGE_CURVE('',#4121,#4154,#4156,.T.);
#4154 = VERTEX_POINT('',#4155);
#4155 = CARTESIAN_POINT('',(-300.,303.03806367782,5.454912147421));
#4156 = LINE('',#4157,#4158);
#4157 = CARTESIAN_POINT('',(-300.,301.45012147983,18.999125012594));
#4158 = VECTOR('',#4159,1.);
#4159 = DIRECTION('',(0.,0.116443819035,-0.993197280005));
#4160 = ORIENTED_EDGE('',*,*,#4161,.F.);
#4161 = EDGE_CURVE('',#4162,#4154,#4164,.T.);
#4162 = VERTEX_POINT('',#4163);
#4163 = CARTESIAN_POINT('',(300.,303.03806367782,5.454912147421));
#4164 = LINE('',#4165,#4166);
#4165 = CARTESIAN_POINT('',(300.,303.03806367782,5.454912147421));
#4166 = VECTOR('',#4167,1.);
#4167 = DIRECTION('',(-1.,0.,0.));
#4168 = ORIENTED_EDGE('',*,*,#4169,.F.);
#4169 = EDGE_CURVE('',#4130,#4162,#4170,.T.);
#4170 = LINE('',#4171,#4172);
#4171 = CARTESIAN_POINT('',(300.,301.45012147983,18.999125012594));
#4172 = VECTOR('',#4173,1.);
#4173 = DIRECTION('',(0.,0.116443819035,-0.993197280005));
#4174 = PLANE('',#4175);
#4175 = AXIS2_PLACEMENT_3D('',#4176,#4177,#4178);
#4176 = CARTESIAN_POINT('',(300.,301.45012147983,18.999125012594));
#4177 = DIRECTION('',(-0.,-0.993197280005,-0.116443819035));
#4178 = DIRECTION('',(0.,0.116443819035,-0.993197280005));
#4179 = ADVANCED_FACE('',(#4180),#4207,.T.);
#4180 = FACE_BOUND('',#4181,.T.);
#4181 = EDGE_LOOP('',(#4182,#4183,#4192,#4200));
#4182 = ORIENTED_EDGE('',*,*,#4161,.T.);
#4183 = ORIENTED_EDGE('',*,*,#4184,.T.);
#4184 = EDGE_CURVE('',#4154,#4185,#4187,.T.);
#4185 = VERTEX_POINT('',#4186);
#4186 = CARTESIAN_POINT('',(-300.,303.78365119029,4.327213162787));
#4187 = CIRCLE('',#4188,1.5);
#4188 = AXIS2_PLACEMENT_3D('',#4189,#4190,#4191);
#4189 = CARTESIAN_POINT('',(-300.,304.52785959782,5.629577875973));
#4190 = DIRECTION('',(1.,0.,0.));
#4191 = DIRECTION('',(0.,-0.993197280005,-0.116443819035));
#4192 = ORIENTED_EDGE('',*,*,#4193,.F.);
#4193 = EDGE_CURVE('',#4194,#4185,#4196,.T.);
#4194 = VERTEX_POINT('',#4195);
#4195 = CARTESIAN_POINT('',(300.,303.78365119029,4.327213162787));
#4196 = LINE('',#4197,#4198);
#4197 = CARTESIAN_POINT('',(300.,303.78365119029,4.327213162787));
#4198 = VECTOR('',#4199,1.);
#4199 = DIRECTION('',(-1.,0.,0.));
#4200 = ORIENTED_EDGE('',*,*,#4201,.F.);
#4201 = EDGE_CURVE('',#4162,#4194,#4202,.T.);
#4202 = CIRCLE('',#4203,1.5);
#4203 = AXIS2_PLACEMENT_3D('',#4204,#4205,#4206);
#4204 = CARTESIAN_POINT('',(300.,304.52785959782,5.629577875973));
#4205 = DIRECTION('',(1.,0.,0.));
#4206 = DIRECTION('',(0.,-0.993197280005,-0.116443819035));
#4207 = CYLINDRICAL_SURFACE('',#4208,1.5);
#4208 = AXIS2_PLACEMENT_3D('',#4209,#4210,#4211);
#4209 = CARTESIAN_POINT('',(300.,304.52785959782,5.629577875973));
#4210 = DIRECTION('',(1.,0.,0.));
#4211 = DIRECTION('',(0.,-0.993197280005,-0.116443819035));
#4212 = ADVANCED_FACE('',(#4213),#4238,.T.);
#4213 = FACE_BOUND('',#4214,.T.);
#4214 = EDGE_LOOP('',(#4215,#4216,#4224,#4232));
#4215 = ORIENTED_EDGE('',*,*,#4193,.T.);
#4216 = ORIENTED_EDGE('',*,*,#4217,.T.);
#4217 = EDGE_CURVE('',#4185,#4218,#4220,.T.);
#4218 = VERTEX_POINT('',#4219);
#4219 = CARTESIAN_POINT('',(-300.,310.07096992337,0.734459601026));
#4220 = LINE('',#4221,#4222);
#4221 = CARTESIAN_POINT('',(-300.,303.78365119029,4.327213162787));
#4222 = VECTOR('',#4223,1.);
#4223 = DIRECTION('',(0.,0.868243142124,-0.496138938357));
#4224 = ORIENTED_EDGE('',*,*,#4225,.F.);
#4225 = EDGE_CURVE('',#4226,#4218,#4228,.T.);
#4226 = VERTEX_POINT('',#4227);
#4227 = CARTESIAN_POINT('',(300.,310.07096992337,0.734459601026));
#4228 = LINE('',#4229,#4230);
#4229 = CARTESIAN_POINT('',(300.,310.07096992337,0.734459601026));
#4230 = VECTOR('',#4231,1.);
#4231 = DIRECTION('',(-1.,0.,0.));
#4232 = ORIENTED_EDGE('',*,*,#4233,.F.);
#4233 = EDGE_CURVE('',#4194,#4226,#4234,.T.);
#4234 = LINE('',#4235,#4236);
#4235 = CARTESIAN_POINT('',(300.,303.78365119029,4.327213162787));
#4236 = VECTOR('',#4237,1.);
#4237 = DIRECTION('',(0.,0.868243142124,-0.496138938357));
#4238 = PLANE('',#4239);
#4239 = AXIS2_PLACEMENT_3D('',#4240,#4241,#4242);
#4240 = CARTESIAN_POINT('',(300.,303.78365119029,4.327213162787));
#4241 = DIRECTION('',(-0.,-0.496138938357,-0.868243142124));
#4242 = DIRECTION('',(0.,0.868243142124,-0.496138938357));
#4243 = ADVANCED_FACE('',(#4244),#4271,.T.);
#4244 = FACE_BOUND('',#4245,.T.);
#4245 = EDGE_LOOP('',(#4246,#4247,#4256,#4264));
#4246 = ORIENTED_EDGE('',*,*,#4225,.T.);
#4247 = ORIENTED_EDGE('',*,*,#4248,.T.);
#4248 = EDGE_CURVE('',#4218,#4249,#4251,.T.);
#4249 = VERTEX_POINT('',#4250);
#4250 = CARTESIAN_POINT('',(-300.,310.76556443707,0.55));
#4251 = CIRCLE('',#4252,1.4);
#4252 = AXIS2_PLACEMENT_3D('',#4253,#4254,#4255);
#4253 = CARTESIAN_POINT('',(-300.,310.76556443707,1.95));
#4254 = DIRECTION('',(1.,0.,0.));
#4255 = DIRECTION('',(0.,-0.496138938357,-0.868243142124));
#4256 = ORIENTED_EDGE('',*,*,#4257,.F.);
#4257 = EDGE_CURVE('',#4258,#4249,#4260,.T.);
#4258 = VERTEX_POINT('',#4259);
#4259 = CARTESIAN_POINT('',(300.,310.76556443707,0.55));
#4260 = LINE('',#4261,#4262);
#4261 = CARTESIAN_POINT('',(300.,310.76556443707,0.55));
#4262 = VECTOR('',#4263,1.);
#4263 = DIRECTION('',(-1.,0.,0.));
#4264 = ORIENTED_EDGE('',*,*,#4265,.F.);
#4265 = EDGE_CURVE('',#4226,#4258,#4266,.T.);
#4266 = CIRCLE('',#4267,1.4);
#4267 = AXIS2_PLACEMENT_3D('',#4268,#4269,#4270);
#4268 = CARTESIAN_POINT('',(300.,310.76556443707,1.95));
#4269 = DIRECTION('',(1.,0.,0.));
#4270 = DIRECTION('',(0.,-0.496138938357,-0.868243142124));
#4271 = CYLINDRICAL_SURFACE('',#4272,1.4);
#4272 = AXIS2_PLACEMENT_3D('',#4273,#4274,#4275);
#4273 = CARTESIAN_POINT('',(300.,310.76556443707,1.95));
#4274 = DIRECTION('',(1.,0.,0.));
#4275 = DIRECTION('',(0.,-0.496138938357,-0.868243142124));
#4276 = ADVANCED_FACE('',(#4277),#4302,.T.);
#4277 = FACE_BOUND('',#4278,.T.);
#4278 = EDGE_LOOP('',(#4279,#4280,#4288,#4296));
#4279 = ORIENTED_EDGE('',*,*,#4257,.T.);
#4280 = ORIENTED_EDGE('',*,*,#4281,.T.);
#4281 = EDGE_CURVE('',#4249,#4282,#4284,.T.);
#4282 = VERTEX_POINT('',#4283);
#4283 = CARTESIAN_POINT('',(-300.,326.4,0.55));
#4284 = LINE('',#4285,#4286);
#4285 = CARTESIAN_POINT('',(-300.,310.76556443707,0.55));
#4286 = VECTOR('',#4287,1.);
#4287 = DIRECTION('',(0.,1.,-2.22044604925E-16));
#4288 = ORIENTED_EDGE('',*,*,#4289,.F.);
#4289 = EDGE_CURVE('',#4290,#4282,#4292,.T.);
#4290 = VERTEX_POINT('',#4291);
#4291 = CARTESIAN_POINT('',(300.,326.4,0.55));
#4292 = LINE('',#4293,#4294);
#4293 = CARTESIAN_POINT('',(300.,326.4,0.55));
#4294 = VECTOR('',#4295,1.);
#4295 = DIRECTION('',(-1.,0.,0.));
#4296 = ORIENTED_EDGE('',*,*,#4297,.F.);
#4297 = EDGE_CURVE('',#4258,#4290,#4298,.T.);
#4298 = LINE('',#4299,#4300);
#4299 = CARTESIAN_POINT('',(300.,310.76556443707,0.55));
#4300 = VECTOR('',#4301,1.);
#4301 = DIRECTION('',(0.,1.,-2.22044604925E-16));
#4302 = PLANE('',#4303);
#4303 = AXIS2_PLACEMENT_3D('',#4304,#4305,#4306);
#4304 = CARTESIAN_POINT('',(300.,310.76556443707,0.55));
#4305 = DIRECTION('',(0.,-2.22044604925E-16,-1.));
#4306 = DIRECTION('',(0.,1.,-2.22044604925E-16));
#4307 = ADVANCED_FACE('',(#4308),#4335,.T.);
#4308 = FACE_BOUND('',#4309,.T.);
#4309 = EDGE_LOOP('',(#4310,#4311,#4320,#4328));
#4310 = ORIENTED_EDGE('',*,*,#4289,.T.);
#4311 = ORIENTED_EDGE('',*,*,#4312,.T.);
#4312 = EDGE_CURVE('',#4282,#4313,#4315,.T.);
#4313 = VERTEX_POINT('',#4314);
#4314 = CARTESIAN_POINT('',(-300.,327.8,1.95));
#4315 = CIRCLE('',#4316,1.4);
#4316 = AXIS2_PLACEMENT_3D('',#4317,#4318,#4319);
#4317 = CARTESIAN_POINT('',(-300.,326.4,1.95));
#4318 = DIRECTION('',(1.,0.,0.));
#4319 = DIRECTION('',(0.,-2.75969723264E-15,-1.));
#4320 = ORIENTED_EDGE('',*,*,#4321,.F.);
#4321 = EDGE_CURVE('',#4322,#4313,#4324,.T.);
#4322 = VERTEX_POINT('',#4323);
#4323 = CARTESIAN_POINT('',(300.,327.8,1.95));
#4324 = LINE('',#4325,#4326);
#4325 = CARTESIAN_POINT('',(300.,327.8,1.95));
#4326 = VECTOR('',#4327,1.);
#4327 = DIRECTION('',(-1.,0.,0.));
#4328 = ORIENTED_EDGE('',*,*,#4329,.F.);
#4329 = EDGE_CURVE('',#4290,#4322,#4330,.T.);
#4330 = CIRCLE('',#4331,1.4);
#4331 = AXIS2_PLACEMENT_3D('',#4332,#4333,#4334);
#4332 = CARTESIAN_POINT('',(300.,326.4,1.95));
#4333 = DIRECTION('',(1.,0.,0.));
#4334 = DIRECTION('',(0.,-2.75969723264E-15,-1.));
#4335 = CYLINDRICAL_SURFACE('',#4336,1.4);
#4336 = AXIS2_PLACEMENT_3D('',#4337,#4338,#4339);
#4337 = CARTESIAN_POINT('',(300.,326.4,1.95));
#4338 = DIRECTION('',(1.,0.,0.));
#4339 = DIRECTION('',(0.,-2.75969723264E-15,-1.));
#4340 = ADVANCED_FACE('',(#4341),#4366,.T.);
#4341 = FACE_BOUND('',#4342,.T.);
#4342 = EDGE_LOOP('',(#4343,#4344,#4352,#4360));
#4343 = ORIENTED_EDGE('',*,*,#4321,.T.);
#4344 = ORIENTED_EDGE('',*,*,#4345,.T.);
#4345 = EDGE_CURVE('',#4313,#4346,#4348,.T.);
#4346 = VERTEX_POINT('',#4347);
#4347 = CARTESIAN_POINT('',(-300.,327.8,3.45));
#4348 = LINE('',#4349,#4350);
#4349 = CARTESIAN_POINT('',(-300.,327.8,1.95));
#4350 = VECTOR('',#4351,1.);
#4351 = DIRECTION('',(0.,2.22044604925E-16,1.));
#4352 = ORIENTED_EDGE('',*,*,#4353,.F.);
#4353 = EDGE_CURVE('',#4354,#4346,#4356,.T.);
#4354 = VERTEX_POINT('',#4355);
#4355 = CARTESIAN_POINT('',(300.,327.8,3.45));
#4356 = LINE('',#4357,#4358);
#4357 = CARTESIAN_POINT('',(300.,327.8,3.45));
#4358 = VECTOR('',#4359,1.);
#4359 = DIRECTION('',(-1.,0.,0.));
#4360 = ORIENTED_EDGE('',*,*,#4361,.F.);
#4361 = EDGE_CURVE('',#4322,#4354,#4362,.T.);
#4362 = LINE('',#4363,#4364);
#4363 = CARTESIAN_POINT('',(300.,327.8,1.95));
#4364 = VECTOR('',#4365,1.);
#4365 = DIRECTION('',(0.,2.22044604925E-16,1.));
#4366 = PLANE('',#4367);
#4367 = AXIS2_PLACEMENT_3D('',#4368,#4369,#4370);
#4368 = CARTESIAN_POINT('',(300.,327.8,1.95));
#4369 = DIRECTION('',(0.,1.,-2.22044604925E-16));
#4370 = DIRECTION('',(0.,2.22044604925E-16,1.));
#4371 = ADVANCED_FACE('',(#4372),#4399,.F.);
#4372 = FACE_BOUND('',#4373,.T.);
#4373 = EDGE_LOOP('',(#4374,#4375,#4384,#4392));
#4374 = ORIENTED_EDGE('',*,*,#4353,.T.);
#4375 = ORIENTED_EDGE('',*,*,#4376,.T.);
#4376 = EDGE_CURVE('',#4346,#4377,#4379,.T.);
#4377 = VERTEX_POINT('',#4378);
#4378 = CARTESIAN_POINT('',(-300.,329.2,3.45));
#4379 = CIRCLE('',#4380,0.7);
#4380 = AXIS2_PLACEMENT_3D('',#4381,#4382,#4383);
#4381 = CARTESIAN_POINT('',(-300.,328.5,3.45));
#4382 = DIRECTION('',(-1.,0.,0.));
#4383 = DIRECTION('',(0.,-1.,2.75969723264E-15));
#4384 = ORIENTED_EDGE('',*,*,#4385,.F.);
#4385 = EDGE_CURVE('',#4386,#4377,#4388,.T.);
#4386 = VERTEX_POINT('',#4387);
#4387 = CARTESIAN_POINT('',(300.,329.2,3.45));
#4388 = LINE('',#4389,#4390);
#4389 = CARTESIAN_POINT('',(300.,329.2,3.45));
#4390 = VECTOR('',#4391,1.);
#4391 = DIRECTION('',(-1.,0.,0.));
#4392 = ORIENTED_EDGE('',*,*,#4393,.F.);
#4393 = EDGE_CURVE('',#4354,#4386,#4394,.T.);
#4394 = CIRCLE('',#4395,0.7);
#4395 = AXIS2_PLACEMENT_3D('',#4396,#4397,#4398);
#4396 = CARTESIAN_POINT('',(300.,328.5,3.45));
#4397 = DIRECTION('',(-1.,0.,0.));
#4398 = DIRECTION('',(0.,-1.,2.75969723264E-15));
#4399 = CYLINDRICAL_SURFACE('',#4400,0.7);
#4400 = AXIS2_PLACEMENT_3D('',#4401,#4402,#4403);
#4401 = CARTESIAN_POINT('',(300.,328.5,3.45));
#4402 = DIRECTION('',(1.,0.,-0.));
#4403 = DIRECTION('',(0.,-1.,2.75969723264E-15));
#4404 = ADVANCED_FACE('',(#4405),#4430,.T.);
#4405 = FACE_BOUND('',#4406,.T.);
#4406 = EDGE_LOOP('',(#4407,#4408,#4416,#4424));
#4407 = ORIENTED_EDGE('',*,*,#4385,.T.);
#4408 = ORIENTED_EDGE('',*,*,#4409,.T.);
#4409 = EDGE_CURVE('',#4377,#4410,#4412,.T.);
#4410 = VERTEX_POINT('',#4411);
#4411 = CARTESIAN_POINT('',(-300.,329.2,-1.55));
#4412 = LINE('',#4413,#4414);
#4413 = CARTESIAN_POINT('',(-300.,329.2,3.45));
#4414 = VECTOR('',#4415,1.);
#4415 = DIRECTION('',(0.,-2.22044604925E-16,-1.));
#4416 = ORIENTED_EDGE('',*,*,#4417,.F.);
#4417 = EDGE_CURVE('',#4418,#4410,#4420,.T.);
#4418 = VERTEX_POINT('',#4419);
#4419 = CARTESIAN_POINT('',(300.,329.2,-1.55));
#4420 = LINE('',#4421,#4422);
#4421 = CARTESIAN_POINT('',(300.,329.2,-1.55));
#4422 = VECTOR('',#4423,1.);
#4423 = DIRECTION('',(-1.,0.,0.));
#4424 = ORIENTED_EDGE('',*,*,#4425,.F.);
#4425 = EDGE_CURVE('',#4386,#4418,#4426,.T.);
#4426 = LINE('',#4427,#4428);
#4427 = CARTESIAN_POINT('',(300.,329.2,3.45));
#4428 = VECTOR('',#4429,1.);
#4429 = DIRECTION('',(0.,-2.22044604925E-16,-1.));
#4430 = PLANE('',#4431);
#4431 = AXIS2_PLACEMENT_3D('',#4432,#4433,#4434);
#4432 = CARTESIAN_POINT('',(300.,329.2,3.45));
#4433 = DIRECTION('',(0.,-1.,2.22044604925E-16));
#4434 = DIRECTION('',(0.,-2.22044604925E-16,-1.));
#4435 = ADVANCED_FACE('',(#4436),#4463,.F.);
#4436 = FACE_BOUND('',#4437,.T.);
#4437 = EDGE_LOOP('',(#4438,#4439,#4448,#4456));
#4438 = ORIENTED_EDGE('',*,*,#4417,.T.);
#4439 = ORIENTED_EDGE('',*,*,#4440,.T.);
#4440 = EDGE_CURVE('',#4410,#4441,#4443,.T.);
#4441 = VERTEX_POINT('',#4442);
#4442 = CARTESIAN_POINT('',(-300.,328.,-2.75));
#4443 = CIRCLE('',#4444,1.2);
#4444 = AXIS2_PLACEMENT_3D('',#4445,#4446,#4447);
#4445 = CARTESIAN_POINT('',(-300.,328.,-1.55));
#4446 = DIRECTION('',(-1.,0.,0.));
#4447 = DIRECTION('',(0.,1.,2.368475785867E-15));
#4448 = ORIENTED_EDGE('',*,*,#4449,.F.);
#4449 = EDGE_CURVE('',#4450,#4441,#4452,.T.);
#4450 = VERTEX_POINT('',#4451);
#4451 = CARTESIAN_POINT('',(300.,328.,-2.75));
#4452 = LINE('',#4453,#4454);
#4453 = CARTESIAN_POINT('',(300.,328.,-2.75));
#4454 = VECTOR('',#4455,1.);
#4455 = DIRECTION('',(-1.,0.,0.));
#4456 = ORIENTED_EDGE('',*,*,#4457,.F.);
#4457 = EDGE_CURVE('',#4418,#4450,#4458,.T.);
#4458 = CIRCLE('',#4459,1.2);
#4459 = AXIS2_PLACEMENT_3D('',#4460,#4461,#4462);
#4460 = CARTESIAN_POINT('',(300.,328.,-1.55));
#4461 = DIRECTION('',(-1.,0.,0.));
#4462 = DIRECTION('',(0.,1.,2.368475785867E-15));
#4463 = CYLINDRICAL_SURFACE('',#4464,1.2);
#4464 = AXIS2_PLACEMENT_3D('',#4465,#4466,#4467);
#4465 = CARTESIAN_POINT('',(300.,328.,-1.55));
#4466 = DIRECTION('',(1.,-0.,0.));
#4467 = DIRECTION('',(0.,1.,2.368475785867E-15));
#4468 = ADVANCED_FACE('',(#4469),#4494,.T.);
#4469 = FACE_BOUND('',#4470,.T.);
#4470 = EDGE_LOOP('',(#4471,#4472,#4480,#4488));
#4471 = ORIENTED_EDGE('',*,*,#4449,.T.);
#4472 = ORIENTED_EDGE('',*,*,#4473,.T.);
#4473 = EDGE_CURVE('',#4441,#4474,#4476,.T.);
#4474 = VERTEX_POINT('',#4475);
#4475 = CARTESIAN_POINT('',(-300.,301.25,-2.75));
#4476 = LINE('',#4477,#4478);
#4477 = CARTESIAN_POINT('',(-300.,328.,-2.75));
#4478 = VECTOR('',#4479,1.);
#4479 = DIRECTION('',(0.,-1.,2.22044604925E-16));
#4480 = ORIENTED_EDGE('',*,*,#4481,.F.);
#4481 = EDGE_CURVE('',#4482,#4474,#4484,.T.);
#4482 = VERTEX_POINT('',#4483);
#4483 = CARTESIAN_POINT('',(300.,301.25,-2.75));
#4484 = LINE('',#4485,#4486);
#4485 = CARTESIAN_POINT('',(300.,301.25,-2.75));
#4486 = VECTOR('',#4487,1.);
#4487 = DIRECTION('',(-1.,0.,0.));
#4488 = ORIENTED_EDGE('',*,*,#4489,.F.);
#4489 = EDGE_CURVE('',#4450,#4482,#4490,.T.);
#4490 = LINE('',#4491,#4492);
#4491 = CARTESIAN_POINT('',(300.,328.,-2.75));
#4492 = VECTOR('',#4493,1.);
#4493 = DIRECTION('',(0.,-1.,2.22044604925E-16));
#4494 = PLANE('',#4495);
#4495 = AXIS2_PLACEMENT_3D('',#4496,#4497,#4498);
#4496 = CARTESIAN_POINT('',(300.,328.,-2.75));
#4497 = DIRECTION('',(0.,2.22044604925E-16,1.));
#4498 = DIRECTION('',(0.,-1.,2.22044604925E-16));
#4499 = ADVANCED_FACE('',(#4500),#4527,.F.);
#4500 = FACE_BOUND('',#4501,.T.);
#4501 = EDGE_LOOP('',(#4502,#4503,#4512,#4520));
#4502 = ORIENTED_EDGE('',*,*,#4481,.T.);
#4503 = ORIENTED_EDGE('',*,*,#4504,.T.);
#4504 = EDGE_CURVE('',#4474,#4505,#4507,.T.);
#4505 = VERTEX_POINT('',#4506);
#4506 = CARTESIAN_POINT('',(-300.,300.8,-2.3));
#4507 = CIRCLE('',#4508,0.45);
#4508 = AXIS2_PLACEMENT_3D('',#4509,#4510,#4511);
#4509 = CARTESIAN_POINT('',(-300.,301.25,-2.3));
#4510 = DIRECTION('',(-1.,-0.,0.));
#4511 = DIRECTION('',(0.,-2.22044604925E-16,-1.));
#4512 = ORIENTED_EDGE('',*,*,#4513,.F.);
#4513 = EDGE_CURVE('',#4514,#4505,#4516,.T.);
#4514 = VERTEX_POINT('',#4515);
#4515 = CARTESIAN_POINT('',(300.,300.8,-2.3));
#4516 = LINE('',#4517,#4518);
#4517 = CARTESIAN_POINT('',(300.,300.8,-2.3));
#4518 = VECTOR('',#4519,1.);
#4519 = DIRECTION('',(-1.,0.,0.));
#4520 = ORIENTED_EDGE('',*,*,#4521,.F.);
#4521 = EDGE_CURVE('',#4482,#4514,#4522,.T.);
#4522 = CIRCLE('',#4523,0.45);
#4523 = AXIS2_PLACEMENT_3D('',#4524,#4525,#4526);
#4524 = CARTESIAN_POINT('',(300.,301.25,-2.3));
#4525 = DIRECTION('',(-1.,-0.,0.));
#4526 = DIRECTION('',(0.,-2.22044604925E-16,-1.));
#4527 = CYLINDRICAL_SURFACE('',#4528,0.45);
#4528 = AXIS2_PLACEMENT_3D('',#4529,#4530,#4531);
#4529 = CARTESIAN_POINT('',(300.,301.25,-2.3));
#4530 = DIRECTION('',(1.,-0.,0.));
#4531 = DIRECTION('',(0.,-2.22044604925E-16,-1.));
#4532 = ADVANCED_FACE('',(#4533),#4558,.T.);
#4533 = FACE_BOUND('',#4534,.T.);
#4534 = EDGE_LOOP('',(#4535,#4536,#4544,#4552));
#4535 = ORIENTED_EDGE('',*,*,#4513,.T.);
#4536 = ORIENTED_EDGE('',*,*,#4537,.T.);
#4537 = EDGE_CURVE('',#4505,#4538,#4540,.T.);
#4538 = VERTEX_POINT('',#4539);
#4539 = CARTESIAN_POINT('',(-300.,300.8,4.440892098501E-16));
#4540 = LINE('',#4541,#4542);
#4541 = CARTESIAN_POINT('',(-300.,300.8,-2.3));
#4542 = VECTOR('',#4543,1.);
#4543 = DIRECTION('',(0.,2.22044604925E-16,1.));
#4544 = ORIENTED_EDGE('',*,*,#4545,.F.);
#4545 = EDGE_CURVE('',#4546,#4538,#4548,.T.);
#4546 = VERTEX_POINT('',#4547);
#4547 = CARTESIAN_POINT('',(300.,300.8,4.440892098501E-16));
#4548 = LINE('',#4549,#4550);
#4549 = CARTESIAN_POINT('',(300.,300.8,8.881784197001E-16));
#4550 = VECTOR('',#4551,1.);
#4551 = DIRECTION('',(-1.,0.,0.));
#4552 = ORIENTED_EDGE('',*,*,#4553,.F.);
#4553 = EDGE_CURVE('',#4514,#4546,#4554,.T.);
#4554 = LINE('',#4555,#4556);
#4555 = CARTESIAN_POINT('',(300.,300.8,-2.3));
#4556 = VECTOR('',#4557,1.);
#4557 = DIRECTION('',(0.,2.22044604925E-16,1.));
#4558 = PLANE('',#4559);
#4559 = AXIS2_PLACEMENT_3D('',#4560,#4561,#4562);
#4560 = CARTESIAN_POINT('',(300.,300.8,-2.3));
#4561 = DIRECTION('',(0.,1.,-2.22044604925E-16));
#4562 = DIRECTION('',(0.,2.22044604925E-16,1.));
#4563 = ADVANCED_FACE('',(#4564),#4591,.F.);
#4564 = FACE_BOUND('',#4565,.T.);
#4565 = EDGE_LOOP('',(#4566,#4567,#4576,#4584));
#4566 = ORIENTED_EDGE('',*,*,#4545,.T.);
#4567 = ORIENTED_EDGE('',*,*,#4568,.T.);
#4568 = EDGE_CURVE('',#4538,#4569,#4571,.T.);
#4569 = VERTEX_POINT('',#4570);
#4570 = CARTESIAN_POINT('',(-300.,301.25,0.45));
#4571 = CIRCLE('',#4572,0.45);
#4572 = AXIS2_PLACEMENT_3D('',#4573,#4574,#4575);
#4573 = CARTESIAN_POINT('',(-300.,301.25,4.440892098501E-16));
#4574 = DIRECTION('',(-1.,0.,0.));
#4575 = DIRECTION('',(-0.,-1.,-7.648203058529E-16));
#4576 = ORIENTED_EDGE('',*,*,#4577,.F.);
#4577 = EDGE_CURVE('',#4578,#4569,#4580,.T.);
#4578 = VERTEX_POINT('',#4579);
#4579 = CARTESIAN_POINT('',(300.,301.25,0.45));
#4580 = LINE('',#4581,#4582);
#4581 = CARTESIAN_POINT('',(300.,301.25,0.45));
#4582 = VECTOR('',#4583,1.);
#4583 = DIRECTION('',(-1.,0.,0.));
#4584 = ORIENTED_EDGE('',*,*,#4585,.F.);
#4585 = EDGE_CURVE('',#4546,#4578,#4586,.T.);
#4586 = CIRCLE('',#4587,0.45);
#4587 = AXIS2_PLACEMENT_3D('',#4588,#4589,#4590);
#4588 = CARTESIAN_POINT('',(300.,301.25,4.440892098501E-16));
#4589 = DIRECTION('',(-1.,0.,0.));
#4590 = DIRECTION('',(-0.,-1.,-7.648203058529E-16));
#4591 = CYLINDRICAL_SURFACE('',#4592,0.45);
#4592 = AXIS2_PLACEMENT_3D('',#4593,#4594,#4595);
#4593 = CARTESIAN_POINT('',(300.,301.25,4.440892098501E-16));
#4594 = DIRECTION('',(1.,-0.,0.));
#4595 = DIRECTION('',(-0.,-1.,-7.648203058529E-16));
#4596 = ADVANCED_FACE('',(#4597),#4622,.T.);
#4597 = FACE_BOUND('',#4598,.T.);
#4598 = EDGE_LOOP('',(#4599,#4600,#4608,#4616));
#4599 = ORIENTED_EDGE('',*,*,#4577,.T.);
#4600 = ORIENTED_EDGE('',*,*,#4601,.T.);
#4601 = EDGE_CURVE('',#4569,#4602,#4604,.T.);
#4602 = VERTEX_POINT('',#4603);
#4603 = CARTESIAN_POINT('',(-300.,303.65,0.45));
#4604 = LINE('',#4605,#4606);
#4605 = CARTESIAN_POINT('',(-300.,301.25,0.45));
#4606 = VECTOR('',#4607,1.);
#4607 = DIRECTION('',(0.,1.,-2.22044604925E-16));
#4608 = ORIENTED_EDGE('',*,*,#4609,.F.);
#4609 = EDGE_CURVE('',#4610,#4602,#4612,.T.);
#4610 = VERTEX_POINT('',#4611);
#4611 = CARTESIAN_POINT('',(300.,303.65,0.45));
#4612 = LINE('',#4613,#4614);
#4613 = CARTESIAN_POINT('',(300.,303.65,0.45));
#4614 = VECTOR('',#4615,1.);
#4615 = DIRECTION('',(-1.,0.,0.));
#4616 = ORIENTED_EDGE('',*,*,#4617,.F.);
#4617 = EDGE_CURVE('',#4578,#4610,#4618,.T.);
#4618 = LINE('',#4619,#4620);
#4619 = CARTESIAN_POINT('',(300.,301.25,0.45));
#4620 = VECTOR('',#4621,1.);
#4621 = DIRECTION('',(0.,1.,-2.22044604925E-16));
#4622 = PLANE('',#4623);
#4623 = AXIS2_PLACEMENT_3D('',#4624,#4625,#4626);
#4624 = CARTESIAN_POINT('',(300.,301.25,0.45));
#4625 = DIRECTION('',(0.,-2.22044604925E-16,-1.));
#4626 = DIRECTION('',(0.,1.,-2.22044604925E-16));
#4627 = ADVANCED_FACE('',(#4628),#4655,.T.);
#4628 = FACE_BOUND('',#4629,.T.);
#4629 = EDGE_LOOP('',(#4630,#4631,#4640,#4648));
#4630 = ORIENTED_EDGE('',*,*,#4609,.T.);
#4631 = ORIENTED_EDGE('',*,*,#4632,.T.);
#4632 = EDGE_CURVE('',#4602,#4633,#4635,.T.);
#4633 = VERTEX_POINT('',#4634);
#4634 = CARTESIAN_POINT('',(-300.,304.9,1.7));
#4635 = CIRCLE('',#4636,1.25);
#4636 = AXIS2_PLACEMENT_3D('',#4637,#4638,#4639);
#4637 = CARTESIAN_POINT('',(-300.,303.65,1.7));
#4638 = DIRECTION('',(1.,0.,0.));
#4639 = DIRECTION('',(0.,-1.287858708565E-15,-1.));
#4640 = ORIENTED_EDGE('',*,*,#4641,.F.);
#4641 = EDGE_CURVE('',#4642,#4633,#4644,.T.);
#4642 = VERTEX_POINT('',#4643);
#4643 = CARTESIAN_POINT('',(300.,304.9,1.7));
#4644 = LINE('',#4645,#4646);
#4645 = CARTESIAN_POINT('',(300.,304.9,1.7));
#4646 = VECTOR('',#4647,1.);
#4647 = DIRECTION('',(-1.,0.,0.));
#4648 = ORIENTED_EDGE('',*,*,#4649,.F.);
#4649 = EDGE_CURVE('',#4610,#4642,#4650,.T.);
#4650 = CIRCLE('',#4651,1.25);
#4651 = AXIS2_PLACEMENT_3D('',#4652,#4653,#4654);
#4652 = CARTESIAN_POINT('',(300.,303.65,1.7));
#4653 = DIRECTION('',(1.,0.,0.));
#4654 = DIRECTION('',(0.,-1.287858708565E-15,-1.));
#4655 = CYLINDRICAL_SURFACE('',#4656,1.25);
#4656 = AXIS2_PLACEMENT_3D('',#4657,#4658,#4659);
#4657 = CARTESIAN_POINT('',(300.,303.65,1.7));
#4658 = DIRECTION('',(1.,0.,0.));
#4659 = DIRECTION('',(0.,-1.287858708565E-15,-1.));
#4660 = ADVANCED_FACE('',(#4661),#4686,.T.);
#4661 = FACE_BOUND('',#4662,.T.);
#4662 = EDGE_LOOP('',(#4663,#4664,#4672,#4680));
#4663 = ORIENTED_EDGE('',*,*,#4641,.T.);
#4664 = ORIENTED_EDGE('',*,*,#4665,.T.);
#4665 = EDGE_CURVE('',#4633,#4666,#4668,.T.);
#4666 = VERTEX_POINT('',#4667);
#4667 = CARTESIAN_POINT('',(-300.,304.9,2.));
#4668 = LINE('',#4669,#4670);
#4669 = CARTESIAN_POINT('',(-300.,304.9,1.7));
#4670 = VECTOR('',#4671,1.);
#4671 = DIRECTION('',(0.,2.22044604925E-16,1.));
#4672 = ORIENTED_EDGE('',*,*,#4673,.F.);
#4673 = EDGE_CURVE('',#4674,#4666,#4676,.T.);
#4674 = VERTEX_POINT('',#4675);
#4675 = CARTESIAN_POINT('',(300.,304.9,2.));
#4676 = LINE('',#4677,#4678);
#4677 = CARTESIAN_POINT('',(300.,304.9,2.));
#4678 = VECTOR('',#4679,1.);
#4679 = DIRECTION('',(-1.,0.,0.));
#4680 = ORIENTED_EDGE('',*,*,#4681,.F.);
#4681 = EDGE_CURVE('',#4642,#4674,#4682,.T.);
#4682 = LINE('',#4683,#4684);
#4683 = CARTESIAN_POINT('',(300.,304.9,1.7));
#4684 = VECTOR('',#4685,1.);
#4685 = DIRECTION('',(0.,2.22044604925E-16,1.));
#4686 = PLANE('',#4687);
#4687 = AXIS2_PLACEMENT_3D('',#4688,#4689,#4690);
#4688 = CARTESIAN_POINT('',(300.,304.9,1.7));
#4689 = DIRECTION('',(0.,1.,-2.22044604925E-16));
#4690 = DIRECTION('',(0.,2.22044604925E-16,1.));
#4691 = ADVANCED_FACE('',(#4692),#4719,.T.);
#4692 = FACE_BOUND('',#4693,.T.);
#4693 = EDGE_LOOP('',(#4694,#4695,#4704,#4712));
#4694 = ORIENTED_EDGE('',*,*,#4673,.T.);
#4695 = ORIENTED_EDGE('',*,*,#4696,.T.);
#4696 = EDGE_CURVE('',#4666,#4697,#4699,.T.);
#4697 = VERTEX_POINT('',#4698);
#4698 = CARTESIAN_POINT('',(-300.,303.65,3.25));
#4699 = CIRCLE('',#4700,1.25);
#4700 = AXIS2_PLACEMENT_3D('',#4701,#4702,#4703);
#4701 = CARTESIAN_POINT('',(-300.,303.65,2.));
#4702 = DIRECTION('',(1.,-0.,0.));
#4703 = DIRECTION('',(0.,1.,-2.22044604925E-16));
#4704 = ORIENTED_EDGE('',*,*,#4705,.F.);
#4705 = EDGE_CURVE('',#4706,#4697,#4708,.T.);
#4706 = VERTEX_POINT('',#4707);
#4707 = CARTESIAN_POINT('',(300.,303.65,3.25));
#4708 = LINE('',#4709,#4710);
#4709 = CARTESIAN_POINT('',(300.,303.65,3.25));
#4710 = VECTOR('',#4711,1.);
#4711 = DIRECTION('',(-1.,0.,0.));
#4712 = ORIENTED_EDGE('',*,*,#4713,.F.);
#4713 = EDGE_CURVE('',#4674,#4706,#4714,.T.);
#4714 = CIRCLE('',#4715,1.25);
#4715 = AXIS2_PLACEMENT_3D('',#4716,#4717,#4718);
#4716 = CARTESIAN_POINT('',(300.,303.65,2.));
#4717 = DIRECTION('',(1.,-0.,0.));
#4718 = DIRECTION('',(0.,1.,-2.22044604925E-16));
#4719 = CYLINDRICAL_SURFACE('',#4720,1.25);
#4720 = AXIS2_PLACEMENT_3D('',#4721,#4722,#4723);
#4721 = CARTESIAN_POINT('',(300.,303.65,2.));
#4722 = DIRECTION('',(1.,0.,0.));
#4723 = DIRECTION('',(0.,1.,-2.22044604925E-16));
#4724 = ADVANCED_FACE('',(#4725),#4750,.T.);
#4725 = FACE_BOUND('',#4726,.T.);
#4726 = EDGE_LOOP('',(#4727,#4728,#4736,#4744));
#4727 = ORIENTED_EDGE('',*,*,#4705,.T.);
#4728 = ORIENTED_EDGE('',*,*,#4729,.T.);
#4729 = EDGE_CURVE('',#4697,#4730,#4732,.T.);
#4730 = VERTEX_POINT('',#4731);
#4731 = CARTESIAN_POINT('',(-300.,301.25,3.25));
#4732 = LINE('',#4733,#4734);
#4733 = CARTESIAN_POINT('',(-300.,303.65,3.25));
#4734 = VECTOR('',#4735,1.);
#4735 = DIRECTION('',(0.,-1.,2.22044604925E-16));
#4736 = ORIENTED_EDGE('',*,*,#4737,.F.);
#4737 = EDGE_CURVE('',#4738,#4730,#4740,.T.);
#4738 = VERTEX_POINT('',#4739);
#4739 = CARTESIAN_POINT('',(300.,301.25,3.25));
#4740 = LINE('',#4741,#4742);
#4741 = CARTESIAN_POINT('',(300.,301.25,3.25));
#4742 = VECTOR('',#4743,1.);
#4743 = DIRECTION('',(-1.,0.,0.));
#4744 = ORIENTED_EDGE('',*,*,#4745,.F.);
#4745 = EDGE_CURVE('',#4706,#4738,#4746,.T.);
#4746 = LINE('',#4747,#4748);
#4747 = CARTESIAN_POINT('',(300.,303.65,3.25));
#4748 = VECTOR('',#4749,1.);
#4749 = DIRECTION('',(0.,-1.,2.22044604925E-16));
#4750 = PLANE('',#4751);
#4751 = AXIS2_PLACEMENT_3D('',#4752,#4753,#4754);
#4752 = CARTESIAN_POINT('',(300.,303.65,3.25));
#4753 = DIRECTION('',(0.,2.22044604925E-16,1.));
#4754 = DIRECTION('',(0.,-1.,2.22044604925E-16));
#4755 = ADVANCED_FACE('',(#4756),#4783,.F.);
#4756 = FACE_BOUND('',#4757,.T.);
#4757 = EDGE_LOOP('',(#4758,#4759,#4768,#4776));
#4758 = ORIENTED_EDGE('',*,*,#4737,.T.);
#4759 = ORIENTED_EDGE('',*,*,#4760,.T.);
#4760 = EDGE_CURVE('',#4730,#4761,#4763,.T.);
#4761 = VERTEX_POINT('',#4762);
#4762 = CARTESIAN_POINT('',(-300.,300.8,3.7));
#4763 = CIRCLE('',#4764,0.45);
#4764 = AXIS2_PLACEMENT_3D('',#4765,#4766,#4767);
#4765 = CARTESIAN_POINT('',(-300.,301.25,3.7));
#4766 = DIRECTION('',(-1.,0.,0.));
#4767 = DIRECTION('',(0.,7.648203058529E-16,-1.));
#4768 = ORIENTED_EDGE('',*,*,#4769,.F.);
#4769 = EDGE_CURVE('',#4770,#4761,#4772,.T.);
#4770 = VERTEX_POINT('',#4771);
#4771 = CARTESIAN_POINT('',(300.,300.8,3.7));
#4772 = LINE('',#4773,#4774);
#4773 = CARTESIAN_POINT('',(300.,300.8,3.7));
#4774 = VECTOR('',#4775,1.);
#4775 = DIRECTION('',(-1.,0.,0.));
#4776 = ORIENTED_EDGE('',*,*,#4777,.F.);
#4777 = EDGE_CURVE('',#4738,#4770,#4778,.T.);
#4778 = CIRCLE('',#4779,0.45);
#4779 = AXIS2_PLACEMENT_3D('',#4780,#4781,#4782);
#4780 = CARTESIAN_POINT('',(300.,301.25,3.7));
#4781 = DIRECTION('',(-1.,0.,0.));
#4782 = DIRECTION('',(0.,7.648203058529E-16,-1.));
#4783 = CYLINDRICAL_SURFACE('',#4784,0.45);
#4784 = AXIS2_PLACEMENT_3D('',#4785,#4786,#4787);
#4785 = CARTESIAN_POINT('',(300.,301.25,3.7));
#4786 = DIRECTION('',(1.,-0.,0.));
#4787 = DIRECTION('',(0.,7.648203058529E-16,-1.));
#4788 = ADVANCED_FACE('',(#4789),#4814,.T.);
#4789 = FACE_BOUND('',#4790,.T.);
#4790 = EDGE_LOOP('',(#4791,#4792,#4800,#4808));
#4791 = ORIENTED_EDGE('',*,*,#4769,.T.);
#4792 = ORIENTED_EDGE('',*,*,#4793,.T.);
#4793 = EDGE_CURVE('',#4761,#4794,#4796,.T.);
#4794 = VERTEX_POINT('',#4795);
#4795 = CARTESIAN_POINT('',(-300.,300.8,23.45));
#4796 = LINE('',#4797,#4798);
#4797 = CARTESIAN_POINT('',(-300.,300.8,3.7));
#4798 = VECTOR('',#4799,1.);
#4799 = DIRECTION('',(0.,2.22044604925E-16,1.));
#4800 = ORIENTED_EDGE('',*,*,#4801,.F.);
#4801 = EDGE_CURVE('',#4802,#4794,#4804,.T.);
#4802 = VERTEX_POINT('',#4803);
#4803 = CARTESIAN_POINT('',(300.,300.8,23.45));
#4804 = LINE('',#4805,#4806);
#4805 = CARTESIAN_POINT('',(300.,300.8,23.45));
#4806 = VECTOR('',#4807,1.);
#4807 = DIRECTION('',(-1.,0.,0.));
#4808 = ORIENTED_EDGE('',*,*,#4809,.F.);
#4809 = EDGE_CURVE('',#4770,#4802,#4810,.T.);
#4810 = LINE('',#4811,#4812);
#4811 = CARTESIAN_POINT('',(300.,300.8,3.7));
#4812 = VECTOR('',#4813,1.);
#4813 = DIRECTION('',(0.,2.22044604925E-16,1.));
#4814 = PLANE('',#4815);
#4815 = AXIS2_PLACEMENT_3D('',#4816,#4817,#4818);
#4816 = CARTESIAN_POINT('',(300.,300.8,3.7));
#4817 = DIRECTION('',(0.,1.,-2.22044604925E-16));
#4818 = DIRECTION('',(0.,2.22044604925E-16,1.));
#4819 = ADVANCED_FACE('',(#4820),#4836,.T.);
#4820 = FACE_BOUND('',#4821,.T.);
#4821 = EDGE_LOOP('',(#4822,#4823,#4829,#4830));
#4822 = ORIENTED_EDGE('',*,*,#4801,.T.);
#4823 = ORIENTED_EDGE('',*,*,#4824,.T.);
#4824 = EDGE_CURVE('',#4794,#3316,#4825,.T.);
#4825 = LINE('',#4826,#4827);
#4826 = CARTESIAN_POINT('',(-300.,300.8,23.45));
#4827 = VECTOR('',#4828,1.);
#4828 = DIRECTION('',(0.,-1.,2.22044604925E-16));
#4829 = ORIENTED_EDGE('',*,*,#3313,.F.);
#4830 = ORIENTED_EDGE('',*,*,#4831,.F.);
#4831 = EDGE_CURVE('',#4802,#3314,#4832,.T.);
#4832 = LINE('',#4833,#4834);
#4833 = CARTESIAN_POINT('',(300.,300.8,23.45));
#4834 = VECTOR('',#4835,1.);
#4835 = DIRECTION('',(0.,-1.,2.22044604925E-16));
#4836 = PLANE('',#4837);
#4837 = AXIS2_PLACEMENT_3D('',#4838,#4839,#4840);
#4838 = CARTESIAN_POINT('',(300.,300.8,23.45));
#4839 = DIRECTION('',(0.,2.22044604925E-16,1.));
#4840 = DIRECTION('',(0.,-1.,2.22044604925E-16));
#4841 = ADVANCED_FACE('',(#4842),#4892,.T.);
#4842 = FACE_BOUND('',#4843,.T.);
#4843 = EDGE_LOOP('',(#4844,#4845,#4846,#4847,#4848,#4849,#4850,#4851,
    #4852,#4853,#4854,#4855,#4856,#4857,#4858,#4859,#4860,#4861,#4862,
    #4863,#4864,#4865,#4866,#4867,#4868,#4869,#4870,#4871,#4872,#4873,
    #4874,#4875,#4876,#4877,#4878,#4879,#4880,#4881,#4882,#4883,#4884,
    #4885,#4886,#4887,#4888,#4889,#4890,#4891));
#4844 = ORIENTED_EDGE('',*,*,#3339,.T.);
#4845 = ORIENTED_EDGE('',*,*,#3371,.T.);
#4846 = ORIENTED_EDGE('',*,*,#3403,.T.);
#4847 = ORIENTED_EDGE('',*,*,#3435,.T.);
#4848 = ORIENTED_EDGE('',*,*,#3467,.T.);
#4849 = ORIENTED_EDGE('',*,*,#3499,.T.);
#4850 = ORIENTED_EDGE('',*,*,#3531,.T.);
#4851 = ORIENTED_EDGE('',*,*,#3563,.T.);
#4852 = ORIENTED_EDGE('',*,*,#3595,.T.);
#4853 = ORIENTED_EDGE('',*,*,#3627,.T.);
#4854 = ORIENTED_EDGE('',*,*,#3659,.T.);
#4855 = ORIENTED_EDGE('',*,*,#3691,.T.);
#4856 = ORIENTED_EDGE('',*,*,#3723,.T.);
#4857 = ORIENTED_EDGE('',*,*,#3755,.T.);
#4858 = ORIENTED_EDGE('',*,*,#3787,.T.);
#4859 = ORIENTED_EDGE('',*,*,#3819,.T.);
#4860 = ORIENTED_EDGE('',*,*,#3851,.T.);
#4861 = ORIENTED_EDGE('',*,*,#3883,.T.);
#4862 = ORIENTED_EDGE('',*,*,#3915,.T.);
#4863 = ORIENTED_EDGE('',*,*,#3947,.T.);
#4864 = ORIENTED_EDGE('',*,*,#3979,.T.);
#4865 = ORIENTED_EDGE('',*,*,#4011,.T.);
#4866 = ORIENTED_EDGE('',*,*,#4043,.T.);
#4867 = ORIENTED_EDGE('',*,*,#4074,.T.);
#4868 = ORIENTED_EDGE('',*,*,#4105,.T.);
#4869 = ORIENTED_EDGE('',*,*,#4137,.T.);
#4870 = ORIENTED_EDGE('',*,*,#4169,.T.);
#4871 = ORIENTED_EDGE('',*,*,#4201,.T.);
#4872 = ORIENTED_EDGE('',*,*,#4233,.T.);
#4873 = ORIENTED_EDGE('',*,*,#4265,.T.);
#4874 = ORIENTED_EDGE('',*,*,#4297,.T.);
#4875 = ORIENTED_EDGE('',*,*,#4329,.T.);
#4876 = ORIENTED_EDGE('',*,*,#4361,.T.);
#4877 = ORIENTED_EDGE('',*,*,#4393,.T.);
#4878 = ORIENTED_EDGE('',*,*,#4425,.T.);
#4879 = ORIENTED_EDGE('',*,*,#4457,.T.);
#4880 = ORIENTED_EDGE('',*,*,#4489,.T.);
#4881 = ORIENTED_EDGE('',*,*,#4521,.T.);
#4882 = ORIENTED_EDGE('',*,*,#4553,.T.);
#4883 = ORIENTED_EDGE('',*,*,#4585,.T.);
#4884 = ORIENTED_EDGE('',*,*,#4617,.T.);
#4885 = ORIENTED_EDGE('',*,*,#4649,.T.);
#4886 = ORIENTED_EDGE('',*,*,#4681,.T.);
#4887 = ORIENTED_EDGE('',*,*,#4713,.T.);
#4888 = ORIENTED_EDGE('',*,*,#4745,.T.);
#4889 = ORIENTED_EDGE('',*,*,#4777,.T.);
#4890 = ORIENTED_EDGE('',*,*,#4809,.T.);
#4891 = ORIENTED_EDGE('',*,*,#4831,.T.);
#4892 = PLANE('',#4893);
#4893 = AXIS2_PLACEMENT_3D('',#4894,#4895,#4896);
#4894 = CARTESIAN_POINT('',(300.,310.50390734792,4.326785227791));
#4895 = DIRECTION('',(1.,-0.,0.));
#4896 = DIRECTION('',(0.,-1.,2.22044604925E-16));
#4897 = ADVANCED_FACE('',(#4898),#4948,.F.);
#4898 = FACE_BOUND('',#4899,.F.);
#4899 = EDGE_LOOP('',(#4900,#4901,#4902,#4903,#4904,#4905,#4906,#4907,
    #4908,#4909,#4910,#4911,#4912,#4913,#4914,#4915,#4916,#4917,#4918,
    #4919,#4920,#4921,#4922,#4923,#4924,#4925,#4926,#4927,#4928,#4929,
    #4930,#4931,#4932,#4933,#4934,#4935,#4936,#4937,#4938,#4939,#4940,
    #4941,#4942,#4943,#4944,#4945,#4946,#4947));
#4900 = ORIENTED_EDGE('',*,*,#3323,.T.);
#4901 = ORIENTED_EDGE('',*,*,#3354,.T.);
#4902 = ORIENTED_EDGE('',*,*,#3387,.T.);
#4903 = ORIENTED_EDGE('',*,*,#3418,.T.);
#4904 = ORIENTED_EDGE('',*,*,#3451,.T.);
#4905 = ORIENTED_EDGE('',*,*,#3482,.T.);
#4906 = ORIENTED_EDGE('',*,*,#3515,.T.);
#4907 = ORIENTED_EDGE('',*,*,#3546,.T.);
#4908 = ORIENTED_EDGE('',*,*,#3579,.T.);
#4909 = ORIENTED_EDGE('',*,*,#3610,.T.);
#4910 = ORIENTED_EDGE('',*,*,#3643,.T.);
#4911 = ORIENTED_EDGE('',*,*,#3674,.T.);
#4912 = ORIENTED_EDGE('',*,*,#3707,.T.);
#4913 = ORIENTED_EDGE('',*,*,#3738,.T.);
#4914 = ORIENTED_EDGE('',*,*,#3771,.T.);
#4915 = ORIENTED_EDGE('',*,*,#3802,.T.);
#4916 = ORIENTED_EDGE('',*,*,#3835,.T.);
#4917 = ORIENTED_EDGE('',*,*,#3866,.T.);
#4918 = ORIENTED_EDGE('',*,*,#3899,.T.);
#4919 = ORIENTED_EDGE('',*,*,#3930,.T.);
#4920 = ORIENTED_EDGE('',*,*,#3963,.T.);
#4921 = ORIENTED_EDGE('',*,*,#3994,.T.);
#4922 = ORIENTED_EDGE('',*,*,#4027,.T.);
#4923 = ORIENTED_EDGE('',*,*,#4058,.T.);
#4924 = ORIENTED_EDGE('',*,*,#4089,.T.);
#4925 = ORIENTED_EDGE('',*,*,#4120,.T.);
#4926 = ORIENTED_EDGE('',*,*,#4153,.T.);
#4927 = ORIENTED_EDGE('',*,*,#4184,.T.);
#4928 = ORIENTED_EDGE('',*,*,#4217,.T.);
#4929 = ORIENTED_EDGE('',*,*,#4248,.T.);
#4930 = ORIENTED_EDGE('',*,*,#4281,.T.);
#4931 = ORIENTED_EDGE('',*,*,#4312,.T.);
#4932 = ORIENTED_EDGE('',*,*,#4345,.T.);
#4933 = ORIENTED_EDGE('',*,*,#4376,.T.);
#4934 = ORIENTED_EDGE('',*,*,#4409,.T.);
#4935 = ORIENTED_EDGE('',*,*,#4440,.T.);
#4936 = ORIENTED_EDGE('',*,*,#4473,.T.);
#4937 = ORIENTED_EDGE('',*,*,#4504,.T.);
#4938 = ORIENTED_EDGE('',*,*,#4537,.T.);
#4939 = ORIENTED_EDGE('',*,*,#4568,.T.);
#4940 = ORIENTED_EDGE('',*,*,#4601,.T.);
#4941 = ORIENTED_EDGE('',*,*,#4632,.T.);
#4942 = ORIENTED_EDGE('',*,*,#4665,.T.);
#4943 = ORIENTED_EDGE('',*,*,#4696,.T.);
#4944 = ORIENTED_EDGE('',*,*,#4729,.T.);
#4945 = ORIENTED_EDGE('',*,*,#4760,.T.);
#4946 = ORIENTED_EDGE('',*,*,#4793,.T.);
#4947 = ORIENTED_EDGE('',*,*,#4824,.T.);
#4948 = PLANE('',#4949);
#4949 = AXIS2_PLACEMENT_3D('',#4950,#4951,#4952);
#4950 = CARTESIAN_POINT('',(-300.,310.50390734792,4.326785227791));
#4951 = DIRECTION('',(1.,-0.,0.));
#4952 = DIRECTION('',(0.,-1.,2.22044604925E-16));
#4953 = MANIFOLD_SOLID_BREP('',#4954);
#4954 = CLOSED_SHELL('',(#4955,#4995,#5028,#5059,#5092,#5123,#5156,#5187
    ,#5220,#5251,#5284,#5315,#5348,#5379,#5412,#5443,#5476,#5507,#5540,
    #5571,#5604,#5635,#5668,#5699,#5730,#5761,#5794,#5825,#5858,#5889,
    #5922,#5953,#5986,#6017,#6050,#6081,#6114,#6145,#6178,#6209,#6242,
    #6273,#6306,#6337,#6370,#6401,#6434,#6465,#6487,#6543));
#4955 = ADVANCED_FACE('',(#4956),#4990,.T.);
#4956 = FACE_BOUND('',#4957,.T.);
#4957 = EDGE_LOOP('',(#4958,#4968,#4976,#4984));
#4958 = ORIENTED_EDGE('',*,*,#4959,.T.);
#4959 = EDGE_CURVE('',#4960,#4962,#4964,.T.);
#4960 = VERTEX_POINT('',#4961);
#4961 = CARTESIAN_POINT('',(-300.,300.,23.45));
#4962 = VERTEX_POINT('',#4963);
#4963 = CARTESIAN_POINT('',(-300.,-300.,23.45));
#4964 = LINE('',#4965,#4966);
#4965 = CARTESIAN_POINT('',(-300.,300.,23.45));
#4966 = VECTOR('',#4967,1.);
#4967 = DIRECTION('',(0.,-1.,0.));
#4968 = ORIENTED_EDGE('',*,*,#4969,.T.);
#4969 = EDGE_CURVE('',#4962,#4970,#4972,.T.);
#4970 = VERTEX_POINT('',#4971);
#4971 = CARTESIAN_POINT('',(-300.,-300.,3.7));
#4972 = LINE('',#4973,#4974);
#4973 = CARTESIAN_POINT('',(-300.,-300.,23.45));
#4974 = VECTOR('',#4975,1.);
#4975 = DIRECTION('',(0.,0.,-1.));
#4976 = ORIENTED_EDGE('',*,*,#4977,.F.);
#4977 = EDGE_CURVE('',#4978,#4970,#4980,.T.);
#4978 = VERTEX_POINT('',#4979);
#4979 = CARTESIAN_POINT('',(-300.,300.,3.7));
#4980 = LINE('',#4981,#4982);
#4981 = CARTESIAN_POINT('',(-300.,300.,3.7));
#4982 = VECTOR('',#4983,1.);
#4983 = DIRECTION('',(0.,-1.,0.));
#4984 = ORIENTED_EDGE('',*,*,#4985,.F.);
#4985 = EDGE_CURVE('',#4960,#4978,#4986,.T.);
#4986 = LINE('',#4987,#4988);
#4987 = CARTESIAN_POINT('',(-300.,300.,23.45));
#4988 = VECTOR('',#4989,1.);
#4989 = DIRECTION('',(0.,0.,-1.));
#4990 = PLANE('',#4991);
#4991 = AXIS2_PLACEMENT_3D('',#4992,#4993,#4994);
#4992 = CARTESIAN_POINT('',(-300.,300.,23.45));
#4993 = DIRECTION('',(1.,0.,0.));
#4994 = DIRECTION('',(0.,0.,-1.));
#4995 = ADVANCED_FACE('',(#4996),#5023,.T.);
#4996 = FACE_BOUND('',#4997,.T.);
#4997 = EDGE_LOOP('',(#4998,#4999,#5008,#5016));
#4998 = ORIENTED_EDGE('',*,*,#4977,.T.);
#4999 = ORIENTED_EDGE('',*,*,#5000,.T.);
#5000 = EDGE_CURVE('',#4970,#5001,#5003,.T.);
#5001 = VERTEX_POINT('',#5002);
#5002 = CARTESIAN_POINT('',(-301.25,-300.,2.45));
#5003 = CIRCLE('',#5004,1.25);
#5004 = AXIS2_PLACEMENT_3D('',#5005,#5006,#5007);
#5005 = CARTESIAN_POINT('',(-301.25,-300.,3.7));
#5006 = DIRECTION('',(-0.,1.,0.));
#5007 = DIRECTION('',(1.,0.,0.));
#5008 = ORIENTED_EDGE('',*,*,#5009,.F.);
#5009 = EDGE_CURVE('',#5010,#5001,#5012,.T.);
#5010 = VERTEX_POINT('',#5011);
#5011 = CARTESIAN_POINT('',(-301.25,300.,2.45));
#5012 = LINE('',#5013,#5014);
#5013 = CARTESIAN_POINT('',(-301.25,300.,2.45));
#5014 = VECTOR('',#5015,1.);
#5015 = DIRECTION('',(0.,-1.,0.));
#5016 = ORIENTED_EDGE('',*,*,#5017,.F.);
#5017 = EDGE_CURVE('',#4978,#5010,#5018,.T.);
#5018 = CIRCLE('',#5019,1.25);
#5019 = AXIS2_PLACEMENT_3D('',#5020,#5021,#5022);
#5020 = CARTESIAN_POINT('',(-301.25,300.,3.7));
#5021 = DIRECTION('',(-0.,1.,0.));
#5022 = DIRECTION('',(1.,0.,0.));
#5023 = CYLINDRICAL_SURFACE('',#5024,1.25);
#5024 = AXIS2_PLACEMENT_3D('',#5025,#5026,#5027);
#5025 = CARTESIAN_POINT('',(-301.25,300.,3.7));
#5026 = DIRECTION('',(0.,1.,0.));
#5027 = DIRECTION('',(1.,0.,0.));
#5028 = ADVANCED_FACE('',(#5029),#5054,.T.);
#5029 = FACE_BOUND('',#5030,.T.);
#5030 = EDGE_LOOP('',(#5031,#5032,#5040,#5048));
#5031 = ORIENTED_EDGE('',*,*,#5009,.T.);
#5032 = ORIENTED_EDGE('',*,*,#5033,.T.);
#5033 = EDGE_CURVE('',#5001,#5034,#5036,.T.);
#5034 = VERTEX_POINT('',#5035);
#5035 = CARTESIAN_POINT('',(-303.65,-300.,2.45));
#5036 = LINE('',#5037,#5038);
#5037 = CARTESIAN_POINT('',(-301.25,-300.,2.45));
#5038 = VECTOR('',#5039,1.);
#5039 = DIRECTION('',(-1.,0.,0.));
#5040 = ORIENTED_EDGE('',*,*,#5041,.F.);
#5041 = EDGE_CURVE('',#5042,#5034,#5044,.T.);
#5042 = VERTEX_POINT('',#5043);
#5043 = CARTESIAN_POINT('',(-303.65,300.,2.45));
#5044 = LINE('',#5045,#5046);
#5045 = CARTESIAN_POINT('',(-303.65,300.,2.45));
#5046 = VECTOR('',#5047,1.);
#5047 = DIRECTION('',(0.,-1.,0.));
#5048 = ORIENTED_EDGE('',*,*,#5049,.F.);
#5049 = EDGE_CURVE('',#5010,#5042,#5050,.T.);
#5050 = LINE('',#5051,#5052);
#5051 = CARTESIAN_POINT('',(-301.25,300.,2.45));
#5052 = VECTOR('',#5053,1.);
#5053 = DIRECTION('',(-1.,0.,0.));
#5054 = PLANE('',#5055);
#5055 = AXIS2_PLACEMENT_3D('',#5056,#5057,#5058);
#5056 = CARTESIAN_POINT('',(-301.25,300.,2.45));
#5057 = DIRECTION('',(0.,0.,-1.));
#5058 = DIRECTION('',(-1.,0.,0.));
#5059 = ADVANCED_FACE('',(#5060),#5087,.F.);
#5060 = FACE_BOUND('',#5061,.T.);
#5061 = EDGE_LOOP('',(#5062,#5063,#5072,#5080));
#5062 = ORIENTED_EDGE('',*,*,#5041,.T.);
#5063 = ORIENTED_EDGE('',*,*,#5064,.T.);
#5064 = EDGE_CURVE('',#5034,#5065,#5067,.T.);
#5065 = VERTEX_POINT('',#5066);
#5066 = CARTESIAN_POINT('',(-304.1,-300.,2.));
#5067 = CIRCLE('',#5068,0.45);
#5068 = AXIS2_PLACEMENT_3D('',#5069,#5070,#5071);
#5069 = CARTESIAN_POINT('',(-303.65,-300.,2.));
#5070 = DIRECTION('',(-0.,-1.,0.));
#5071 = DIRECTION('',(-9.868649107779E-16,0.,1.));
#5072 = ORIENTED_EDGE('',*,*,#5073,.F.);
#5073 = EDGE_CURVE('',#5074,#5065,#5076,.T.);
#5074 = VERTEX_POINT('',#5075);
#5075 = CARTESIAN_POINT('',(-304.1,300.,2.));
#5076 = LINE('',#5077,#5078);
#5077 = CARTESIAN_POINT('',(-304.1,300.,2.));
#5078 = VECTOR('',#5079,1.);
#5079 = DIRECTION('',(0.,-1.,0.));
#5080 = ORIENTED_EDGE('',*,*,#5081,.F.);
#5081 = EDGE_CURVE('',#5042,#5074,#5082,.T.);
#5082 = CIRCLE('',#5083,0.45);
#5083 = AXIS2_PLACEMENT_3D('',#5084,#5085,#5086);
#5084 = CARTESIAN_POINT('',(-303.65,300.,2.));
#5085 = DIRECTION('',(-0.,-1.,0.));
#5086 = DIRECTION('',(-9.868649107779E-16,0.,1.));
#5087 = CYLINDRICAL_SURFACE('',#5088,0.45);
#5088 = AXIS2_PLACEMENT_3D('',#5089,#5090,#5091);
#5089 = CARTESIAN_POINT('',(-303.65,300.,2.));
#5090 = DIRECTION('',(0.,1.,-0.));
#5091 = DIRECTION('',(-9.868649107779E-16,0.,1.));
#5092 = ADVANCED_FACE('',(#5093),#5118,.T.);
#5093 = FACE_BOUND('',#5094,.T.);
#5094 = EDGE_LOOP('',(#5095,#5096,#5104,#5112));
#5095 = ORIENTED_EDGE('',*,*,#5073,.T.);
#5096 = ORIENTED_EDGE('',*,*,#5097,.T.);
#5097 = EDGE_CURVE('',#5065,#5098,#5100,.T.);
#5098 = VERTEX_POINT('',#5099);
#5099 = CARTESIAN_POINT('',(-304.1,-300.,1.7));
#5100 = LINE('',#5101,#5102);
#5101 = CARTESIAN_POINT('',(-304.1,-300.,2.));
#5102 = VECTOR('',#5103,1.);
#5103 = DIRECTION('',(0.,0.,-1.));
#5104 = ORIENTED_EDGE('',*,*,#5105,.F.);
#5105 = EDGE_CURVE('',#5106,#5098,#5108,.T.);
#5106 = VERTEX_POINT('',#5107);
#5107 = CARTESIAN_POINT('',(-304.1,300.,1.7));
#5108 = LINE('',#5109,#5110);
#5109 = CARTESIAN_POINT('',(-304.1,300.,1.7));
#5110 = VECTOR('',#5111,1.);
#5111 = DIRECTION('',(0.,-1.,0.));
#5112 = ORIENTED_EDGE('',*,*,#5113,.F.);
#5113 = EDGE_CURVE('',#5074,#5106,#5114,.T.);
#5114 = LINE('',#5115,#5116);
#5115 = CARTESIAN_POINT('',(-304.1,300.,2.));
#5116 = VECTOR('',#5117,1.);
#5117 = DIRECTION('',(0.,0.,-1.));
#5118 = PLANE('',#5119);
#5119 = AXIS2_PLACEMENT_3D('',#5120,#5121,#5122);
#5120 = CARTESIAN_POINT('',(-304.1,300.,2.));
#5121 = DIRECTION('',(1.,0.,0.));
#5122 = DIRECTION('',(0.,0.,-1.));
#5123 = ADVANCED_FACE('',(#5124),#5151,.F.);
#5124 = FACE_BOUND('',#5125,.T.);
#5125 = EDGE_LOOP('',(#5126,#5127,#5136,#5144));
#5126 = ORIENTED_EDGE('',*,*,#5105,.T.);
#5127 = ORIENTED_EDGE('',*,*,#5128,.T.);
#5128 = EDGE_CURVE('',#5098,#5129,#5131,.T.);
#5129 = VERTEX_POINT('',#5130);
#5130 = CARTESIAN_POINT('',(-303.65,-300.,1.25));
#5131 = CIRCLE('',#5132,0.45);
#5132 = AXIS2_PLACEMENT_3D('',#5133,#5134,#5135);
#5133 = CARTESIAN_POINT('',(-303.65,-300.,1.7));
#5134 = DIRECTION('',(-0.,-1.,0.));
#5135 = DIRECTION('',(-1.,0.,1.973729821556E-15));
#5136 = ORIENTED_EDGE('',*,*,#5137,.F.);
#5137 = EDGE_CURVE('',#5138,#5129,#5140,.T.);
#5138 = VERTEX_POINT('',#5139);
#5139 = CARTESIAN_POINT('',(-303.65,300.,1.25));
#5140 = LINE('',#5141,#5142);
#5141 = CARTESIAN_POINT('',(-303.65,300.,1.25));
#5142 = VECTOR('',#5143,1.);
#5143 = DIRECTION('',(0.,-1.,0.));
#5144 = ORIENTED_EDGE('',*,*,#5145,.F.);
#5145 = EDGE_CURVE('',#5106,#5138,#5146,.T.);
#5146 = CIRCLE('',#5147,0.45);
#5147 = AXIS2_PLACEMENT_3D('',#5148,#5149,#5150);
#5148 = CARTESIAN_POINT('',(-303.65,300.,1.7));
#5149 = DIRECTION('',(-0.,-1.,0.));
#5150 = DIRECTION('',(-1.,0.,1.973729821556E-15));
#5151 = CYLINDRICAL_SURFACE('',#5152,0.45);
#5152 = AXIS2_PLACEMENT_3D('',#5153,#5154,#5155);
#5153 = CARTESIAN_POINT('',(-303.65,300.,1.7));
#5154 = DIRECTION('',(0.,1.,-0.));
#5155 = DIRECTION('',(-1.,0.,1.973729821556E-15));
#5156 = ADVANCED_FACE('',(#5157),#5182,.T.);
#5157 = FACE_BOUND('',#5158,.T.);
#5158 = EDGE_LOOP('',(#5159,#5160,#5168,#5176));
#5159 = ORIENTED_EDGE('',*,*,#5137,.T.);
#5160 = ORIENTED_EDGE('',*,*,#5161,.T.);
#5161 = EDGE_CURVE('',#5129,#5162,#5164,.T.);
#5162 = VERTEX_POINT('',#5163);
#5163 = CARTESIAN_POINT('',(-301.25,-300.,1.25));
#5164 = LINE('',#5165,#5166);
#5165 = CARTESIAN_POINT('',(-303.65,-300.,1.25));
#5166 = VECTOR('',#5167,1.);
#5167 = DIRECTION('',(1.,0.,0.));
#5168 = ORIENTED_EDGE('',*,*,#5169,.F.);
#5169 = EDGE_CURVE('',#5170,#5162,#5172,.T.);
#5170 = VERTEX_POINT('',#5171);
#5171 = CARTESIAN_POINT('',(-301.25,300.,1.25));
#5172 = LINE('',#5173,#5174);
#5173 = CARTESIAN_POINT('',(-301.25,300.,1.25));
#5174 = VECTOR('',#5175,1.);
#5175 = DIRECTION('',(0.,-1.,0.));
#5176 = ORIENTED_EDGE('',*,*,#5177,.F.);
#5177 = EDGE_CURVE('',#5138,#5170,#5178,.T.);
#5178 = LINE('',#5179,#5180);
#5179 = CARTESIAN_POINT('',(-303.65,300.,1.25));
#5180 = VECTOR('',#5181,1.);
#5181 = DIRECTION('',(1.,0.,0.));
#5182 = PLANE('',#5183);
#5183 = AXIS2_PLACEMENT_3D('',#5184,#5185,#5186);
#5184 = CARTESIAN_POINT('',(-303.65,300.,1.25));
#5185 = DIRECTION('',(0.,0.,1.));
#5186 = DIRECTION('',(1.,0.,0.));
#5187 = ADVANCED_FACE('',(#5188),#5215,.T.);
#5188 = FACE_BOUND('',#5189,.T.);
#5189 = EDGE_LOOP('',(#5190,#5191,#5200,#5208));
#5190 = ORIENTED_EDGE('',*,*,#5169,.T.);
#5191 = ORIENTED_EDGE('',*,*,#5192,.T.);
#5192 = EDGE_CURVE('',#5162,#5193,#5195,.T.);
#5193 = VERTEX_POINT('',#5194);
#5194 = CARTESIAN_POINT('',(-300.,-300.,8.881784197001E-16));
#5195 = CIRCLE('',#5196,1.25);
#5196 = AXIS2_PLACEMENT_3D('',#5197,#5198,#5199);
#5197 = CARTESIAN_POINT('',(-301.25,-300.,1.7763568394E-15));
#5198 = DIRECTION('',(0.,1.,-0.));
#5199 = DIRECTION('',(-5.329070518201E-16,0.,1.));
#5200 = ORIENTED_EDGE('',*,*,#5201,.F.);
#5201 = EDGE_CURVE('',#5202,#5193,#5204,.T.);
#5202 = VERTEX_POINT('',#5203);
#5203 = CARTESIAN_POINT('',(-300.,300.,8.881784197001E-16));
#5204 = LINE('',#5205,#5206);
#5205 = CARTESIAN_POINT('',(-300.,300.,8.881784197001E-16));
#5206 = VECTOR('',#5207,1.);
#5207 = DIRECTION('',(0.,-1.,0.));
#5208 = ORIENTED_EDGE('',*,*,#5209,.F.);
#5209 = EDGE_CURVE('',#5170,#5202,#5210,.T.);
#5210 = CIRCLE('',#5211,1.25);
#5211 = AXIS2_PLACEMENT_3D('',#5212,#5213,#5214);
#5212 = CARTESIAN_POINT('',(-301.25,300.,1.7763568394E-15));
#5213 = DIRECTION('',(0.,1.,-0.));
#5214 = DIRECTION('',(-5.329070518201E-16,0.,1.));
#5215 = CYLINDRICAL_SURFACE('',#5216,1.25);
#5216 = AXIS2_PLACEMENT_3D('',#5217,#5218,#5219);
#5217 = CARTESIAN_POINT('',(-301.25,300.,1.7763568394E-15));
#5218 = DIRECTION('',(0.,1.,0.));
#5219 = DIRECTION('',(-5.329070518201E-16,0.,1.));
#5220 = ADVANCED_FACE('',(#5221),#5246,.T.);
#5221 = FACE_BOUND('',#5222,.T.);
#5222 = EDGE_LOOP('',(#5223,#5224,#5232,#5240));
#5223 = ORIENTED_EDGE('',*,*,#5201,.T.);
#5224 = ORIENTED_EDGE('',*,*,#5225,.T.);
#5225 = EDGE_CURVE('',#5193,#5226,#5228,.T.);
#5226 = VERTEX_POINT('',#5227);
#5227 = CARTESIAN_POINT('',(-300.,-300.,-2.3));
#5228 = LINE('',#5229,#5230);
#5229 = CARTESIAN_POINT('',(-300.,-300.,8.881784197001E-16));
#5230 = VECTOR('',#5231,1.);
#5231 = DIRECTION('',(0.,0.,-1.));
#5232 = ORIENTED_EDGE('',*,*,#5233,.F.);
#5233 = EDGE_CURVE('',#5234,#5226,#5236,.T.);
#5234 = VERTEX_POINT('',#5235);
#5235 = CARTESIAN_POINT('',(-300.,300.,-2.3));
#5236 = LINE('',#5237,#5238);
#5237 = CARTESIAN_POINT('',(-300.,300.,-2.3));
#5238 = VECTOR('',#5239,1.);
#5239 = DIRECTION('',(0.,-1.,0.));
#5240 = ORIENTED_EDGE('',*,*,#5241,.F.);
#5241 = EDGE_CURVE('',#5202,#5234,#5242,.T.);
#5242 = LINE('',#5243,#5244);
#5243 = CARTESIAN_POINT('',(-300.,300.,8.881784197001E-16));
#5244 = VECTOR('',#5245,1.);
#5245 = DIRECTION('',(0.,0.,-1.));
#5246 = PLANE('',#5247);
#5247 = AXIS2_PLACEMENT_3D('',#5248,#5249,#5250);
#5248 = CARTESIAN_POINT('',(-300.,300.,8.881784197001E-16));
#5249 = DIRECTION('',(1.,0.,0.));
#5250 = DIRECTION('',(0.,0.,-1.));
#5251 = ADVANCED_FACE('',(#5252),#5279,.T.);
#5252 = FACE_BOUND('',#5253,.T.);
#5253 = EDGE_LOOP('',(#5254,#5255,#5264,#5272));
#5254 = ORIENTED_EDGE('',*,*,#5233,.T.);
#5255 = ORIENTED_EDGE('',*,*,#5256,.T.);
#5256 = EDGE_CURVE('',#5226,#5257,#5259,.T.);
#5257 = VERTEX_POINT('',#5258);
#5258 = CARTESIAN_POINT('',(-301.25,-300.,-3.55));
#5259 = CIRCLE('',#5260,1.25);
#5260 = AXIS2_PLACEMENT_3D('',#5261,#5262,#5263);
#5261 = CARTESIAN_POINT('',(-301.25,-300.,-2.3));
#5262 = DIRECTION('',(-0.,1.,0.));
#5263 = DIRECTION('',(1.,0.,0.));
#5264 = ORIENTED_EDGE('',*,*,#5265,.F.);
#5265 = EDGE_CURVE('',#5266,#5257,#5268,.T.);
#5266 = VERTEX_POINT('',#5267);
#5267 = CARTESIAN_POINT('',(-301.25,300.,-3.55));
#5268 = LINE('',#5269,#5270);
#5269 = CARTESIAN_POINT('',(-301.25,300.,-3.55));
#5270 = VECTOR('',#5271,1.);
#5271 = DIRECTION('',(0.,-1.,0.));
#5272 = ORIENTED_EDGE('',*,*,#5273,.F.);
#5273 = EDGE_CURVE('',#5234,#5266,#5274,.T.);
#5274 = CIRCLE('',#5275,1.25);
#5275 = AXIS2_PLACEMENT_3D('',#5276,#5277,#5278);
#5276 = CARTESIAN_POINT('',(-301.25,300.,-2.3));
#5277 = DIRECTION('',(-0.,1.,0.));
#5278 = DIRECTION('',(1.,0.,0.));
#5279 = CYLINDRICAL_SURFACE('',#5280,1.25);
#5280 = AXIS2_PLACEMENT_3D('',#5281,#5282,#5283);
#5281 = CARTESIAN_POINT('',(-301.25,300.,-2.3));
#5282 = DIRECTION('',(0.,1.,0.));
#5283 = DIRECTION('',(1.,0.,0.));
#5284 = ADVANCED_FACE('',(#5285),#5310,.T.);
#5285 = FACE_BOUND('',#5286,.T.);
#5286 = EDGE_LOOP('',(#5287,#5288,#5296,#5304));
#5287 = ORIENTED_EDGE('',*,*,#5265,.T.);
#5288 = ORIENTED_EDGE('',*,*,#5289,.T.);
#5289 = EDGE_CURVE('',#5257,#5290,#5292,.T.);
#5290 = VERTEX_POINT('',#5291);
#5291 = CARTESIAN_POINT('',(-328.,-300.,-3.55));
#5292 = LINE('',#5293,#5294);
#5293 = CARTESIAN_POINT('',(-301.25,-300.,-3.55));
#5294 = VECTOR('',#5295,1.);
#5295 = DIRECTION('',(-1.,0.,0.));
#5296 = ORIENTED_EDGE('',*,*,#5297,.F.);
#5297 = EDGE_CURVE('',#5298,#5290,#5300,.T.);
#5298 = VERTEX_POINT('',#5299);
#5299 = CARTESIAN_POINT('',(-328.,300.,-3.55));
#5300 = LINE('',#5301,#5302);
#5301 = CARTESIAN_POINT('',(-328.,300.,-3.55));
#5302 = VECTOR('',#5303,1.);
#5303 = DIRECTION('',(0.,-1.,0.));
#5304 = ORIENTED_EDGE('',*,*,#5305,.F.);
#5305 = EDGE_CURVE('',#5266,#5298,#5306,.T.);
#5306 = LINE('',#5307,#5308);
#5307 = CARTESIAN_POINT('',(-301.25,300.,-3.55));
#5308 = VECTOR('',#5309,1.);
#5309 = DIRECTION('',(-1.,0.,0.));
#5310 = PLANE('',#5311);
#5311 = AXIS2_PLACEMENT_3D('',#5312,#5313,#5314);
#5312 = CARTESIAN_POINT('',(-301.25,300.,-3.55));
#5313 = DIRECTION('',(0.,0.,-1.));
#5314 = DIRECTION('',(-1.,0.,0.));
#5315 = ADVANCED_FACE('',(#5316),#5343,.T.);
#5316 = FACE_BOUND('',#5317,.T.);
#5317 = EDGE_LOOP('',(#5318,#5319,#5328,#5336));
#5318 = ORIENTED_EDGE('',*,*,#5297,.T.);
#5319 = ORIENTED_EDGE('',*,*,#5320,.T.);
#5320 = EDGE_CURVE('',#5290,#5321,#5323,.T.);
#5321 = VERTEX_POINT('',#5322);
#5322 = CARTESIAN_POINT('',(-330.,-300.,-1.55));
#5323 = CIRCLE('',#5324,2.);
#5324 = AXIS2_PLACEMENT_3D('',#5325,#5326,#5327);
#5325 = CARTESIAN_POINT('',(-328.,-300.,-1.55));
#5326 = DIRECTION('',(0.,1.,0.));
#5327 = DIRECTION('',(0.,0.,-1.));
#5328 = ORIENTED_EDGE('',*,*,#5329,.F.);
#5329 = EDGE_CURVE('',#5330,#5321,#5332,.T.);
#5330 = VERTEX_POINT('',#5331);
#5331 = CARTESIAN_POINT('',(-330.,300.,-1.55));
#5332 = LINE('',#5333,#5334);
#5333 = CARTESIAN_POINT('',(-330.,300.,-1.55));
#5334 = VECTOR('',#5335,1.);
#5335 = DIRECTION('',(0.,-1.,0.));
#5336 = ORIENTED_EDGE('',*,*,#5337,.F.);
#5337 = EDGE_CURVE('',#5298,#5330,#5338,.T.);
#5338 = CIRCLE('',#5339,2.);
#5339 = AXIS2_PLACEMENT_3D('',#5340,#5341,#5342);
#5340 = CARTESIAN_POINT('',(-328.,300.,-1.55));
#5341 = DIRECTION('',(0.,1.,0.));
#5342 = DIRECTION('',(0.,0.,-1.));
#5343 = CYLINDRICAL_SURFACE('',#5344,2.);
#5344 = AXIS2_PLACEMENT_3D('',#5345,#5346,#5347);
#5345 = CARTESIAN_POINT('',(-328.,300.,-1.55));
#5346 = DIRECTION('',(0.,1.,0.));
#5347 = DIRECTION('',(0.,0.,-1.));
#5348 = ADVANCED_FACE('',(#5349),#5374,.T.);
#5349 = FACE_BOUND('',#5350,.T.);
#5350 = EDGE_LOOP('',(#5351,#5352,#5360,#5368));
#5351 = ORIENTED_EDGE('',*,*,#5329,.T.);
#5352 = ORIENTED_EDGE('',*,*,#5353,.T.);
#5353 = EDGE_CURVE('',#5321,#5354,#5356,.T.);
#5354 = VERTEX_POINT('',#5355);
#5355 = CARTESIAN_POINT('',(-330.,-300.,3.45));
#5356 = LINE('',#5357,#5358);
#5357 = CARTESIAN_POINT('',(-330.,-300.,-1.55));
#5358 = VECTOR('',#5359,1.);
#5359 = DIRECTION('',(0.,0.,1.));
#5360 = ORIENTED_EDGE('',*,*,#5361,.F.);
#5361 = EDGE_CURVE('',#5362,#5354,#5364,.T.);
#5362 = VERTEX_POINT('',#5363);
#5363 = CARTESIAN_POINT('',(-330.,300.,3.45));
#5364 = LINE('',#5365,#5366);
#5365 = CARTESIAN_POINT('',(-330.,300.,3.45));
#5366 = VECTOR('',#5367,1.);
#5367 = DIRECTION('',(0.,-1.,0.));
#5368 = ORIENTED_EDGE('',*,*,#5369,.F.);
#5369 = EDGE_CURVE('',#5330,#5362,#5370,.T.);
#5370 = LINE('',#5371,#5372);
#5371 = CARTESIAN_POINT('',(-330.,300.,-1.55));
#5372 = VECTOR('',#5373,1.);
#5373 = DIRECTION('',(0.,0.,1.));
#5374 = PLANE('',#5375);
#5375 = AXIS2_PLACEMENT_3D('',#5376,#5377,#5378);
#5376 = CARTESIAN_POINT('',(-330.,300.,-1.55));
#5377 = DIRECTION('',(-1.,0.,0.));
#5378 = DIRECTION('',(0.,0.,1.));
#5379 = ADVANCED_FACE('',(#5380),#5407,.T.);
#5380 = FACE_BOUND('',#5381,.T.);
#5381 = EDGE_LOOP('',(#5382,#5383,#5392,#5400));
#5382 = ORIENTED_EDGE('',*,*,#5361,.T.);
#5383 = ORIENTED_EDGE('',*,*,#5384,.T.);
#5384 = EDGE_CURVE('',#5354,#5385,#5387,.T.);
#5385 = VERTEX_POINT('',#5386);
#5386 = CARTESIAN_POINT('',(-327.,-300.,3.45));
#5387 = CIRCLE('',#5388,1.5);
#5388 = AXIS2_PLACEMENT_3D('',#5389,#5390,#5391);
#5389 = CARTESIAN_POINT('',(-328.5,-300.,3.45));
#5390 = DIRECTION('',(0.,1.,-0.));
#5391 = DIRECTION('',(-1.,0.,0.));
#5392 = ORIENTED_EDGE('',*,*,#5393,.F.);
#5393 = EDGE_CURVE('',#5394,#5385,#5396,.T.);
#5394 = VERTEX_POINT('',#5395);
#5395 = CARTESIAN_POINT('',(-327.,300.,3.45));
#5396 = LINE('',#5397,#5398);
#5397 = CARTESIAN_POINT('',(-327.,300.,3.45));
#5398 = VECTOR('',#5399,1.);
#5399 = DIRECTION('',(0.,-1.,0.));
#5400 = ORIENTED_EDGE('',*,*,#5401,.F.);
#5401 = EDGE_CURVE('',#5362,#5394,#5402,.T.);
#5402 = CIRCLE('',#5403,1.5);
#5403 = AXIS2_PLACEMENT_3D('',#5404,#5405,#5406);
#5404 = CARTESIAN_POINT('',(-328.5,300.,3.45));
#5405 = DIRECTION('',(0.,1.,-0.));
#5406 = DIRECTION('',(-1.,0.,0.));
#5407 = CYLINDRICAL_SURFACE('',#5408,1.5);
#5408 = AXIS2_PLACEMENT_3D('',#5409,#5410,#5411);
#5409 = CARTESIAN_POINT('',(-328.5,300.,3.45));
#5410 = DIRECTION('',(0.,1.,0.));
#5411 = DIRECTION('',(-1.,0.,0.));
#5412 = ADVANCED_FACE('',(#5413),#5438,.T.);
#5413 = FACE_BOUND('',#5414,.T.);
#5414 = EDGE_LOOP('',(#5415,#5416,#5424,#5432));
#5415 = ORIENTED_EDGE('',*,*,#5393,.T.);
#5416 = ORIENTED_EDGE('',*,*,#5417,.T.);
#5417 = EDGE_CURVE('',#5385,#5418,#5420,.T.);
#5418 = VERTEX_POINT('',#5419);
#5419 = CARTESIAN_POINT('',(-327.,-300.,1.95));
#5420 = LINE('',#5421,#5422);
#5421 = CARTESIAN_POINT('',(-327.,-300.,3.45));
#5422 = VECTOR('',#5423,1.);
#5423 = DIRECTION('',(0.,0.,-1.));
#5424 = ORIENTED_EDGE('',*,*,#5425,.F.);
#5425 = EDGE_CURVE('',#5426,#5418,#5428,.T.);
#5426 = VERTEX_POINT('',#5427);
#5427 = CARTESIAN_POINT('',(-327.,300.,1.95));
#5428 = LINE('',#5429,#5430);
#5429 = CARTESIAN_POINT('',(-327.,300.,1.95));
#5430 = VECTOR('',#5431,1.);
#5431 = DIRECTION('',(0.,-1.,0.));
#5432 = ORIENTED_EDGE('',*,*,#5433,.F.);
#5433 = EDGE_CURVE('',#5394,#5426,#5434,.T.);
#5434 = LINE('',#5435,#5436);
#5435 = CARTESIAN_POINT('',(-327.,300.,3.45));
#5436 = VECTOR('',#5437,1.);
#5437 = DIRECTION('',(0.,0.,-1.));
#5438 = PLANE('',#5439);
#5439 = AXIS2_PLACEMENT_3D('',#5440,#5441,#5442);
#5440 = CARTESIAN_POINT('',(-327.,300.,3.45));
#5441 = DIRECTION('',(1.,0.,0.));
#5442 = DIRECTION('',(0.,0.,-1.));
#5443 = ADVANCED_FACE('',(#5444),#5471,.F.);
#5444 = FACE_BOUND('',#5445,.T.);
#5445 = EDGE_LOOP('',(#5446,#5447,#5456,#5464));
#5446 = ORIENTED_EDGE('',*,*,#5425,.T.);
#5447 = ORIENTED_EDGE('',*,*,#5448,.T.);
#5448 = EDGE_CURVE('',#5418,#5449,#5451,.T.);
#5449 = VERTEX_POINT('',#5450);
#5450 = CARTESIAN_POINT('',(-326.4,-300.,1.35));
#5451 = CIRCLE('',#5452,0.6);
#5452 = AXIS2_PLACEMENT_3D('',#5453,#5454,#5455);
#5453 = CARTESIAN_POINT('',(-326.4,-300.,1.95));
#5454 = DIRECTION('',(-0.,-1.,0.));
#5455 = DIRECTION('',(-1.,0.,-7.401486830834E-15));
#5456 = ORIENTED_EDGE('',*,*,#5457,.F.);
#5457 = EDGE_CURVE('',#5458,#5449,#5460,.T.);
#5458 = VERTEX_POINT('',#5459);
#5459 = CARTESIAN_POINT('',(-326.4,300.,1.35));
#5460 = LINE('',#5461,#5462);
#5461 = CARTESIAN_POINT('',(-326.4,300.,1.35));
#5462 = VECTOR('',#5463,1.);
#5463 = DIRECTION('',(0.,-1.,0.));
#5464 = ORIENTED_EDGE('',*,*,#5465,.F.);
#5465 = EDGE_CURVE('',#5426,#5458,#5466,.T.);
#5466 = CIRCLE('',#5467,0.6);
#5467 = AXIS2_PLACEMENT_3D('',#5468,#5469,#5470);
#5468 = CARTESIAN_POINT('',(-326.4,300.,1.95));
#5469 = DIRECTION('',(-0.,-1.,0.));
#5470 = DIRECTION('',(-1.,0.,-7.401486830834E-15));
#5471 = CYLINDRICAL_SURFACE('',#5472,0.6);
#5472 = AXIS2_PLACEMENT_3D('',#5473,#5474,#5475);
#5473 = CARTESIAN_POINT('',(-326.4,300.,1.95));
#5474 = DIRECTION('',(0.,1.,-0.));
#5475 = DIRECTION('',(-1.,0.,-7.401486830834E-15));
#5476 = ADVANCED_FACE('',(#5477),#5502,.T.);
#5477 = FACE_BOUND('',#5478,.T.);
#5478 = EDGE_LOOP('',(#5479,#5480,#5488,#5496));
#5479 = ORIENTED_EDGE('',*,*,#5457,.T.);
#5480 = ORIENTED_EDGE('',*,*,#5481,.T.);
#5481 = EDGE_CURVE('',#5449,#5482,#5484,.T.);
#5482 = VERTEX_POINT('',#5483);
#5483 = CARTESIAN_POINT('',(-310.765564437,-300.,1.35));
#5484 = LINE('',#5485,#5486);
#5485 = CARTESIAN_POINT('',(-326.4,-300.,1.35));
#5486 = VECTOR('',#5487,1.);
#5487 = DIRECTION('',(1.,0.,0.));
#5488 = ORIENTED_EDGE('',*,*,#5489,.F.);
#5489 = EDGE_CURVE('',#5490,#5482,#5492,.T.);
#5490 = VERTEX_POINT('',#5491);
#5491 = CARTESIAN_POINT('',(-310.765564437,300.,1.35));
#5492 = LINE('',#5493,#5494);
#5493 = CARTESIAN_POINT('',(-310.765564437,300.,1.35));
#5494 = VECTOR('',#5495,1.);
#5495 = DIRECTION('',(0.,-1.,0.));
#5496 = ORIENTED_EDGE('',*,*,#5497,.F.);
#5497 = EDGE_CURVE('',#5458,#5490,#5498,.T.);
#5498 = LINE('',#5499,#5500);
#5499 = CARTESIAN_POINT('',(-326.4,300.,1.35));
#5500 = VECTOR('',#5501,1.);
#5501 = DIRECTION('',(1.,0.,0.));
#5502 = PLANE('',#5503);
#5503 = AXIS2_PLACEMENT_3D('',#5504,#5505,#5506);
#5504 = CARTESIAN_POINT('',(-326.4,300.,1.35));
#5505 = DIRECTION('',(0.,0.,1.));
#5506 = DIRECTION('',(1.,0.,0.));
#5507 = ADVANCED_FACE('',(#5508),#5535,.F.);
#5508 = FACE_BOUND('',#5509,.T.);
#5509 = EDGE_LOOP('',(#5510,#5511,#5520,#5528));
#5510 = ORIENTED_EDGE('',*,*,#5489,.T.);
#5511 = ORIENTED_EDGE('',*,*,#5512,.T.);
#5512 = EDGE_CURVE('',#5482,#5513,#5515,.T.);
#5513 = VERTEX_POINT('',#5514);
#5514 = CARTESIAN_POINT('',(-310.467881074,-300.,1.429054114725));
#5515 = CIRCLE('',#5516,0.6);
#5516 = AXIS2_PLACEMENT_3D('',#5517,#5518,#5519);
#5517 = CARTESIAN_POINT('',(-310.765564437,-300.,1.95));
#5518 = DIRECTION('',(-0.,-1.,0.));
#5519 = DIRECTION('',(-8.881784197002E-15,0.,-1.));
#5520 = ORIENTED_EDGE('',*,*,#5521,.F.);
#5521 = EDGE_CURVE('',#5522,#5513,#5524,.T.);
#5522 = VERTEX_POINT('',#5523);
#5523 = CARTESIAN_POINT('',(-310.467881074,300.,1.429054114725));
#5524 = LINE('',#5525,#5526);
#5525 = CARTESIAN_POINT('',(-310.467881074,300.,1.429054114725));
#5526 = VECTOR('',#5527,1.);
#5527 = DIRECTION('',(0.,-1.,0.));
#5528 = ORIENTED_EDGE('',*,*,#5529,.F.);
#5529 = EDGE_CURVE('',#5490,#5522,#5530,.T.);
#5530 = CIRCLE('',#5531,0.6);
#5531 = AXIS2_PLACEMENT_3D('',#5532,#5533,#5534);
#5532 = CARTESIAN_POINT('',(-310.765564437,300.,1.95));
#5533 = DIRECTION('',(-0.,-1.,0.));
#5534 = DIRECTION('',(-8.881784197002E-15,0.,-1.));
#5535 = CYLINDRICAL_SURFACE('',#5536,0.6);
#5536 = AXIS2_PLACEMENT_3D('',#5537,#5538,#5539);
#5537 = CARTESIAN_POINT('',(-310.765564437,300.,1.95));
#5538 = DIRECTION('',(0.,1.,-0.));
#5539 = DIRECTION('',(-8.881784197002E-15,0.,-1.));
#5540 = ADVANCED_FACE('',(#5541),#5566,.T.);
#5541 = FACE_BOUND('',#5542,.T.);
#5542 = EDGE_LOOP('',(#5543,#5544,#5552,#5560));
#5543 = ORIENTED_EDGE('',*,*,#5521,.T.);
#5544 = ORIENTED_EDGE('',*,*,#5545,.T.);
#5545 = EDGE_CURVE('',#5513,#5546,#5548,.T.);
#5546 = VERTEX_POINT('',#5547);
#5547 = CARTESIAN_POINT('',(-304.1805623409,-300.,5.021807676486));
#5548 = LINE('',#5549,#5550);
#5549 = CARTESIAN_POINT('',(-310.467881074,-300.,1.429054114725));
#5550 = VECTOR('',#5551,1.);
#5551 = DIRECTION('',(0.868243142124,0.,0.496138938357));
#5552 = ORIENTED_EDGE('',*,*,#5553,.F.);
#5553 = EDGE_CURVE('',#5554,#5546,#5556,.T.);
#5554 = VERTEX_POINT('',#5555);
#5555 = CARTESIAN_POINT('',(-304.1805623409,300.,5.021807676486));
#5556 = LINE('',#5557,#5558);
#5557 = CARTESIAN_POINT('',(-304.1805623409,300.,5.021807676486));
#5558 = VECTOR('',#5559,1.);
#5559 = DIRECTION('',(0.,-1.,0.));
#5560 = ORIENTED_EDGE('',*,*,#5561,.F.);
#5561 = EDGE_CURVE('',#5522,#5554,#5562,.T.);
#5562 = LINE('',#5563,#5564);
#5563 = CARTESIAN_POINT('',(-310.467881074,300.,1.429054114725));
#5564 = VECTOR('',#5565,1.);
#5565 = DIRECTION('',(0.868243142124,0.,0.496138938357));
#5566 = PLANE('',#5567);
#5567 = AXIS2_PLACEMENT_3D('',#5568,#5569,#5570);
#5568 = CARTESIAN_POINT('',(-310.467881074,300.,1.429054114725));
#5569 = DIRECTION('',(-0.496138938357,0.,0.868243142124));
#5570 = DIRECTION('',(0.868243142124,0.,0.496138938357));
#5571 = ADVANCED_FACE('',(#5572),#5599,.F.);
#5572 = FACE_BOUND('',#5573,.T.);
#5573 = EDGE_LOOP('',(#5574,#5575,#5584,#5592));
#5574 = ORIENTED_EDGE('',*,*,#5553,.T.);
#5575 = ORIENTED_EDGE('',*,*,#5576,.T.);
#5576 = EDGE_CURVE('',#5546,#5577,#5579,.T.);
#5577 = VERTEX_POINT('',#5578);
#5578 = CARTESIAN_POINT('',(-303.8326215018,-300.,5.548067202649));
#5579 = CIRCLE('',#5580,0.7);
#5580 = AXIS2_PLACEMENT_3D('',#5581,#5582,#5583);
#5581 = CARTESIAN_POINT('',(-304.5278595978,-300.,5.629577875973));
#5582 = DIRECTION('',(0.,-1.,0.));
#5583 = DIRECTION('',(0.496138938357,-0.,-0.868243142124));
#5584 = ORIENTED_EDGE('',*,*,#5585,.F.);
#5585 = EDGE_CURVE('',#5586,#5577,#5588,.T.);
#5586 = VERTEX_POINT('',#5587);
#5587 = CARTESIAN_POINT('',(-303.8326215018,300.,5.548067202649));
#5588 = LINE('',#5589,#5590);
#5589 = CARTESIAN_POINT('',(-303.8326215018,300.,5.548067202649));
#5590 = VECTOR('',#5591,1.);
#5591 = DIRECTION('',(0.,-1.,0.));
#5592 = ORIENTED_EDGE('',*,*,#5593,.F.);
#5593 = EDGE_CURVE('',#5554,#5586,#5594,.T.);
#5594 = CIRCLE('',#5595,0.7);
#5595 = AXIS2_PLACEMENT_3D('',#5596,#5597,#5598);
#5596 = CARTESIAN_POINT('',(-304.5278595978,300.,5.629577875973));
#5597 = DIRECTION('',(0.,-1.,0.));
#5598 = DIRECTION('',(0.496138938357,-0.,-0.868243142124));
#5599 = CYLINDRICAL_SURFACE('',#5600,0.7);
#5600 = AXIS2_PLACEMENT_3D('',#5601,#5602,#5603);
#5601 = CARTESIAN_POINT('',(-304.5278595978,300.,5.629577875973));
#5602 = DIRECTION('',(0.,1.,-0.));
#5603 = DIRECTION('',(0.496138938357,-0.,-0.868243142124));
#5604 = ADVANCED_FACE('',(#5605),#5630,.T.);
#5605 = FACE_BOUND('',#5606,.T.);
#5606 = EDGE_LOOP('',(#5607,#5608,#5616,#5624));
#5607 = ORIENTED_EDGE('',*,*,#5585,.T.);
#5608 = ORIENTED_EDGE('',*,*,#5609,.T.);
#5609 = EDGE_CURVE('',#5577,#5610,#5612,.T.);
#5610 = VERTEX_POINT('',#5611);
#5611 = CARTESIAN_POINT('',(-302.2446793038,-300.,19.092280067822));
#5612 = LINE('',#5613,#5614);
#5613 = CARTESIAN_POINT('',(-303.8326215018,-300.,5.548067202649));
#5614 = VECTOR('',#5615,1.);
#5615 = DIRECTION('',(0.116443819035,0.,0.993197280005));
#5616 = ORIENTED_EDGE('',*,*,#5617,.F.);
#5617 = EDGE_CURVE('',#5618,#5610,#5620,.T.);
#5618 = VERTEX_POINT('',#5619);
#5619 = CARTESIAN_POINT('',(-302.2446793038,300.,19.092280067822));
#5620 = LINE('',#5621,#5622);
#5621 = CARTESIAN_POINT('',(-302.2446793038,300.,19.092280067822));
#5622 = VECTOR('',#5623,1.);
#5623 = DIRECTION('',(0.,-1.,0.));
#5624 = ORIENTED_EDGE('',*,*,#5625,.F.);
#5625 = EDGE_CURVE('',#5586,#5618,#5626,.T.);
#5626 = LINE('',#5627,#5628);
#5627 = CARTESIAN_POINT('',(-303.8326215018,300.,5.548067202649));
#5628 = VECTOR('',#5629,1.);
#5629 = DIRECTION('',(0.116443819035,0.,0.993197280005));
#5630 = PLANE('',#5631);
#5631 = AXIS2_PLACEMENT_3D('',#5632,#5633,#5634);
#5632 = CARTESIAN_POINT('',(-303.8326215018,300.,5.548067202649));
#5633 = DIRECTION('',(-0.993197280005,0.,0.116443819035));
#5634 = DIRECTION('',(0.116443819035,0.,0.993197280005));
#5635 = ADVANCED_FACE('',(#5636),#5663,.F.);
#5636 = FACE_BOUND('',#5637,.T.);
#5637 = EDGE_LOOP('',(#5638,#5639,#5648,#5656));
#5638 = ORIENTED_EDGE('',*,*,#5617,.T.);
#5639 = ORIENTED_EDGE('',*,*,#5640,.T.);
#5640 = EDGE_CURVE('',#5610,#5641,#5643,.T.);
#5641 = VERTEX_POINT('',#5642);
#5642 = CARTESIAN_POINT('',(-302.3696308707,-300.,19.48498434315));
#5643 = CIRCLE('',#5644,0.5);
#5644 = AXIS2_PLACEMENT_3D('',#5645,#5646,#5647);
#5645 = CARTESIAN_POINT('',(-302.7412779438,-300.,19.150501977339));
#5646 = DIRECTION('',(0.,-1.,0.));
#5647 = DIRECTION('',(0.993197280005,-0.,-0.116443819035));
#5648 = ORIENTED_EDGE('',*,*,#5649,.F.);
#5649 = EDGE_CURVE('',#5650,#5641,#5652,.T.);
#5650 = VERTEX_POINT('',#5651);
#5651 = CARTESIAN_POINT('',(-302.3696308707,300.,19.48498434315));
#5652 = LINE('',#5653,#5654);
#5653 = CARTESIAN_POINT('',(-302.3696308707,300.,19.48498434315));
#5654 = VECTOR('',#5655,1.);
#5655 = DIRECTION('',(0.,-1.,0.));
#5656 = ORIENTED_EDGE('',*,*,#5657,.F.);
#5657 = EDGE_CURVE('',#5618,#5650,#5658,.T.);
#5658 = CIRCLE('',#5659,0.5);
#5659 = AXIS2_PLACEMENT_3D('',#5660,#5661,#5662);
#5660 = CARTESIAN_POINT('',(-302.7412779438,300.,19.150501977339));
#5661 = DIRECTION('',(0.,-1.,0.));
#5662 = DIRECTION('',(0.993197280005,-0.,-0.116443819035));
#5663 = CYLINDRICAL_SURFACE('',#5664,0.5);
#5664 = AXIS2_PLACEMENT_3D('',#5665,#5666,#5667);
#5665 = CARTESIAN_POINT('',(-302.7412779438,300.,19.150501977339));
#5666 = DIRECTION('',(0.,1.,-0.));
#5667 = DIRECTION('',(0.993197280005,-0.,-0.116443819035));
#5668 = ADVANCED_FACE('',(#5669),#5694,.T.);
#5669 = FACE_BOUND('',#5670,.T.);
#5670 = EDGE_LOOP('',(#5671,#5672,#5680,#5688));
#5671 = ORIENTED_EDGE('',*,*,#5649,.T.);
#5672 = ORIENTED_EDGE('',*,*,#5673,.T.);
#5673 = EDGE_CURVE('',#5641,#5674,#5676,.T.);
#5674 = VERTEX_POINT('',#5675);
#5675 = CARTESIAN_POINT('',(-303.8973176584,-300.,21.182414107351));
#5676 = LINE('',#5677,#5678);
#5677 = CARTESIAN_POINT('',(-302.3696308707,-300.,19.48498434315));
#5678 = VECTOR('',#5679,1.);
#5679 = DIRECTION('',(-0.668964731622,0.,0.743294146247));
#5680 = ORIENTED_EDGE('',*,*,#5681,.F.);
#5681 = EDGE_CURVE('',#5682,#5674,#5684,.T.);
#5682 = VERTEX_POINT('',#5683);
#5683 = CARTESIAN_POINT('',(-303.8973176584,300.,21.182414107351));
#5684 = LINE('',#5685,#5686);
#5685 = CARTESIAN_POINT('',(-303.8973176584,300.,21.182414107351));
#5686 = VECTOR('',#5687,1.);
#5687 = DIRECTION('',(0.,-1.,0.));
#5688 = ORIENTED_EDGE('',*,*,#5689,.F.);
#5689 = EDGE_CURVE('',#5650,#5682,#5690,.T.);
#5690 = LINE('',#5691,#5692);
#5691 = CARTESIAN_POINT('',(-302.3696308707,300.,19.48498434315));
#5692 = VECTOR('',#5693,1.);
#5693 = DIRECTION('',(-0.668964731622,0.,0.743294146247));
#5694 = PLANE('',#5695);
#5695 = AXIS2_PLACEMENT_3D('',#5696,#5697,#5698);
#5696 = CARTESIAN_POINT('',(-302.3696308707,300.,19.48498434315));
#5697 = DIRECTION('',(-0.743294146247,0.,-0.668964731622));
#5698 = DIRECTION('',(-0.668964731622,0.,0.743294146247));
#5699 = ADVANCED_FACE('',(#5700),#5725,.T.);
#5700 = FACE_BOUND('',#5701,.T.);
#5701 = EDGE_LOOP('',(#5702,#5703,#5711,#5719));
#5702 = ORIENTED_EDGE('',*,*,#5681,.T.);
#5703 = ORIENTED_EDGE('',*,*,#5704,.T.);
#5704 = EDGE_CURVE('',#5674,#5705,#5707,.T.);
#5705 = VERTEX_POINT('',#5706);
#5706 = CARTESIAN_POINT('',(-303.3026823415,-300.,21.717585892649));
#5707 = LINE('',#5708,#5709);
#5708 = CARTESIAN_POINT('',(-303.8973176584,-300.,21.182414107351));
#5709 = VECTOR('',#5710,1.);
#5710 = DIRECTION('',(0.743294146247,0.,0.668964731622));
#5711 = ORIENTED_EDGE('',*,*,#5712,.F.);
#5712 = EDGE_CURVE('',#5713,#5705,#5715,.T.);
#5713 = VERTEX_POINT('',#5714);
#5714 = CARTESIAN_POINT('',(-303.3026823415,300.,21.717585892649));
#5715 = LINE('',#5716,#5717);
#5716 = CARTESIAN_POINT('',(-303.3026823415,300.,21.717585892649));
#5717 = VECTOR('',#5718,1.);
#5718 = DIRECTION('',(0.,-1.,0.));
#5719 = ORIENTED_EDGE('',*,*,#5720,.F.);
#5720 = EDGE_CURVE('',#5682,#5713,#5721,.T.);
#5721 = LINE('',#5722,#5723);
#5722 = CARTESIAN_POINT('',(-303.8973176584,300.,21.182414107351));
#5723 = VECTOR('',#5724,1.);
#5724 = DIRECTION('',(0.743294146247,0.,0.668964731622));
#5725 = PLANE('',#5726);
#5726 = AXIS2_PLACEMENT_3D('',#5727,#5728,#5729);
#5727 = CARTESIAN_POINT('',(-303.8973176584,300.,21.182414107351));
#5728 = DIRECTION('',(-0.668964731622,0.,0.743294146247));
#5729 = DIRECTION('',(0.743294146247,0.,0.668964731622));
#5730 = ADVANCED_FACE('',(#5731),#5756,.T.);
#5731 = FACE_BOUND('',#5732,.T.);
#5732 = EDGE_LOOP('',(#5733,#5734,#5742,#5750));
#5733 = ORIENTED_EDGE('',*,*,#5712,.T.);
#5734 = ORIENTED_EDGE('',*,*,#5735,.T.);
#5735 = EDGE_CURVE('',#5705,#5736,#5738,.T.);
#5736 = VERTEX_POINT('',#5737);
#5737 = CARTESIAN_POINT('',(-301.7749955537,-300.,20.020156128448));
#5738 = LINE('',#5739,#5740);
#5739 = CARTESIAN_POINT('',(-303.3026823415,-300.,21.717585892649));
#5740 = VECTOR('',#5741,1.);
#5741 = DIRECTION('',(0.668964731622,-0.,-0.743294146247));
#5742 = ORIENTED_EDGE('',*,*,#5743,.F.);
#5743 = EDGE_CURVE('',#5744,#5736,#5746,.T.);
#5744 = VERTEX_POINT('',#5745);
#5745 = CARTESIAN_POINT('',(-301.7749955537,300.,20.020156128448));
#5746 = LINE('',#5747,#5748);
#5747 = CARTESIAN_POINT('',(-301.7749955537,300.,20.020156128448));
#5748 = VECTOR('',#5749,1.);
#5749 = DIRECTION('',(0.,-1.,0.));
#5750 = ORIENTED_EDGE('',*,*,#5751,.F.);
#5751 = EDGE_CURVE('',#5713,#5744,#5752,.T.);
#5752 = LINE('',#5753,#5754);
#5753 = CARTESIAN_POINT('',(-303.3026823415,300.,21.717585892649));
#5754 = VECTOR('',#5755,1.);
#5755 = DIRECTION('',(0.668964731622,-0.,-0.743294146247));
#5756 = PLANE('',#5757);
#5757 = AXIS2_PLACEMENT_3D('',#5758,#5759,#5760);
#5758 = CARTESIAN_POINT('',(-303.3026823415,300.,21.717585892649));
#5759 = DIRECTION('',(0.743294146247,0.,0.668964731622));
#5760 = DIRECTION('',(0.668964731622,-0.,-0.743294146247));
#5761 = ADVANCED_FACE('',(#5762),#5789,.T.);
#5762 = FACE_BOUND('',#5763,.T.);
#5763 = EDGE_LOOP('',(#5764,#5765,#5774,#5782));
#5764 = ORIENTED_EDGE('',*,*,#5743,.T.);
#5765 = ORIENTED_EDGE('',*,*,#5766,.T.);
#5766 = EDGE_CURVE('',#5736,#5767,#5769,.T.);
#5767 = VERTEX_POINT('',#5768);
#5768 = CARTESIAN_POINT('',(-301.4501214798,-300.,18.999125012594));
#5769 = CIRCLE('',#5770,1.3);
#5770 = AXIS2_PLACEMENT_3D('',#5771,#5772,#5773);
#5771 = CARTESIAN_POINT('',(-302.7412779438,-300.,19.150501977339));
#5772 = DIRECTION('',(-0.,1.,0.));
#5773 = DIRECTION('',(0.743294146247,0.,0.668964731622));
#5774 = ORIENTED_EDGE('',*,*,#5775,.F.);
#5775 = EDGE_CURVE('',#5776,#5767,#5778,.T.);
#5776 = VERTEX_POINT('',#5777);
#5777 = CARTESIAN_POINT('',(-301.4501214798,300.,18.999125012594));
#5778 = LINE('',#5779,#5780);
#5779 = CARTESIAN_POINT('',(-301.4501214798,300.,18.999125012594));
#5780 = VECTOR('',#5781,1.);
#5781 = DIRECTION('',(0.,-1.,0.));
#5782 = ORIENTED_EDGE('',*,*,#5783,.F.);
#5783 = EDGE_CURVE('',#5744,#5776,#5784,.T.);
#5784 = CIRCLE('',#5785,1.3);
#5785 = AXIS2_PLACEMENT_3D('',#5786,#5787,#5788);
#5786 = CARTESIAN_POINT('',(-302.7412779438,300.,19.150501977339));
#5787 = DIRECTION('',(-0.,1.,0.));
#5788 = DIRECTION('',(0.743294146247,0.,0.668964731622));
#5789 = CYLINDRICAL_SURFACE('',#5790,1.3);
#5790 = AXIS2_PLACEMENT_3D('',#5791,#5792,#5793);
#5791 = CARTESIAN_POINT('',(-302.7412779438,300.,19.150501977339));
#5792 = DIRECTION('',(0.,1.,0.));
#5793 = DIRECTION('',(0.743294146247,0.,0.668964731622));
#5794 = ADVANCED_FACE('',(#5795),#5820,.T.);
#5795 = FACE_BOUND('',#5796,.T.);
#5796 = EDGE_LOOP('',(#5797,#5798,#5806,#5814));
#5797 = ORIENTED_EDGE('',*,*,#5775,.T.);
#5798 = ORIENTED_EDGE('',*,*,#5799,.T.);
#5799 = EDGE_CURVE('',#5767,#5800,#5802,.T.);
#5800 = VERTEX_POINT('',#5801);
#5801 = CARTESIAN_POINT('',(-303.0380636778,-300.,5.454912147421));
#5802 = LINE('',#5803,#5804);
#5803 = CARTESIAN_POINT('',(-301.4501214798,-300.,18.999125012594));
#5804 = VECTOR('',#5805,1.);
#5805 = DIRECTION('',(-0.116443819035,0.,-0.993197280005));
#5806 = ORIENTED_EDGE('',*,*,#5807,.F.);
#5807 = EDGE_CURVE('',#5808,#5800,#5810,.T.);
#5808 = VERTEX_POINT('',#5809);
#5809 = CARTESIAN_POINT('',(-303.0380636778,300.,5.454912147421));
#5810 = LINE('',#5811,#5812);
#5811 = CARTESIAN_POINT('',(-303.0380636778,300.,5.454912147421));
#5812 = VECTOR('',#5813,1.);
#5813 = DIRECTION('',(0.,-1.,0.));
#5814 = ORIENTED_EDGE('',*,*,#5815,.F.);
#5815 = EDGE_CURVE('',#5776,#5808,#5816,.T.);
#5816 = LINE('',#5817,#5818);
#5817 = CARTESIAN_POINT('',(-301.4501214798,300.,18.999125012594));
#5818 = VECTOR('',#5819,1.);
#5819 = DIRECTION('',(-0.116443819035,0.,-0.993197280005));
#5820 = PLANE('',#5821);
#5821 = AXIS2_PLACEMENT_3D('',#5822,#5823,#5824);
#5822 = CARTESIAN_POINT('',(-301.4501214798,300.,18.999125012594));
#5823 = DIRECTION('',(0.993197280005,-0.,-0.116443819035));
#5824 = DIRECTION('',(-0.116443819035,0.,-0.993197280005));
#5825 = ADVANCED_FACE('',(#5826),#5853,.T.);
#5826 = FACE_BOUND('',#5827,.T.);
#5827 = EDGE_LOOP('',(#5828,#5829,#5838,#5846));
#5828 = ORIENTED_EDGE('',*,*,#5807,.T.);
#5829 = ORIENTED_EDGE('',*,*,#5830,.T.);
#5830 = EDGE_CURVE('',#5800,#5831,#5833,.T.);
#5831 = VERTEX_POINT('',#5832);
#5832 = CARTESIAN_POINT('',(-303.7836511902,-300.,4.327213162787));
#5833 = CIRCLE('',#5834,1.5);
#5834 = AXIS2_PLACEMENT_3D('',#5835,#5836,#5837);
#5835 = CARTESIAN_POINT('',(-304.5278595978,-300.,5.629577875973));
#5836 = DIRECTION('',(0.,1.,0.));
#5837 = DIRECTION('',(0.993197280005,0.,-0.116443819035));
#5838 = ORIENTED_EDGE('',*,*,#5839,.F.);
#5839 = EDGE_CURVE('',#5840,#5831,#5842,.T.);
#5840 = VERTEX_POINT('',#5841);
#5841 = CARTESIAN_POINT('',(-303.7836511902,300.,4.327213162787));
#5842 = LINE('',#5843,#5844);
#5843 = CARTESIAN_POINT('',(-303.7836511902,300.,4.327213162787));
#5844 = VECTOR('',#5845,1.);
#5845 = DIRECTION('',(0.,-1.,0.));
#5846 = ORIENTED_EDGE('',*,*,#5847,.F.);
#5847 = EDGE_CURVE('',#5808,#5840,#5848,.T.);
#5848 = CIRCLE('',#5849,1.5);
#5849 = AXIS2_PLACEMENT_3D('',#5850,#5851,#5852);
#5850 = CARTESIAN_POINT('',(-304.5278595978,300.,5.629577875973));
#5851 = DIRECTION('',(0.,1.,0.));
#5852 = DIRECTION('',(0.993197280005,0.,-0.116443819035));
#5853 = CYLINDRICAL_SURFACE('',#5854,1.5);
#5854 = AXIS2_PLACEMENT_3D('',#5855,#5856,#5857);
#5855 = CARTESIAN_POINT('',(-304.5278595978,300.,5.629577875973));
#5856 = DIRECTION('',(0.,1.,0.));
#5857 = DIRECTION('',(0.993197280005,0.,-0.116443819035));
#5858 = ADVANCED_FACE('',(#5859),#5884,.T.);
#5859 = FACE_BOUND('',#5860,.T.);
#5860 = EDGE_LOOP('',(#5861,#5862,#5870,#5878));
#5861 = ORIENTED_EDGE('',*,*,#5839,.T.);
#5862 = ORIENTED_EDGE('',*,*,#5863,.T.);
#5863 = EDGE_CURVE('',#5831,#5864,#5866,.T.);
#5864 = VERTEX_POINT('',#5865);
#5865 = CARTESIAN_POINT('',(-310.0709699233,-300.,0.734459601026));
#5866 = LINE('',#5867,#5868);
#5867 = CARTESIAN_POINT('',(-303.7836511902,-300.,4.327213162787));
#5868 = VECTOR('',#5869,1.);
#5869 = DIRECTION('',(-0.868243142124,0.,-0.496138938357));
#5870 = ORIENTED_EDGE('',*,*,#5871,.F.);
#5871 = EDGE_CURVE('',#5872,#5864,#5874,.T.);
#5872 = VERTEX_POINT('',#5873);
#5873 = CARTESIAN_POINT('',(-310.0709699233,300.,0.734459601026));
#5874 = LINE('',#5875,#5876);
#5875 = CARTESIAN_POINT('',(-310.0709699233,300.,0.734459601026));
#5876 = VECTOR('',#5877,1.);
#5877 = DIRECTION('',(0.,-1.,0.));
#5878 = ORIENTED_EDGE('',*,*,#5879,.F.);
#5879 = EDGE_CURVE('',#5840,#5872,#5880,.T.);
#5880 = LINE('',#5881,#5882);
#5881 = CARTESIAN_POINT('',(-303.7836511902,300.,4.327213162787));
#5882 = VECTOR('',#5883,1.);
#5883 = DIRECTION('',(-0.868243142124,0.,-0.496138938357));
#5884 = PLANE('',#5885);
#5885 = AXIS2_PLACEMENT_3D('',#5886,#5887,#5888);
#5886 = CARTESIAN_POINT('',(-303.7836511902,300.,4.327213162787));
#5887 = DIRECTION('',(0.496138938357,-0.,-0.868243142124));
#5888 = DIRECTION('',(-0.868243142124,0.,-0.496138938357));
#5889 = ADVANCED_FACE('',(#5890),#5917,.T.);
#5890 = FACE_BOUND('',#5891,.T.);
#5891 = EDGE_LOOP('',(#5892,#5893,#5902,#5910));
#5892 = ORIENTED_EDGE('',*,*,#5871,.T.);
#5893 = ORIENTED_EDGE('',*,*,#5894,.T.);
#5894 = EDGE_CURVE('',#5864,#5895,#5897,.T.);
#5895 = VERTEX_POINT('',#5896);
#5896 = CARTESIAN_POINT('',(-310.765564437,-300.,0.55));
#5897 = CIRCLE('',#5898,1.4);
#5898 = AXIS2_PLACEMENT_3D('',#5899,#5900,#5901);
#5899 = CARTESIAN_POINT('',(-310.765564437,-300.,1.95));
#5900 = DIRECTION('',(0.,1.,0.));
#5901 = DIRECTION('',(0.496138938357,0.,-0.868243142124));
#5902 = ORIENTED_EDGE('',*,*,#5903,.F.);
#5903 = EDGE_CURVE('',#5904,#5895,#5906,.T.);
#5904 = VERTEX_POINT('',#5905);
#5905 = CARTESIAN_POINT('',(-310.765564437,300.,0.55));
#5906 = LINE('',#5907,#5908);
#5907 = CARTESIAN_POINT('',(-310.765564437,300.,0.55));
#5908 = VECTOR('',#5909,1.);
#5909 = DIRECTION('',(0.,-1.,0.));
#5910 = ORIENTED_EDGE('',*,*,#5911,.F.);
#5911 = EDGE_CURVE('',#5872,#5904,#5912,.T.);
#5912 = CIRCLE('',#5913,1.4);
#5913 = AXIS2_PLACEMENT_3D('',#5914,#5915,#5916);
#5914 = CARTESIAN_POINT('',(-310.765564437,300.,1.95));
#5915 = DIRECTION('',(0.,1.,0.));
#5916 = DIRECTION('',(0.496138938357,0.,-0.868243142124));
#5917 = CYLINDRICAL_SURFACE('',#5918,1.4);
#5918 = AXIS2_PLACEMENT_3D('',#5919,#5920,#5921);
#5919 = CARTESIAN_POINT('',(-310.765564437,300.,1.95));
#5920 = DIRECTION('',(0.,1.,0.));
#5921 = DIRECTION('',(0.496138938357,0.,-0.868243142124));
#5922 = ADVANCED_FACE('',(#5923),#5948,.T.);
#5923 = FACE_BOUND('',#5924,.T.);
#5924 = EDGE_LOOP('',(#5925,#5926,#5934,#5942));
#5925 = ORIENTED_EDGE('',*,*,#5903,.T.);
#5926 = ORIENTED_EDGE('',*,*,#5927,.T.);
#5927 = EDGE_CURVE('',#5895,#5928,#5930,.T.);
#5928 = VERTEX_POINT('',#5929);
#5929 = CARTESIAN_POINT('',(-326.4,-300.,0.55));
#5930 = LINE('',#5931,#5932);
#5931 = CARTESIAN_POINT('',(-310.765564437,-300.,0.55));
#5932 = VECTOR('',#5933,1.);
#5933 = DIRECTION('',(-1.,0.,0.));
#5934 = ORIENTED_EDGE('',*,*,#5935,.F.);
#5935 = EDGE_CURVE('',#5936,#5928,#5938,.T.);
#5936 = VERTEX_POINT('',#5937);
#5937 = CARTESIAN_POINT('',(-326.4,300.,0.55));
#5938 = LINE('',#5939,#5940);
#5939 = CARTESIAN_POINT('',(-326.4,300.,0.55));
#5940 = VECTOR('',#5941,1.);
#5941 = DIRECTION('',(0.,-1.,0.));
#5942 = ORIENTED_EDGE('',*,*,#5943,.F.);
#5943 = EDGE_CURVE('',#5904,#5936,#5944,.T.);
#5944 = LINE('',#5945,#5946);
#5945 = CARTESIAN_POINT('',(-310.765564437,300.,0.55));
#5946 = VECTOR('',#5947,1.);
#5947 = DIRECTION('',(-1.,0.,0.));
#5948 = PLANE('',#5949);
#5949 = AXIS2_PLACEMENT_3D('',#5950,#5951,#5952);
#5950 = CARTESIAN_POINT('',(-310.765564437,300.,0.55));
#5951 = DIRECTION('',(0.,0.,-1.));
#5952 = DIRECTION('',(-1.,0.,0.));
#5953 = ADVANCED_FACE('',(#5954),#5981,.T.);
#5954 = FACE_BOUND('',#5955,.T.);
#5955 = EDGE_LOOP('',(#5956,#5957,#5966,#5974));
#5956 = ORIENTED_EDGE('',*,*,#5935,.T.);
#5957 = ORIENTED_EDGE('',*,*,#5958,.T.);
#5958 = EDGE_CURVE('',#5928,#5959,#5961,.T.);
#5959 = VERTEX_POINT('',#5960);
#5960 = CARTESIAN_POINT('',(-327.8,-300.,1.95));
#5961 = CIRCLE('',#5962,1.4);
#5962 = AXIS2_PLACEMENT_3D('',#5963,#5964,#5965);
#5963 = CARTESIAN_POINT('',(-326.4,-300.,1.95));
#5964 = DIRECTION('',(0.,1.,0.));
#5965 = DIRECTION('',(2.537652627715E-15,0.,-1.));
#5966 = ORIENTED_EDGE('',*,*,#5967,.F.);
#5967 = EDGE_CURVE('',#5968,#5959,#5970,.T.);
#5968 = VERTEX_POINT('',#5969);
#5969 = CARTESIAN_POINT('',(-327.8,300.,1.95));
#5970 = LINE('',#5971,#5972);
#5971 = CARTESIAN_POINT('',(-327.8,300.,1.95));
#5972 = VECTOR('',#5973,1.);
#5973 = DIRECTION('',(0.,-1.,0.));
#5974 = ORIENTED_EDGE('',*,*,#5975,.F.);
#5975 = EDGE_CURVE('',#5936,#5968,#5976,.T.);
#5976 = CIRCLE('',#5977,1.4);
#5977 = AXIS2_PLACEMENT_3D('',#5978,#5979,#5980);
#5978 = CARTESIAN_POINT('',(-326.4,300.,1.95));
#5979 = DIRECTION('',(0.,1.,0.));
#5980 = DIRECTION('',(2.537652627715E-15,0.,-1.));
#5981 = CYLINDRICAL_SURFACE('',#5982,1.4);
#5982 = AXIS2_PLACEMENT_3D('',#5983,#5984,#5985);
#5983 = CARTESIAN_POINT('',(-326.4,300.,1.95));
#5984 = DIRECTION('',(0.,1.,0.));
#5985 = DIRECTION('',(2.537652627715E-15,0.,-1.));
#5986 = ADVANCED_FACE('',(#5987),#6012,.T.);
#5987 = FACE_BOUND('',#5988,.T.);
#5988 = EDGE_LOOP('',(#5989,#5990,#5998,#6006));
#5989 = ORIENTED_EDGE('',*,*,#5967,.T.);
#5990 = ORIENTED_EDGE('',*,*,#5991,.T.);
#5991 = EDGE_CURVE('',#5959,#5992,#5994,.T.);
#5992 = VERTEX_POINT('',#5993);
#5993 = CARTESIAN_POINT('',(-327.8,-300.,3.45));
#5994 = LINE('',#5995,#5996);
#5995 = CARTESIAN_POINT('',(-327.8,-300.,1.95));
#5996 = VECTOR('',#5997,1.);
#5997 = DIRECTION('',(0.,0.,1.));
#5998 = ORIENTED_EDGE('',*,*,#5999,.F.);
#5999 = EDGE_CURVE('',#6000,#5992,#6002,.T.);
#6000 = VERTEX_POINT('',#6001);
#6001 = CARTESIAN_POINT('',(-327.8,300.,3.45));
#6002 = LINE('',#6003,#6004);
#6003 = CARTESIAN_POINT('',(-327.8,300.,3.45));
#6004 = VECTOR('',#6005,1.);
#6005 = DIRECTION('',(0.,-1.,0.));
#6006 = ORIENTED_EDGE('',*,*,#6007,.F.);
#6007 = EDGE_CURVE('',#5968,#6000,#6008,.T.);
#6008 = LINE('',#6009,#6010);
#6009 = CARTESIAN_POINT('',(-327.8,300.,1.95));
#6010 = VECTOR('',#6011,1.);
#6011 = DIRECTION('',(0.,0.,1.));
#6012 = PLANE('',#6013);
#6013 = AXIS2_PLACEMENT_3D('',#6014,#6015,#6016);
#6014 = CARTESIAN_POINT('',(-327.8,300.,1.95));
#6015 = DIRECTION('',(-1.,0.,0.));
#6016 = DIRECTION('',(0.,0.,1.));
#6017 = ADVANCED_FACE('',(#6018),#6045,.F.);
#6018 = FACE_BOUND('',#6019,.T.);
#6019 = EDGE_LOOP('',(#6020,#6021,#6030,#6038));
#6020 = ORIENTED_EDGE('',*,*,#5999,.T.);
#6021 = ORIENTED_EDGE('',*,*,#6022,.T.);
#6022 = EDGE_CURVE('',#5992,#6023,#6025,.T.);
#6023 = VERTEX_POINT('',#6024);
#6024 = CARTESIAN_POINT('',(-329.2,-300.,3.45));
#6025 = CIRCLE('',#6026,0.7);
#6026 = AXIS2_PLACEMENT_3D('',#6027,#6028,#6029);
#6027 = CARTESIAN_POINT('',(-328.5,-300.,3.45));
#6028 = DIRECTION('',(0.,-1.,0.));
#6029 = DIRECTION('',(1.,0.,2.537652627715E-15));
#6030 = ORIENTED_EDGE('',*,*,#6031,.F.);
#6031 = EDGE_CURVE('',#6032,#6023,#6034,.T.);
#6032 = VERTEX_POINT('',#6033);
#6033 = CARTESIAN_POINT('',(-329.2,300.,3.45));
#6034 = LINE('',#6035,#6036);
#6035 = CARTESIAN_POINT('',(-329.2,300.,3.45));
#6036 = VECTOR('',#6037,1.);
#6037 = DIRECTION('',(0.,-1.,0.));
#6038 = ORIENTED_EDGE('',*,*,#6039,.F.);
#6039 = EDGE_CURVE('',#6000,#6032,#6040,.T.);
#6040 = CIRCLE('',#6041,0.7);
#6041 = AXIS2_PLACEMENT_3D('',#6042,#6043,#6044);
#6042 = CARTESIAN_POINT('',(-328.5,300.,3.45));
#6043 = DIRECTION('',(0.,-1.,0.));
#6044 = DIRECTION('',(1.,0.,2.537652627715E-15));
#6045 = CYLINDRICAL_SURFACE('',#6046,0.7);
#6046 = AXIS2_PLACEMENT_3D('',#6047,#6048,#6049);
#6047 = CARTESIAN_POINT('',(-328.5,300.,3.45));
#6048 = DIRECTION('',(-0.,1.,0.));
#6049 = DIRECTION('',(1.,0.,2.537652627715E-15));
#6050 = ADVANCED_FACE('',(#6051),#6076,.T.);
#6051 = FACE_BOUND('',#6052,.T.);
#6052 = EDGE_LOOP('',(#6053,#6054,#6062,#6070));
#6053 = ORIENTED_EDGE('',*,*,#6031,.T.);
#6054 = ORIENTED_EDGE('',*,*,#6055,.T.);
#6055 = EDGE_CURVE('',#6023,#6056,#6058,.T.);
#6056 = VERTEX_POINT('',#6057);
#6057 = CARTESIAN_POINT('',(-329.2,-300.,-1.55));
#6058 = LINE('',#6059,#6060);
#6059 = CARTESIAN_POINT('',(-329.2,-300.,3.45));
#6060 = VECTOR('',#6061,1.);
#6061 = DIRECTION('',(0.,0.,-1.));
#6062 = ORIENTED_EDGE('',*,*,#6063,.F.);
#6063 = EDGE_CURVE('',#6064,#6056,#6066,.T.);
#6064 = VERTEX_POINT('',#6065);
#6065 = CARTESIAN_POINT('',(-329.2,300.,-1.55));
#6066 = LINE('',#6067,#6068);
#6067 = CARTESIAN_POINT('',(-329.2,300.,-1.55));
#6068 = VECTOR('',#6069,1.);
#6069 = DIRECTION('',(0.,-1.,0.));
#6070 = ORIENTED_EDGE('',*,*,#6071,.F.);
#6071 = EDGE_CURVE('',#6032,#6064,#6072,.T.);
#6072 = LINE('',#6073,#6074);
#6073 = CARTESIAN_POINT('',(-329.2,300.,3.45));
#6074 = VECTOR('',#6075,1.);
#6075 = DIRECTION('',(0.,0.,-1.));
#6076 = PLANE('',#6077);
#6077 = AXIS2_PLACEMENT_3D('',#6078,#6079,#6080);
#6078 = CARTESIAN_POINT('',(-329.2,300.,3.45));
#6079 = DIRECTION('',(1.,0.,0.));
#6080 = DIRECTION('',(0.,0.,-1.));
#6081 = ADVANCED_FACE('',(#6082),#6109,.F.);
#6082 = FACE_BOUND('',#6083,.T.);
#6083 = EDGE_LOOP('',(#6084,#6085,#6094,#6102));
#6084 = ORIENTED_EDGE('',*,*,#6063,.T.);
#6085 = ORIENTED_EDGE('',*,*,#6086,.T.);
#6086 = EDGE_CURVE('',#6056,#6087,#6089,.T.);
#6087 = VERTEX_POINT('',#6088);
#6088 = CARTESIAN_POINT('',(-328.,-300.,-2.75));
#6089 = CIRCLE('',#6090,1.2);
#6090 = AXIS2_PLACEMENT_3D('',#6091,#6092,#6093);
#6091 = CARTESIAN_POINT('',(-328.,-300.,-1.55));
#6092 = DIRECTION('',(-0.,-1.,0.));
#6093 = DIRECTION('',(-1.,0.,2.590520390792E-15));
#6094 = ORIENTED_EDGE('',*,*,#6095,.F.);
#6095 = EDGE_CURVE('',#6096,#6087,#6098,.T.);
#6096 = VERTEX_POINT('',#6097);
#6097 = CARTESIAN_POINT('',(-328.,300.,-2.75));
#6098 = LINE('',#6099,#6100);
#6099 = CARTESIAN_POINT('',(-328.,300.,-2.75));
#6100 = VECTOR('',#6101,1.);
#6101 = DIRECTION('',(0.,-1.,0.));
#6102 = ORIENTED_EDGE('',*,*,#6103,.F.);
#6103 = EDGE_CURVE('',#6064,#6096,#6104,.T.);
#6104 = CIRCLE('',#6105,1.2);
#6105 = AXIS2_PLACEMENT_3D('',#6106,#6107,#6108);
#6106 = CARTESIAN_POINT('',(-328.,300.,-1.55));
#6107 = DIRECTION('',(-0.,-1.,0.));
#6108 = DIRECTION('',(-1.,0.,2.590520390792E-15));
#6109 = CYLINDRICAL_SURFACE('',#6110,1.2);
#6110 = AXIS2_PLACEMENT_3D('',#6111,#6112,#6113);
#6111 = CARTESIAN_POINT('',(-328.,300.,-1.55));
#6112 = DIRECTION('',(0.,1.,-0.));
#6113 = DIRECTION('',(-1.,0.,2.590520390792E-15));
#6114 = ADVANCED_FACE('',(#6115),#6140,.T.);
#6115 = FACE_BOUND('',#6116,.T.);
#6116 = EDGE_LOOP('',(#6117,#6118,#6126,#6134));
#6117 = ORIENTED_EDGE('',*,*,#6095,.T.);
#6118 = ORIENTED_EDGE('',*,*,#6119,.T.);
#6119 = EDGE_CURVE('',#6087,#6120,#6122,.T.);
#6120 = VERTEX_POINT('',#6121);
#6121 = CARTESIAN_POINT('',(-301.25,-300.,-2.75));
#6122 = LINE('',#6123,#6124);
#6123 = CARTESIAN_POINT('',(-328.,-300.,-2.75));
#6124 = VECTOR('',#6125,1.);
#6125 = DIRECTION('',(1.,0.,0.));
#6126 = ORIENTED_EDGE('',*,*,#6127,.F.);
#6127 = EDGE_CURVE('',#6128,#6120,#6130,.T.);
#6128 = VERTEX_POINT('',#6129);
#6129 = CARTESIAN_POINT('',(-301.25,300.,-2.75));
#6130 = LINE('',#6131,#6132);
#6131 = CARTESIAN_POINT('',(-301.25,300.,-2.75));
#6132 = VECTOR('',#6133,1.);
#6133 = DIRECTION('',(0.,-1.,0.));
#6134 = ORIENTED_EDGE('',*,*,#6135,.F.);
#6135 = EDGE_CURVE('',#6096,#6128,#6136,.T.);
#6136 = LINE('',#6137,#6138);
#6137 = CARTESIAN_POINT('',(-328.,300.,-2.75));
#6138 = VECTOR('',#6139,1.);
#6139 = DIRECTION('',(1.,0.,0.));
#6140 = PLANE('',#6141);
#6141 = AXIS2_PLACEMENT_3D('',#6142,#6143,#6144);
#6142 = CARTESIAN_POINT('',(-328.,300.,-2.75));
#6143 = DIRECTION('',(0.,0.,1.));
#6144 = DIRECTION('',(1.,0.,0.));
#6145 = ADVANCED_FACE('',(#6146),#6173,.F.);
#6146 = FACE_BOUND('',#6147,.T.);
#6147 = EDGE_LOOP('',(#6148,#6149,#6158,#6166));
#6148 = ORIENTED_EDGE('',*,*,#6127,.T.);
#6149 = ORIENTED_EDGE('',*,*,#6150,.T.);
#6150 = EDGE_CURVE('',#6120,#6151,#6153,.T.);
#6151 = VERTEX_POINT('',#6152);
#6152 = CARTESIAN_POINT('',(-300.8,-300.,-2.3));
#6153 = CIRCLE('',#6154,0.45);
#6154 = AXIS2_PLACEMENT_3D('',#6155,#6156,#6157);
#6155 = CARTESIAN_POINT('',(-301.25,-300.,-2.3));
#6156 = DIRECTION('',(0.,-1.,0.));
#6157 = DIRECTION('',(0.,0.,-1.));
#6158 = ORIENTED_EDGE('',*,*,#6159,.F.);
#6159 = EDGE_CURVE('',#6160,#6151,#6162,.T.);
#6160 = VERTEX_POINT('',#6161);
#6161 = CARTESIAN_POINT('',(-300.8,300.,-2.3));
#6162 = LINE('',#6163,#6164);
#6163 = CARTESIAN_POINT('',(-300.8,300.,-2.3));
#6164 = VECTOR('',#6165,1.);
#6165 = DIRECTION('',(0.,-1.,0.));
#6166 = ORIENTED_EDGE('',*,*,#6167,.F.);
#6167 = EDGE_CURVE('',#6128,#6160,#6168,.T.);
#6168 = CIRCLE('',#6169,0.45);
#6169 = AXIS2_PLACEMENT_3D('',#6170,#6171,#6172);
#6170 = CARTESIAN_POINT('',(-301.25,300.,-2.3));
#6171 = DIRECTION('',(0.,-1.,0.));
#6172 = DIRECTION('',(0.,0.,-1.));
#6173 = CYLINDRICAL_SURFACE('',#6174,0.45);
#6174 = AXIS2_PLACEMENT_3D('',#6175,#6176,#6177);
#6175 = CARTESIAN_POINT('',(-301.25,300.,-2.3));
#6176 = DIRECTION('',(0.,1.,-0.));
#6177 = DIRECTION('',(0.,0.,-1.));
#6178 = ADVANCED_FACE('',(#6179),#6204,.T.);
#6179 = FACE_BOUND('',#6180,.T.);
#6180 = EDGE_LOOP('',(#6181,#6182,#6190,#6198));
#6181 = ORIENTED_EDGE('',*,*,#6159,.T.);
#6182 = ORIENTED_EDGE('',*,*,#6183,.T.);
#6183 = EDGE_CURVE('',#6151,#6184,#6186,.T.);
#6184 = VERTEX_POINT('',#6185);
#6185 = CARTESIAN_POINT('',(-300.8,-300.,8.881784197001E-16));
#6186 = LINE('',#6187,#6188);
#6187 = CARTESIAN_POINT('',(-300.8,-300.,-2.3));
#6188 = VECTOR('',#6189,1.);
#6189 = DIRECTION('',(0.,0.,1.));
#6190 = ORIENTED_EDGE('',*,*,#6191,.F.);
#6191 = EDGE_CURVE('',#6192,#6184,#6194,.T.);
#6192 = VERTEX_POINT('',#6193);
#6193 = CARTESIAN_POINT('',(-300.8,300.,8.881784197001E-16));
#6194 = LINE('',#6195,#6196);
#6195 = CARTESIAN_POINT('',(-300.8,300.,8.881784197001E-16));
#6196 = VECTOR('',#6197,1.);
#6197 = DIRECTION('',(0.,-1.,0.));
#6198 = ORIENTED_EDGE('',*,*,#6199,.F.);
#6199 = EDGE_CURVE('',#6160,#6192,#6200,.T.);
#6200 = LINE('',#6201,#6202);
#6201 = CARTESIAN_POINT('',(-300.8,300.,-2.3));
#6202 = VECTOR('',#6203,1.);
#6203 = DIRECTION('',(0.,0.,1.));
#6204 = PLANE('',#6205);
#6205 = AXIS2_PLACEMENT_3D('',#6206,#6207,#6208);
#6206 = CARTESIAN_POINT('',(-300.8,300.,-2.3));
#6207 = DIRECTION('',(-1.,0.,0.));
#6208 = DIRECTION('',(0.,0.,1.));
#6209 = ADVANCED_FACE('',(#6210),#6237,.F.);
#6210 = FACE_BOUND('',#6211,.T.);
#6211 = EDGE_LOOP('',(#6212,#6213,#6222,#6230));
#6212 = ORIENTED_EDGE('',*,*,#6191,.T.);
#6213 = ORIENTED_EDGE('',*,*,#6214,.T.);
#6214 = EDGE_CURVE('',#6184,#6215,#6217,.T.);
#6215 = VERTEX_POINT('',#6216);
#6216 = CARTESIAN_POINT('',(-301.25,-300.,0.45));
#6217 = CIRCLE('',#6218,0.45);
#6218 = AXIS2_PLACEMENT_3D('',#6219,#6220,#6221);
#6219 = CARTESIAN_POINT('',(-301.25,-300.,8.881784197001E-16));
#6220 = DIRECTION('',(0.,-1.,0.));
#6221 = DIRECTION('',(1.,-0.,-9.868649107779E-16));
#6222 = ORIENTED_EDGE('',*,*,#6223,.F.);
#6223 = EDGE_CURVE('',#6224,#6215,#6226,.T.);
#6224 = VERTEX_POINT('',#6225);
#6225 = CARTESIAN_POINT('',(-301.25,300.,0.45));
#6226 = LINE('',#6227,#6228);
#6227 = CARTESIAN_POINT('',(-301.25,300.,0.45));
#6228 = VECTOR('',#6229,1.);
#6229 = DIRECTION('',(0.,-1.,0.));
#6230 = ORIENTED_EDGE('',*,*,#6231,.F.);
#6231 = EDGE_CURVE('',#6192,#6224,#6232,.T.);
#6232 = CIRCLE('',#6233,0.45);
#6233 = AXIS2_PLACEMENT_3D('',#6234,#6235,#6236);
#6234 = CARTESIAN_POINT('',(-301.25,300.,8.881784197001E-16));
#6235 = DIRECTION('',(0.,-1.,0.));
#6236 = DIRECTION('',(1.,-0.,-9.868649107779E-16));
#6237 = CYLINDRICAL_SURFACE('',#6238,0.45);
#6238 = AXIS2_PLACEMENT_3D('',#6239,#6240,#6241);
#6239 = CARTESIAN_POINT('',(-301.25,300.,8.881784197001E-16));
#6240 = DIRECTION('',(0.,1.,-0.));
#6241 = DIRECTION('',(1.,-0.,-9.868649107779E-16));
#6242 = ADVANCED_FACE('',(#6243),#6268,.T.);
#6243 = FACE_BOUND('',#6244,.T.);
#6244 = EDGE_LOOP('',(#6245,#6246,#6254,#6262));
#6245 = ORIENTED_EDGE('',*,*,#6223,.T.);
#6246 = ORIENTED_EDGE('',*,*,#6247,.T.);
#6247 = EDGE_CURVE('',#6215,#6248,#6250,.T.);
#6248 = VERTEX_POINT('',#6249);
#6249 = CARTESIAN_POINT('',(-303.65,-300.,0.45));
#6250 = LINE('',#6251,#6252);
#6251 = CARTESIAN_POINT('',(-301.25,-300.,0.45));
#6252 = VECTOR('',#6253,1.);
#6253 = DIRECTION('',(-1.,0.,0.));
#6254 = ORIENTED_EDGE('',*,*,#6255,.F.);
#6255 = EDGE_CURVE('',#6256,#6248,#6258,.T.);
#6256 = VERTEX_POINT('',#6257);
#6257 = CARTESIAN_POINT('',(-303.65,300.,0.45));
#6258 = LINE('',#6259,#6260);
#6259 = CARTESIAN_POINT('',(-303.65,300.,0.45));
#6260 = VECTOR('',#6261,1.);
#6261 = DIRECTION('',(0.,-1.,0.));
#6262 = ORIENTED_EDGE('',*,*,#6263,.F.);
#6263 = EDGE_CURVE('',#6224,#6256,#6264,.T.);
#6264 = LINE('',#6265,#6266);
#6265 = CARTESIAN_POINT('',(-301.25,300.,0.45));
#6266 = VECTOR('',#6267,1.);
#6267 = DIRECTION('',(-1.,0.,0.));
#6268 = PLANE('',#6269);
#6269 = AXIS2_PLACEMENT_3D('',#6270,#6271,#6272);
#6270 = CARTESIAN_POINT('',(-301.25,300.,0.45));
#6271 = DIRECTION('',(0.,0.,-1.));
#6272 = DIRECTION('',(-1.,0.,0.));
#6273 = ADVANCED_FACE('',(#6274),#6301,.T.);
#6274 = FACE_BOUND('',#6275,.T.);
#6275 = EDGE_LOOP('',(#6276,#6277,#6286,#6294));
#6276 = ORIENTED_EDGE('',*,*,#6255,.T.);
#6277 = ORIENTED_EDGE('',*,*,#6278,.T.);
#6278 = EDGE_CURVE('',#6248,#6279,#6281,.T.);
#6279 = VERTEX_POINT('',#6280);
#6280 = CARTESIAN_POINT('',(-304.9,-300.,1.7));
#6281 = CIRCLE('',#6282,1.25);
#6282 = AXIS2_PLACEMENT_3D('',#6283,#6284,#6285);
#6283 = CARTESIAN_POINT('',(-303.65,-300.,1.7));
#6284 = DIRECTION('',(0.,1.,0.));
#6285 = DIRECTION('',(1.06581410364E-15,0.,-1.));
#6286 = ORIENTED_EDGE('',*,*,#6287,.F.);
#6287 = EDGE_CURVE('',#6288,#6279,#6290,.T.);
#6288 = VERTEX_POINT('',#6289);
#6289 = CARTESIAN_POINT('',(-304.9,300.,1.7));
#6290 = LINE('',#6291,#6292);
#6291 = CARTESIAN_POINT('',(-304.9,300.,1.7));
#6292 = VECTOR('',#6293,1.);
#6293 = DIRECTION('',(0.,-1.,0.));
#6294 = ORIENTED_EDGE('',*,*,#6295,.F.);
#6295 = EDGE_CURVE('',#6256,#6288,#6296,.T.);
#6296 = CIRCLE('',#6297,1.25);
#6297 = AXIS2_PLACEMENT_3D('',#6298,#6299,#6300);
#6298 = CARTESIAN_POINT('',(-303.65,300.,1.7));
#6299 = DIRECTION('',(0.,1.,0.));
#6300 = DIRECTION('',(1.06581410364E-15,0.,-1.));
#6301 = CYLINDRICAL_SURFACE('',#6302,1.25);
#6302 = AXIS2_PLACEMENT_3D('',#6303,#6304,#6305);
#6303 = CARTESIAN_POINT('',(-303.65,300.,1.7));
#6304 = DIRECTION('',(0.,1.,0.));
#6305 = DIRECTION('',(1.06581410364E-15,0.,-1.));
#6306 = ADVANCED_FACE('',(#6307),#6332,.T.);
#6307 = FACE_BOUND('',#6308,.T.);
#6308 = EDGE_LOOP('',(#6309,#6310,#6318,#6326));
#6309 = ORIENTED_EDGE('',*,*,#6287,.T.);
#6310 = ORIENTED_EDGE('',*,*,#6311,.T.);
#6311 = EDGE_CURVE('',#6279,#6312,#6314,.T.);
#6312 = VERTEX_POINT('',#6313);
#6313 = CARTESIAN_POINT('',(-304.9,-300.,2.));
#6314 = LINE('',#6315,#6316);
#6315 = CARTESIAN_POINT('',(-304.9,-300.,1.7));
#6316 = VECTOR('',#6317,1.);
#6317 = DIRECTION('',(0.,0.,1.));
#6318 = ORIENTED_EDGE('',*,*,#6319,.F.);
#6319 = EDGE_CURVE('',#6320,#6312,#6322,.T.);
#6320 = VERTEX_POINT('',#6321);
#6321 = CARTESIAN_POINT('',(-304.9,300.,2.));
#6322 = LINE('',#6323,#6324);
#6323 = CARTESIAN_POINT('',(-304.9,300.,2.));
#6324 = VECTOR('',#6325,1.);
#6325 = DIRECTION('',(0.,-1.,0.));
#6326 = ORIENTED_EDGE('',*,*,#6327,.F.);
#6327 = EDGE_CURVE('',#6288,#6320,#6328,.T.);
#6328 = LINE('',#6329,#6330);
#6329 = CARTESIAN_POINT('',(-304.9,300.,1.7));
#6330 = VECTOR('',#6331,1.);
#6331 = DIRECTION('',(0.,0.,1.));
#6332 = PLANE('',#6333);
#6333 = AXIS2_PLACEMENT_3D('',#6334,#6335,#6336);
#6334 = CARTESIAN_POINT('',(-304.9,300.,1.7));
#6335 = DIRECTION('',(-1.,0.,0.));
#6336 = DIRECTION('',(0.,0.,1.));
#6337 = ADVANCED_FACE('',(#6338),#6365,.T.);
#6338 = FACE_BOUND('',#6339,.T.);
#6339 = EDGE_LOOP('',(#6340,#6341,#6350,#6358));
#6340 = ORIENTED_EDGE('',*,*,#6319,.T.);
#6341 = ORIENTED_EDGE('',*,*,#6342,.T.);
#6342 = EDGE_CURVE('',#6312,#6343,#6345,.T.);
#6343 = VERTEX_POINT('',#6344);
#6344 = CARTESIAN_POINT('',(-303.65,-300.,3.25));
#6345 = CIRCLE('',#6346,1.25);
#6346 = AXIS2_PLACEMENT_3D('',#6347,#6348,#6349);
#6347 = CARTESIAN_POINT('',(-303.65,-300.,2.));
#6348 = DIRECTION('',(0.,1.,-0.));
#6349 = DIRECTION('',(-1.,0.,0.));
#6350 = ORIENTED_EDGE('',*,*,#6351,.F.);
#6351 = EDGE_CURVE('',#6352,#6343,#6354,.T.);
#6352 = VERTEX_POINT('',#6353);
#6353 = CARTESIAN_POINT('',(-303.65,300.,3.25));
#6354 = LINE('',#6355,#6356);
#6355 = CARTESIAN_POINT('',(-303.65,300.,3.25));
#6356 = VECTOR('',#6357,1.);
#6357 = DIRECTION('',(0.,-1.,0.));
#6358 = ORIENTED_EDGE('',*,*,#6359,.F.);
#6359 = EDGE_CURVE('',#6320,#6352,#6360,.T.);
#6360 = CIRCLE('',#6361,1.25);
#6361 = AXIS2_PLACEMENT_3D('',#6362,#6363,#6364);
#6362 = CARTESIAN_POINT('',(-303.65,300.,2.));
#6363 = DIRECTION('',(0.,1.,-0.));
#6364 = DIRECTION('',(-1.,0.,0.));
#6365 = CYLINDRICAL_SURFACE('',#6366,1.25);
#6366 = AXIS2_PLACEMENT_3D('',#6367,#6368,#6369);
#6367 = CARTESIAN_POINT('',(-303.65,300.,2.));
#6368 = DIRECTION('',(0.,1.,0.));
#6369 = DIRECTION('',(-1.,0.,0.));
#6370 = ADVANCED_FACE('',(#6371),#6396,.T.);
#6371 = FACE_BOUND('',#6372,.T.);
#6372 = EDGE_LOOP('',(#6373,#6374,#6382,#6390));
#6373 = ORIENTED_EDGE('',*,*,#6351,.T.);
#6374 = ORIENTED_EDGE('',*,*,#6375,.T.);
#6375 = EDGE_CURVE('',#6343,#6376,#6378,.T.);
#6376 = VERTEX_POINT('',#6377);
#6377 = CARTESIAN_POINT('',(-301.25,-300.,3.25));
#6378 = LINE('',#6379,#6380);
#6379 = CARTESIAN_POINT('',(-303.65,-300.,3.25));
#6380 = VECTOR('',#6381,1.);
#6381 = DIRECTION('',(1.,0.,0.));
#6382 = ORIENTED_EDGE('',*,*,#6383,.F.);
#6383 = EDGE_CURVE('',#6384,#6376,#6386,.T.);
#6384 = VERTEX_POINT('',#6385);
#6385 = CARTESIAN_POINT('',(-301.25,300.,3.25));
#6386 = LINE('',#6387,#6388);
#6387 = CARTESIAN_POINT('',(-301.25,300.,3.25));
#6388 = VECTOR('',#6389,1.);
#6389 = DIRECTION('',(0.,-1.,0.));
#6390 = ORIENTED_EDGE('',*,*,#6391,.F.);
#6391 = EDGE_CURVE('',#6352,#6384,#6392,.T.);
#6392 = LINE('',#6393,#6394);
#6393 = CARTESIAN_POINT('',(-303.65,300.,3.25));
#6394 = VECTOR('',#6395,1.);
#6395 = DIRECTION('',(1.,0.,0.));
#6396 = PLANE('',#6397);
#6397 = AXIS2_PLACEMENT_3D('',#6398,#6399,#6400);
#6398 = CARTESIAN_POINT('',(-303.65,300.,3.25));
#6399 = DIRECTION('',(0.,0.,1.));
#6400 = DIRECTION('',(1.,0.,0.));
#6401 = ADVANCED_FACE('',(#6402),#6429,.F.);
#6402 = FACE_BOUND('',#6403,.T.);
#6403 = EDGE_LOOP('',(#6404,#6405,#6414,#6422));
#6404 = ORIENTED_EDGE('',*,*,#6383,.T.);
#6405 = ORIENTED_EDGE('',*,*,#6406,.T.);
#6406 = EDGE_CURVE('',#6376,#6407,#6409,.T.);
#6407 = VERTEX_POINT('',#6408);
#6408 = CARTESIAN_POINT('',(-300.8,-300.,3.7));
#6409 = CIRCLE('',#6410,0.45);
#6410 = AXIS2_PLACEMENT_3D('',#6411,#6412,#6413);
#6411 = CARTESIAN_POINT('',(-301.25,-300.,3.7));
#6412 = DIRECTION('',(-0.,-1.,0.));
#6413 = DIRECTION('',(-9.868649107779E-16,0.,-1.));
#6414 = ORIENTED_EDGE('',*,*,#6415,.F.);
#6415 = EDGE_CURVE('',#6416,#6407,#6418,.T.);
#6416 = VERTEX_POINT('',#6417);
#6417 = CARTESIAN_POINT('',(-300.8,300.,3.7));
#6418 = LINE('',#6419,#6420);
#6419 = CARTESIAN_POINT('',(-300.8,300.,3.7));
#6420 = VECTOR('',#6421,1.);
#6421 = DIRECTION('',(0.,-1.,0.));
#6422 = ORIENTED_EDGE('',*,*,#6423,.F.);
#6423 = EDGE_CURVE('',#6384,#6416,#6424,.T.);
#6424 = CIRCLE('',#6425,0.45);
#6425 = AXIS2_PLACEMENT_3D('',#6426,#6427,#6428);
#6426 = CARTESIAN_POINT('',(-301.25,300.,3.7));
#6427 = DIRECTION('',(-0.,-1.,0.));
#6428 = DIRECTION('',(-9.868649107779E-16,0.,-1.));
#6429 = CYLINDRICAL_SURFACE('',#6430,0.45);
#6430 = AXIS2_PLACEMENT_3D('',#6431,#6432,#6433);
#6431 = CARTESIAN_POINT('',(-301.25,300.,3.7));
#6432 = DIRECTION('',(0.,1.,-0.));
#6433 = DIRECTION('',(-9.868649107779E-16,0.,-1.));
#6434 = ADVANCED_FACE('',(#6435),#6460,.T.);
#6435 = FACE_BOUND('',#6436,.T.);
#6436 = EDGE_LOOP('',(#6437,#6438,#6446,#6454));
#6437 = ORIENTED_EDGE('',*,*,#6415,.T.);
#6438 = ORIENTED_EDGE('',*,*,#6439,.T.);
#6439 = EDGE_CURVE('',#6407,#6440,#6442,.T.);
#6440 = VERTEX_POINT('',#6441);
#6441 = CARTESIAN_POINT('',(-300.8,-300.,23.45));
#6442 = LINE('',#6443,#6444);
#6443 = CARTESIAN_POINT('',(-300.8,-300.,3.7));
#6444 = VECTOR('',#6445,1.);
#6445 = DIRECTION('',(0.,0.,1.));
#6446 = ORIENTED_EDGE('',*,*,#6447,.F.);
#6447 = EDGE_CURVE('',#6448,#6440,#6450,.T.);
#6448 = VERTEX_POINT('',#6449);
#6449 = CARTESIAN_POINT('',(-300.8,300.,23.45));
#6450 = LINE('',#6451,#6452);
#6451 = CARTESIAN_POINT('',(-300.8,300.,23.45));
#6452 = VECTOR('',#6453,1.);
#6453 = DIRECTION('',(0.,-1.,0.));
#6454 = ORIENTED_EDGE('',*,*,#6455,.F.);
#6455 = EDGE_CURVE('',#6416,#6448,#6456,.T.);
#6456 = LINE('',#6457,#6458);
#6457 = CARTESIAN_POINT('',(-300.8,300.,3.7));
#6458 = VECTOR('',#6459,1.);
#6459 = DIRECTION('',(0.,0.,1.));
#6460 = PLANE('',#6461);
#6461 = AXIS2_PLACEMENT_3D('',#6462,#6463,#6464);
#6462 = CARTESIAN_POINT('',(-300.8,300.,3.7));
#6463 = DIRECTION('',(-1.,0.,0.));
#6464 = DIRECTION('',(0.,0.,1.));
#6465 = ADVANCED_FACE('',(#6466),#6482,.T.);
#6466 = FACE_BOUND('',#6467,.T.);
#6467 = EDGE_LOOP('',(#6468,#6469,#6475,#6476));
#6468 = ORIENTED_EDGE('',*,*,#6447,.T.);
#6469 = ORIENTED_EDGE('',*,*,#6470,.T.);
#6470 = EDGE_CURVE('',#6440,#4962,#6471,.T.);
#6471 = LINE('',#6472,#6473);
#6472 = CARTESIAN_POINT('',(-300.8,-300.,23.45));
#6473 = VECTOR('',#6474,1.);
#6474 = DIRECTION('',(1.,0.,0.));
#6475 = ORIENTED_EDGE('',*,*,#4959,.F.);
#6476 = ORIENTED_EDGE('',*,*,#6477,.F.);
#6477 = EDGE_CURVE('',#6448,#4960,#6478,.T.);
#6478 = LINE('',#6479,#6480);
#6479 = CARTESIAN_POINT('',(-300.8,300.,23.45));
#6480 = VECTOR('',#6481,1.);
#6481 = DIRECTION('',(1.,0.,0.));
#6482 = PLANE('',#6483);
#6483 = AXIS2_PLACEMENT_3D('',#6484,#6485,#6486);
#6484 = CARTESIAN_POINT('',(-300.8,300.,23.45));
#6485 = DIRECTION('',(0.,0.,1.));
#6486 = DIRECTION('',(1.,0.,0.));
#6487 = ADVANCED_FACE('',(#6488),#6538,.T.);
#6488 = FACE_BOUND('',#6489,.T.);
#6489 = EDGE_LOOP('',(#6490,#6491,#6492,#6493,#6494,#6495,#6496,#6497,
    #6498,#6499,#6500,#6501,#6502,#6503,#6504,#6505,#6506,#6507,#6508,
    #6509,#6510,#6511,#6512,#6513,#6514,#6515,#6516,#6517,#6518,#6519,
    #6520,#6521,#6522,#6523,#6524,#6525,#6526,#6527,#6528,#6529,#6530,
    #6531,#6532,#6533,#6534,#6535,#6536,#6537));
#6490 = ORIENTED_EDGE('',*,*,#4985,.T.);
#6491 = ORIENTED_EDGE('',*,*,#5017,.T.);
#6492 = ORIENTED_EDGE('',*,*,#5049,.T.);
#6493 = ORIENTED_EDGE('',*,*,#5081,.T.);
#6494 = ORIENTED_EDGE('',*,*,#5113,.T.);
#6495 = ORIENTED_EDGE('',*,*,#5145,.T.);
#6496 = ORIENTED_EDGE('',*,*,#5177,.T.);
#6497 = ORIENTED_EDGE('',*,*,#5209,.T.);
#6498 = ORIENTED_EDGE('',*,*,#5241,.T.);
#6499 = ORIENTED_EDGE('',*,*,#5273,.T.);
#6500 = ORIENTED_EDGE('',*,*,#5305,.T.);
#6501 = ORIENTED_EDGE('',*,*,#5337,.T.);
#6502 = ORIENTED_EDGE('',*,*,#5369,.T.);
#6503 = ORIENTED_EDGE('',*,*,#5401,.T.);
#6504 = ORIENTED_EDGE('',*,*,#5433,.T.);
#6505 = ORIENTED_EDGE('',*,*,#5465,.T.);
#6506 = ORIENTED_EDGE('',*,*,#5497,.T.);
#6507 = ORIENTED_EDGE('',*,*,#5529,.T.);
#6508 = ORIENTED_EDGE('',*,*,#5561,.T.);
#6509 = ORIENTED_EDGE('',*,*,#5593,.T.);
#6510 = ORIENTED_EDGE('',*,*,#5625,.T.);
#6511 = ORIENTED_EDGE('',*,*,#5657,.T.);
#6512 = ORIENTED_EDGE('',*,*,#5689,.T.);
#6513 = ORIENTED_EDGE('',*,*,#5720,.T.);
#6514 = ORIENTED_EDGE('',*,*,#5751,.T.);
#6515 = ORIENTED_EDGE('',*,*,#5783,.T.);
#6516 = ORIENTED_EDGE('',*,*,#5815,.T.);
#6517 = ORIENTED_EDGE('',*,*,#5847,.T.);
#6518 = ORIENTED_EDGE('',*,*,#5879,.T.);
#6519 = ORIENTED_EDGE('',*,*,#5911,.T.);
#6520 = ORIENTED_EDGE('',*,*,#5943,.T.);
#6521 = ORIENTED_EDGE('',*,*,#5975,.T.);
#6522 = ORIENTED_EDGE('',*,*,#6007,.T.);
#6523 = ORIENTED_EDGE('',*,*,#6039,.T.);
#6524 = ORIENTED_EDGE('',*,*,#6071,.T.);
#6525 = ORIENTED_EDGE('',*,*,#6103,.T.);
#6526 = ORIENTED_EDGE('',*,*,#6135,.T.);
#6527 = ORIENTED_EDGE('',*,*,#6167,.T.);
#6528 = ORIENTED_EDGE('',*,*,#6199,.T.);
#6529 = ORIENTED_EDGE('',*,*,#6231,.T.);
#6530 = ORIENTED_EDGE('',*,*,#6263,.T.);
#6531 = ORIENTED_EDGE('',*,*,#6295,.T.);
#6532 = ORIENTED_EDGE('',*,*,#6327,.T.);
#6533 = ORIENTED_EDGE('',*,*,#6359,.T.);
#6534 = ORIENTED_EDGE('',*,*,#6391,.T.);
#6535 = ORIENTED_EDGE('',*,*,#6423,.T.);
#6536 = ORIENTED_EDGE('',*,*,#6455,.T.);
#6537 = ORIENTED_EDGE('',*,*,#6477,.T.);
#6538 = PLANE('',#6539);
#6539 = AXIS2_PLACEMENT_3D('',#6540,#6541,#6542);
#6540 = CARTESIAN_POINT('',(-310.5039073479,300.,4.326785227791));
#6541 = DIRECTION('',(0.,1.,-0.));
#6542 = DIRECTION('',(1.,0.,0.));
#6543 = ADVANCED_FACE('',(#6544),#6594,.F.);
#6544 = FACE_BOUND('',#6545,.F.);
#6545 = EDGE_LOOP('',(#6546,#6547,#6548,#6549,#6550,#6551,#6552,#6553,
    #6554,#6555,#6556,#6557,#6558,#6559,#6560,#6561,#6562,#6563,#6564,
    #6565,#6566,#6567,#6568,#6569,#6570,#6571,#6572,#6573,#6574,#6575,
    #6576,#6577,#6578,#6579,#6580,#6581,#6582,#6583,#6584,#6585,#6586,
    #6587,#6588,#6589,#6590,#6591,#6592,#6593));
#6546 = ORIENTED_EDGE('',*,*,#4969,.T.);
#6547 = ORIENTED_EDGE('',*,*,#5000,.T.);
#6548 = ORIENTED_EDGE('',*,*,#5033,.T.);
#6549 = ORIENTED_EDGE('',*,*,#5064,.T.);
#6550 = ORIENTED_EDGE('',*,*,#5097,.T.);
#6551 = ORIENTED_EDGE('',*,*,#5128,.T.);
#6552 = ORIENTED_EDGE('',*,*,#5161,.T.);
#6553 = ORIENTED_EDGE('',*,*,#5192,.T.);
#6554 = ORIENTED_EDGE('',*,*,#5225,.T.);
#6555 = ORIENTED_EDGE('',*,*,#5256,.T.);
#6556 = ORIENTED_EDGE('',*,*,#5289,.T.);
#6557 = ORIENTED_EDGE('',*,*,#5320,.T.);
#6558 = ORIENTED_EDGE('',*,*,#5353,.T.);
#6559 = ORIENTED_EDGE('',*,*,#5384,.T.);
#6560 = ORIENTED_EDGE('',*,*,#5417,.T.);
#6561 = ORIENTED_EDGE('',*,*,#5448,.T.);
#6562 = ORIENTED_EDGE('',*,*,#5481,.T.);
#6563 = ORIENTED_EDGE('',*,*,#5512,.T.);
#6564 = ORIENTED_EDGE('',*,*,#5545,.T.);
#6565 = ORIENTED_EDGE('',*,*,#5576,.T.);
#6566 = ORIENTED_EDGE('',*,*,#5609,.T.);
#6567 = ORIENTED_EDGE('',*,*,#5640,.T.);
#6568 = ORIENTED_EDGE('',*,*,#5673,.T.);
#6569 = ORIENTED_EDGE('',*,*,#5704,.T.);
#6570 = ORIENTED_EDGE('',*,*,#5735,.T.);
#6571 = ORIENTED_EDGE('',*,*,#5766,.T.);
#6572 = ORIENTED_EDGE('',*,*,#5799,.T.);
#6573 = ORIENTED_EDGE('',*,*,#5830,.T.);
#6574 = ORIENTED_EDGE('',*,*,#5863,.T.);
#6575 = ORIENTED_EDGE('',*,*,#5894,.T.);
#6576 = ORIENTED_EDGE('',*,*,#5927,.T.);
#6577 = ORIENTED_EDGE('',*,*,#5958,.T.);
#6578 = ORIENTED_EDGE('',*,*,#5991,.T.);
#6579 = ORIENTED_EDGE('',*,*,#6022,.T.);
#6580 = ORIENTED_EDGE('',*,*,#6055,.T.);
#6581 = ORIENTED_EDGE('',*,*,#6086,.T.);
#6582 = ORIENTED_EDGE('',*,*,#6119,.T.);
#6583 = ORIENTED_EDGE('',*,*,#6150,.T.);
#6584 = ORIENTED_EDGE('',*,*,#6183,.T.);
#6585 = ORIENTED_EDGE('',*,*,#6214,.T.);
#6586 = ORIENTED_EDGE('',*,*,#6247,.T.);
#6587 = ORIENTED_EDGE('',*,*,#6278,.T.);
#6588 = ORIENTED_EDGE('',*,*,#6311,.T.);
#6589 = ORIENTED_EDGE('',*,*,#6342,.T.);
#6590 = ORIENTED_EDGE('',*,*,#6375,.T.);
#6591 = ORIENTED_EDGE('',*,*,#6406,.T.);
#6592 = ORIENTED_EDGE('',*,*,#6439,.T.);
#6593 = ORIENTED_EDGE('',*,*,#6470,.T.);
#6594 = PLANE('',#6595);
#6595 = AXIS2_PLACEMENT_3D('',#6596,#6597,#6598);
#6596 = CARTESIAN_POINT('',(-310.5039073479,-300.,4.326785227791));
#6597 = DIRECTION('',(0.,1.,-0.));
#6598 = DIRECTION('',(1.,0.,0.));
#6599 = MANIFOLD_SOLID_BREP('',#6600);
#6600 = CLOSED_SHELL('',(#6601,#6641,#6674,#6707,#6920,#7197,#7237,#7277
    ,#7294,#7311,#7328,#7345,#7362,#7379,#7396,#7413,#7430,#7447,#7464,
    #7481,#7493,#7510,#7527,#7544,#7561,#7578,#7595,#7612,#7636,#7660,
    #7677,#7701,#7725,#7742,#7754));
#6601 = ADVANCED_FACE('',(#6602),#6636,.T.);
#6602 = FACE_BOUND('',#6603,.T.);
#6603 = EDGE_LOOP('',(#6604,#6614,#6622,#6630));
#6604 = ORIENTED_EDGE('',*,*,#6605,.T.);
#6605 = EDGE_CURVE('',#6606,#6608,#6610,.T.);
#6606 = VERTEX_POINT('',#6607);
#6607 = CARTESIAN_POINT('',(-326.0857864376,-327.9142135623,-2.5));
#6608 = VERTEX_POINT('',#6609);
#6609 = CARTESIAN_POINT('',(-326.0857864376,-327.9142135623,0.));
#6610 = LINE('',#6611,#6612);
#6611 = CARTESIAN_POINT('',(-326.0857864376,-327.9142135623,-2.5));
#6612 = VECTOR('',#6613,1.);
#6613 = DIRECTION('',(0.,0.,1.));
#6614 = ORIENTED_EDGE('',*,*,#6615,.T.);
#6615 = EDGE_CURVE('',#6608,#6616,#6618,.T.);
#6616 = VERTEX_POINT('',#6617);
#6617 = CARTESIAN_POINT('',(-327.9142135623,-326.0857864376,0.));
#6618 = LINE('',#6619,#6620);
#6619 = CARTESIAN_POINT('',(-326.0857864376,-327.9142135623,0.));
#6620 = VECTOR('',#6621,1.);
#6621 = DIRECTION('',(-0.707106781187,0.707106781187,0.));
#6622 = ORIENTED_EDGE('',*,*,#6623,.F.);
#6623 = EDGE_CURVE('',#6624,#6616,#6626,.T.);
#6624 = VERTEX_POINT('',#6625);
#6625 = CARTESIAN_POINT('',(-327.9142135623,-326.0857864376,-2.5));
#6626 = LINE('',#6627,#6628);
#6627 = CARTESIAN_POINT('',(-327.9142135623,-326.0857864376,-2.5));
#6628 = VECTOR('',#6629,1.);
#6629 = DIRECTION('',(0.,0.,1.));
#6630 = ORIENTED_EDGE('',*,*,#6631,.F.);
#6631 = EDGE_CURVE('',#6606,#6624,#6632,.T.);
#6632 = LINE('',#6633,#6634);
#6633 = CARTESIAN_POINT('',(-326.0857864376,-327.9142135623,-2.5));
#6634 = VECTOR('',#6635,1.);
#6635 = DIRECTION('',(-0.707106781187,0.707106781187,0.));
#6636 = PLANE('',#6637);
#6637 = AXIS2_PLACEMENT_3D('',#6638,#6639,#6640);
#6638 = CARTESIAN_POINT('',(-326.0857864376,-327.9142135623,-2.5));
#6639 = DIRECTION('',(-0.707106781187,-0.707106781187,0.));
#6640 = DIRECTION('',(-0.707106781187,0.707106781187,0.));
#6641 = ADVANCED_FACE('',(#6642),#6669,.T.);
#6642 = FACE_BOUND('',#6643,.T.);
#6643 = EDGE_LOOP('',(#6644,#6654,#6661,#6662));
#6644 = ORIENTED_EDGE('',*,*,#6645,.T.);
#6645 = EDGE_CURVE('',#6646,#6648,#6650,.T.);
#6646 = VERTEX_POINT('',#6647);
#6647 = CARTESIAN_POINT('',(-324.6715728752,-328.5,-2.5));
#6648 = VERTEX_POINT('',#6649);
#6649 = CARTESIAN_POINT('',(-324.6715728752,-328.5,0.));
#6650 = LINE('',#6651,#6652);
#6651 = CARTESIAN_POINT('',(-324.6715728752,-328.5,-2.5));
#6652 = VECTOR('',#6653,1.);
#6653 = DIRECTION('',(0.,0.,1.));
#6654 = ORIENTED_EDGE('',*,*,#6655,.T.);
#6655 = EDGE_CURVE('',#6648,#6608,#6656,.T.);
#6656 = CIRCLE('',#6657,2.);
#6657 = AXIS2_PLACEMENT_3D('',#6658,#6659,#6660);
#6658 = CARTESIAN_POINT('',(-324.6715728752,-326.5,0.));
#6659 = DIRECTION('',(0.,0.,-1.));
#6660 = DIRECTION('',(0.,-1.,0.));
#6661 = ORIENTED_EDGE('',*,*,#6605,.F.);
#6662 = ORIENTED_EDGE('',*,*,#6663,.F.);
#6663 = EDGE_CURVE('',#6646,#6606,#6664,.T.);
#6664 = CIRCLE('',#6665,2.);
#6665 = AXIS2_PLACEMENT_3D('',#6666,#6667,#6668);
#6666 = CARTESIAN_POINT('',(-324.6715728752,-326.5,-2.5));
#6667 = DIRECTION('',(0.,0.,-1.));
#6668 = DIRECTION('',(0.,-1.,0.));
#6669 = CYLINDRICAL_SURFACE('',#6670,2.);
#6670 = AXIS2_PLACEMENT_3D('',#6671,#6672,#6673);
#6671 = CARTESIAN_POINT('',(-324.6715728752,-326.5,-2.5));
#6672 = DIRECTION('',(0.,0.,-1.));
#6673 = DIRECTION('',(0.,-1.,0.));
#6674 = ADVANCED_FACE('',(#6675),#6702,.T.);
#6675 = FACE_BOUND('',#6676,.T.);
#6676 = EDGE_LOOP('',(#6677,#6678,#6687,#6695));
#6677 = ORIENTED_EDGE('',*,*,#6623,.T.);
#6678 = ORIENTED_EDGE('',*,*,#6679,.T.);
#6679 = EDGE_CURVE('',#6616,#6680,#6682,.T.);
#6680 = VERTEX_POINT('',#6681);
#6681 = CARTESIAN_POINT('',(-328.5,-324.6715728752,0.));
#6682 = CIRCLE('',#6683,2.);
#6683 = AXIS2_PLACEMENT_3D('',#6684,#6685,#6686);
#6684 = CARTESIAN_POINT('',(-326.5,-324.6715728752,0.));
#6685 = DIRECTION('',(0.,0.,-1.));
#6686 = DIRECTION('',(-0.707106781187,-0.707106781187,-0.));
#6687 = ORIENTED_EDGE('',*,*,#6688,.F.);
#6688 = EDGE_CURVE('',#6689,#6680,#6691,.T.);
#6689 = VERTEX_POINT('',#6690);
#6690 = CARTESIAN_POINT('',(-328.5,-324.6715728752,-2.5));
#6691 = LINE('',#6692,#6693);
#6692 = CARTESIAN_POINT('',(-328.5,-324.6715728752,-2.5));
#6693 = VECTOR('',#6694,1.);
#6694 = DIRECTION('',(0.,0.,1.));
#6695 = ORIENTED_EDGE('',*,*,#6696,.F.);
#6696 = EDGE_CURVE('',#6624,#6689,#6697,.T.);
#6697 = CIRCLE('',#6698,2.);
#6698 = AXIS2_PLACEMENT_3D('',#6699,#6700,#6701);
#6699 = CARTESIAN_POINT('',(-326.5,-324.6715728752,-2.5));
#6700 = DIRECTION('',(0.,0.,-1.));
#6701 = DIRECTION('',(-0.707106781187,-0.707106781187,-0.));
#6702 = CYLINDRICAL_SURFACE('',#6703,2.);
#6703 = AXIS2_PLACEMENT_3D('',#6704,#6705,#6706);
#6704 = CARTESIAN_POINT('',(-326.5,-324.6715728752,-2.5));
#6705 = DIRECTION('',(0.,0.,-1.));
#6706 = DIRECTION('',(-0.707106781187,-0.707106781187,-0.));
#6707 = ADVANCED_FACE('',(#6708,#6838,#6849,#6860,#6871,#6882,#6893,
    #6904),#6915,.T.);
#6708 = FACE_BOUND('',#6709,.T.);
#6709 = EDGE_LOOP('',(#6710,#6711,#6712,#6720,#6729,#6737,#6746,#6754,
    #6763,#6771,#6780,#6788,#6797,#6805,#6814,#6822,#6831,#6837));
#6710 = ORIENTED_EDGE('',*,*,#6631,.T.);
#6711 = ORIENTED_EDGE('',*,*,#6696,.T.);
#6712 = ORIENTED_EDGE('',*,*,#6713,.T.);
#6713 = EDGE_CURVE('',#6689,#6714,#6716,.T.);
#6714 = VERTEX_POINT('',#6715);
#6715 = CARTESIAN_POINT('',(-328.5,-245.6344348856,-2.5));
#6716 = LINE('',#6717,#6718);
#6717 = CARTESIAN_POINT('',(-328.5,-324.6715728752,-2.5));
#6718 = VECTOR('',#6719,1.);
#6719 = DIRECTION('',(0.,1.,0.));
#6720 = ORIENTED_EDGE('',*,*,#6721,.T.);
#6721 = EDGE_CURVE('',#6714,#6722,#6724,.T.);
#6722 = VERTEX_POINT('',#6723);
#6723 = CARTESIAN_POINT('',(-328.1027576779,-244.7424819101,-2.5));
#6724 = CIRCLE('',#6725,1.2);
#6725 = AXIS2_PLACEMENT_3D('',#6726,#6727,#6728);
#6726 = CARTESIAN_POINT('',(-327.3,-245.6344348856,-2.5));
#6727 = DIRECTION('',(0.,0.,-1.));
#6728 = DIRECTION('',(-1.,0.,0.));
#6729 = ORIENTED_EDGE('',*,*,#6730,.T.);
#6730 = EDGE_CURVE('',#6722,#6731,#6733,.T.);
#6731 = VERTEX_POINT('',#6732);
#6732 = CARTESIAN_POINT('',(-304.8707973443,-223.8337176098,-2.5));
#6733 = LINE('',#6734,#6735);
#6734 = CARTESIAN_POINT('',(-328.1027576779,-244.7424819101,-2.5));
#6735 = VECTOR('',#6736,1.);
#6736 = DIRECTION('',(0.743294146247,0.668964731622,0.));
#6737 = ORIENTED_EDGE('',*,*,#6738,.T.);
#6738 = EDGE_CURVE('',#6731,#6739,#6741,.T.);
#6739 = VERTEX_POINT('',#6740);
#6740 = CARTESIAN_POINT('',(-304.0011431932,-223.5,-2.5));
#6741 = CIRCLE('',#6742,1.3);
#6742 = AXIS2_PLACEMENT_3D('',#6743,#6744,#6745);
#6743 = CARTESIAN_POINT('',(-304.0011431932,-224.8,-2.5));
#6744 = DIRECTION('',(0.,0.,-1.));
#6745 = DIRECTION('',(-0.668964731622,0.743294146247,0.));
#6746 = ORIENTED_EDGE('',*,*,#6747,.T.);
#6747 = EDGE_CURVE('',#6739,#6748,#6750,.T.);
#6748 = VERTEX_POINT('',#6749);
#6749 = CARTESIAN_POINT('',(-302.82,-223.5,-2.5));
#6750 = LINE('',#6751,#6752);
#6751 = CARTESIAN_POINT('',(-304.0011431932,-223.5,-2.5));
#6752 = VECTOR('',#6753,1.);
#6753 = DIRECTION('',(1.,0.,0.));
#6754 = ORIENTED_EDGE('',*,*,#6755,.T.);
#6755 = EDGE_CURVE('',#6748,#6756,#6758,.T.);
#6756 = VERTEX_POINT('',#6757);
#6757 = CARTESIAN_POINT('',(-301.5,-224.82,-2.5));
#6758 = CIRCLE('',#6759,1.32);
#6759 = AXIS2_PLACEMENT_3D('',#6760,#6761,#6762);
#6760 = CARTESIAN_POINT('',(-302.82,-224.82,-2.5));
#6761 = DIRECTION('',(0.,0.,-1.));
#6762 = DIRECTION('',(-8.074349270001E-15,1.,0.));
#6763 = ORIENTED_EDGE('',*,*,#6764,.T.);
#6764 = EDGE_CURVE('',#6756,#6765,#6767,.T.);
#6765 = VERTEX_POINT('',#6766);
#6766 = CARTESIAN_POINT('',(-301.5,-299.5,-2.5));
#6767 = LINE('',#6768,#6769);
#6768 = CARTESIAN_POINT('',(-301.5,-224.82,-2.5));
#6769 = VECTOR('',#6770,1.);
#6770 = DIRECTION('',(0.,-1.,0.));
#6771 = ORIENTED_EDGE('',*,*,#6772,.T.);
#6772 = EDGE_CURVE('',#6765,#6773,#6775,.T.);
#6773 = VERTEX_POINT('',#6774);
#6774 = CARTESIAN_POINT('',(-299.5,-301.5,-2.5));
#6775 = CIRCLE('',#6776,2.);
#6776 = AXIS2_PLACEMENT_3D('',#6777,#6778,#6779);
#6777 = CARTESIAN_POINT('',(-299.5,-299.5,-2.5));
#6778 = DIRECTION('',(0.,0.,1.));
#6779 = DIRECTION('',(-1.,0.,0.));
#6780 = ORIENTED_EDGE('',*,*,#6781,.T.);
#6781 = EDGE_CURVE('',#6773,#6782,#6784,.T.);
#6782 = VERTEX_POINT('',#6783);
#6783 = CARTESIAN_POINT('',(-224.82,-301.5,-2.5));
#6784 = LINE('',#6785,#6786);
#6785 = CARTESIAN_POINT('',(-299.5,-301.5,-2.5));
#6786 = VECTOR('',#6787,1.);
#6787 = DIRECTION('',(1.,0.,0.));
#6788 = ORIENTED_EDGE('',*,*,#6789,.T.);
#6789 = EDGE_CURVE('',#6782,#6790,#6792,.T.);
#6790 = VERTEX_POINT('',#6791);
#6791 = CARTESIAN_POINT('',(-223.5,-302.82,-2.5));
#6792 = CIRCLE('',#6793,1.32);
#6793 = AXIS2_PLACEMENT_3D('',#6794,#6795,#6796);
#6794 = CARTESIAN_POINT('',(-224.82,-302.82,-2.5));
#6795 = DIRECTION('',(0.,0.,-1.));
#6796 = DIRECTION('',(0.,1.,0.));
#6797 = ORIENTED_EDGE('',*,*,#6798,.T.);
#6798 = EDGE_CURVE('',#6790,#6799,#6801,.T.);
#6799 = VERTEX_POINT('',#6800);
#6800 = CARTESIAN_POINT('',(-223.5,-304.0395167937,-2.5));
#6801 = LINE('',#6802,#6803);
#6802 = CARTESIAN_POINT('',(-223.5,-302.82,-2.5));
#6803 = VECTOR('',#6804,1.);
#6804 = DIRECTION('',(0.,-1.,0.));
#6805 = ORIENTED_EDGE('',*,*,#6806,.T.);
#6806 = EDGE_CURVE('',#6799,#6807,#6809,.T.);
#6807 = VERTEX_POINT('',#6808);
#6808 = CARTESIAN_POINT('',(-223.8080470245,-304.8422744716,-2.5));
#6809 = CIRCLE('',#6810,1.2);
#6810 = AXIS2_PLACEMENT_3D('',#6811,#6812,#6813);
#6811 = CARTESIAN_POINT('',(-224.7,-304.0395167937,-2.5));
#6812 = DIRECTION('',(0.,0.,-1.));
#6813 = DIRECTION('',(1.,2.368475785867E-14,0.));
#6814 = ORIENTED_EDGE('',*,*,#6815,.T.);
#6815 = EDGE_CURVE('',#6807,#6816,#6818,.T.);
#6816 = VERTEX_POINT('',#6817);
#6817 = CARTESIAN_POINT('',(-244.7424819101,-328.1027576779,-2.5));
#6818 = LINE('',#6819,#6820);
#6819 = CARTESIAN_POINT('',(-223.8080470245,-304.8422744716,-2.5));
#6820 = VECTOR('',#6821,1.);
#6821 = DIRECTION('',(-0.668964731622,-0.743294146247,0.));
#6822 = ORIENTED_EDGE('',*,*,#6823,.T.);
#6823 = EDGE_CURVE('',#6816,#6824,#6826,.T.);
#6824 = VERTEX_POINT('',#6825);
#6825 = CARTESIAN_POINT('',(-245.6344348856,-328.5,-2.5));
#6826 = CIRCLE('',#6827,1.2);
#6827 = AXIS2_PLACEMENT_3D('',#6828,#6829,#6830);
#6828 = CARTESIAN_POINT('',(-245.6344348856,-327.3,-2.5));
#6829 = DIRECTION('',(0.,0.,-1.));
#6830 = DIRECTION('',(0.743294146247,-0.668964731622,0.));
#6831 = ORIENTED_EDGE('',*,*,#6832,.T.);
#6832 = EDGE_CURVE('',#6824,#6646,#6833,.T.);
#6833 = LINE('',#6834,#6835);
#6834 = CARTESIAN_POINT('',(-245.6344348856,-328.5,-2.5));
#6835 = VECTOR('',#6836,1.);
#6836 = DIRECTION('',(-1.,0.,0.));
#6837 = ORIENTED_EDGE('',*,*,#6663,.T.);
#6838 = FACE_BOUND('',#6839,.T.);
#6839 = EDGE_LOOP('',(#6840));
#6840 = ORIENTED_EDGE('',*,*,#6841,.T.);
#6841 = EDGE_CURVE('',#6842,#6842,#6844,.T.);
#6842 = VERTEX_POINT('',#6843);
#6843 = CARTESIAN_POINT('',(-239.5,-318.5,-2.5));
#6844 = CIRCLE('',#6845,3.);
#6845 = AXIS2_PLACEMENT_3D('',#6846,#6847,#6848);
#6846 = CARTESIAN_POINT('',(-242.5,-318.5,-2.5));
#6847 = DIRECTION('',(0.,0.,1.));
#6848 = DIRECTION('',(1.,0.,0.));
#6849 = FACE_BOUND('',#6850,.T.);
#6850 = EDGE_LOOP('',(#6851));
#6851 = ORIENTED_EDGE('',*,*,#6852,.T.);
#6852 = EDGE_CURVE('',#6853,#6853,#6855,.T.);
#6853 = VERTEX_POINT('',#6854);
#6854 = CARTESIAN_POINT('',(-276.5,-318.5,-2.5));
#6855 = CIRCLE('',#6856,3.);
#6856 = AXIS2_PLACEMENT_3D('',#6857,#6858,#6859);
#6857 = CARTESIAN_POINT('',(-279.5,-318.5,-2.5));
#6858 = DIRECTION('',(0.,0.,1.));
#6859 = DIRECTION('',(1.,0.,0.));
#6860 = FACE_BOUND('',#6861,.T.);
#6861 = EDGE_LOOP('',(#6862));
#6862 = ORIENTED_EDGE('',*,*,#6863,.T.);
#6863 = EDGE_CURVE('',#6864,#6864,#6866,.T.);
#6864 = VERTEX_POINT('',#6865);
#6865 = CARTESIAN_POINT('',(-295.5,-318.5,-2.5));
#6866 = CIRCLE('',#6867,3.);
#6867 = AXIS2_PLACEMENT_3D('',#6868,#6869,#6870);
#6868 = CARTESIAN_POINT('',(-298.5,-318.5,-2.5));
#6869 = DIRECTION('',(0.,0.,1.));
#6870 = DIRECTION('',(1.,0.,0.));
#6871 = FACE_BOUND('',#6872,.T.);
#6872 = EDGE_LOOP('',(#6873));
#6873 = ORIENTED_EDGE('',*,*,#6874,.T.);
#6874 = EDGE_CURVE('',#6875,#6875,#6877,.T.);
#6875 = VERTEX_POINT('',#6876);
#6876 = CARTESIAN_POINT('',(-310.,-315.5,-2.5));
#6877 = CIRCLE('',#6878,5.5);
#6878 = AXIS2_PLACEMENT_3D('',#6879,#6880,#6881);
#6879 = CARTESIAN_POINT('',(-315.5,-315.5,-2.5));
#6880 = DIRECTION('',(0.,0.,1.));
#6881 = DIRECTION('',(1.,0.,0.));
#6882 = FACE_BOUND('',#6883,.T.);
#6883 = EDGE_LOOP('',(#6884));
#6884 = ORIENTED_EDGE('',*,*,#6885,.T.);
#6885 = EDGE_CURVE('',#6886,#6886,#6888,.T.);
#6886 = VERTEX_POINT('',#6887);
#6887 = CARTESIAN_POINT('',(-315.5,-298.5,-2.5));
#6888 = CIRCLE('',#6889,3.);
#6889 = AXIS2_PLACEMENT_3D('',#6890,#6891,#6892);
#6890 = CARTESIAN_POINT('',(-318.5,-298.5,-2.5));
#6891 = DIRECTION('',(0.,0.,1.));
#6892 = DIRECTION('',(1.,0.,0.));
#6893 = FACE_BOUND('',#6894,.T.);
#6894 = EDGE_LOOP('',(#6895));
#6895 = ORIENTED_EDGE('',*,*,#6896,.T.);
#6896 = EDGE_CURVE('',#6897,#6897,#6899,.T.);
#6897 = VERTEX_POINT('',#6898);
#6898 = CARTESIAN_POINT('',(-315.5,-279.5,-2.5));
#6899 = CIRCLE('',#6900,3.);
#6900 = AXIS2_PLACEMENT_3D('',#6901,#6902,#6903);
#6901 = CARTESIAN_POINT('',(-318.5,-279.5,-2.5));
#6902 = DIRECTION('',(0.,0.,1.));
#6903 = DIRECTION('',(1.,0.,0.));
#6904 = FACE_BOUND('',#6905,.T.);
#6905 = EDGE_LOOP('',(#6906));
#6906 = ORIENTED_EDGE('',*,*,#6907,.T.);
#6907 = EDGE_CURVE('',#6908,#6908,#6910,.T.);
#6908 = VERTEX_POINT('',#6909);
#6909 = CARTESIAN_POINT('',(-315.5,-242.5,-2.5));
#6910 = CIRCLE('',#6911,3.);
#6911 = AXIS2_PLACEMENT_3D('',#6912,#6913,#6914);
#6912 = CARTESIAN_POINT('',(-318.5,-242.5,-2.5));
#6913 = DIRECTION('',(0.,0.,1.));
#6914 = DIRECTION('',(1.,0.,0.));
#6915 = PLANE('',#6916);
#6916 = AXIS2_PLACEMENT_3D('',#6917,#6918,#6919);
#6917 = CARTESIAN_POINT('',(-291.3905531991,-291.3913282698,-2.5));
#6918 = DIRECTION('',(-0.,-0.,-1.));
#6919 = DIRECTION('',(-1.,0.,0.));
#6920 = ADVANCED_FACE('',(#6921,#7115,#7126,#7137,#7148,#7159,#7170,
    #7181),#7192,.F.);
#6921 = FACE_BOUND('',#6922,.F.);
#6922 = EDGE_LOOP('',(#6923,#6931,#6932,#6933,#6934,#6942,#6950,#6958,
    #6966,#6974,#6983,#6991,#7000,#7008,#7017,#7025,#7034,#7042,#7051,
    #7059,#7068,#7076,#7085,#7093,#7101,#7109));
#6923 = ORIENTED_EDGE('',*,*,#6924,.T.);
#6924 = EDGE_CURVE('',#6925,#6648,#6927,.T.);
#6925 = VERTEX_POINT('',#6926);
#6926 = CARTESIAN_POINT('',(-292.725,-328.5,0.));
#6927 = LINE('',#6928,#6929);
#6928 = CARTESIAN_POINT('',(-245.6344348856,-328.5,0.));
#6929 = VECTOR('',#6930,1.);
#6930 = DIRECTION('',(-1.,0.,0.));
#6931 = ORIENTED_EDGE('',*,*,#6655,.T.);
#6932 = ORIENTED_EDGE('',*,*,#6615,.T.);
#6933 = ORIENTED_EDGE('',*,*,#6679,.T.);
#6934 = ORIENTED_EDGE('',*,*,#6935,.T.);
#6935 = EDGE_CURVE('',#6680,#6936,#6938,.T.);
#6936 = VERTEX_POINT('',#6937);
#6937 = CARTESIAN_POINT('',(-328.5,-292.725,0.));
#6938 = LINE('',#6939,#6940);
#6939 = CARTESIAN_POINT('',(-328.5,-324.6715728752,0.));
#6940 = VECTOR('',#6941,1.);
#6941 = DIRECTION('',(0.,1.,0.));
#6942 = ORIENTED_EDGE('',*,*,#6943,.F.);
#6943 = EDGE_CURVE('',#6944,#6936,#6946,.T.);
#6944 = VERTEX_POINT('',#6945);
#6945 = CARTESIAN_POINT('',(-305.5,-292.725,0.));
#6946 = LINE('',#6947,#6948);
#6947 = CARTESIAN_POINT('',(-298.4452765995,-292.725,0.));
#6948 = VECTOR('',#6949,1.);
#6949 = DIRECTION('',(-1.,0.,0.));
#6950 = ORIENTED_EDGE('',*,*,#6951,.F.);
#6951 = EDGE_CURVE('',#6952,#6944,#6954,.T.);
#6952 = VERTEX_POINT('',#6953);
#6953 = CARTESIAN_POINT('',(-305.5,-292.275,0.));
#6954 = LINE('',#6955,#6956);
#6955 = CARTESIAN_POINT('',(-305.5,-291.8331641349,0.));
#6956 = VECTOR('',#6957,1.);
#6957 = DIRECTION('',(0.,-1.,0.));
#6958 = ORIENTED_EDGE('',*,*,#6959,.F.);
#6959 = EDGE_CURVE('',#6960,#6952,#6962,.T.);
#6960 = VERTEX_POINT('',#6961);
#6961 = CARTESIAN_POINT('',(-328.5,-292.275,0.));
#6962 = LINE('',#6963,#6964);
#6963 = CARTESIAN_POINT('',(-309.9452765995,-292.275,0.));
#6964 = VECTOR('',#6965,1.);
#6965 = DIRECTION('',(1.,0.,0.));
#6966 = ORIENTED_EDGE('',*,*,#6967,.T.);
#6967 = EDGE_CURVE('',#6960,#6968,#6970,.T.);
#6968 = VERTEX_POINT('',#6969);
#6969 = CARTESIAN_POINT('',(-328.5,-245.6344348856,0.));
#6970 = LINE('',#6971,#6972);
#6971 = CARTESIAN_POINT('',(-328.5,-324.6715728752,0.));
#6972 = VECTOR('',#6973,1.);
#6973 = DIRECTION('',(0.,1.,0.));
#6974 = ORIENTED_EDGE('',*,*,#6975,.T.);
#6975 = EDGE_CURVE('',#6968,#6976,#6978,.T.);
#6976 = VERTEX_POINT('',#6977);
#6977 = CARTESIAN_POINT('',(-328.1027576779,-244.7424819101,0.));
#6978 = CIRCLE('',#6979,1.2);
#6979 = AXIS2_PLACEMENT_3D('',#6980,#6981,#6982);
#6980 = CARTESIAN_POINT('',(-327.3,-245.6344348856,0.));
#6981 = DIRECTION('',(0.,0.,-1.));
#6982 = DIRECTION('',(-1.,0.,0.));
#6983 = ORIENTED_EDGE('',*,*,#6984,.T.);
#6984 = EDGE_CURVE('',#6976,#6985,#6987,.T.);
#6985 = VERTEX_POINT('',#6986);
#6986 = CARTESIAN_POINT('',(-304.8707973443,-223.8337176098,0.));
#6987 = LINE('',#6988,#6989);
#6988 = CARTESIAN_POINT('',(-328.1027576779,-244.7424819101,0.));
#6989 = VECTOR('',#6990,1.);
#6990 = DIRECTION('',(0.743294146247,0.668964731622,0.));
#6991 = ORIENTED_EDGE('',*,*,#6992,.T.);
#6992 = EDGE_CURVE('',#6985,#6993,#6995,.T.);
#6993 = VERTEX_POINT('',#6994);
#6994 = CARTESIAN_POINT('',(-304.0011431932,-223.5,0.));
#6995 = CIRCLE('',#6996,1.3);
#6996 = AXIS2_PLACEMENT_3D('',#6997,#6998,#6999);
#6997 = CARTESIAN_POINT('',(-304.0011431932,-224.8,0.));
#6998 = DIRECTION('',(0.,0.,-1.));
#6999 = DIRECTION('',(-0.668964731622,0.743294146247,0.));
#7000 = ORIENTED_EDGE('',*,*,#7001,.T.);
#7001 = EDGE_CURVE('',#6993,#7002,#7004,.T.);
#7002 = VERTEX_POINT('',#7003);
#7003 = CARTESIAN_POINT('',(-302.82,-223.5,0.));
#7004 = LINE('',#7005,#7006);
#7005 = CARTESIAN_POINT('',(-304.0011431932,-223.5,0.));
#7006 = VECTOR('',#7007,1.);
#7007 = DIRECTION('',(1.,0.,0.));
#7008 = ORIENTED_EDGE('',*,*,#7009,.T.);
#7009 = EDGE_CURVE('',#7002,#7010,#7012,.T.);
#7010 = VERTEX_POINT('',#7011);
#7011 = CARTESIAN_POINT('',(-301.5,-224.82,0.));
#7012 = CIRCLE('',#7013,1.32);
#7013 = AXIS2_PLACEMENT_3D('',#7014,#7015,#7016);
#7014 = CARTESIAN_POINT('',(-302.82,-224.82,0.));
#7015 = DIRECTION('',(0.,0.,-1.));
#7016 = DIRECTION('',(-8.074349270001E-15,1.,0.));
#7017 = ORIENTED_EDGE('',*,*,#7018,.T.);
#7018 = EDGE_CURVE('',#7010,#7019,#7021,.T.);
#7019 = VERTEX_POINT('',#7020);
#7020 = CARTESIAN_POINT('',(-301.5,-299.5,0.));
#7021 = LINE('',#7022,#7023);
#7022 = CARTESIAN_POINT('',(-301.5,-224.82,0.));
#7023 = VECTOR('',#7024,1.);
#7024 = DIRECTION('',(0.,-1.,0.));
#7025 = ORIENTED_EDGE('',*,*,#7026,.T.);
#7026 = EDGE_CURVE('',#7019,#7027,#7029,.T.);
#7027 = VERTEX_POINT('',#7028);
#7028 = CARTESIAN_POINT('',(-299.5,-301.5,0.));
#7029 = CIRCLE('',#7030,2.);
#7030 = AXIS2_PLACEMENT_3D('',#7031,#7032,#7033);
#7031 = CARTESIAN_POINT('',(-299.5,-299.5,0.));
#7032 = DIRECTION('',(0.,0.,1.));
#7033 = DIRECTION('',(-1.,0.,0.));
#7034 = ORIENTED_EDGE('',*,*,#7035,.T.);
#7035 = EDGE_CURVE('',#7027,#7036,#7038,.T.);
#7036 = VERTEX_POINT('',#7037);
#7037 = CARTESIAN_POINT('',(-224.82,-301.5,0.));
#7038 = LINE('',#7039,#7040);
#7039 = CARTESIAN_POINT('',(-299.5,-301.5,0.));
#7040 = VECTOR('',#7041,1.);
#7041 = DIRECTION('',(1.,0.,0.));
#7042 = ORIENTED_EDGE('',*,*,#7043,.T.);
#7043 = EDGE_CURVE('',#7036,#7044,#7046,.T.);
#7044 = VERTEX_POINT('',#7045);
#7045 = CARTESIAN_POINT('',(-223.5,-302.82,0.));
#7046 = CIRCLE('',#7047,1.32);
#7047 = AXIS2_PLACEMENT_3D('',#7048,#7049,#7050);
#7048 = CARTESIAN_POINT('',(-224.82,-302.82,0.));
#7049 = DIRECTION('',(0.,0.,-1.));
#7050 = DIRECTION('',(0.,1.,0.));
#7051 = ORIENTED_EDGE('',*,*,#7052,.T.);
#7052 = EDGE_CURVE('',#7044,#7053,#7055,.T.);
#7053 = VERTEX_POINT('',#7054);
#7054 = CARTESIAN_POINT('',(-223.5,-304.0395167937,0.));
#7055 = LINE('',#7056,#7057);
#7056 = CARTESIAN_POINT('',(-223.5,-302.82,0.));
#7057 = VECTOR('',#7058,1.);
#7058 = DIRECTION('',(0.,-1.,0.));
#7059 = ORIENTED_EDGE('',*,*,#7060,.T.);
#7060 = EDGE_CURVE('',#7053,#7061,#7063,.T.);
#7061 = VERTEX_POINT('',#7062);
#7062 = CARTESIAN_POINT('',(-223.8080470245,-304.8422744716,0.));
#7063 = CIRCLE('',#7064,1.2);
#7064 = AXIS2_PLACEMENT_3D('',#7065,#7066,#7067);
#7065 = CARTESIAN_POINT('',(-224.7,-304.0395167937,0.));
#7066 = DIRECTION('',(0.,0.,-1.));
#7067 = DIRECTION('',(1.,2.368475785867E-14,0.));
#7068 = ORIENTED_EDGE('',*,*,#7069,.T.);
#7069 = EDGE_CURVE('',#7061,#7070,#7072,.T.);
#7070 = VERTEX_POINT('',#7071);
#7071 = CARTESIAN_POINT('',(-244.7424819101,-328.1027576779,0.));
#7072 = LINE('',#7073,#7074);
#7073 = CARTESIAN_POINT('',(-223.8080470245,-304.8422744716,0.));
#7074 = VECTOR('',#7075,1.);
#7075 = DIRECTION('',(-0.668964731622,-0.743294146247,0.));
#7076 = ORIENTED_EDGE('',*,*,#7077,.T.);
#7077 = EDGE_CURVE('',#7070,#7078,#7080,.T.);
#7078 = VERTEX_POINT('',#7079);
#7079 = CARTESIAN_POINT('',(-245.6344348856,-328.5,0.));
#7080 = CIRCLE('',#7081,1.2);
#7081 = AXIS2_PLACEMENT_3D('',#7082,#7083,#7084);
#7082 = CARTESIAN_POINT('',(-245.6344348856,-327.3,0.));
#7083 = DIRECTION('',(0.,0.,-1.));
#7084 = DIRECTION('',(0.743294146247,-0.668964731622,0.));
#7085 = ORIENTED_EDGE('',*,*,#7086,.T.);
#7086 = EDGE_CURVE('',#7078,#7087,#7089,.T.);
#7087 = VERTEX_POINT('',#7088);
#7088 = CARTESIAN_POINT('',(-292.275,-328.5,0.));
#7089 = LINE('',#7090,#7091);
#7090 = CARTESIAN_POINT('',(-245.6344348856,-328.5,0.));
#7091 = VECTOR('',#7092,1.);
#7092 = DIRECTION('',(-1.,0.,0.));
#7093 = ORIENTED_EDGE('',*,*,#7094,.F.);
#7094 = EDGE_CURVE('',#7095,#7087,#7097,.T.);
#7095 = VERTEX_POINT('',#7096);
#7096 = CARTESIAN_POINT('',(-292.275,-305.5,0.));
#7097 = LINE('',#7098,#7099);
#7098 = CARTESIAN_POINT('',(-292.275,-298.4456641349,0.));
#7099 = VECTOR('',#7100,1.);
#7100 = DIRECTION('',(0.,-1.,0.));
#7101 = ORIENTED_EDGE('',*,*,#7102,.F.);
#7102 = EDGE_CURVE('',#7103,#7095,#7105,.T.);
#7103 = VERTEX_POINT('',#7104);
#7104 = CARTESIAN_POINT('',(-292.725,-305.5,0.));
#7105 = LINE('',#7106,#7107);
#7106 = CARTESIAN_POINT('',(-292.0577765995,-305.5,0.));
#7107 = VECTOR('',#7108,1.);
#7108 = DIRECTION('',(1.,0.,0.));
#7109 = ORIENTED_EDGE('',*,*,#7110,.F.);
#7110 = EDGE_CURVE('',#6925,#7103,#7111,.T.);
#7111 = LINE('',#7112,#7113);
#7112 = CARTESIAN_POINT('',(-292.725,-309.9456641349,0.));
#7113 = VECTOR('',#7114,1.);
#7114 = DIRECTION('',(0.,1.,0.));
#7115 = FACE_BOUND('',#7116,.F.);
#7116 = EDGE_LOOP('',(#7117));
#7117 = ORIENTED_EDGE('',*,*,#7118,.T.);
#7118 = EDGE_CURVE('',#7119,#7119,#7121,.T.);
#7119 = VERTEX_POINT('',#7120);
#7120 = CARTESIAN_POINT('',(-239.5,-318.5,0.));
#7121 = CIRCLE('',#7122,3.);
#7122 = AXIS2_PLACEMENT_3D('',#7123,#7124,#7125);
#7123 = CARTESIAN_POINT('',(-242.5,-318.5,0.));
#7124 = DIRECTION('',(0.,0.,1.));
#7125 = DIRECTION('',(1.,0.,0.));
#7126 = FACE_BOUND('',#7127,.F.);
#7127 = EDGE_LOOP('',(#7128));
#7128 = ORIENTED_EDGE('',*,*,#7129,.T.);
#7129 = EDGE_CURVE('',#7130,#7130,#7132,.T.);
#7130 = VERTEX_POINT('',#7131);
#7131 = CARTESIAN_POINT('',(-276.5,-318.5,0.));
#7132 = CIRCLE('',#7133,3.);
#7133 = AXIS2_PLACEMENT_3D('',#7134,#7135,#7136);
#7134 = CARTESIAN_POINT('',(-279.5,-318.5,0.));
#7135 = DIRECTION('',(0.,0.,1.));
#7136 = DIRECTION('',(1.,0.,0.));
#7137 = FACE_BOUND('',#7138,.F.);
#7138 = EDGE_LOOP('',(#7139));
#7139 = ORIENTED_EDGE('',*,*,#7140,.T.);
#7140 = EDGE_CURVE('',#7141,#7141,#7143,.T.);
#7141 = VERTEX_POINT('',#7142);
#7142 = CARTESIAN_POINT('',(-295.5,-318.5,0.));
#7143 = CIRCLE('',#7144,3.);
#7144 = AXIS2_PLACEMENT_3D('',#7145,#7146,#7147);
#7145 = CARTESIAN_POINT('',(-298.5,-318.5,0.));
#7146 = DIRECTION('',(0.,0.,1.));
#7147 = DIRECTION('',(1.,0.,0.));
#7148 = FACE_BOUND('',#7149,.F.);
#7149 = EDGE_LOOP('',(#7150));
#7150 = ORIENTED_EDGE('',*,*,#7151,.T.);
#7151 = EDGE_CURVE('',#7152,#7152,#7154,.T.);
#7152 = VERTEX_POINT('',#7153);
#7153 = CARTESIAN_POINT('',(-310.,-315.5,0.));
#7154 = CIRCLE('',#7155,5.5);
#7155 = AXIS2_PLACEMENT_3D('',#7156,#7157,#7158);
#7156 = CARTESIAN_POINT('',(-315.5,-315.5,0.));
#7157 = DIRECTION('',(0.,0.,1.));
#7158 = DIRECTION('',(1.,0.,0.));
#7159 = FACE_BOUND('',#7160,.F.);
#7160 = EDGE_LOOP('',(#7161));
#7161 = ORIENTED_EDGE('',*,*,#7162,.T.);
#7162 = EDGE_CURVE('',#7163,#7163,#7165,.T.);
#7163 = VERTEX_POINT('',#7164);
#7164 = CARTESIAN_POINT('',(-315.5,-298.5,0.));
#7165 = CIRCLE('',#7166,3.);
#7166 = AXIS2_PLACEMENT_3D('',#7167,#7168,#7169);
#7167 = CARTESIAN_POINT('',(-318.5,-298.5,0.));
#7168 = DIRECTION('',(0.,0.,1.));
#7169 = DIRECTION('',(1.,0.,0.));
#7170 = FACE_BOUND('',#7171,.F.);
#7171 = EDGE_LOOP('',(#7172));
#7172 = ORIENTED_EDGE('',*,*,#7173,.T.);
#7173 = EDGE_CURVE('',#7174,#7174,#7176,.T.);
#7174 = VERTEX_POINT('',#7175);
#7175 = CARTESIAN_POINT('',(-315.5,-279.5,0.));
#7176 = CIRCLE('',#7177,3.);
#7177 = AXIS2_PLACEMENT_3D('',#7178,#7179,#7180);
#7178 = CARTESIAN_POINT('',(-318.5,-279.5,0.));
#7179 = DIRECTION('',(0.,0.,1.));
#7180 = DIRECTION('',(1.,0.,0.));
#7181 = FACE_BOUND('',#7182,.F.);
#7182 = EDGE_LOOP('',(#7183));
#7183 = ORIENTED_EDGE('',*,*,#7184,.T.);
#7184 = EDGE_CURVE('',#7185,#7185,#7187,.T.);
#7185 = VERTEX_POINT('',#7186);
#7186 = CARTESIAN_POINT('',(-315.5,-242.5,0.));
#7187 = CIRCLE('',#7188,3.);
#7188 = AXIS2_PLACEMENT_3D('',#7189,#7190,#7191);
#7189 = CARTESIAN_POINT('',(-318.5,-242.5,0.));
#7190 = DIRECTION('',(0.,0.,1.));
#7191 = DIRECTION('',(1.,0.,0.));
#7192 = PLANE('',#7193);
#7193 = AXIS2_PLACEMENT_3D('',#7194,#7195,#7196);
#7194 = CARTESIAN_POINT('',(-291.3905531991,-291.3913282698,0.));
#7195 = DIRECTION('',(-0.,-0.,-1.));
#7196 = DIRECTION('',(-1.,0.,0.));
#7197 = ADVANCED_FACE('',(#7198),#7232,.T.);
#7198 = FACE_BOUND('',#7199,.T.);
#7199 = EDGE_LOOP('',(#7200,#7201,#7207,#7208,#7216,#7224,#7230,#7231));
#7200 = ORIENTED_EDGE('',*,*,#6832,.F.);
#7201 = ORIENTED_EDGE('',*,*,#7202,.T.);
#7202 = EDGE_CURVE('',#6824,#7078,#7203,.T.);
#7203 = LINE('',#7204,#7205);
#7204 = CARTESIAN_POINT('',(-245.6344348856,-328.5,-2.5));
#7205 = VECTOR('',#7206,1.);
#7206 = DIRECTION('',(0.,0.,1.));
#7207 = ORIENTED_EDGE('',*,*,#7086,.T.);
#7208 = ORIENTED_EDGE('',*,*,#7209,.F.);
#7209 = EDGE_CURVE('',#7210,#7087,#7212,.T.);
#7210 = VERTEX_POINT('',#7211);
#7211 = CARTESIAN_POINT('',(-292.275,-328.5,-0.22));
#7212 = LINE('',#7213,#7214);
#7213 = CARTESIAN_POINT('',(-292.275,-328.5,-0.22));
#7214 = VECTOR('',#7215,1.);
#7215 = DIRECTION('',(0.,0.,1.));
#7216 = ORIENTED_EDGE('',*,*,#7217,.T.);
#7217 = EDGE_CURVE('',#7210,#7218,#7220,.T.);
#7218 = VERTEX_POINT('',#7219);
#7219 = CARTESIAN_POINT('',(-292.725,-328.5,-0.22));
#7220 = LINE('',#7221,#7222);
#7221 = CARTESIAN_POINT('',(-292.275,-328.5,-0.22));
#7222 = VECTOR('',#7223,1.);
#7223 = DIRECTION('',(-1.,0.,0.));
#7224 = ORIENTED_EDGE('',*,*,#7225,.T.);
#7225 = EDGE_CURVE('',#7218,#6925,#7226,.T.);
#7226 = LINE('',#7227,#7228);
#7227 = CARTESIAN_POINT('',(-292.725,-328.5,-0.22));
#7228 = VECTOR('',#7229,1.);
#7229 = DIRECTION('',(0.,0.,1.));
#7230 = ORIENTED_EDGE('',*,*,#6924,.T.);
#7231 = ORIENTED_EDGE('',*,*,#6645,.F.);
#7232 = PLANE('',#7233);
#7233 = AXIS2_PLACEMENT_3D('',#7234,#7235,#7236);
#7234 = CARTESIAN_POINT('',(-245.6344348856,-328.5,-2.5));
#7235 = DIRECTION('',(0.,-1.,0.));
#7236 = DIRECTION('',(-1.,0.,0.));
#7237 = ADVANCED_FACE('',(#7238),#7272,.T.);
#7238 = FACE_BOUND('',#7239,.T.);
#7239 = EDGE_LOOP('',(#7240,#7241,#7242,#7243,#7251,#7259,#7265,#7266));
#7240 = ORIENTED_EDGE('',*,*,#6713,.F.);
#7241 = ORIENTED_EDGE('',*,*,#6688,.T.);
#7242 = ORIENTED_EDGE('',*,*,#6935,.T.);
#7243 = ORIENTED_EDGE('',*,*,#7244,.F.);
#7244 = EDGE_CURVE('',#7245,#6936,#7247,.T.);
#7245 = VERTEX_POINT('',#7246);
#7246 = CARTESIAN_POINT('',(-328.5,-292.725,-0.22));
#7247 = LINE('',#7248,#7249);
#7248 = CARTESIAN_POINT('',(-328.5,-292.725,-0.22));
#7249 = VECTOR('',#7250,1.);
#7250 = DIRECTION('',(0.,0.,1.));
#7251 = ORIENTED_EDGE('',*,*,#7252,.T.);
#7252 = EDGE_CURVE('',#7245,#7253,#7255,.T.);
#7253 = VERTEX_POINT('',#7254);
#7254 = CARTESIAN_POINT('',(-328.5,-292.275,-0.22));
#7255 = LINE('',#7256,#7257);
#7256 = CARTESIAN_POINT('',(-328.5,-292.725,-0.22));
#7257 = VECTOR('',#7258,1.);
#7258 = DIRECTION('',(0.,1.,0.));
#7259 = ORIENTED_EDGE('',*,*,#7260,.T.);
#7260 = EDGE_CURVE('',#7253,#6960,#7261,.T.);
#7261 = LINE('',#7262,#7263);
#7262 = CARTESIAN_POINT('',(-328.5,-292.275,-0.22));
#7263 = VECTOR('',#7264,1.);
#7264 = DIRECTION('',(0.,0.,1.));
#7265 = ORIENTED_EDGE('',*,*,#6967,.T.);
#7266 = ORIENTED_EDGE('',*,*,#7267,.F.);
#7267 = EDGE_CURVE('',#6714,#6968,#7268,.T.);
#7268 = LINE('',#7269,#7270);
#7269 = CARTESIAN_POINT('',(-328.5,-245.6344348856,-2.5));
#7270 = VECTOR('',#7271,1.);
#7271 = DIRECTION('',(0.,0.,1.));
#7272 = PLANE('',#7273);
#7273 = AXIS2_PLACEMENT_3D('',#7274,#7275,#7276);
#7274 = CARTESIAN_POINT('',(-328.5,-324.6715728752,-2.5));
#7275 = DIRECTION('',(-1.,0.,0.));
#7276 = DIRECTION('',(0.,1.,0.));
#7277 = ADVANCED_FACE('',(#7278),#7289,.T.);
#7278 = FACE_BOUND('',#7279,.T.);
#7279 = EDGE_LOOP('',(#7280,#7286,#7287,#7288));
#7280 = ORIENTED_EDGE('',*,*,#7281,.T.);
#7281 = EDGE_CURVE('',#6816,#7070,#7282,.T.);
#7282 = LINE('',#7283,#7284);
#7283 = CARTESIAN_POINT('',(-244.7424819101,-328.1027576779,-2.5));
#7284 = VECTOR('',#7285,1.);
#7285 = DIRECTION('',(0.,0.,1.));
#7286 = ORIENTED_EDGE('',*,*,#7077,.T.);
#7287 = ORIENTED_EDGE('',*,*,#7202,.F.);
#7288 = ORIENTED_EDGE('',*,*,#6823,.F.);
#7289 = CYLINDRICAL_SURFACE('',#7290,1.2);
#7290 = AXIS2_PLACEMENT_3D('',#7291,#7292,#7293);
#7291 = CARTESIAN_POINT('',(-245.6344348856,-327.3,-2.5));
#7292 = DIRECTION('',(0.,0.,-1.));
#7293 = DIRECTION('',(0.743294146247,-0.668964731622,0.));
#7294 = ADVANCED_FACE('',(#7295),#7306,.T.);
#7295 = FACE_BOUND('',#7296,.T.);
#7296 = EDGE_LOOP('',(#7297,#7298,#7299,#7305));
#7297 = ORIENTED_EDGE('',*,*,#7267,.T.);
#7298 = ORIENTED_EDGE('',*,*,#6975,.T.);
#7299 = ORIENTED_EDGE('',*,*,#7300,.F.);
#7300 = EDGE_CURVE('',#6722,#6976,#7301,.T.);
#7301 = LINE('',#7302,#7303);
#7302 = CARTESIAN_POINT('',(-328.1027576779,-244.7424819101,-2.5));
#7303 = VECTOR('',#7304,1.);
#7304 = DIRECTION('',(0.,0.,1.));
#7305 = ORIENTED_EDGE('',*,*,#6721,.F.);
#7306 = CYLINDRICAL_SURFACE('',#7307,1.2);
#7307 = AXIS2_PLACEMENT_3D('',#7308,#7309,#7310);
#7308 = CARTESIAN_POINT('',(-327.3,-245.6344348856,-2.5));
#7309 = DIRECTION('',(0.,0.,-1.));
#7310 = DIRECTION('',(-1.,0.,0.));
#7311 = ADVANCED_FACE('',(#7312),#7323,.T.);
#7312 = FACE_BOUND('',#7313,.T.);
#7313 = EDGE_LOOP('',(#7314,#7320,#7321,#7322));
#7314 = ORIENTED_EDGE('',*,*,#7315,.T.);
#7315 = EDGE_CURVE('',#6807,#7061,#7316,.T.);
#7316 = LINE('',#7317,#7318);
#7317 = CARTESIAN_POINT('',(-223.8080470245,-304.8422744716,-2.5));
#7318 = VECTOR('',#7319,1.);
#7319 = DIRECTION('',(0.,0.,1.));
#7320 = ORIENTED_EDGE('',*,*,#7069,.T.);
#7321 = ORIENTED_EDGE('',*,*,#7281,.F.);
#7322 = ORIENTED_EDGE('',*,*,#6815,.F.);
#7323 = PLANE('',#7324);
#7324 = AXIS2_PLACEMENT_3D('',#7325,#7326,#7327);
#7325 = CARTESIAN_POINT('',(-223.8080470245,-304.8422744716,-2.5));
#7326 = DIRECTION('',(0.743294146247,-0.668964731622,0.));
#7327 = DIRECTION('',(-0.668964731622,-0.743294146247,0.));
#7328 = ADVANCED_FACE('',(#7329),#7340,.T.);
#7329 = FACE_BOUND('',#7330,.T.);
#7330 = EDGE_LOOP('',(#7331,#7332,#7333,#7339));
#7331 = ORIENTED_EDGE('',*,*,#7300,.T.);
#7332 = ORIENTED_EDGE('',*,*,#6984,.T.);
#7333 = ORIENTED_EDGE('',*,*,#7334,.F.);
#7334 = EDGE_CURVE('',#6731,#6985,#7335,.T.);
#7335 = LINE('',#7336,#7337);
#7336 = CARTESIAN_POINT('',(-304.8707973443,-223.8337176098,-2.5));
#7337 = VECTOR('',#7338,1.);
#7338 = DIRECTION('',(0.,0.,1.));
#7339 = ORIENTED_EDGE('',*,*,#6730,.F.);
#7340 = PLANE('',#7341);
#7341 = AXIS2_PLACEMENT_3D('',#7342,#7343,#7344);
#7342 = CARTESIAN_POINT('',(-328.1027576779,-244.7424819101,-2.5));
#7343 = DIRECTION('',(-0.668964731622,0.743294146247,0.));
#7344 = DIRECTION('',(0.743294146247,0.668964731622,0.));
#7345 = ADVANCED_FACE('',(#7346),#7357,.T.);
#7346 = FACE_BOUND('',#7347,.T.);
#7347 = EDGE_LOOP('',(#7348,#7354,#7355,#7356));
#7348 = ORIENTED_EDGE('',*,*,#7349,.T.);
#7349 = EDGE_CURVE('',#6799,#7053,#7350,.T.);
#7350 = LINE('',#7351,#7352);
#7351 = CARTESIAN_POINT('',(-223.5,-304.0395167937,-2.5));
#7352 = VECTOR('',#7353,1.);
#7353 = DIRECTION('',(0.,0.,1.));
#7354 = ORIENTED_EDGE('',*,*,#7060,.T.);
#7355 = ORIENTED_EDGE('',*,*,#7315,.F.);
#7356 = ORIENTED_EDGE('',*,*,#6806,.F.);
#7357 = CYLINDRICAL_SURFACE('',#7358,1.2);
#7358 = AXIS2_PLACEMENT_3D('',#7359,#7360,#7361);
#7359 = CARTESIAN_POINT('',(-224.7,-304.0395167937,-2.5));
#7360 = DIRECTION('',(0.,0.,-1.));
#7361 = DIRECTION('',(1.,2.368475785867E-14,0.));
#7362 = ADVANCED_FACE('',(#7363),#7374,.T.);
#7363 = FACE_BOUND('',#7364,.T.);
#7364 = EDGE_LOOP('',(#7365,#7366,#7367,#7373));
#7365 = ORIENTED_EDGE('',*,*,#7334,.T.);
#7366 = ORIENTED_EDGE('',*,*,#6992,.T.);
#7367 = ORIENTED_EDGE('',*,*,#7368,.F.);
#7368 = EDGE_CURVE('',#6739,#6993,#7369,.T.);
#7369 = LINE('',#7370,#7371);
#7370 = CARTESIAN_POINT('',(-304.0011431932,-223.5,-2.5));
#7371 = VECTOR('',#7372,1.);
#7372 = DIRECTION('',(0.,0.,1.));
#7373 = ORIENTED_EDGE('',*,*,#6738,.F.);
#7374 = CYLINDRICAL_SURFACE('',#7375,1.3);
#7375 = AXIS2_PLACEMENT_3D('',#7376,#7377,#7378);
#7376 = CARTESIAN_POINT('',(-304.0011431932,-224.8,-2.5));
#7377 = DIRECTION('',(0.,0.,-1.));
#7378 = DIRECTION('',(-0.668964731622,0.743294146247,0.));
#7379 = ADVANCED_FACE('',(#7380),#7391,.T.);
#7380 = FACE_BOUND('',#7381,.T.);
#7381 = EDGE_LOOP('',(#7382,#7388,#7389,#7390));
#7382 = ORIENTED_EDGE('',*,*,#7383,.T.);
#7383 = EDGE_CURVE('',#6790,#7044,#7384,.T.);
#7384 = LINE('',#7385,#7386);
#7385 = CARTESIAN_POINT('',(-223.5,-302.82,-2.5));
#7386 = VECTOR('',#7387,1.);
#7387 = DIRECTION('',(0.,0.,1.));
#7388 = ORIENTED_EDGE('',*,*,#7052,.T.);
#7389 = ORIENTED_EDGE('',*,*,#7349,.F.);
#7390 = ORIENTED_EDGE('',*,*,#6798,.F.);
#7391 = PLANE('',#7392);
#7392 = AXIS2_PLACEMENT_3D('',#7393,#7394,#7395);
#7393 = CARTESIAN_POINT('',(-223.5,-302.82,-2.5));
#7394 = DIRECTION('',(1.,0.,0.));
#7395 = DIRECTION('',(0.,-1.,0.));
#7396 = ADVANCED_FACE('',(#7397),#7408,.T.);
#7397 = FACE_BOUND('',#7398,.T.);
#7398 = EDGE_LOOP('',(#7399,#7400,#7401,#7407));
#7399 = ORIENTED_EDGE('',*,*,#7368,.T.);
#7400 = ORIENTED_EDGE('',*,*,#7001,.T.);
#7401 = ORIENTED_EDGE('',*,*,#7402,.F.);
#7402 = EDGE_CURVE('',#6748,#7002,#7403,.T.);
#7403 = LINE('',#7404,#7405);
#7404 = CARTESIAN_POINT('',(-302.82,-223.5,-2.5));
#7405 = VECTOR('',#7406,1.);
#7406 = DIRECTION('',(0.,0.,1.));
#7407 = ORIENTED_EDGE('',*,*,#6747,.F.);
#7408 = PLANE('',#7409);
#7409 = AXIS2_PLACEMENT_3D('',#7410,#7411,#7412);
#7410 = CARTESIAN_POINT('',(-304.0011431932,-223.5,-2.5));
#7411 = DIRECTION('',(0.,1.,0.));
#7412 = DIRECTION('',(1.,0.,0.));
#7413 = ADVANCED_FACE('',(#7414),#7425,.T.);
#7414 = FACE_BOUND('',#7415,.T.);
#7415 = EDGE_LOOP('',(#7416,#7422,#7423,#7424));
#7416 = ORIENTED_EDGE('',*,*,#7417,.T.);
#7417 = EDGE_CURVE('',#6782,#7036,#7418,.T.);
#7418 = LINE('',#7419,#7420);
#7419 = CARTESIAN_POINT('',(-224.82,-301.5,-2.5));
#7420 = VECTOR('',#7421,1.);
#7421 = DIRECTION('',(0.,0.,1.));
#7422 = ORIENTED_EDGE('',*,*,#7043,.T.);
#7423 = ORIENTED_EDGE('',*,*,#7383,.F.);
#7424 = ORIENTED_EDGE('',*,*,#6789,.F.);
#7425 = CYLINDRICAL_SURFACE('',#7426,1.32);
#7426 = AXIS2_PLACEMENT_3D('',#7427,#7428,#7429);
#7427 = CARTESIAN_POINT('',(-224.82,-302.82,-2.5));
#7428 = DIRECTION('',(0.,0.,-1.));
#7429 = DIRECTION('',(0.,1.,0.));
#7430 = ADVANCED_FACE('',(#7431),#7442,.T.);
#7431 = FACE_BOUND('',#7432,.T.);
#7432 = EDGE_LOOP('',(#7433,#7434,#7435,#7441));
#7433 = ORIENTED_EDGE('',*,*,#7402,.T.);
#7434 = ORIENTED_EDGE('',*,*,#7009,.T.);
#7435 = ORIENTED_EDGE('',*,*,#7436,.F.);
#7436 = EDGE_CURVE('',#6756,#7010,#7437,.T.);
#7437 = LINE('',#7438,#7439);
#7438 = CARTESIAN_POINT('',(-301.5,-224.82,-2.5));
#7439 = VECTOR('',#7440,1.);
#7440 = DIRECTION('',(0.,0.,1.));
#7441 = ORIENTED_EDGE('',*,*,#6755,.F.);
#7442 = CYLINDRICAL_SURFACE('',#7443,1.32);
#7443 = AXIS2_PLACEMENT_3D('',#7444,#7445,#7446);
#7444 = CARTESIAN_POINT('',(-302.82,-224.82,-2.5));
#7445 = DIRECTION('',(0.,0.,-1.));
#7446 = DIRECTION('',(-8.074349270001E-15,1.,0.));
#7447 = ADVANCED_FACE('',(#7448),#7459,.T.);
#7448 = FACE_BOUND('',#7449,.T.);
#7449 = EDGE_LOOP('',(#7450,#7456,#7457,#7458));
#7450 = ORIENTED_EDGE('',*,*,#7451,.T.);
#7451 = EDGE_CURVE('',#6773,#7027,#7452,.T.);
#7452 = LINE('',#7453,#7454);
#7453 = CARTESIAN_POINT('',(-299.5,-301.5,-2.5));
#7454 = VECTOR('',#7455,1.);
#7455 = DIRECTION('',(0.,0.,1.));
#7456 = ORIENTED_EDGE('',*,*,#7035,.T.);
#7457 = ORIENTED_EDGE('',*,*,#7417,.F.);
#7458 = ORIENTED_EDGE('',*,*,#6781,.F.);
#7459 = PLANE('',#7460);
#7460 = AXIS2_PLACEMENT_3D('',#7461,#7462,#7463);
#7461 = CARTESIAN_POINT('',(-299.5,-301.5,-2.5));
#7462 = DIRECTION('',(0.,1.,0.));
#7463 = DIRECTION('',(1.,0.,0.));
#7464 = ADVANCED_FACE('',(#7465),#7476,.T.);
#7465 = FACE_BOUND('',#7466,.T.);
#7466 = EDGE_LOOP('',(#7467,#7468,#7469,#7475));
#7467 = ORIENTED_EDGE('',*,*,#7436,.T.);
#7468 = ORIENTED_EDGE('',*,*,#7018,.T.);
#7469 = ORIENTED_EDGE('',*,*,#7470,.F.);
#7470 = EDGE_CURVE('',#6765,#7019,#7471,.T.);
#7471 = LINE('',#7472,#7473);
#7472 = CARTESIAN_POINT('',(-301.5,-299.5,-2.5));
#7473 = VECTOR('',#7474,1.);
#7474 = DIRECTION('',(0.,0.,1.));
#7475 = ORIENTED_EDGE('',*,*,#6764,.F.);
#7476 = PLANE('',#7477);
#7477 = AXIS2_PLACEMENT_3D('',#7478,#7479,#7480);
#7478 = CARTESIAN_POINT('',(-301.5,-224.82,-2.5));
#7479 = DIRECTION('',(1.,0.,0.));
#7480 = DIRECTION('',(0.,-1.,0.));
#7481 = ADVANCED_FACE('',(#7482),#7488,.F.);
#7482 = FACE_BOUND('',#7483,.T.);
#7483 = EDGE_LOOP('',(#7484,#7485,#7486,#7487));
#7484 = ORIENTED_EDGE('',*,*,#7470,.T.);
#7485 = ORIENTED_EDGE('',*,*,#7026,.T.);
#7486 = ORIENTED_EDGE('',*,*,#7451,.F.);
#7487 = ORIENTED_EDGE('',*,*,#6772,.F.);
#7488 = CYLINDRICAL_SURFACE('',#7489,2.);
#7489 = AXIS2_PLACEMENT_3D('',#7490,#7491,#7492);
#7490 = CARTESIAN_POINT('',(-299.5,-299.5,-2.5));
#7491 = DIRECTION('',(-0.,-0.,-1.));
#7492 = DIRECTION('',(-1.,0.,0.));
#7493 = ADVANCED_FACE('',(#7494),#7505,.F.);
#7494 = FACE_BOUND('',#7495,.F.);
#7495 = EDGE_LOOP('',(#7496,#7497,#7503,#7504));
#7496 = ORIENTED_EDGE('',*,*,#7118,.F.);
#7497 = ORIENTED_EDGE('',*,*,#7498,.F.);
#7498 = EDGE_CURVE('',#6842,#7119,#7499,.T.);
#7499 = LINE('',#7500,#7501);
#7500 = CARTESIAN_POINT('',(-239.5,-318.5,-3.5));
#7501 = VECTOR('',#7502,1.);
#7502 = DIRECTION('',(0.,0.,1.));
#7503 = ORIENTED_EDGE('',*,*,#6841,.T.);
#7504 = ORIENTED_EDGE('',*,*,#7498,.T.);
#7505 = CYLINDRICAL_SURFACE('',#7506,3.);
#7506 = AXIS2_PLACEMENT_3D('',#7507,#7508,#7509);
#7507 = CARTESIAN_POINT('',(-242.5,-318.5,-3.5));
#7508 = DIRECTION('',(0.,0.,1.));
#7509 = DIRECTION('',(1.,0.,0.));
#7510 = ADVANCED_FACE('',(#7511),#7522,.F.);
#7511 = FACE_BOUND('',#7512,.F.);
#7512 = EDGE_LOOP('',(#7513,#7514,#7520,#7521));
#7513 = ORIENTED_EDGE('',*,*,#7129,.F.);
#7514 = ORIENTED_EDGE('',*,*,#7515,.F.);
#7515 = EDGE_CURVE('',#6853,#7130,#7516,.T.);
#7516 = LINE('',#7517,#7518);
#7517 = CARTESIAN_POINT('',(-276.5,-318.5,-3.5));
#7518 = VECTOR('',#7519,1.);
#7519 = DIRECTION('',(0.,0.,1.));
#7520 = ORIENTED_EDGE('',*,*,#6852,.T.);
#7521 = ORIENTED_EDGE('',*,*,#7515,.T.);
#7522 = CYLINDRICAL_SURFACE('',#7523,3.);
#7523 = AXIS2_PLACEMENT_3D('',#7524,#7525,#7526);
#7524 = CARTESIAN_POINT('',(-279.5,-318.5,-3.5));
#7525 = DIRECTION('',(0.,0.,1.));
#7526 = DIRECTION('',(1.,0.,0.));
#7527 = ADVANCED_FACE('',(#7528),#7539,.F.);
#7528 = FACE_BOUND('',#7529,.F.);
#7529 = EDGE_LOOP('',(#7530,#7531,#7537,#7538));
#7530 = ORIENTED_EDGE('',*,*,#7140,.F.);
#7531 = ORIENTED_EDGE('',*,*,#7532,.F.);
#7532 = EDGE_CURVE('',#6864,#7141,#7533,.T.);
#7533 = LINE('',#7534,#7535);
#7534 = CARTESIAN_POINT('',(-295.5,-318.5,-3.5));
#7535 = VECTOR('',#7536,1.);
#7536 = DIRECTION('',(0.,0.,1.));
#7537 = ORIENTED_EDGE('',*,*,#6863,.T.);
#7538 = ORIENTED_EDGE('',*,*,#7532,.T.);
#7539 = CYLINDRICAL_SURFACE('',#7540,3.);
#7540 = AXIS2_PLACEMENT_3D('',#7541,#7542,#7543);
#7541 = CARTESIAN_POINT('',(-298.5,-318.5,-3.5));
#7542 = DIRECTION('',(0.,0.,1.));
#7543 = DIRECTION('',(1.,0.,0.));
#7544 = ADVANCED_FACE('',(#7545),#7556,.F.);
#7545 = FACE_BOUND('',#7546,.F.);
#7546 = EDGE_LOOP('',(#7547,#7548,#7554,#7555));
#7547 = ORIENTED_EDGE('',*,*,#7151,.F.);
#7548 = ORIENTED_EDGE('',*,*,#7549,.F.);
#7549 = EDGE_CURVE('',#6875,#7152,#7550,.T.);
#7550 = LINE('',#7551,#7552);
#7551 = CARTESIAN_POINT('',(-310.,-315.5,-3.5));
#7552 = VECTOR('',#7553,1.);
#7553 = DIRECTION('',(0.,0.,1.));
#7554 = ORIENTED_EDGE('',*,*,#6874,.T.);
#7555 = ORIENTED_EDGE('',*,*,#7549,.T.);
#7556 = CYLINDRICAL_SURFACE('',#7557,5.5);
#7557 = AXIS2_PLACEMENT_3D('',#7558,#7559,#7560);
#7558 = CARTESIAN_POINT('',(-315.5,-315.5,-3.5));
#7559 = DIRECTION('',(0.,0.,1.));
#7560 = DIRECTION('',(1.,0.,0.));
#7561 = ADVANCED_FACE('',(#7562),#7573,.F.);
#7562 = FACE_BOUND('',#7563,.F.);
#7563 = EDGE_LOOP('',(#7564,#7565,#7571,#7572));
#7564 = ORIENTED_EDGE('',*,*,#7162,.F.);
#7565 = ORIENTED_EDGE('',*,*,#7566,.F.);
#7566 = EDGE_CURVE('',#6886,#7163,#7567,.T.);
#7567 = LINE('',#7568,#7569);
#7568 = CARTESIAN_POINT('',(-315.5,-298.5,-3.5));
#7569 = VECTOR('',#7570,1.);
#7570 = DIRECTION('',(0.,0.,1.));
#7571 = ORIENTED_EDGE('',*,*,#6885,.T.);
#7572 = ORIENTED_EDGE('',*,*,#7566,.T.);
#7573 = CYLINDRICAL_SURFACE('',#7574,3.);
#7574 = AXIS2_PLACEMENT_3D('',#7575,#7576,#7577);
#7575 = CARTESIAN_POINT('',(-318.5,-298.5,-3.5));
#7576 = DIRECTION('',(0.,0.,1.));
#7577 = DIRECTION('',(1.,0.,0.));
#7578 = ADVANCED_FACE('',(#7579),#7590,.F.);
#7579 = FACE_BOUND('',#7580,.F.);
#7580 = EDGE_LOOP('',(#7581,#7582,#7588,#7589));
#7581 = ORIENTED_EDGE('',*,*,#7173,.F.);
#7582 = ORIENTED_EDGE('',*,*,#7583,.F.);
#7583 = EDGE_CURVE('',#6897,#7174,#7584,.T.);
#7584 = LINE('',#7585,#7586);
#7585 = CARTESIAN_POINT('',(-315.5,-279.5,-3.5));
#7586 = VECTOR('',#7587,1.);
#7587 = DIRECTION('',(0.,0.,1.));
#7588 = ORIENTED_EDGE('',*,*,#6896,.T.);
#7589 = ORIENTED_EDGE('',*,*,#7583,.T.);
#7590 = CYLINDRICAL_SURFACE('',#7591,3.);
#7591 = AXIS2_PLACEMENT_3D('',#7592,#7593,#7594);
#7592 = CARTESIAN_POINT('',(-318.5,-279.5,-3.5));
#7593 = DIRECTION('',(0.,0.,1.));
#7594 = DIRECTION('',(1.,0.,0.));
#7595 = ADVANCED_FACE('',(#7596),#7607,.F.);
#7596 = FACE_BOUND('',#7597,.F.);
#7597 = EDGE_LOOP('',(#7598,#7599,#7605,#7606));
#7598 = ORIENTED_EDGE('',*,*,#7184,.F.);
#7599 = ORIENTED_EDGE('',*,*,#7600,.F.);
#7600 = EDGE_CURVE('',#6908,#7185,#7601,.T.);
#7601 = LINE('',#7602,#7603);
#7602 = CARTESIAN_POINT('',(-315.5,-242.5,-3.5));
#7603 = VECTOR('',#7604,1.);
#7604 = DIRECTION('',(0.,0.,1.));
#7605 = ORIENTED_EDGE('',*,*,#6907,.T.);
#7606 = ORIENTED_EDGE('',*,*,#7600,.T.);
#7607 = CYLINDRICAL_SURFACE('',#7608,3.);
#7608 = AXIS2_PLACEMENT_3D('',#7609,#7610,#7611);
#7609 = CARTESIAN_POINT('',(-318.5,-242.5,-3.5));
#7610 = DIRECTION('',(0.,0.,1.));
#7611 = DIRECTION('',(1.,0.,0.));
#7612 = ADVANCED_FACE('',(#7613),#7631,.F.);
#7613 = FACE_BOUND('',#7614,.F.);
#7614 = EDGE_LOOP('',(#7615,#7623,#7624,#7625));
#7615 = ORIENTED_EDGE('',*,*,#7616,.F.);
#7616 = EDGE_CURVE('',#7218,#7617,#7619,.T.);
#7617 = VERTEX_POINT('',#7618);
#7618 = CARTESIAN_POINT('',(-292.725,-305.5,-0.22));
#7619 = LINE('',#7620,#7621);
#7620 = CARTESIAN_POINT('',(-292.725,-328.5,-0.22));
#7621 = VECTOR('',#7622,1.);
#7622 = DIRECTION('',(0.,1.,0.));
#7623 = ORIENTED_EDGE('',*,*,#7225,.T.);
#7624 = ORIENTED_EDGE('',*,*,#7110,.T.);
#7625 = ORIENTED_EDGE('',*,*,#7626,.F.);
#7626 = EDGE_CURVE('',#7617,#7103,#7627,.T.);
#7627 = LINE('',#7628,#7629);
#7628 = CARTESIAN_POINT('',(-292.725,-305.5,-0.22));
#7629 = VECTOR('',#7630,1.);
#7630 = DIRECTION('',(0.,0.,1.));
#7631 = PLANE('',#7632);
#7632 = AXIS2_PLACEMENT_3D('',#7633,#7634,#7635);
#7633 = CARTESIAN_POINT('',(-292.725,-328.5,-0.22));
#7634 = DIRECTION('',(-1.,0.,0.));
#7635 = DIRECTION('',(0.,1.,0.));
#7636 = ADVANCED_FACE('',(#7637),#7655,.F.);
#7637 = FACE_BOUND('',#7638,.F.);
#7638 = EDGE_LOOP('',(#7639,#7647,#7648,#7649));
#7639 = ORIENTED_EDGE('',*,*,#7640,.F.);
#7640 = EDGE_CURVE('',#7617,#7641,#7643,.T.);
#7641 = VERTEX_POINT('',#7642);
#7642 = CARTESIAN_POINT('',(-292.275,-305.5,-0.22));
#7643 = LINE('',#7644,#7645);
#7644 = CARTESIAN_POINT('',(-292.725,-305.5,-0.22));
#7645 = VECTOR('',#7646,1.);
#7646 = DIRECTION('',(1.,0.,0.));
#7647 = ORIENTED_EDGE('',*,*,#7626,.T.);
#7648 = ORIENTED_EDGE('',*,*,#7102,.T.);
#7649 = ORIENTED_EDGE('',*,*,#7650,.F.);
#7650 = EDGE_CURVE('',#7641,#7095,#7651,.T.);
#7651 = LINE('',#7652,#7653);
#7652 = CARTESIAN_POINT('',(-292.275,-305.5,-0.22));
#7653 = VECTOR('',#7654,1.);
#7654 = DIRECTION('',(0.,0.,1.));
#7655 = PLANE('',#7656);
#7656 = AXIS2_PLACEMENT_3D('',#7657,#7658,#7659);
#7657 = CARTESIAN_POINT('',(-292.725,-305.5,-0.22));
#7658 = DIRECTION('',(0.,1.,0.));
#7659 = DIRECTION('',(1.,0.,0.));
#7660 = ADVANCED_FACE('',(#7661),#7672,.F.);
#7661 = FACE_BOUND('',#7662,.F.);
#7662 = EDGE_LOOP('',(#7663,#7669,#7670,#7671));
#7663 = ORIENTED_EDGE('',*,*,#7664,.F.);
#7664 = EDGE_CURVE('',#7641,#7210,#7665,.T.);
#7665 = LINE('',#7666,#7667);
#7666 = CARTESIAN_POINT('',(-292.275,-305.5,-0.22));
#7667 = VECTOR('',#7668,1.);
#7668 = DIRECTION('',(0.,-1.,0.));
#7669 = ORIENTED_EDGE('',*,*,#7650,.T.);
#7670 = ORIENTED_EDGE('',*,*,#7094,.T.);
#7671 = ORIENTED_EDGE('',*,*,#7209,.F.);
#7672 = PLANE('',#7673);
#7673 = AXIS2_PLACEMENT_3D('',#7674,#7675,#7676);
#7674 = CARTESIAN_POINT('',(-292.275,-305.5,-0.22));
#7675 = DIRECTION('',(1.,0.,0.));
#7676 = DIRECTION('',(0.,-1.,0.));
#7677 = ADVANCED_FACE('',(#7678),#7696,.F.);
#7678 = FACE_BOUND('',#7679,.F.);
#7679 = EDGE_LOOP('',(#7680,#7688,#7694,#7695));
#7680 = ORIENTED_EDGE('',*,*,#7681,.F.);
#7681 = EDGE_CURVE('',#7682,#7245,#7684,.T.);
#7682 = VERTEX_POINT('',#7683);
#7683 = CARTESIAN_POINT('',(-305.5,-292.725,-0.22));
#7684 = LINE('',#7685,#7686);
#7685 = CARTESIAN_POINT('',(-305.5,-292.725,-0.22));
#7686 = VECTOR('',#7687,1.);
#7687 = DIRECTION('',(-1.,0.,0.));
#7688 = ORIENTED_EDGE('',*,*,#7689,.T.);
#7689 = EDGE_CURVE('',#7682,#6944,#7690,.T.);
#7690 = LINE('',#7691,#7692);
#7691 = CARTESIAN_POINT('',(-305.5,-292.725,-0.22));
#7692 = VECTOR('',#7693,1.);
#7693 = DIRECTION('',(0.,0.,1.));
#7694 = ORIENTED_EDGE('',*,*,#6943,.T.);
#7695 = ORIENTED_EDGE('',*,*,#7244,.F.);
#7696 = PLANE('',#7697);
#7697 = AXIS2_PLACEMENT_3D('',#7698,#7699,#7700);
#7698 = CARTESIAN_POINT('',(-305.5,-292.725,-0.22));
#7699 = DIRECTION('',(0.,-1.,0.));
#7700 = DIRECTION('',(-1.,0.,0.));
#7701 = ADVANCED_FACE('',(#7702),#7720,.F.);
#7702 = FACE_BOUND('',#7703,.F.);
#7703 = EDGE_LOOP('',(#7704,#7712,#7718,#7719));
#7704 = ORIENTED_EDGE('',*,*,#7705,.F.);
#7705 = EDGE_CURVE('',#7706,#7682,#7708,.T.);
#7706 = VERTEX_POINT('',#7707);
#7707 = CARTESIAN_POINT('',(-305.5,-292.275,-0.22));
#7708 = LINE('',#7709,#7710);
#7709 = CARTESIAN_POINT('',(-305.5,-292.275,-0.22));
#7710 = VECTOR('',#7711,1.);
#7711 = DIRECTION('',(0.,-1.,0.));
#7712 = ORIENTED_EDGE('',*,*,#7713,.T.);
#7713 = EDGE_CURVE('',#7706,#6952,#7714,.T.);
#7714 = LINE('',#7715,#7716);
#7715 = CARTESIAN_POINT('',(-305.5,-292.275,-0.22));
#7716 = VECTOR('',#7717,1.);
#7717 = DIRECTION('',(0.,0.,1.));
#7718 = ORIENTED_EDGE('',*,*,#6951,.T.);
#7719 = ORIENTED_EDGE('',*,*,#7689,.F.);
#7720 = PLANE('',#7721);
#7721 = AXIS2_PLACEMENT_3D('',#7722,#7723,#7724);
#7722 = CARTESIAN_POINT('',(-305.5,-292.275,-0.22));
#7723 = DIRECTION('',(1.,0.,0.));
#7724 = DIRECTION('',(0.,-1.,0.));
#7725 = ADVANCED_FACE('',(#7726),#7737,.F.);
#7726 = FACE_BOUND('',#7727,.F.);
#7727 = EDGE_LOOP('',(#7728,#7734,#7735,#7736));
#7728 = ORIENTED_EDGE('',*,*,#7729,.F.);
#7729 = EDGE_CURVE('',#7253,#7706,#7730,.T.);
#7730 = LINE('',#7731,#7732);
#7731 = CARTESIAN_POINT('',(-328.5,-292.275,-0.22));
#7732 = VECTOR('',#7733,1.);
#7733 = DIRECTION('',(1.,0.,0.));
#7734 = ORIENTED_EDGE('',*,*,#7260,.T.);
#7735 = ORIENTED_EDGE('',*,*,#6959,.T.);
#7736 = ORIENTED_EDGE('',*,*,#7713,.F.);
#7737 = PLANE('',#7738);
#7738 = AXIS2_PLACEMENT_3D('',#7739,#7740,#7741);
#7739 = CARTESIAN_POINT('',(-328.5,-292.275,-0.22));
#7740 = DIRECTION('',(0.,1.,0.));
#7741 = DIRECTION('',(1.,0.,0.));
#7742 = ADVANCED_FACE('',(#7743),#7749,.F.);
#7743 = FACE_BOUND('',#7744,.F.);
#7744 = EDGE_LOOP('',(#7745,#7746,#7747,#7748));
#7745 = ORIENTED_EDGE('',*,*,#7616,.T.);
#7746 = ORIENTED_EDGE('',*,*,#7640,.T.);
#7747 = ORIENTED_EDGE('',*,*,#7664,.T.);
#7748 = ORIENTED_EDGE('',*,*,#7217,.T.);
#7749 = PLANE('',#7750);
#7750 = AXIS2_PLACEMENT_3D('',#7751,#7752,#7753);
#7751 = CARTESIAN_POINT('',(-292.5,-317.,-0.22));
#7752 = DIRECTION('',(-0.,-0.,-1.));
#7753 = DIRECTION('',(-1.,0.,0.));
#7754 = ADVANCED_FACE('',(#7755),#7761,.F.);
#7755 = FACE_BOUND('',#7756,.F.);
#7756 = EDGE_LOOP('',(#7757,#7758,#7759,#7760));
#7757 = ORIENTED_EDGE('',*,*,#7729,.T.);
#7758 = ORIENTED_EDGE('',*,*,#7705,.T.);
#7759 = ORIENTED_EDGE('',*,*,#7681,.T.);
#7760 = ORIENTED_EDGE('',*,*,#7252,.T.);
#7761 = PLANE('',#7762);
#7762 = AXIS2_PLACEMENT_3D('',#7763,#7764,#7765);
#7763 = CARTESIAN_POINT('',(-317.,-292.5,-0.22));
#7764 = DIRECTION('',(-0.,-0.,-1.));
#7765 = DIRECTION('',(-1.,0.,0.));
#7766 = MANIFOLD_SOLID_BREP('',#7767);
#7767 = CLOSED_SHELL('',(#7768,#7808,#7841,#7874,#8087,#8364,#8404,#8444
    ,#8461,#8478,#8495,#8512,#8529,#8546,#8563,#8580,#8597,#8614,#8631,
    #8648,#8660,#8677,#8694,#8711,#8728,#8745,#8762,#8779,#8803,#8827,
    #8844,#8868,#8892,#8909,#8921));
#7768 = ADVANCED_FACE('',(#7769),#7803,.T.);
#7769 = FACE_BOUND('',#7770,.T.);
#7770 = EDGE_LOOP('',(#7771,#7781,#7789,#7797));
#7771 = ORIENTED_EDGE('',*,*,#7772,.T.);
#7772 = EDGE_CURVE('',#7773,#7775,#7777,.T.);
#7773 = VERTEX_POINT('',#7774);
#7774 = CARTESIAN_POINT('',(327.91421356237,-326.0857864376,-2.5));
#7775 = VERTEX_POINT('',#7776);
#7776 = CARTESIAN_POINT('',(327.91421356237,-326.0857864376,0.));
#7777 = LINE('',#7778,#7779);
#7778 = CARTESIAN_POINT('',(327.91421356237,-326.0857864376,-2.5));
#7779 = VECTOR('',#7780,1.);
#7780 = DIRECTION('',(0.,0.,1.));
#7781 = ORIENTED_EDGE('',*,*,#7782,.T.);
#7782 = EDGE_CURVE('',#7775,#7783,#7785,.T.);
#7783 = VERTEX_POINT('',#7784);
#7784 = CARTESIAN_POINT('',(326.08578643762,-327.9142135623,0.));
#7785 = LINE('',#7786,#7787);
#7786 = CARTESIAN_POINT('',(327.91421356237,-326.0857864376,0.));
#7787 = VECTOR('',#7788,1.);
#7788 = DIRECTION('',(-0.707106781187,-0.707106781187,0.));
#7789 = ORIENTED_EDGE('',*,*,#7790,.F.);
#7790 = EDGE_CURVE('',#7791,#7783,#7793,.T.);
#7791 = VERTEX_POINT('',#7792);
#7792 = CARTESIAN_POINT('',(326.08578643762,-327.9142135623,-2.5));
#7793 = LINE('',#7794,#7795);
#7794 = CARTESIAN_POINT('',(326.08578643762,-327.9142135623,-2.5));
#7795 = VECTOR('',#7796,1.);
#7796 = DIRECTION('',(0.,0.,1.));
#7797 = ORIENTED_EDGE('',*,*,#7798,.F.);
#7798 = EDGE_CURVE('',#7773,#7791,#7799,.T.);
#7799 = LINE('',#7800,#7801);
#7800 = CARTESIAN_POINT('',(327.91421356237,-326.0857864376,-2.5));
#7801 = VECTOR('',#7802,1.);
#7802 = DIRECTION('',(-0.707106781187,-0.707106781187,0.));
#7803 = PLANE('',#7804);
#7804 = AXIS2_PLACEMENT_3D('',#7805,#7806,#7807);
#7805 = CARTESIAN_POINT('',(327.91421356237,-326.0857864376,-2.5));
#7806 = DIRECTION('',(0.707106781187,-0.707106781187,0.));
#7807 = DIRECTION('',(-0.707106781187,-0.707106781187,0.));
#7808 = ADVANCED_FACE('',(#7809),#7836,.T.);
#7809 = FACE_BOUND('',#7810,.T.);
#7810 = EDGE_LOOP('',(#7811,#7821,#7828,#7829));
#7811 = ORIENTED_EDGE('',*,*,#7812,.T.);
#7812 = EDGE_CURVE('',#7813,#7815,#7817,.T.);
#7813 = VERTEX_POINT('',#7814);
#7814 = CARTESIAN_POINT('',(328.5,-324.6715728752,-2.5));
#7815 = VERTEX_POINT('',#7816);
#7816 = CARTESIAN_POINT('',(328.5,-324.6715728752,0.));
#7817 = LINE('',#7818,#7819);
#7818 = CARTESIAN_POINT('',(328.5,-324.6715728752,-2.5));
#7819 = VECTOR('',#7820,1.);
#7820 = DIRECTION('',(0.,0.,1.));
#7821 = ORIENTED_EDGE('',*,*,#7822,.T.);
#7822 = EDGE_CURVE('',#7815,#7775,#7823,.T.);
#7823 = CIRCLE('',#7824,2.);
#7824 = AXIS2_PLACEMENT_3D('',#7825,#7826,#7827);
#7825 = CARTESIAN_POINT('',(326.5,-324.6715728752,0.));
#7826 = DIRECTION('',(0.,0.,-1.));
#7827 = DIRECTION('',(1.,-2.22044604925E-16,0.));
#7828 = ORIENTED_EDGE('',*,*,#7772,.F.);
#7829 = ORIENTED_EDGE('',*,*,#7830,.F.);
#7830 = EDGE_CURVE('',#7813,#7773,#7831,.T.);
#7831 = CIRCLE('',#7832,2.);
#7832 = AXIS2_PLACEMENT_3D('',#7833,#7834,#7835);
#7833 = CARTESIAN_POINT('',(326.5,-324.6715728752,-2.5));
#7834 = DIRECTION('',(0.,0.,-1.));
#7835 = DIRECTION('',(1.,-2.22044604925E-16,0.));
#7836 = CYLINDRICAL_SURFACE('',#7837,2.);
#7837 = AXIS2_PLACEMENT_3D('',#7838,#7839,#7840);
#7838 = CARTESIAN_POINT('',(326.5,-324.6715728752,-2.5));
#7839 = DIRECTION('',(0.,0.,-1.));
#7840 = DIRECTION('',(1.,-2.22044604925E-16,0.));
#7841 = ADVANCED_FACE('',(#7842),#7869,.T.);
#7842 = FACE_BOUND('',#7843,.T.);
#7843 = EDGE_LOOP('',(#7844,#7845,#7854,#7862));
#7844 = ORIENTED_EDGE('',*,*,#7790,.T.);
#7845 = ORIENTED_EDGE('',*,*,#7846,.T.);
#7846 = EDGE_CURVE('',#7783,#7847,#7849,.T.);
#7847 = VERTEX_POINT('',#7848);
#7848 = CARTESIAN_POINT('',(324.67157287525,-328.5,0.));
#7849 = CIRCLE('',#7850,2.);
#7850 = AXIS2_PLACEMENT_3D('',#7851,#7852,#7853);
#7851 = CARTESIAN_POINT('',(324.67157287525,-326.5,0.));
#7852 = DIRECTION('',(-0.,0.,-1.));
#7853 = DIRECTION('',(0.707106781187,-0.707106781187,-0.));
#7854 = ORIENTED_EDGE('',*,*,#7855,.F.);
#7855 = EDGE_CURVE('',#7856,#7847,#7858,.T.);
#7856 = VERTEX_POINT('',#7857);
#7857 = CARTESIAN_POINT('',(324.67157287525,-328.5,-2.5));
#7858 = LINE('',#7859,#7860);
#7859 = CARTESIAN_POINT('',(324.67157287525,-328.5,-2.5));
#7860 = VECTOR('',#7861,1.);
#7861 = DIRECTION('',(0.,0.,1.));
#7862 = ORIENTED_EDGE('',*,*,#7863,.F.);
#7863 = EDGE_CURVE('',#7791,#7856,#7864,.T.);
#7864 = CIRCLE('',#7865,2.);
#7865 = AXIS2_PLACEMENT_3D('',#7866,#7867,#7868);
#7866 = CARTESIAN_POINT('',(324.67157287525,-326.5,-2.5));
#7867 = DIRECTION('',(-0.,0.,-1.));
#7868 = DIRECTION('',(0.707106781187,-0.707106781187,-0.));
#7869 = CYLINDRICAL_SURFACE('',#7870,2.);
#7870 = AXIS2_PLACEMENT_3D('',#7871,#7872,#7873);
#7871 = CARTESIAN_POINT('',(324.67157287525,-326.5,-2.5));
#7872 = DIRECTION('',(0.,0.,-1.));
#7873 = DIRECTION('',(0.707106781187,-0.707106781187,-0.));
#7874 = ADVANCED_FACE('',(#7875,#8005,#8016,#8027,#8038,#8049,#8060,
    #8071),#8082,.T.);
#7875 = FACE_BOUND('',#7876,.T.);
#7876 = EDGE_LOOP('',(#7877,#7878,#7879,#7887,#7896,#7904,#7913,#7921,
    #7930,#7938,#7947,#7955,#7964,#7972,#7981,#7989,#7998,#8004));
#7877 = ORIENTED_EDGE('',*,*,#7798,.T.);
#7878 = ORIENTED_EDGE('',*,*,#7863,.T.);
#7879 = ORIENTED_EDGE('',*,*,#7880,.T.);
#7880 = EDGE_CURVE('',#7856,#7881,#7883,.T.);
#7881 = VERTEX_POINT('',#7882);
#7882 = CARTESIAN_POINT('',(245.63443488564,-328.5,-2.5));
#7883 = LINE('',#7884,#7885);
#7884 = CARTESIAN_POINT('',(324.67157287525,-328.5,-2.5));
#7885 = VECTOR('',#7886,1.);
#7886 = DIRECTION('',(-1.,2.22044604925E-16,0.));
#7887 = ORIENTED_EDGE('',*,*,#7888,.T.);
#7888 = EDGE_CURVE('',#7881,#7889,#7891,.T.);
#7889 = VERTEX_POINT('',#7890);
#7890 = CARTESIAN_POINT('',(244.74248191015,-328.1027576779,-2.5));
#7891 = CIRCLE('',#7892,1.2);
#7892 = AXIS2_PLACEMENT_3D('',#7893,#7894,#7895);
#7893 = CARTESIAN_POINT('',(245.63443488564,-327.3,-2.5));
#7894 = DIRECTION('',(-0.,0.,-1.));
#7895 = DIRECTION('',(-2.22044604925E-16,-1.,0.));
#7896 = ORIENTED_EDGE('',*,*,#7897,.T.);
#7897 = EDGE_CURVE('',#7889,#7898,#7900,.T.);
#7898 = VERTEX_POINT('',#7899);
#7899 = CARTESIAN_POINT('',(223.83371760987,-304.8707973443,-2.5));
#7900 = LINE('',#7901,#7902);
#7901 = CARTESIAN_POINT('',(244.74248191015,-328.1027576779,-2.5));
#7902 = VECTOR('',#7903,1.);
#7903 = DIRECTION('',(-0.668964731622,0.743294146247,0.));
#7904 = ORIENTED_EDGE('',*,*,#7905,.T.);
#7905 = EDGE_CURVE('',#7898,#7906,#7908,.T.);
#7906 = VERTEX_POINT('',#7907);
#7907 = CARTESIAN_POINT('',(223.5,-304.0011431932,-2.5));
#7908 = CIRCLE('',#7909,1.3);
#7909 = AXIS2_PLACEMENT_3D('',#7910,#7911,#7912);
#7910 = CARTESIAN_POINT('',(224.8,-304.0011431932,-2.5));
#7911 = DIRECTION('',(-0.,0.,-1.));
#7912 = DIRECTION('',(-0.743294146247,-0.668964731622,0.));
#7913 = ORIENTED_EDGE('',*,*,#7914,.T.);
#7914 = EDGE_CURVE('',#7906,#7915,#7917,.T.);
#7915 = VERTEX_POINT('',#7916);
#7916 = CARTESIAN_POINT('',(223.5,-302.82,-2.5));
#7917 = LINE('',#7918,#7919);
#7918 = CARTESIAN_POINT('',(223.5,-304.0011431932,-2.5));
#7919 = VECTOR('',#7920,1.);
#7920 = DIRECTION('',(2.22044604925E-16,1.,0.));
#7921 = ORIENTED_EDGE('',*,*,#7922,.T.);
#7922 = EDGE_CURVE('',#7915,#7923,#7925,.T.);
#7923 = VERTEX_POINT('',#7924);
#7924 = CARTESIAN_POINT('',(224.82,-301.5,-2.5));
#7925 = CIRCLE('',#7926,1.32);
#7926 = AXIS2_PLACEMENT_3D('',#7927,#7928,#7929);
#7927 = CARTESIAN_POINT('',(224.82,-302.82,-2.5));
#7928 = DIRECTION('',(-0.,0.,-1.));
#7929 = DIRECTION('',(-1.,-7.852304665076E-15,0.));
#7930 = ORIENTED_EDGE('',*,*,#7931,.T.);
#7931 = EDGE_CURVE('',#7923,#7932,#7934,.T.);
#7932 = VERTEX_POINT('',#7933);
#7933 = CARTESIAN_POINT('',(299.5,-301.5,-2.5));
#7934 = LINE('',#7935,#7936);
#7935 = CARTESIAN_POINT('',(224.82,-301.5,-2.5));
#7936 = VECTOR('',#7937,1.);
#7937 = DIRECTION('',(1.,-2.22044604925E-16,0.));
#7938 = ORIENTED_EDGE('',*,*,#7939,.T.);
#7939 = EDGE_CURVE('',#7932,#7940,#7942,.T.);
#7940 = VERTEX_POINT('',#7941);
#7941 = CARTESIAN_POINT('',(301.5,-299.5,-2.5));
#7942 = CIRCLE('',#7943,2.);
#7943 = AXIS2_PLACEMENT_3D('',#7944,#7945,#7946);
#7944 = CARTESIAN_POINT('',(299.5,-299.5,-2.5));
#7945 = DIRECTION('',(0.,0.,1.));
#7946 = DIRECTION('',(-2.22044604925E-16,-1.,0.));
#7947 = ORIENTED_EDGE('',*,*,#7948,.T.);
#7948 = EDGE_CURVE('',#7940,#7949,#7951,.T.);
#7949 = VERTEX_POINT('',#7950);
#7950 = CARTESIAN_POINT('',(301.5,-224.82,-2.5));
#7951 = LINE('',#7952,#7953);
#7952 = CARTESIAN_POINT('',(301.5,-299.5,-2.5));
#7953 = VECTOR('',#7954,1.);
#7954 = DIRECTION('',(2.22044604925E-16,1.,0.));
#7955 = ORIENTED_EDGE('',*,*,#7956,.T.);
#7956 = EDGE_CURVE('',#7949,#7957,#7959,.T.);
#7957 = VERTEX_POINT('',#7958);
#7958 = CARTESIAN_POINT('',(302.82,-223.5,-2.5));
#7959 = CIRCLE('',#7960,1.32);
#7960 = AXIS2_PLACEMENT_3D('',#7961,#7962,#7963);
#7961 = CARTESIAN_POINT('',(302.82,-224.82,-2.5));
#7962 = DIRECTION('',(0.,0.,-1.));
#7963 = DIRECTION('',(-1.,2.22044604925E-16,0.));
#7964 = ORIENTED_EDGE('',*,*,#7965,.T.);
#7965 = EDGE_CURVE('',#7957,#7966,#7968,.T.);
#7966 = VERTEX_POINT('',#7967);
#7967 = CARTESIAN_POINT('',(304.03951679372,-223.5,-2.5));
#7968 = LINE('',#7969,#7970);
#7969 = CARTESIAN_POINT('',(302.82,-223.5,-2.5));
#7970 = VECTOR('',#7971,1.);
#7971 = DIRECTION('',(1.,-2.22044604925E-16,0.));
#7972 = ORIENTED_EDGE('',*,*,#7973,.T.);
#7973 = EDGE_CURVE('',#7966,#7974,#7976,.T.);
#7974 = VERTEX_POINT('',#7975);
#7975 = CARTESIAN_POINT('',(304.84227447167,-223.8080470245,-2.5));
#7976 = CIRCLE('',#7977,1.2);
#7977 = AXIS2_PLACEMENT_3D('',#7978,#7979,#7980);
#7978 = CARTESIAN_POINT('',(304.03951679372,-224.7,-2.5));
#7979 = DIRECTION('',(0.,0.,-1.));
#7980 = DIRECTION('',(-2.346271325375E-14,1.,0.));
#7981 = ORIENTED_EDGE('',*,*,#7982,.T.);
#7982 = EDGE_CURVE('',#7974,#7983,#7985,.T.);
#7983 = VERTEX_POINT('',#7984);
#7984 = CARTESIAN_POINT('',(328.10275767794,-244.7424819101,-2.5));
#7985 = LINE('',#7986,#7987);
#7986 = CARTESIAN_POINT('',(304.84227447167,-223.8080470245,-2.5));
#7987 = VECTOR('',#7988,1.);
#7988 = DIRECTION('',(0.743294146247,-0.668964731622,0.));
#7989 = ORIENTED_EDGE('',*,*,#7990,.T.);
#7990 = EDGE_CURVE('',#7983,#7991,#7993,.T.);
#7991 = VERTEX_POINT('',#7992);
#7992 = CARTESIAN_POINT('',(328.5,-245.6344348856,-2.5));
#7993 = CIRCLE('',#7994,1.2);
#7994 = AXIS2_PLACEMENT_3D('',#7995,#7996,#7997);
#7995 = CARTESIAN_POINT('',(327.3,-245.6344348856,-2.5));
#7996 = DIRECTION('',(0.,0.,-1.));
#7997 = DIRECTION('',(0.668964731622,0.743294146247,0.));
#7998 = ORIENTED_EDGE('',*,*,#7999,.T.);
#7999 = EDGE_CURVE('',#7991,#7813,#8000,.T.);
#8000 = LINE('',#8001,#8002);
#8001 = CARTESIAN_POINT('',(328.5,-245.6344348856,-2.5));
#8002 = VECTOR('',#8003,1.);
#8003 = DIRECTION('',(-2.22044604925E-16,-1.,0.));
#8004 = ORIENTED_EDGE('',*,*,#7830,.T.);
#8005 = FACE_BOUND('',#8006,.T.);
#8006 = EDGE_LOOP('',(#8007));
#8007 = ORIENTED_EDGE('',*,*,#8008,.T.);
#8008 = EDGE_CURVE('',#8009,#8009,#8011,.T.);
#8009 = VERTEX_POINT('',#8010);
#8010 = CARTESIAN_POINT('',(318.5,-239.5,-2.5));
#8011 = CIRCLE('',#8012,3.);
#8012 = AXIS2_PLACEMENT_3D('',#8013,#8014,#8015);
#8013 = CARTESIAN_POINT('',(318.5,-242.5,-2.5));
#8014 = DIRECTION('',(0.,-0.,1.));
#8015 = DIRECTION('',(2.22044604925E-16,1.,0.));
#8016 = FACE_BOUND('',#8017,.T.);
#8017 = EDGE_LOOP('',(#8018));
#8018 = ORIENTED_EDGE('',*,*,#8019,.T.);
#8019 = EDGE_CURVE('',#8020,#8020,#8022,.T.);
#8020 = VERTEX_POINT('',#8021);
#8021 = CARTESIAN_POINT('',(318.5,-276.5,-2.5));
#8022 = CIRCLE('',#8023,3.);
#8023 = AXIS2_PLACEMENT_3D('',#8024,#8025,#8026);
#8024 = CARTESIAN_POINT('',(318.5,-279.5,-2.5));
#8025 = DIRECTION('',(0.,-0.,1.));
#8026 = DIRECTION('',(2.22044604925E-16,1.,0.));
#8027 = FACE_BOUND('',#8028,.T.);
#8028 = EDGE_LOOP('',(#8029));
#8029 = ORIENTED_EDGE('',*,*,#8030,.T.);
#8030 = EDGE_CURVE('',#8031,#8031,#8033,.T.);
#8031 = VERTEX_POINT('',#8032);
#8032 = CARTESIAN_POINT('',(318.5,-295.5,-2.5));
#8033 = CIRCLE('',#8034,3.);
#8034 = AXIS2_PLACEMENT_3D('',#8035,#8036,#8037);
#8035 = CARTESIAN_POINT('',(318.5,-298.5,-2.5));
#8036 = DIRECTION('',(0.,-0.,1.));
#8037 = DIRECTION('',(2.22044604925E-16,1.,0.));
#8038 = FACE_BOUND('',#8039,.T.);
#8039 = EDGE_LOOP('',(#8040));
#8040 = ORIENTED_EDGE('',*,*,#8041,.T.);
#8041 = EDGE_CURVE('',#8042,#8042,#8044,.T.);
#8042 = VERTEX_POINT('',#8043);
#8043 = CARTESIAN_POINT('',(315.5,-310.,-2.5));
#8044 = CIRCLE('',#8045,5.5);
#8045 = AXIS2_PLACEMENT_3D('',#8046,#8047,#8048);
#8046 = CARTESIAN_POINT('',(315.5,-315.5,-2.5));
#8047 = DIRECTION('',(0.,-0.,1.));
#8048 = DIRECTION('',(2.22044604925E-16,1.,0.));
#8049 = FACE_BOUND('',#8050,.T.);
#8050 = EDGE_LOOP('',(#8051));
#8051 = ORIENTED_EDGE('',*,*,#8052,.T.);
#8052 = EDGE_CURVE('',#8053,#8053,#8055,.T.);
#8053 = VERTEX_POINT('',#8054);
#8054 = CARTESIAN_POINT('',(298.5,-315.5,-2.5));
#8055 = CIRCLE('',#8056,3.);
#8056 = AXIS2_PLACEMENT_3D('',#8057,#8058,#8059);
#8057 = CARTESIAN_POINT('',(298.5,-318.5,-2.5));
#8058 = DIRECTION('',(0.,-0.,1.));
#8059 = DIRECTION('',(2.22044604925E-16,1.,0.));
#8060 = FACE_BOUND('',#8061,.T.);
#8061 = EDGE_LOOP('',(#8062));
#8062 = ORIENTED_EDGE('',*,*,#8063,.T.);
#8063 = EDGE_CURVE('',#8064,#8064,#8066,.T.);
#8064 = VERTEX_POINT('',#8065);
#8065 = CARTESIAN_POINT('',(279.5,-315.5,-2.5));
#8066 = CIRCLE('',#8067,3.);
#8067 = AXIS2_PLACEMENT_3D('',#8068,#8069,#8070);
#8068 = CARTESIAN_POINT('',(279.5,-318.5,-2.5));
#8069 = DIRECTION('',(0.,-0.,1.));
#8070 = DIRECTION('',(2.22044604925E-16,1.,0.));
#8071 = FACE_BOUND('',#8072,.T.);
#8072 = EDGE_LOOP('',(#8073));
#8073 = ORIENTED_EDGE('',*,*,#8074,.T.);
#8074 = EDGE_CURVE('',#8075,#8075,#8077,.T.);
#8075 = VERTEX_POINT('',#8076);
#8076 = CARTESIAN_POINT('',(242.5,-315.5,-2.5));
#8077 = CIRCLE('',#8078,3.);
#8078 = AXIS2_PLACEMENT_3D('',#8079,#8080,#8081);
#8079 = CARTESIAN_POINT('',(242.5,-318.5,-2.5));
#8080 = DIRECTION('',(0.,-0.,1.));
#8081 = DIRECTION('',(2.22044604925E-16,1.,0.));
#8082 = PLANE('',#8083);
#8083 = AXIS2_PLACEMENT_3D('',#8084,#8085,#8086);
#8084 = CARTESIAN_POINT('',(291.39132826986,-291.3905531991,-2.5));
#8085 = DIRECTION('',(0.,-0.,-1.));
#8086 = DIRECTION('',(-2.22044604925E-16,-1.,0.));
#8087 = ADVANCED_FACE('',(#8088,#8282,#8293,#8304,#8315,#8326,#8337,
    #8348),#8359,.F.);
#8088 = FACE_BOUND('',#8089,.F.);
#8089 = EDGE_LOOP('',(#8090,#8098,#8099,#8100,#8101,#8109,#8117,#8125,
    #8133,#8141,#8150,#8158,#8167,#8175,#8184,#8192,#8201,#8209,#8218,
    #8226,#8235,#8243,#8252,#8260,#8268,#8276));
#8090 = ORIENTED_EDGE('',*,*,#8091,.T.);
#8091 = EDGE_CURVE('',#8092,#7815,#8094,.T.);
#8092 = VERTEX_POINT('',#8093);
#8093 = CARTESIAN_POINT('',(328.5,-292.725,0.));
#8094 = LINE('',#8095,#8096);
#8095 = CARTESIAN_POINT('',(328.5,-245.6344348856,0.));
#8096 = VECTOR('',#8097,1.);
#8097 = DIRECTION('',(-2.22044604925E-16,-1.,0.));
#8098 = ORIENTED_EDGE('',*,*,#7822,.T.);
#8099 = ORIENTED_EDGE('',*,*,#7782,.T.);
#8100 = ORIENTED_EDGE('',*,*,#7846,.T.);
#8101 = ORIENTED_EDGE('',*,*,#8102,.T.);
#8102 = EDGE_CURVE('',#7847,#8103,#8105,.T.);
#8103 = VERTEX_POINT('',#8104);
#8104 = CARTESIAN_POINT('',(292.725,-328.5,0.));
#8105 = LINE('',#8106,#8107);
#8106 = CARTESIAN_POINT('',(324.67157287525,-328.5,0.));
#8107 = VECTOR('',#8108,1.);
#8108 = DIRECTION('',(-1.,2.22044604925E-16,0.));
#8109 = ORIENTED_EDGE('',*,*,#8110,.F.);
#8110 = EDGE_CURVE('',#8111,#8103,#8113,.T.);
#8111 = VERTEX_POINT('',#8112);
#8112 = CARTESIAN_POINT('',(292.725,-305.5,0.));
#8113 = LINE('',#8114,#8115);
#8114 = CARTESIAN_POINT('',(292.725,-298.4452765995,0.));
#8115 = VECTOR('',#8116,1.);
#8116 = DIRECTION('',(-2.22044604925E-16,-1.,0.));
#8117 = ORIENTED_EDGE('',*,*,#8118,.F.);
#8118 = EDGE_CURVE('',#8119,#8111,#8121,.T.);
#8119 = VERTEX_POINT('',#8120);
#8120 = CARTESIAN_POINT('',(292.275,-305.5,0.));
#8121 = LINE('',#8122,#8123);
#8122 = CARTESIAN_POINT('',(291.83316413493,-305.5,0.));
#8123 = VECTOR('',#8124,1.);
#8124 = DIRECTION('',(1.,-2.22044604925E-16,0.));
#8125 = ORIENTED_EDGE('',*,*,#8126,.F.);
#8126 = EDGE_CURVE('',#8127,#8119,#8129,.T.);
#8127 = VERTEX_POINT('',#8128);
#8128 = CARTESIAN_POINT('',(292.275,-328.5,0.));
#8129 = LINE('',#8130,#8131);
#8130 = CARTESIAN_POINT('',(292.275,-309.9452765995,0.));
#8131 = VECTOR('',#8132,1.);
#8132 = DIRECTION('',(2.22044604925E-16,1.,0.));
#8133 = ORIENTED_EDGE('',*,*,#8134,.T.);
#8134 = EDGE_CURVE('',#8127,#8135,#8137,.T.);
#8135 = VERTEX_POINT('',#8136);
#8136 = CARTESIAN_POINT('',(245.63443488564,-328.5,0.));
#8137 = LINE('',#8138,#8139);
#8138 = CARTESIAN_POINT('',(324.67157287525,-328.5,0.));
#8139 = VECTOR('',#8140,1.);
#8140 = DIRECTION('',(-1.,2.22044604925E-16,0.));
#8141 = ORIENTED_EDGE('',*,*,#8142,.T.);
#8142 = EDGE_CURVE('',#8135,#8143,#8145,.T.);
#8143 = VERTEX_POINT('',#8144);
#8144 = CARTESIAN_POINT('',(244.74248191015,-328.1027576779,0.));
#8145 = CIRCLE('',#8146,1.2);
#8146 = AXIS2_PLACEMENT_3D('',#8147,#8148,#8149);
#8147 = CARTESIAN_POINT('',(245.63443488564,-327.3,0.));
#8148 = DIRECTION('',(-0.,0.,-1.));
#8149 = DIRECTION('',(-2.22044604925E-16,-1.,0.));
#8150 = ORIENTED_EDGE('',*,*,#8151,.T.);
#8151 = EDGE_CURVE('',#8143,#8152,#8154,.T.);
#8152 = VERTEX_POINT('',#8153);
#8153 = CARTESIAN_POINT('',(223.83371760987,-304.8707973443,0.));
#8154 = LINE('',#8155,#8156);
#8155 = CARTESIAN_POINT('',(244.74248191015,-328.1027576779,0.));
#8156 = VECTOR('',#8157,1.);
#8157 = DIRECTION('',(-0.668964731622,0.743294146247,0.));
#8158 = ORIENTED_EDGE('',*,*,#8159,.T.);
#8159 = EDGE_CURVE('',#8152,#8160,#8162,.T.);
#8160 = VERTEX_POINT('',#8161);
#8161 = CARTESIAN_POINT('',(223.5,-304.0011431932,0.));
#8162 = CIRCLE('',#8163,1.3);
#8163 = AXIS2_PLACEMENT_3D('',#8164,#8165,#8166);
#8164 = CARTESIAN_POINT('',(224.8,-304.0011431932,0.));
#8165 = DIRECTION('',(-0.,0.,-1.));
#8166 = DIRECTION('',(-0.743294146247,-0.668964731622,0.));
#8167 = ORIENTED_EDGE('',*,*,#8168,.T.);
#8168 = EDGE_CURVE('',#8160,#8169,#8171,.T.);
#8169 = VERTEX_POINT('',#8170);
#8170 = CARTESIAN_POINT('',(223.5,-302.82,0.));
#8171 = LINE('',#8172,#8173);
#8172 = CARTESIAN_POINT('',(223.5,-304.0011431932,0.));
#8173 = VECTOR('',#8174,1.);
#8174 = DIRECTION('',(2.22044604925E-16,1.,0.));
#8175 = ORIENTED_EDGE('',*,*,#8176,.T.);
#8176 = EDGE_CURVE('',#8169,#8177,#8179,.T.);
#8177 = VERTEX_POINT('',#8178);
#8178 = CARTESIAN_POINT('',(224.82,-301.5,0.));
#8179 = CIRCLE('',#8180,1.32);
#8180 = AXIS2_PLACEMENT_3D('',#8181,#8182,#8183);
#8181 = CARTESIAN_POINT('',(224.82,-302.82,0.));
#8182 = DIRECTION('',(-0.,0.,-1.));
#8183 = DIRECTION('',(-1.,-7.852304665076E-15,0.));
#8184 = ORIENTED_EDGE('',*,*,#8185,.T.);
#8185 = EDGE_CURVE('',#8177,#8186,#8188,.T.);
#8186 = VERTEX_POINT('',#8187);
#8187 = CARTESIAN_POINT('',(299.5,-301.5,0.));
#8188 = LINE('',#8189,#8190);
#8189 = CARTESIAN_POINT('',(224.82,-301.5,0.));
#8190 = VECTOR('',#8191,1.);
#8191 = DIRECTION('',(1.,-2.22044604925E-16,0.));
#8192 = ORIENTED_EDGE('',*,*,#8193,.T.);
#8193 = EDGE_CURVE('',#8186,#8194,#8196,.T.);
#8194 = VERTEX_POINT('',#8195);
#8195 = CARTESIAN_POINT('',(301.5,-299.5,0.));
#8196 = CIRCLE('',#8197,2.);
#8197 = AXIS2_PLACEMENT_3D('',#8198,#8199,#8200);
#8198 = CARTESIAN_POINT('',(299.5,-299.5,0.));
#8199 = DIRECTION('',(0.,0.,1.));
#8200 = DIRECTION('',(-2.22044604925E-16,-1.,0.));
#8201 = ORIENTED_EDGE('',*,*,#8202,.T.);
#8202 = EDGE_CURVE('',#8194,#8203,#8205,.T.);
#8203 = VERTEX_POINT('',#8204);
#8204 = CARTESIAN_POINT('',(301.5,-224.82,0.));
#8205 = LINE('',#8206,#8207);
#8206 = CARTESIAN_POINT('',(301.5,-299.5,0.));
#8207 = VECTOR('',#8208,1.);
#8208 = DIRECTION('',(2.22044604925E-16,1.,0.));
#8209 = ORIENTED_EDGE('',*,*,#8210,.T.);
#8210 = EDGE_CURVE('',#8203,#8211,#8213,.T.);
#8211 = VERTEX_POINT('',#8212);
#8212 = CARTESIAN_POINT('',(302.82,-223.5,0.));
#8213 = CIRCLE('',#8214,1.32);
#8214 = AXIS2_PLACEMENT_3D('',#8215,#8216,#8217);
#8215 = CARTESIAN_POINT('',(302.82,-224.82,0.));
#8216 = DIRECTION('',(0.,0.,-1.));
#8217 = DIRECTION('',(-1.,2.22044604925E-16,0.));
#8218 = ORIENTED_EDGE('',*,*,#8219,.T.);
#8219 = EDGE_CURVE('',#8211,#8220,#8222,.T.);
#8220 = VERTEX_POINT('',#8221);
#8221 = CARTESIAN_POINT('',(304.03951679372,-223.5,0.));
#8222 = LINE('',#8223,#8224);
#8223 = CARTESIAN_POINT('',(302.82,-223.5,0.));
#8224 = VECTOR('',#8225,1.);
#8225 = DIRECTION('',(1.,-2.22044604925E-16,0.));
#8226 = ORIENTED_EDGE('',*,*,#8227,.T.);
#8227 = EDGE_CURVE('',#8220,#8228,#8230,.T.);
#8228 = VERTEX_POINT('',#8229);
#8229 = CARTESIAN_POINT('',(304.84227447167,-223.8080470245,0.));
#8230 = CIRCLE('',#8231,1.2);
#8231 = AXIS2_PLACEMENT_3D('',#8232,#8233,#8234);
#8232 = CARTESIAN_POINT('',(304.03951679372,-224.7,0.));
#8233 = DIRECTION('',(0.,0.,-1.));
#8234 = DIRECTION('',(-2.346271325375E-14,1.,0.));
#8235 = ORIENTED_EDGE('',*,*,#8236,.T.);
#8236 = EDGE_CURVE('',#8228,#8237,#8239,.T.);
#8237 = VERTEX_POINT('',#8238);
#8238 = CARTESIAN_POINT('',(328.10275767794,-244.7424819101,0.));
#8239 = LINE('',#8240,#8241);
#8240 = CARTESIAN_POINT('',(304.84227447167,-223.8080470245,0.));
#8241 = VECTOR('',#8242,1.);
#8242 = DIRECTION('',(0.743294146247,-0.668964731622,0.));
#8243 = ORIENTED_EDGE('',*,*,#8244,.T.);
#8244 = EDGE_CURVE('',#8237,#8245,#8247,.T.);
#8245 = VERTEX_POINT('',#8246);
#8246 = CARTESIAN_POINT('',(328.5,-245.6344348856,0.));
#8247 = CIRCLE('',#8248,1.2);
#8248 = AXIS2_PLACEMENT_3D('',#8249,#8250,#8251);
#8249 = CARTESIAN_POINT('',(327.3,-245.6344348856,0.));
#8250 = DIRECTION('',(0.,0.,-1.));
#8251 = DIRECTION('',(0.668964731622,0.743294146247,0.));
#8252 = ORIENTED_EDGE('',*,*,#8253,.T.);
#8253 = EDGE_CURVE('',#8245,#8254,#8256,.T.);
#8254 = VERTEX_POINT('',#8255);
#8255 = CARTESIAN_POINT('',(328.5,-292.275,0.));
#8256 = LINE('',#8257,#8258);
#8257 = CARTESIAN_POINT('',(328.5,-245.6344348856,0.));
#8258 = VECTOR('',#8259,1.);
#8259 = DIRECTION('',(-2.22044604925E-16,-1.,0.));
#8260 = ORIENTED_EDGE('',*,*,#8261,.F.);
#8261 = EDGE_CURVE('',#8262,#8254,#8264,.T.);
#8262 = VERTEX_POINT('',#8263);
#8263 = CARTESIAN_POINT('',(305.5,-292.275,0.));
#8264 = LINE('',#8265,#8266);
#8265 = CARTESIAN_POINT('',(298.44566413493,-292.275,0.));
#8266 = VECTOR('',#8267,1.);
#8267 = DIRECTION('',(1.,-2.22044604925E-16,0.));
#8268 = ORIENTED_EDGE('',*,*,#8269,.F.);
#8269 = EDGE_CURVE('',#8270,#8262,#8272,.T.);
#8270 = VERTEX_POINT('',#8271);
#8271 = CARTESIAN_POINT('',(305.5,-292.725,0.));
#8272 = LINE('',#8273,#8274);
#8273 = CARTESIAN_POINT('',(305.5,-292.0577765995,0.));
#8274 = VECTOR('',#8275,1.);
#8275 = DIRECTION('',(2.22044604925E-16,1.,0.));
#8276 = ORIENTED_EDGE('',*,*,#8277,.F.);
#8277 = EDGE_CURVE('',#8092,#8270,#8278,.T.);
#8278 = LINE('',#8279,#8280);
#8279 = CARTESIAN_POINT('',(309.94566413493,-292.725,0.));
#8280 = VECTOR('',#8281,1.);
#8281 = DIRECTION('',(-1.,2.22044604925E-16,0.));
#8282 = FACE_BOUND('',#8283,.F.);
#8283 = EDGE_LOOP('',(#8284));
#8284 = ORIENTED_EDGE('',*,*,#8285,.T.);
#8285 = EDGE_CURVE('',#8286,#8286,#8288,.T.);
#8286 = VERTEX_POINT('',#8287);
#8287 = CARTESIAN_POINT('',(318.5,-239.5,0.));
#8288 = CIRCLE('',#8289,3.);
#8289 = AXIS2_PLACEMENT_3D('',#8290,#8291,#8292);
#8290 = CARTESIAN_POINT('',(318.5,-242.5,0.));
#8291 = DIRECTION('',(0.,-0.,1.));
#8292 = DIRECTION('',(2.22044604925E-16,1.,0.));
#8293 = FACE_BOUND('',#8294,.F.);
#8294 = EDGE_LOOP('',(#8295));
#8295 = ORIENTED_EDGE('',*,*,#8296,.T.);
#8296 = EDGE_CURVE('',#8297,#8297,#8299,.T.);
#8297 = VERTEX_POINT('',#8298);
#8298 = CARTESIAN_POINT('',(318.5,-276.5,0.));
#8299 = CIRCLE('',#8300,3.);
#8300 = AXIS2_PLACEMENT_3D('',#8301,#8302,#8303);
#8301 = CARTESIAN_POINT('',(318.5,-279.5,0.));
#8302 = DIRECTION('',(0.,-0.,1.));
#8303 = DIRECTION('',(2.22044604925E-16,1.,0.));
#8304 = FACE_BOUND('',#8305,.F.);
#8305 = EDGE_LOOP('',(#8306));
#8306 = ORIENTED_EDGE('',*,*,#8307,.T.);
#8307 = EDGE_CURVE('',#8308,#8308,#8310,.T.);
#8308 = VERTEX_POINT('',#8309);
#8309 = CARTESIAN_POINT('',(318.5,-295.5,0.));
#8310 = CIRCLE('',#8311,3.);
#8311 = AXIS2_PLACEMENT_3D('',#8312,#8313,#8314);
#8312 = CARTESIAN_POINT('',(318.5,-298.5,0.));
#8313 = DIRECTION('',(0.,-0.,1.));
#8314 = DIRECTION('',(2.22044604925E-16,1.,0.));
#8315 = FACE_BOUND('',#8316,.F.);
#8316 = EDGE_LOOP('',(#8317));
#8317 = ORIENTED_EDGE('',*,*,#8318,.T.);
#8318 = EDGE_CURVE('',#8319,#8319,#8321,.T.);
#8319 = VERTEX_POINT('',#8320);
#8320 = CARTESIAN_POINT('',(315.5,-310.,0.));
#8321 = CIRCLE('',#8322,5.5);
#8322 = AXIS2_PLACEMENT_3D('',#8323,#8324,#8325);
#8323 = CARTESIAN_POINT('',(315.5,-315.5,0.));
#8324 = DIRECTION('',(0.,-0.,1.));
#8325 = DIRECTION('',(2.22044604925E-16,1.,0.));
#8326 = FACE_BOUND('',#8327,.F.);
#8327 = EDGE_LOOP('',(#8328));
#8328 = ORIENTED_EDGE('',*,*,#8329,.T.);
#8329 = EDGE_CURVE('',#8330,#8330,#8332,.T.);
#8330 = VERTEX_POINT('',#8331);
#8331 = CARTESIAN_POINT('',(298.5,-315.5,0.));
#8332 = CIRCLE('',#8333,3.);
#8333 = AXIS2_PLACEMENT_3D('',#8334,#8335,#8336);
#8334 = CARTESIAN_POINT('',(298.5,-318.5,0.));
#8335 = DIRECTION('',(0.,-0.,1.));
#8336 = DIRECTION('',(2.22044604925E-16,1.,0.));
#8337 = FACE_BOUND('',#8338,.F.);
#8338 = EDGE_LOOP('',(#8339));
#8339 = ORIENTED_EDGE('',*,*,#8340,.T.);
#8340 = EDGE_CURVE('',#8341,#8341,#8343,.T.);
#8341 = VERTEX_POINT('',#8342);
#8342 = CARTESIAN_POINT('',(279.5,-315.5,0.));
#8343 = CIRCLE('',#8344,3.);
#8344 = AXIS2_PLACEMENT_3D('',#8345,#8346,#8347);
#8345 = CARTESIAN_POINT('',(279.5,-318.5,0.));
#8346 = DIRECTION('',(0.,-0.,1.));
#8347 = DIRECTION('',(2.22044604925E-16,1.,0.));
#8348 = FACE_BOUND('',#8349,.F.);
#8349 = EDGE_LOOP('',(#8350));
#8350 = ORIENTED_EDGE('',*,*,#8351,.T.);
#8351 = EDGE_CURVE('',#8352,#8352,#8354,.T.);
#8352 = VERTEX_POINT('',#8353);
#8353 = CARTESIAN_POINT('',(242.5,-315.5,0.));
#8354 = CIRCLE('',#8355,3.);
#8355 = AXIS2_PLACEMENT_3D('',#8356,#8357,#8358);
#8356 = CARTESIAN_POINT('',(242.5,-318.5,0.));
#8357 = DIRECTION('',(0.,-0.,1.));
#8358 = DIRECTION('',(2.22044604925E-16,1.,0.));
#8359 = PLANE('',#8360);
#8360 = AXIS2_PLACEMENT_3D('',#8361,#8362,#8363);
#8361 = CARTESIAN_POINT('',(291.39132826986,-291.3905531991,0.));
#8362 = DIRECTION('',(0.,-0.,-1.));
#8363 = DIRECTION('',(-2.22044604925E-16,-1.,0.));
#8364 = ADVANCED_FACE('',(#8365),#8399,.T.);
#8365 = FACE_BOUND('',#8366,.T.);
#8366 = EDGE_LOOP('',(#8367,#8368,#8374,#8375,#8383,#8391,#8397,#8398));
#8367 = ORIENTED_EDGE('',*,*,#7999,.F.);
#8368 = ORIENTED_EDGE('',*,*,#8369,.T.);
#8369 = EDGE_CURVE('',#7991,#8245,#8370,.T.);
#8370 = LINE('',#8371,#8372);
#8371 = CARTESIAN_POINT('',(328.5,-245.6344348856,-2.5));
#8372 = VECTOR('',#8373,1.);
#8373 = DIRECTION('',(0.,0.,1.));
#8374 = ORIENTED_EDGE('',*,*,#8253,.T.);
#8375 = ORIENTED_EDGE('',*,*,#8376,.F.);
#8376 = EDGE_CURVE('',#8377,#8254,#8379,.T.);
#8377 = VERTEX_POINT('',#8378);
#8378 = CARTESIAN_POINT('',(328.5,-292.275,-0.22));
#8379 = LINE('',#8380,#8381);
#8380 = CARTESIAN_POINT('',(328.5,-292.275,-0.22));
#8381 = VECTOR('',#8382,1.);
#8382 = DIRECTION('',(0.,0.,1.));
#8383 = ORIENTED_EDGE('',*,*,#8384,.T.);
#8384 = EDGE_CURVE('',#8377,#8385,#8387,.T.);
#8385 = VERTEX_POINT('',#8386);
#8386 = CARTESIAN_POINT('',(328.5,-292.725,-0.22));
#8387 = LINE('',#8388,#8389);
#8388 = CARTESIAN_POINT('',(328.5,-292.275,-0.22));
#8389 = VECTOR('',#8390,1.);
#8390 = DIRECTION('',(-2.22044604925E-16,-1.,0.));
#8391 = ORIENTED_EDGE('',*,*,#8392,.T.);
#8392 = EDGE_CURVE('',#8385,#8092,#8393,.T.);
#8393 = LINE('',#8394,#8395);
#8394 = CARTESIAN_POINT('',(328.5,-292.725,-0.22));
#8395 = VECTOR('',#8396,1.);
#8396 = DIRECTION('',(0.,0.,1.));
#8397 = ORIENTED_EDGE('',*,*,#8091,.T.);
#8398 = ORIENTED_EDGE('',*,*,#7812,.F.);
#8399 = PLANE('',#8400);
#8400 = AXIS2_PLACEMENT_3D('',#8401,#8402,#8403);
#8401 = CARTESIAN_POINT('',(328.5,-245.6344348856,-2.5));
#8402 = DIRECTION('',(1.,-2.22044604925E-16,0.));
#8403 = DIRECTION('',(-2.22044604925E-16,-1.,0.));
#8404 = ADVANCED_FACE('',(#8405),#8439,.T.);
#8405 = FACE_BOUND('',#8406,.T.);
#8406 = EDGE_LOOP('',(#8407,#8408,#8409,#8410,#8418,#8426,#8432,#8433));
#8407 = ORIENTED_EDGE('',*,*,#7880,.F.);
#8408 = ORIENTED_EDGE('',*,*,#7855,.T.);
#8409 = ORIENTED_EDGE('',*,*,#8102,.T.);
#8410 = ORIENTED_EDGE('',*,*,#8411,.F.);
#8411 = EDGE_CURVE('',#8412,#8103,#8414,.T.);
#8412 = VERTEX_POINT('',#8413);
#8413 = CARTESIAN_POINT('',(292.725,-328.5,-0.22));
#8414 = LINE('',#8415,#8416);
#8415 = CARTESIAN_POINT('',(292.725,-328.5,-0.22));
#8416 = VECTOR('',#8417,1.);
#8417 = DIRECTION('',(0.,0.,1.));
#8418 = ORIENTED_EDGE('',*,*,#8419,.T.);
#8419 = EDGE_CURVE('',#8412,#8420,#8422,.T.);
#8420 = VERTEX_POINT('',#8421);
#8421 = CARTESIAN_POINT('',(292.275,-328.5,-0.22));
#8422 = LINE('',#8423,#8424);
#8423 = CARTESIAN_POINT('',(292.725,-328.5,-0.22));
#8424 = VECTOR('',#8425,1.);
#8425 = DIRECTION('',(-1.,2.22044604925E-16,0.));
#8426 = ORIENTED_EDGE('',*,*,#8427,.T.);
#8427 = EDGE_CURVE('',#8420,#8127,#8428,.T.);
#8428 = LINE('',#8429,#8430);
#8429 = CARTESIAN_POINT('',(292.275,-328.5,-0.22));
#8430 = VECTOR('',#8431,1.);
#8431 = DIRECTION('',(0.,0.,1.));
#8432 = ORIENTED_EDGE('',*,*,#8134,.T.);
#8433 = ORIENTED_EDGE('',*,*,#8434,.F.);
#8434 = EDGE_CURVE('',#7881,#8135,#8435,.T.);
#8435 = LINE('',#8436,#8437);
#8436 = CARTESIAN_POINT('',(245.63443488564,-328.5,-2.5));
#8437 = VECTOR('',#8438,1.);
#8438 = DIRECTION('',(0.,0.,1.));
#8439 = PLANE('',#8440);
#8440 = AXIS2_PLACEMENT_3D('',#8441,#8442,#8443);
#8441 = CARTESIAN_POINT('',(324.67157287525,-328.5,-2.5));
#8442 = DIRECTION('',(-2.22044604925E-16,-1.,0.));
#8443 = DIRECTION('',(-1.,2.22044604925E-16,0.));
#8444 = ADVANCED_FACE('',(#8445),#8456,.T.);
#8445 = FACE_BOUND('',#8446,.T.);
#8446 = EDGE_LOOP('',(#8447,#8453,#8454,#8455));
#8447 = ORIENTED_EDGE('',*,*,#8448,.T.);
#8448 = EDGE_CURVE('',#7983,#8237,#8449,.T.);
#8449 = LINE('',#8450,#8451);
#8450 = CARTESIAN_POINT('',(328.10275767794,-244.7424819101,-2.5));
#8451 = VECTOR('',#8452,1.);
#8452 = DIRECTION('',(0.,0.,1.));
#8453 = ORIENTED_EDGE('',*,*,#8244,.T.);
#8454 = ORIENTED_EDGE('',*,*,#8369,.F.);
#8455 = ORIENTED_EDGE('',*,*,#7990,.F.);
#8456 = CYLINDRICAL_SURFACE('',#8457,1.2);
#8457 = AXIS2_PLACEMENT_3D('',#8458,#8459,#8460);
#8458 = CARTESIAN_POINT('',(327.3,-245.6344348856,-2.5));
#8459 = DIRECTION('',(0.,0.,-1.));
#8460 = DIRECTION('',(0.668964731622,0.743294146247,0.));
#8461 = ADVANCED_FACE('',(#8462),#8473,.T.);
#8462 = FACE_BOUND('',#8463,.T.);
#8463 = EDGE_LOOP('',(#8464,#8465,#8466,#8472));
#8464 = ORIENTED_EDGE('',*,*,#8434,.T.);
#8465 = ORIENTED_EDGE('',*,*,#8142,.T.);
#8466 = ORIENTED_EDGE('',*,*,#8467,.F.);
#8467 = EDGE_CURVE('',#7889,#8143,#8468,.T.);
#8468 = LINE('',#8469,#8470);
#8469 = CARTESIAN_POINT('',(244.74248191015,-328.1027576779,-2.5));
#8470 = VECTOR('',#8471,1.);
#8471 = DIRECTION('',(0.,0.,1.));
#8472 = ORIENTED_EDGE('',*,*,#7888,.F.);
#8473 = CYLINDRICAL_SURFACE('',#8474,1.2);
#8474 = AXIS2_PLACEMENT_3D('',#8475,#8476,#8477);
#8475 = CARTESIAN_POINT('',(245.63443488564,-327.3,-2.5));
#8476 = DIRECTION('',(0.,0.,-1.));
#8477 = DIRECTION('',(-2.22044604925E-16,-1.,0.));
#8478 = ADVANCED_FACE('',(#8479),#8490,.T.);
#8479 = FACE_BOUND('',#8480,.T.);
#8480 = EDGE_LOOP('',(#8481,#8487,#8488,#8489));
#8481 = ORIENTED_EDGE('',*,*,#8482,.T.);
#8482 = EDGE_CURVE('',#7974,#8228,#8483,.T.);
#8483 = LINE('',#8484,#8485);
#8484 = CARTESIAN_POINT('',(304.84227447167,-223.8080470245,-2.5));
#8485 = VECTOR('',#8486,1.);
#8486 = DIRECTION('',(0.,0.,1.));
#8487 = ORIENTED_EDGE('',*,*,#8236,.T.);
#8488 = ORIENTED_EDGE('',*,*,#8448,.F.);
#8489 = ORIENTED_EDGE('',*,*,#7982,.F.);
#8490 = PLANE('',#8491);
#8491 = AXIS2_PLACEMENT_3D('',#8492,#8493,#8494);
#8492 = CARTESIAN_POINT('',(304.84227447167,-223.8080470245,-2.5));
#8493 = DIRECTION('',(0.668964731622,0.743294146247,0.));
#8494 = DIRECTION('',(0.743294146247,-0.668964731622,0.));
#8495 = ADVANCED_FACE('',(#8496),#8507,.T.);
#8496 = FACE_BOUND('',#8497,.T.);
#8497 = EDGE_LOOP('',(#8498,#8499,#8500,#8506));
#8498 = ORIENTED_EDGE('',*,*,#8467,.T.);
#8499 = ORIENTED_EDGE('',*,*,#8151,.T.);
#8500 = ORIENTED_EDGE('',*,*,#8501,.F.);
#8501 = EDGE_CURVE('',#7898,#8152,#8502,.T.);
#8502 = LINE('',#8503,#8504);
#8503 = CARTESIAN_POINT('',(223.83371760987,-304.8707973443,-2.5));
#8504 = VECTOR('',#8505,1.);
#8505 = DIRECTION('',(0.,0.,1.));
#8506 = ORIENTED_EDGE('',*,*,#7897,.F.);
#8507 = PLANE('',#8508);
#8508 = AXIS2_PLACEMENT_3D('',#8509,#8510,#8511);
#8509 = CARTESIAN_POINT('',(244.74248191015,-328.1027576779,-2.5));
#8510 = DIRECTION('',(-0.743294146247,-0.668964731622,0.));
#8511 = DIRECTION('',(-0.668964731622,0.743294146247,0.));
#8512 = ADVANCED_FACE('',(#8513),#8524,.T.);
#8513 = FACE_BOUND('',#8514,.T.);
#8514 = EDGE_LOOP('',(#8515,#8521,#8522,#8523));
#8515 = ORIENTED_EDGE('',*,*,#8516,.T.);
#8516 = EDGE_CURVE('',#7966,#8220,#8517,.T.);
#8517 = LINE('',#8518,#8519);
#8518 = CARTESIAN_POINT('',(304.03951679372,-223.5,-2.5));
#8519 = VECTOR('',#8520,1.);
#8520 = DIRECTION('',(0.,0.,1.));
#8521 = ORIENTED_EDGE('',*,*,#8227,.T.);
#8522 = ORIENTED_EDGE('',*,*,#8482,.F.);
#8523 = ORIENTED_EDGE('',*,*,#7973,.F.);
#8524 = CYLINDRICAL_SURFACE('',#8525,1.2);
#8525 = AXIS2_PLACEMENT_3D('',#8526,#8527,#8528);
#8526 = CARTESIAN_POINT('',(304.03951679372,-224.7,-2.5));
#8527 = DIRECTION('',(0.,0.,-1.));
#8528 = DIRECTION('',(-2.346271325375E-14,1.,0.));
#8529 = ADVANCED_FACE('',(#8530),#8541,.T.);
#8530 = FACE_BOUND('',#8531,.T.);
#8531 = EDGE_LOOP('',(#8532,#8533,#8534,#8540));
#8532 = ORIENTED_EDGE('',*,*,#8501,.T.);
#8533 = ORIENTED_EDGE('',*,*,#8159,.T.);
#8534 = ORIENTED_EDGE('',*,*,#8535,.F.);
#8535 = EDGE_CURVE('',#7906,#8160,#8536,.T.);
#8536 = LINE('',#8537,#8538);
#8537 = CARTESIAN_POINT('',(223.5,-304.0011431932,-2.5));
#8538 = VECTOR('',#8539,1.);
#8539 = DIRECTION('',(0.,0.,1.));
#8540 = ORIENTED_EDGE('',*,*,#7905,.F.);
#8541 = CYLINDRICAL_SURFACE('',#8542,1.3);
#8542 = AXIS2_PLACEMENT_3D('',#8543,#8544,#8545);
#8543 = CARTESIAN_POINT('',(224.8,-304.0011431932,-2.5));
#8544 = DIRECTION('',(0.,0.,-1.));
#8545 = DIRECTION('',(-0.743294146247,-0.668964731622,0.));
#8546 = ADVANCED_FACE('',(#8547),#8558,.T.);
#8547 = FACE_BOUND('',#8548,.T.);
#8548 = EDGE_LOOP('',(#8549,#8555,#8556,#8557));
#8549 = ORIENTED_EDGE('',*,*,#8550,.T.);
#8550 = EDGE_CURVE('',#7957,#8211,#8551,.T.);
#8551 = LINE('',#8552,#8553);
#8552 = CARTESIAN_POINT('',(302.82,-223.5,-2.5));
#8553 = VECTOR('',#8554,1.);
#8554 = DIRECTION('',(0.,0.,1.));
#8555 = ORIENTED_EDGE('',*,*,#8219,.T.);
#8556 = ORIENTED_EDGE('',*,*,#8516,.F.);
#8557 = ORIENTED_EDGE('',*,*,#7965,.F.);
#8558 = PLANE('',#8559);
#8559 = AXIS2_PLACEMENT_3D('',#8560,#8561,#8562);
#8560 = CARTESIAN_POINT('',(302.82,-223.5,-2.5));
#8561 = DIRECTION('',(2.22044604925E-16,1.,0.));
#8562 = DIRECTION('',(1.,-2.22044604925E-16,0.));
#8563 = ADVANCED_FACE('',(#8564),#8575,.T.);
#8564 = FACE_BOUND('',#8565,.T.);
#8565 = EDGE_LOOP('',(#8566,#8567,#8568,#8574));
#8566 = ORIENTED_EDGE('',*,*,#8535,.T.);
#8567 = ORIENTED_EDGE('',*,*,#8168,.T.);
#8568 = ORIENTED_EDGE('',*,*,#8569,.F.);
#8569 = EDGE_CURVE('',#7915,#8169,#8570,.T.);
#8570 = LINE('',#8571,#8572);
#8571 = CARTESIAN_POINT('',(223.5,-302.82,-2.5));
#8572 = VECTOR('',#8573,1.);
#8573 = DIRECTION('',(0.,0.,1.));
#8574 = ORIENTED_EDGE('',*,*,#7914,.F.);
#8575 = PLANE('',#8576);
#8576 = AXIS2_PLACEMENT_3D('',#8577,#8578,#8579);
#8577 = CARTESIAN_POINT('',(223.5,-304.0011431932,-2.5));
#8578 = DIRECTION('',(-1.,2.22044604925E-16,0.));
#8579 = DIRECTION('',(2.22044604925E-16,1.,0.));
#8580 = ADVANCED_FACE('',(#8581),#8592,.T.);
#8581 = FACE_BOUND('',#8582,.T.);
#8582 = EDGE_LOOP('',(#8583,#8589,#8590,#8591));
#8583 = ORIENTED_EDGE('',*,*,#8584,.T.);
#8584 = EDGE_CURVE('',#7949,#8203,#8585,.T.);
#8585 = LINE('',#8586,#8587);
#8586 = CARTESIAN_POINT('',(301.5,-224.82,-2.5));
#8587 = VECTOR('',#8588,1.);
#8588 = DIRECTION('',(0.,0.,1.));
#8589 = ORIENTED_EDGE('',*,*,#8210,.T.);
#8590 = ORIENTED_EDGE('',*,*,#8550,.F.);
#8591 = ORIENTED_EDGE('',*,*,#7956,.F.);
#8592 = CYLINDRICAL_SURFACE('',#8593,1.32);
#8593 = AXIS2_PLACEMENT_3D('',#8594,#8595,#8596);
#8594 = CARTESIAN_POINT('',(302.82,-224.82,-2.5));
#8595 = DIRECTION('',(0.,0.,-1.));
#8596 = DIRECTION('',(-1.,2.22044604925E-16,0.));
#8597 = ADVANCED_FACE('',(#8598),#8609,.T.);
#8598 = FACE_BOUND('',#8599,.T.);
#8599 = EDGE_LOOP('',(#8600,#8601,#8602,#8608));
#8600 = ORIENTED_EDGE('',*,*,#8569,.T.);
#8601 = ORIENTED_EDGE('',*,*,#8176,.T.);
#8602 = ORIENTED_EDGE('',*,*,#8603,.F.);
#8603 = EDGE_CURVE('',#7923,#8177,#8604,.T.);
#8604 = LINE('',#8605,#8606);
#8605 = CARTESIAN_POINT('',(224.82,-301.5,-2.5));
#8606 = VECTOR('',#8607,1.);
#8607 = DIRECTION('',(0.,0.,1.));
#8608 = ORIENTED_EDGE('',*,*,#7922,.F.);
#8609 = CYLINDRICAL_SURFACE('',#8610,1.32);
#8610 = AXIS2_PLACEMENT_3D('',#8611,#8612,#8613);
#8611 = CARTESIAN_POINT('',(224.82,-302.82,-2.5));
#8612 = DIRECTION('',(0.,0.,-1.));
#8613 = DIRECTION('',(-1.,-7.852304665076E-15,0.));
#8614 = ADVANCED_FACE('',(#8615),#8626,.T.);
#8615 = FACE_BOUND('',#8616,.T.);
#8616 = EDGE_LOOP('',(#8617,#8623,#8624,#8625));
#8617 = ORIENTED_EDGE('',*,*,#8618,.T.);
#8618 = EDGE_CURVE('',#7940,#8194,#8619,.T.);
#8619 = LINE('',#8620,#8621);
#8620 = CARTESIAN_POINT('',(301.5,-299.5,-2.5));
#8621 = VECTOR('',#8622,1.);
#8622 = DIRECTION('',(0.,0.,1.));
#8623 = ORIENTED_EDGE('',*,*,#8202,.T.);
#8624 = ORIENTED_EDGE('',*,*,#8584,.F.);
#8625 = ORIENTED_EDGE('',*,*,#7948,.F.);
#8626 = PLANE('',#8627);
#8627 = AXIS2_PLACEMENT_3D('',#8628,#8629,#8630);
#8628 = CARTESIAN_POINT('',(301.5,-299.5,-2.5));
#8629 = DIRECTION('',(-1.,2.22044604925E-16,0.));
#8630 = DIRECTION('',(2.22044604925E-16,1.,0.));
#8631 = ADVANCED_FACE('',(#8632),#8643,.T.);
#8632 = FACE_BOUND('',#8633,.T.);
#8633 = EDGE_LOOP('',(#8634,#8635,#8636,#8642));
#8634 = ORIENTED_EDGE('',*,*,#8603,.T.);
#8635 = ORIENTED_EDGE('',*,*,#8185,.T.);
#8636 = ORIENTED_EDGE('',*,*,#8637,.F.);
#8637 = EDGE_CURVE('',#7932,#8186,#8638,.T.);
#8638 = LINE('',#8639,#8640);
#8639 = CARTESIAN_POINT('',(299.5,-301.5,-2.5));
#8640 = VECTOR('',#8641,1.);
#8641 = DIRECTION('',(0.,0.,1.));
#8642 = ORIENTED_EDGE('',*,*,#7931,.F.);
#8643 = PLANE('',#8644);
#8644 = AXIS2_PLACEMENT_3D('',#8645,#8646,#8647);
#8645 = CARTESIAN_POINT('',(224.82,-301.5,-2.5));
#8646 = DIRECTION('',(2.22044604925E-16,1.,0.));
#8647 = DIRECTION('',(1.,-2.22044604925E-16,0.));
#8648 = ADVANCED_FACE('',(#8649),#8655,.F.);
#8649 = FACE_BOUND('',#8650,.T.);
#8650 = EDGE_LOOP('',(#8651,#8652,#8653,#8654));
#8651 = ORIENTED_EDGE('',*,*,#8637,.T.);
#8652 = ORIENTED_EDGE('',*,*,#8193,.T.);
#8653 = ORIENTED_EDGE('',*,*,#8618,.F.);
#8654 = ORIENTED_EDGE('',*,*,#7939,.F.);
#8655 = CYLINDRICAL_SURFACE('',#8656,2.);
#8656 = AXIS2_PLACEMENT_3D('',#8657,#8658,#8659);
#8657 = CARTESIAN_POINT('',(299.5,-299.5,-2.5));
#8658 = DIRECTION('',(0.,-0.,-1.));
#8659 = DIRECTION('',(-2.22044604925E-16,-1.,0.));
#8660 = ADVANCED_FACE('',(#8661),#8672,.F.);
#8661 = FACE_BOUND('',#8662,.F.);
#8662 = EDGE_LOOP('',(#8663,#8664,#8670,#8671));
#8663 = ORIENTED_EDGE('',*,*,#8285,.F.);
#8664 = ORIENTED_EDGE('',*,*,#8665,.F.);
#8665 = EDGE_CURVE('',#8009,#8286,#8666,.T.);
#8666 = LINE('',#8667,#8668);
#8667 = CARTESIAN_POINT('',(318.5,-239.5,-3.5));
#8668 = VECTOR('',#8669,1.);
#8669 = DIRECTION('',(0.,0.,1.));
#8670 = ORIENTED_EDGE('',*,*,#8008,.T.);
#8671 = ORIENTED_EDGE('',*,*,#8665,.T.);
#8672 = CYLINDRICAL_SURFACE('',#8673,3.);
#8673 = AXIS2_PLACEMENT_3D('',#8674,#8675,#8676);
#8674 = CARTESIAN_POINT('',(318.5,-242.5,-3.5));
#8675 = DIRECTION('',(0.,0.,1.));
#8676 = DIRECTION('',(2.22044604925E-16,1.,0.));
#8677 = ADVANCED_FACE('',(#8678),#8689,.F.);
#8678 = FACE_BOUND('',#8679,.F.);
#8679 = EDGE_LOOP('',(#8680,#8681,#8687,#8688));
#8680 = ORIENTED_EDGE('',*,*,#8296,.F.);
#8681 = ORIENTED_EDGE('',*,*,#8682,.F.);
#8682 = EDGE_CURVE('',#8020,#8297,#8683,.T.);
#8683 = LINE('',#8684,#8685);
#8684 = CARTESIAN_POINT('',(318.5,-276.5,-3.5));
#8685 = VECTOR('',#8686,1.);
#8686 = DIRECTION('',(0.,0.,1.));
#8687 = ORIENTED_EDGE('',*,*,#8019,.T.);
#8688 = ORIENTED_EDGE('',*,*,#8682,.T.);
#8689 = CYLINDRICAL_SURFACE('',#8690,3.);
#8690 = AXIS2_PLACEMENT_3D('',#8691,#8692,#8693);
#8691 = CARTESIAN_POINT('',(318.5,-279.5,-3.5));
#8692 = DIRECTION('',(0.,0.,1.));
#8693 = DIRECTION('',(2.22044604925E-16,1.,0.));
#8694 = ADVANCED_FACE('',(#8695),#8706,.F.);
#8695 = FACE_BOUND('',#8696,.F.);
#8696 = EDGE_LOOP('',(#8697,#8698,#8704,#8705));
#8697 = ORIENTED_EDGE('',*,*,#8307,.F.);
#8698 = ORIENTED_EDGE('',*,*,#8699,.F.);
#8699 = EDGE_CURVE('',#8031,#8308,#8700,.T.);
#8700 = LINE('',#8701,#8702);
#8701 = CARTESIAN_POINT('',(318.5,-295.5,-3.5));
#8702 = VECTOR('',#8703,1.);
#8703 = DIRECTION('',(0.,0.,1.));
#8704 = ORIENTED_EDGE('',*,*,#8030,.T.);
#8705 = ORIENTED_EDGE('',*,*,#8699,.T.);
#8706 = CYLINDRICAL_SURFACE('',#8707,3.);
#8707 = AXIS2_PLACEMENT_3D('',#8708,#8709,#8710);
#8708 = CARTESIAN_POINT('',(318.5,-298.5,-3.5));
#8709 = DIRECTION('',(0.,0.,1.));
#8710 = DIRECTION('',(2.22044604925E-16,1.,0.));
#8711 = ADVANCED_FACE('',(#8712),#8723,.F.);
#8712 = FACE_BOUND('',#8713,.F.);
#8713 = EDGE_LOOP('',(#8714,#8715,#8721,#8722));
#8714 = ORIENTED_EDGE('',*,*,#8318,.F.);
#8715 = ORIENTED_EDGE('',*,*,#8716,.F.);
#8716 = EDGE_CURVE('',#8042,#8319,#8717,.T.);
#8717 = LINE('',#8718,#8719);
#8718 = CARTESIAN_POINT('',(315.5,-310.,-3.5));
#8719 = VECTOR('',#8720,1.);
#8720 = DIRECTION('',(0.,0.,1.));
#8721 = ORIENTED_EDGE('',*,*,#8041,.T.);
#8722 = ORIENTED_EDGE('',*,*,#8716,.T.);
#8723 = CYLINDRICAL_SURFACE('',#8724,5.5);
#8724 = AXIS2_PLACEMENT_3D('',#8725,#8726,#8727);
#8725 = CARTESIAN_POINT('',(315.5,-315.5,-3.5));
#8726 = DIRECTION('',(0.,0.,1.));
#8727 = DIRECTION('',(2.22044604925E-16,1.,0.));
#8728 = ADVANCED_FACE('',(#8729),#8740,.F.);
#8729 = FACE_BOUND('',#8730,.F.);
#8730 = EDGE_LOOP('',(#8731,#8732,#8738,#8739));
#8731 = ORIENTED_EDGE('',*,*,#8329,.F.);
#8732 = ORIENTED_EDGE('',*,*,#8733,.F.);
#8733 = EDGE_CURVE('',#8053,#8330,#8734,.T.);
#8734 = LINE('',#8735,#8736);
#8735 = CARTESIAN_POINT('',(298.5,-315.5,-3.5));
#8736 = VECTOR('',#8737,1.);
#8737 = DIRECTION('',(0.,0.,1.));
#8738 = ORIENTED_EDGE('',*,*,#8052,.T.);
#8739 = ORIENTED_EDGE('',*,*,#8733,.T.);
#8740 = CYLINDRICAL_SURFACE('',#8741,3.);
#8741 = AXIS2_PLACEMENT_3D('',#8742,#8743,#8744);
#8742 = CARTESIAN_POINT('',(298.5,-318.5,-3.5));
#8743 = DIRECTION('',(0.,0.,1.));
#8744 = DIRECTION('',(2.22044604925E-16,1.,0.));
#8745 = ADVANCED_FACE('',(#8746),#8757,.F.);
#8746 = FACE_BOUND('',#8747,.F.);
#8747 = EDGE_LOOP('',(#8748,#8749,#8755,#8756));
#8748 = ORIENTED_EDGE('',*,*,#8340,.F.);
#8749 = ORIENTED_EDGE('',*,*,#8750,.F.);
#8750 = EDGE_CURVE('',#8064,#8341,#8751,.T.);
#8751 = LINE('',#8752,#8753);
#8752 = CARTESIAN_POINT('',(279.5,-315.5,-3.5));
#8753 = VECTOR('',#8754,1.);
#8754 = DIRECTION('',(0.,0.,1.));
#8755 = ORIENTED_EDGE('',*,*,#8063,.T.);
#8756 = ORIENTED_EDGE('',*,*,#8750,.T.);
#8757 = CYLINDRICAL_SURFACE('',#8758,3.);
#8758 = AXIS2_PLACEMENT_3D('',#8759,#8760,#8761);
#8759 = CARTESIAN_POINT('',(279.5,-318.5,-3.5));
#8760 = DIRECTION('',(0.,0.,1.));
#8761 = DIRECTION('',(2.22044604925E-16,1.,0.));
#8762 = ADVANCED_FACE('',(#8763),#8774,.F.);
#8763 = FACE_BOUND('',#8764,.F.);
#8764 = EDGE_LOOP('',(#8765,#8766,#8772,#8773));
#8765 = ORIENTED_EDGE('',*,*,#8351,.F.);
#8766 = ORIENTED_EDGE('',*,*,#8767,.F.);
#8767 = EDGE_CURVE('',#8075,#8352,#8768,.T.);
#8768 = LINE('',#8769,#8770);
#8769 = CARTESIAN_POINT('',(242.5,-315.5,-3.5));
#8770 = VECTOR('',#8771,1.);
#8771 = DIRECTION('',(0.,0.,1.));
#8772 = ORIENTED_EDGE('',*,*,#8074,.T.);
#8773 = ORIENTED_EDGE('',*,*,#8767,.T.);
#8774 = CYLINDRICAL_SURFACE('',#8775,3.);
#8775 = AXIS2_PLACEMENT_3D('',#8776,#8777,#8778);
#8776 = CARTESIAN_POINT('',(242.5,-318.5,-3.5));
#8777 = DIRECTION('',(0.,0.,1.));
#8778 = DIRECTION('',(2.22044604925E-16,1.,0.));
#8779 = ADVANCED_FACE('',(#8780),#8798,.F.);
#8780 = FACE_BOUND('',#8781,.F.);
#8781 = EDGE_LOOP('',(#8782,#8790,#8791,#8792));
#8782 = ORIENTED_EDGE('',*,*,#8783,.F.);
#8783 = EDGE_CURVE('',#8385,#8784,#8786,.T.);
#8784 = VERTEX_POINT('',#8785);
#8785 = CARTESIAN_POINT('',(305.5,-292.725,-0.22));
#8786 = LINE('',#8787,#8788);
#8787 = CARTESIAN_POINT('',(328.5,-292.725,-0.22));
#8788 = VECTOR('',#8789,1.);
#8789 = DIRECTION('',(-1.,2.22044604925E-16,0.));
#8790 = ORIENTED_EDGE('',*,*,#8392,.T.);
#8791 = ORIENTED_EDGE('',*,*,#8277,.T.);
#8792 = ORIENTED_EDGE('',*,*,#8793,.F.);
#8793 = EDGE_CURVE('',#8784,#8270,#8794,.T.);
#8794 = LINE('',#8795,#8796);
#8795 = CARTESIAN_POINT('',(305.5,-292.725,-0.22));
#8796 = VECTOR('',#8797,1.);
#8797 = DIRECTION('',(0.,0.,1.));
#8798 = PLANE('',#8799);
#8799 = AXIS2_PLACEMENT_3D('',#8800,#8801,#8802);
#8800 = CARTESIAN_POINT('',(328.5,-292.725,-0.22));
#8801 = DIRECTION('',(-2.22044604925E-16,-1.,0.));
#8802 = DIRECTION('',(-1.,2.22044604925E-16,0.));
#8803 = ADVANCED_FACE('',(#8804),#8822,.F.);
#8804 = FACE_BOUND('',#8805,.F.);
#8805 = EDGE_LOOP('',(#8806,#8814,#8815,#8816));
#8806 = ORIENTED_EDGE('',*,*,#8807,.F.);
#8807 = EDGE_CURVE('',#8784,#8808,#8810,.T.);
#8808 = VERTEX_POINT('',#8809);
#8809 = CARTESIAN_POINT('',(305.5,-292.275,-0.22));
#8810 = LINE('',#8811,#8812);
#8811 = CARTESIAN_POINT('',(305.5,-292.725,-0.22));
#8812 = VECTOR('',#8813,1.);
#8813 = DIRECTION('',(2.22044604925E-16,1.,0.));
#8814 = ORIENTED_EDGE('',*,*,#8793,.T.);
#8815 = ORIENTED_EDGE('',*,*,#8269,.T.);
#8816 = ORIENTED_EDGE('',*,*,#8817,.F.);
#8817 = EDGE_CURVE('',#8808,#8262,#8818,.T.);
#8818 = LINE('',#8819,#8820);
#8819 = CARTESIAN_POINT('',(305.5,-292.275,-0.22));
#8820 = VECTOR('',#8821,1.);
#8821 = DIRECTION('',(0.,0.,1.));
#8822 = PLANE('',#8823);
#8823 = AXIS2_PLACEMENT_3D('',#8824,#8825,#8826);
#8824 = CARTESIAN_POINT('',(305.5,-292.725,-0.22));
#8825 = DIRECTION('',(-1.,2.22044604925E-16,0.));
#8826 = DIRECTION('',(2.22044604925E-16,1.,0.));
#8827 = ADVANCED_FACE('',(#8828),#8839,.F.);
#8828 = FACE_BOUND('',#8829,.F.);
#8829 = EDGE_LOOP('',(#8830,#8836,#8837,#8838));
#8830 = ORIENTED_EDGE('',*,*,#8831,.F.);
#8831 = EDGE_CURVE('',#8808,#8377,#8832,.T.);
#8832 = LINE('',#8833,#8834);
#8833 = CARTESIAN_POINT('',(305.5,-292.275,-0.22));
#8834 = VECTOR('',#8835,1.);
#8835 = DIRECTION('',(1.,-2.22044604925E-16,0.));
#8836 = ORIENTED_EDGE('',*,*,#8817,.T.);
#8837 = ORIENTED_EDGE('',*,*,#8261,.T.);
#8838 = ORIENTED_EDGE('',*,*,#8376,.F.);
#8839 = PLANE('',#8840);
#8840 = AXIS2_PLACEMENT_3D('',#8841,#8842,#8843);
#8841 = CARTESIAN_POINT('',(305.5,-292.275,-0.22));
#8842 = DIRECTION('',(2.22044604925E-16,1.,0.));
#8843 = DIRECTION('',(1.,-2.22044604925E-16,0.));
#8844 = ADVANCED_FACE('',(#8845),#8863,.F.);
#8845 = FACE_BOUND('',#8846,.F.);
#8846 = EDGE_LOOP('',(#8847,#8855,#8861,#8862));
#8847 = ORIENTED_EDGE('',*,*,#8848,.F.);
#8848 = EDGE_CURVE('',#8849,#8412,#8851,.T.);
#8849 = VERTEX_POINT('',#8850);
#8850 = CARTESIAN_POINT('',(292.725,-305.5,-0.22));
#8851 = LINE('',#8852,#8853);
#8852 = CARTESIAN_POINT('',(292.725,-305.5,-0.22));
#8853 = VECTOR('',#8854,1.);
#8854 = DIRECTION('',(-2.22044604925E-16,-1.,0.));
#8855 = ORIENTED_EDGE('',*,*,#8856,.T.);
#8856 = EDGE_CURVE('',#8849,#8111,#8857,.T.);
#8857 = LINE('',#8858,#8859);
#8858 = CARTESIAN_POINT('',(292.725,-305.5,-0.22));
#8859 = VECTOR('',#8860,1.);
#8860 = DIRECTION('',(0.,0.,1.));
#8861 = ORIENTED_EDGE('',*,*,#8110,.T.);
#8862 = ORIENTED_EDGE('',*,*,#8411,.F.);
#8863 = PLANE('',#8864);
#8864 = AXIS2_PLACEMENT_3D('',#8865,#8866,#8867);
#8865 = CARTESIAN_POINT('',(292.725,-305.5,-0.22));
#8866 = DIRECTION('',(1.,-2.22044604925E-16,0.));
#8867 = DIRECTION('',(-2.22044604925E-16,-1.,0.));
#8868 = ADVANCED_FACE('',(#8869),#8887,.F.);
#8869 = FACE_BOUND('',#8870,.F.);
#8870 = EDGE_LOOP('',(#8871,#8879,#8885,#8886));
#8871 = ORIENTED_EDGE('',*,*,#8872,.F.);
#8872 = EDGE_CURVE('',#8873,#8849,#8875,.T.);
#8873 = VERTEX_POINT('',#8874);
#8874 = CARTESIAN_POINT('',(292.275,-305.5,-0.22));
#8875 = LINE('',#8876,#8877);
#8876 = CARTESIAN_POINT('',(292.275,-305.5,-0.22));
#8877 = VECTOR('',#8878,1.);
#8878 = DIRECTION('',(1.,-2.22044604925E-16,0.));
#8879 = ORIENTED_EDGE('',*,*,#8880,.T.);
#8880 = EDGE_CURVE('',#8873,#8119,#8881,.T.);
#8881 = LINE('',#8882,#8883);
#8882 = CARTESIAN_POINT('',(292.275,-305.5,-0.22));
#8883 = VECTOR('',#8884,1.);
#8884 = DIRECTION('',(0.,0.,1.));
#8885 = ORIENTED_EDGE('',*,*,#8118,.T.);
#8886 = ORIENTED_EDGE('',*,*,#8856,.F.);
#8887 = PLANE('',#8888);
#8888 = AXIS2_PLACEMENT_3D('',#8889,#8890,#8891);
#8889 = CARTESIAN_POINT('',(292.275,-305.5,-0.22));
#8890 = DIRECTION('',(2.22044604925E-16,1.,0.));
#8891 = DIRECTION('',(1.,-2.22044604925E-16,0.));
#8892 = ADVANCED_FACE('',(#8893),#8904,.F.);
#8893 = FACE_BOUND('',#8894,.F.);
#8894 = EDGE_LOOP('',(#8895,#8901,#8902,#8903));
#8895 = ORIENTED_EDGE('',*,*,#8896,.F.);
#8896 = EDGE_CURVE('',#8420,#8873,#8897,.T.);
#8897 = LINE('',#8898,#8899);
#8898 = CARTESIAN_POINT('',(292.275,-328.5,-0.22));
#8899 = VECTOR('',#8900,1.);
#8900 = DIRECTION('',(2.22044604925E-16,1.,0.));
#8901 = ORIENTED_EDGE('',*,*,#8427,.T.);
#8902 = ORIENTED_EDGE('',*,*,#8126,.T.);
#8903 = ORIENTED_EDGE('',*,*,#8880,.F.);
#8904 = PLANE('',#8905);
#8905 = AXIS2_PLACEMENT_3D('',#8906,#8907,#8908);
#8906 = CARTESIAN_POINT('',(292.275,-328.5,-0.22));
#8907 = DIRECTION('',(-1.,2.22044604925E-16,0.));
#8908 = DIRECTION('',(2.22044604925E-16,1.,0.));
#8909 = ADVANCED_FACE('',(#8910),#8916,.F.);
#8910 = FACE_BOUND('',#8911,.F.);
#8911 = EDGE_LOOP('',(#8912,#8913,#8914,#8915));
#8912 = ORIENTED_EDGE('',*,*,#8783,.T.);
#8913 = ORIENTED_EDGE('',*,*,#8807,.T.);
#8914 = ORIENTED_EDGE('',*,*,#8831,.T.);
#8915 = ORIENTED_EDGE('',*,*,#8384,.T.);
#8916 = PLANE('',#8917);
#8917 = AXIS2_PLACEMENT_3D('',#8918,#8919,#8920);
#8918 = CARTESIAN_POINT('',(317.,-292.5,-0.22));
#8919 = DIRECTION('',(0.,-0.,-1.));
#8920 = DIRECTION('',(-2.22044604925E-16,-1.,0.));
#8921 = ADVANCED_FACE('',(#8922),#8928,.F.);
#8922 = FACE_BOUND('',#8923,.F.);
#8923 = EDGE_LOOP('',(#8924,#8925,#8926,#8927));
#8924 = ORIENTED_EDGE('',*,*,#8896,.T.);
#8925 = ORIENTED_EDGE('',*,*,#8872,.T.);
#8926 = ORIENTED_EDGE('',*,*,#8848,.T.);
#8927 = ORIENTED_EDGE('',*,*,#8419,.T.);
#8928 = PLANE('',#8929);
#8929 = AXIS2_PLACEMENT_3D('',#8930,#8931,#8932);
#8930 = CARTESIAN_POINT('',(292.5,-317.,-0.22));
#8931 = DIRECTION('',(0.,-0.,-1.));
#8932 = DIRECTION('',(-2.22044604925E-16,-1.,0.));
#8933 = MANIFOLD_SOLID_BREP('',#8934);
#8934 = CLOSED_SHELL('',(#8935,#8975,#9008,#9041,#9254,#9531,#9571,#9611
    ,#9628,#9645,#9662,#9679,#9696,#9713,#9730,#9747,#9764,#9781,#9798,
    #9815,#9827,#9844,#9861,#9878,#9895,#9912,#9929,#9946,#9970,#9994,
    #10011,#10035,#10059,#10076,#10088));
#8935 = ADVANCED_FACE('',(#8936),#8970,.T.);
#8936 = FACE_BOUND('',#8937,.T.);
#8937 = EDGE_LOOP('',(#8938,#8948,#8956,#8964));
#8938 = ORIENTED_EDGE('',*,*,#8939,.T.);
#8939 = EDGE_CURVE('',#8940,#8942,#8944,.T.);
#8940 = VERTEX_POINT('',#8941);
#8941 = CARTESIAN_POINT('',(326.08578643762,327.91421356237,-2.5));
#8942 = VERTEX_POINT('',#8943);
#8943 = CARTESIAN_POINT('',(326.08578643762,327.91421356237,0.));
#8944 = LINE('',#8945,#8946);
#8945 = CARTESIAN_POINT('',(326.08578643762,327.91421356237,-2.5));
#8946 = VECTOR('',#8947,1.);
#8947 = DIRECTION('',(0.,0.,1.));
#8948 = ORIENTED_EDGE('',*,*,#8949,.T.);
#8949 = EDGE_CURVE('',#8942,#8950,#8952,.T.);
#8950 = VERTEX_POINT('',#8951);
#8951 = CARTESIAN_POINT('',(327.91421356237,326.08578643762,0.));
#8952 = LINE('',#8953,#8954);
#8953 = CARTESIAN_POINT('',(326.08578643762,327.91421356237,0.));
#8954 = VECTOR('',#8955,1.);
#8955 = DIRECTION('',(0.707106781187,-0.707106781187,0.));
#8956 = ORIENTED_EDGE('',*,*,#8957,.F.);
#8957 = EDGE_CURVE('',#8958,#8950,#8960,.T.);
#8958 = VERTEX_POINT('',#8959);
#8959 = CARTESIAN_POINT('',(327.91421356237,326.08578643762,-2.5));
#8960 = LINE('',#8961,#8962);
#8961 = CARTESIAN_POINT('',(327.91421356237,326.08578643762,-2.5));
#8962 = VECTOR('',#8963,1.);
#8963 = DIRECTION('',(0.,0.,1.));
#8964 = ORIENTED_EDGE('',*,*,#8965,.F.);
#8965 = EDGE_CURVE('',#8940,#8958,#8966,.T.);
#8966 = LINE('',#8967,#8968);
#8967 = CARTESIAN_POINT('',(326.08578643762,327.91421356237,-2.5));
#8968 = VECTOR('',#8969,1.);
#8969 = DIRECTION('',(0.707106781187,-0.707106781187,0.));
#8970 = PLANE('',#8971);
#8971 = AXIS2_PLACEMENT_3D('',#8972,#8973,#8974);
#8972 = CARTESIAN_POINT('',(326.08578643762,327.91421356237,-2.5));
#8973 = DIRECTION('',(0.707106781187,0.707106781187,0.));
#8974 = DIRECTION('',(0.707106781187,-0.707106781187,0.));
#8975 = ADVANCED_FACE('',(#8976),#9003,.T.);
#8976 = FACE_BOUND('',#8977,.T.);
#8977 = EDGE_LOOP('',(#8978,#8988,#8995,#8996));
#8978 = ORIENTED_EDGE('',*,*,#8979,.T.);
#8979 = EDGE_CURVE('',#8980,#8982,#8984,.T.);
#8980 = VERTEX_POINT('',#8981);
#8981 = CARTESIAN_POINT('',(324.67157287525,328.5,-2.5));
#8982 = VERTEX_POINT('',#8983);
#8983 = CARTESIAN_POINT('',(324.67157287525,328.5,0.));
#8984 = LINE('',#8985,#8986);
#8985 = CARTESIAN_POINT('',(324.67157287525,328.5,-2.5));
#8986 = VECTOR('',#8987,1.);
#8987 = DIRECTION('',(0.,0.,1.));
#8988 = ORIENTED_EDGE('',*,*,#8989,.T.);
#8989 = EDGE_CURVE('',#8982,#8942,#8990,.T.);
#8990 = CIRCLE('',#8991,2.);
#8991 = AXIS2_PLACEMENT_3D('',#8992,#8993,#8994);
#8992 = CARTESIAN_POINT('',(324.67157287525,326.5,0.));
#8993 = DIRECTION('',(-0.,0.,-1.));
#8994 = DIRECTION('',(0.,1.,0.));
#8995 = ORIENTED_EDGE('',*,*,#8939,.F.);
#8996 = ORIENTED_EDGE('',*,*,#8997,.F.);
#8997 = EDGE_CURVE('',#8980,#8940,#8998,.T.);
#8998 = CIRCLE('',#8999,2.);
#8999 = AXIS2_PLACEMENT_3D('',#9000,#9001,#9002);
#9000 = CARTESIAN_POINT('',(324.67157287525,326.5,-2.5));
#9001 = DIRECTION('',(-0.,0.,-1.));
#9002 = DIRECTION('',(0.,1.,0.));
#9003 = CYLINDRICAL_SURFACE('',#9004,2.);
#9004 = AXIS2_PLACEMENT_3D('',#9005,#9006,#9007);
#9005 = CARTESIAN_POINT('',(324.67157287525,326.5,-2.5));
#9006 = DIRECTION('',(0.,0.,-1.));
#9007 = DIRECTION('',(0.,1.,0.));
#9008 = ADVANCED_FACE('',(#9009),#9036,.T.);
#9009 = FACE_BOUND('',#9010,.T.);
#9010 = EDGE_LOOP('',(#9011,#9012,#9021,#9029));
#9011 = ORIENTED_EDGE('',*,*,#8957,.T.);
#9012 = ORIENTED_EDGE('',*,*,#9013,.T.);
#9013 = EDGE_CURVE('',#8950,#9014,#9016,.T.);
#9014 = VERTEX_POINT('',#9015);
#9015 = CARTESIAN_POINT('',(328.5,324.67157287525,0.));
#9016 = CIRCLE('',#9017,2.);
#9017 = AXIS2_PLACEMENT_3D('',#9018,#9019,#9020);
#9018 = CARTESIAN_POINT('',(326.5,324.67157287525,0.));
#9019 = DIRECTION('',(0.,-0.,-1.));
#9020 = DIRECTION('',(0.707106781187,0.707106781187,-0.));
#9021 = ORIENTED_EDGE('',*,*,#9022,.F.);
#9022 = EDGE_CURVE('',#9023,#9014,#9025,.T.);
#9023 = VERTEX_POINT('',#9024);
#9024 = CARTESIAN_POINT('',(328.5,324.67157287525,-2.5));
#9025 = LINE('',#9026,#9027);
#9026 = CARTESIAN_POINT('',(328.5,324.67157287525,-2.5));
#9027 = VECTOR('',#9028,1.);
#9028 = DIRECTION('',(0.,0.,1.));
#9029 = ORIENTED_EDGE('',*,*,#9030,.F.);
#9030 = EDGE_CURVE('',#8958,#9023,#9031,.T.);
#9031 = CIRCLE('',#9032,2.);
#9032 = AXIS2_PLACEMENT_3D('',#9033,#9034,#9035);
#9033 = CARTESIAN_POINT('',(326.5,324.67157287525,-2.5));
#9034 = DIRECTION('',(0.,-0.,-1.));
#9035 = DIRECTION('',(0.707106781187,0.707106781187,-0.));
#9036 = CYLINDRICAL_SURFACE('',#9037,2.);
#9037 = AXIS2_PLACEMENT_3D('',#9038,#9039,#9040);
#9038 = CARTESIAN_POINT('',(326.5,324.67157287525,-2.5));
#9039 = DIRECTION('',(0.,0.,-1.));
#9040 = DIRECTION('',(0.707106781187,0.707106781187,-0.));
#9041 = ADVANCED_FACE('',(#9042,#9172,#9183,#9194,#9205,#9216,#9227,
    #9238),#9249,.T.);
#9042 = FACE_BOUND('',#9043,.T.);
#9043 = EDGE_LOOP('',(#9044,#9045,#9046,#9054,#9063,#9071,#9080,#9088,
    #9097,#9105,#9114,#9122,#9131,#9139,#9148,#9156,#9165,#9171));
#9044 = ORIENTED_EDGE('',*,*,#8965,.T.);
#9045 = ORIENTED_EDGE('',*,*,#9030,.T.);
#9046 = ORIENTED_EDGE('',*,*,#9047,.T.);
#9047 = EDGE_CURVE('',#9023,#9048,#9050,.T.);
#9048 = VERTEX_POINT('',#9049);
#9049 = CARTESIAN_POINT('',(328.5,245.63443488564,-2.5));
#9050 = LINE('',#9051,#9052);
#9051 = CARTESIAN_POINT('',(328.5,324.67157287525,-2.5));
#9052 = VECTOR('',#9053,1.);
#9053 = DIRECTION('',(0.,-1.,0.));
#9054 = ORIENTED_EDGE('',*,*,#9055,.T.);
#9055 = EDGE_CURVE('',#9048,#9056,#9058,.T.);
#9056 = VERTEX_POINT('',#9057);
#9057 = CARTESIAN_POINT('',(328.10275767794,244.74248191015,-2.5));
#9058 = CIRCLE('',#9059,1.2);
#9059 = AXIS2_PLACEMENT_3D('',#9060,#9061,#9062);
#9060 = CARTESIAN_POINT('',(327.3,245.63443488564,-2.5));
#9061 = DIRECTION('',(0.,0.,-1.));
#9062 = DIRECTION('',(1.,0.,0.));
#9063 = ORIENTED_EDGE('',*,*,#9064,.T.);
#9064 = EDGE_CURVE('',#9056,#9065,#9067,.T.);
#9065 = VERTEX_POINT('',#9066);
#9066 = CARTESIAN_POINT('',(304.87079734431,223.83371760987,-2.5));
#9067 = LINE('',#9068,#9069);
#9068 = CARTESIAN_POINT('',(328.10275767794,244.74248191015,-2.5));
#9069 = VECTOR('',#9070,1.);
#9070 = DIRECTION('',(-0.743294146247,-0.668964731622,0.));
#9071 = ORIENTED_EDGE('',*,*,#9072,.T.);
#9072 = EDGE_CURVE('',#9065,#9073,#9075,.T.);
#9073 = VERTEX_POINT('',#9074);
#9074 = CARTESIAN_POINT('',(304.0011431932,223.5,-2.5));
#9075 = CIRCLE('',#9076,1.3);
#9076 = AXIS2_PLACEMENT_3D('',#9077,#9078,#9079);
#9077 = CARTESIAN_POINT('',(304.0011431932,224.8,-2.5));
#9078 = DIRECTION('',(0.,-0.,-1.));
#9079 = DIRECTION('',(0.668964731622,-0.743294146247,0.));
#9080 = ORIENTED_EDGE('',*,*,#9081,.T.);
#9081 = EDGE_CURVE('',#9073,#9082,#9084,.T.);
#9082 = VERTEX_POINT('',#9083);
#9083 = CARTESIAN_POINT('',(302.82,223.5,-2.5));
#9084 = LINE('',#9085,#9086);
#9085 = CARTESIAN_POINT('',(304.0011431932,223.5,-2.5));
#9086 = VECTOR('',#9087,1.);
#9087 = DIRECTION('',(-1.,0.,0.));
#9088 = ORIENTED_EDGE('',*,*,#9089,.T.);
#9089 = EDGE_CURVE('',#9082,#9090,#9092,.T.);
#9090 = VERTEX_POINT('',#9091);
#9091 = CARTESIAN_POINT('',(301.5,224.82,-2.5));
#9092 = CIRCLE('',#9093,1.32);
#9093 = AXIS2_PLACEMENT_3D('',#9094,#9095,#9096);
#9094 = CARTESIAN_POINT('',(302.82,224.82,-2.5));
#9095 = DIRECTION('',(0.,-0.,-1.));
#9096 = DIRECTION('',(8.074349270001E-15,-1.,0.));
#9097 = ORIENTED_EDGE('',*,*,#9098,.T.);
#9098 = EDGE_CURVE('',#9090,#9099,#9101,.T.);
#9099 = VERTEX_POINT('',#9100);
#9100 = CARTESIAN_POINT('',(301.5,299.5,-2.5));
#9101 = LINE('',#9102,#9103);
#9102 = CARTESIAN_POINT('',(301.5,224.82,-2.5));
#9103 = VECTOR('',#9104,1.);
#9104 = DIRECTION('',(0.,1.,0.));
#9105 = ORIENTED_EDGE('',*,*,#9106,.T.);
#9106 = EDGE_CURVE('',#9099,#9107,#9109,.T.);
#9107 = VERTEX_POINT('',#9108);
#9108 = CARTESIAN_POINT('',(299.5,301.5,-2.5));
#9109 = CIRCLE('',#9110,2.);
#9110 = AXIS2_PLACEMENT_3D('',#9111,#9112,#9113);
#9111 = CARTESIAN_POINT('',(299.5,299.5,-2.5));
#9112 = DIRECTION('',(0.,0.,1.));
#9113 = DIRECTION('',(1.,0.,0.));
#9114 = ORIENTED_EDGE('',*,*,#9115,.T.);
#9115 = EDGE_CURVE('',#9107,#9116,#9118,.T.);
#9116 = VERTEX_POINT('',#9117);
#9117 = CARTESIAN_POINT('',(224.82,301.5,-2.5));
#9118 = LINE('',#9119,#9120);
#9119 = CARTESIAN_POINT('',(299.5,301.5,-2.5));
#9120 = VECTOR('',#9121,1.);
#9121 = DIRECTION('',(-1.,0.,0.));
#9122 = ORIENTED_EDGE('',*,*,#9123,.T.);
#9123 = EDGE_CURVE('',#9116,#9124,#9126,.T.);
#9124 = VERTEX_POINT('',#9125);
#9125 = CARTESIAN_POINT('',(223.5,302.82,-2.5));
#9126 = CIRCLE('',#9127,1.32);
#9127 = AXIS2_PLACEMENT_3D('',#9128,#9129,#9130);
#9128 = CARTESIAN_POINT('',(224.82,302.82,-2.5));
#9129 = DIRECTION('',(-0.,-0.,-1.));
#9130 = DIRECTION('',(0.,-1.,0.));
#9131 = ORIENTED_EDGE('',*,*,#9132,.T.);
#9132 = EDGE_CURVE('',#9124,#9133,#9135,.T.);
#9133 = VERTEX_POINT('',#9134);
#9134 = CARTESIAN_POINT('',(223.5,304.03951679372,-2.5));
#9135 = LINE('',#9136,#9137);
#9136 = CARTESIAN_POINT('',(223.5,302.82,-2.5));
#9137 = VECTOR('',#9138,1.);
#9138 = DIRECTION('',(0.,1.,0.));
#9139 = ORIENTED_EDGE('',*,*,#9140,.T.);
#9140 = EDGE_CURVE('',#9133,#9141,#9143,.T.);
#9141 = VERTEX_POINT('',#9142);
#9142 = CARTESIAN_POINT('',(223.8080470245,304.84227447167,-2.5));
#9143 = CIRCLE('',#9144,1.2);
#9144 = AXIS2_PLACEMENT_3D('',#9145,#9146,#9147);
#9145 = CARTESIAN_POINT('',(224.7,304.03951679372,-2.5));
#9146 = DIRECTION('',(-0.,0.,-1.));
#9147 = DIRECTION('',(-1.,-2.368475785867E-14,0.));
#9148 = ORIENTED_EDGE('',*,*,#9149,.T.);
#9149 = EDGE_CURVE('',#9141,#9150,#9152,.T.);
#9150 = VERTEX_POINT('',#9151);
#9151 = CARTESIAN_POINT('',(244.74248191015,328.10275767794,-2.5));
#9152 = LINE('',#9153,#9154);
#9153 = CARTESIAN_POINT('',(223.8080470245,304.84227447167,-2.5));
#9154 = VECTOR('',#9155,1.);
#9155 = DIRECTION('',(0.668964731622,0.743294146247,0.));
#9156 = ORIENTED_EDGE('',*,*,#9157,.T.);
#9157 = EDGE_CURVE('',#9150,#9158,#9160,.T.);
#9158 = VERTEX_POINT('',#9159);
#9159 = CARTESIAN_POINT('',(245.63443488564,328.5,-2.5));
#9160 = CIRCLE('',#9161,1.2);
#9161 = AXIS2_PLACEMENT_3D('',#9162,#9163,#9164);
#9162 = CARTESIAN_POINT('',(245.63443488564,327.3,-2.5));
#9163 = DIRECTION('',(-0.,0.,-1.));
#9164 = DIRECTION('',(-0.743294146247,0.668964731622,0.));
#9165 = ORIENTED_EDGE('',*,*,#9166,.T.);
#9166 = EDGE_CURVE('',#9158,#8980,#9167,.T.);
#9167 = LINE('',#9168,#9169);
#9168 = CARTESIAN_POINT('',(245.63443488564,328.5,-2.5));
#9169 = VECTOR('',#9170,1.);
#9170 = DIRECTION('',(1.,0.,0.));
#9171 = ORIENTED_EDGE('',*,*,#8997,.T.);
#9172 = FACE_BOUND('',#9173,.T.);
#9173 = EDGE_LOOP('',(#9174));
#9174 = ORIENTED_EDGE('',*,*,#9175,.T.);
#9175 = EDGE_CURVE('',#9176,#9176,#9178,.T.);
#9176 = VERTEX_POINT('',#9177);
#9177 = CARTESIAN_POINT('',(239.5,318.5,-2.5));
#9178 = CIRCLE('',#9179,3.);
#9179 = AXIS2_PLACEMENT_3D('',#9180,#9181,#9182);
#9180 = CARTESIAN_POINT('',(242.5,318.5,-2.5));
#9181 = DIRECTION('',(0.,0.,1.));
#9182 = DIRECTION('',(-1.,0.,0.));
#9183 = FACE_BOUND('',#9184,.T.);
#9184 = EDGE_LOOP('',(#9185));
#9185 = ORIENTED_EDGE('',*,*,#9186,.T.);
#9186 = EDGE_CURVE('',#9187,#9187,#9189,.T.);
#9187 = VERTEX_POINT('',#9188);
#9188 = CARTESIAN_POINT('',(276.5,318.5,-2.5));
#9189 = CIRCLE('',#9190,3.);
#9190 = AXIS2_PLACEMENT_3D('',#9191,#9192,#9193);
#9191 = CARTESIAN_POINT('',(279.5,318.5,-2.5));
#9192 = DIRECTION('',(0.,0.,1.));
#9193 = DIRECTION('',(-1.,0.,0.));
#9194 = FACE_BOUND('',#9195,.T.);
#9195 = EDGE_LOOP('',(#9196));
#9196 = ORIENTED_EDGE('',*,*,#9197,.T.);
#9197 = EDGE_CURVE('',#9198,#9198,#9200,.T.);
#9198 = VERTEX_POINT('',#9199);
#9199 = CARTESIAN_POINT('',(295.5,318.5,-2.5));
#9200 = CIRCLE('',#9201,3.);
#9201 = AXIS2_PLACEMENT_3D('',#9202,#9203,#9204);
#9202 = CARTESIAN_POINT('',(298.5,318.5,-2.5));
#9203 = DIRECTION('',(0.,0.,1.));
#9204 = DIRECTION('',(-1.,0.,0.));
#9205 = FACE_BOUND('',#9206,.T.);
#9206 = EDGE_LOOP('',(#9207));
#9207 = ORIENTED_EDGE('',*,*,#9208,.T.);
#9208 = EDGE_CURVE('',#9209,#9209,#9211,.T.);
#9209 = VERTEX_POINT('',#9210);
#9210 = CARTESIAN_POINT('',(310.,315.5,-2.5));
#9211 = CIRCLE('',#9212,5.5);
#9212 = AXIS2_PLACEMENT_3D('',#9213,#9214,#9215);
#9213 = CARTESIAN_POINT('',(315.5,315.5,-2.5));
#9214 = DIRECTION('',(0.,0.,1.));
#9215 = DIRECTION('',(-1.,0.,0.));
#9216 = FACE_BOUND('',#9217,.T.);
#9217 = EDGE_LOOP('',(#9218));
#9218 = ORIENTED_EDGE('',*,*,#9219,.T.);
#9219 = EDGE_CURVE('',#9220,#9220,#9222,.T.);
#9220 = VERTEX_POINT('',#9221);
#9221 = CARTESIAN_POINT('',(315.5,298.5,-2.5));
#9222 = CIRCLE('',#9223,3.);
#9223 = AXIS2_PLACEMENT_3D('',#9224,#9225,#9226);
#9224 = CARTESIAN_POINT('',(318.5,298.5,-2.5));
#9225 = DIRECTION('',(0.,0.,1.));
#9226 = DIRECTION('',(-1.,0.,0.));
#9227 = FACE_BOUND('',#9228,.T.);
#9228 = EDGE_LOOP('',(#9229));
#9229 = ORIENTED_EDGE('',*,*,#9230,.T.);
#9230 = EDGE_CURVE('',#9231,#9231,#9233,.T.);
#9231 = VERTEX_POINT('',#9232);
#9232 = CARTESIAN_POINT('',(315.5,279.5,-2.5));
#9233 = CIRCLE('',#9234,3.);
#9234 = AXIS2_PLACEMENT_3D('',#9235,#9236,#9237);
#9235 = CARTESIAN_POINT('',(318.5,279.5,-2.5));
#9236 = DIRECTION('',(0.,0.,1.));
#9237 = DIRECTION('',(-1.,0.,0.));
#9238 = FACE_BOUND('',#9239,.T.);
#9239 = EDGE_LOOP('',(#9240));
#9240 = ORIENTED_EDGE('',*,*,#9241,.T.);
#9241 = EDGE_CURVE('',#9242,#9242,#9244,.T.);
#9242 = VERTEX_POINT('',#9243);
#9243 = CARTESIAN_POINT('',(315.5,242.5,-2.5));
#9244 = CIRCLE('',#9245,3.);
#9245 = AXIS2_PLACEMENT_3D('',#9246,#9247,#9248);
#9246 = CARTESIAN_POINT('',(318.5,242.5,-2.5));
#9247 = DIRECTION('',(0.,0.,1.));
#9248 = DIRECTION('',(-1.,0.,0.));
#9249 = PLANE('',#9250);
#9250 = AXIS2_PLACEMENT_3D('',#9251,#9252,#9253);
#9251 = CARTESIAN_POINT('',(291.39055319919,291.39132826986,-2.5));
#9252 = DIRECTION('',(0.,0.,-1.));
#9253 = DIRECTION('',(1.,0.,0.));
#9254 = ADVANCED_FACE('',(#9255,#9449,#9460,#9471,#9482,#9493,#9504,
    #9515),#9526,.F.);
#9255 = FACE_BOUND('',#9256,.F.);
#9256 = EDGE_LOOP('',(#9257,#9265,#9266,#9267,#9268,#9276,#9284,#9292,
    #9300,#9308,#9317,#9325,#9334,#9342,#9351,#9359,#9368,#9376,#9385,
    #9393,#9402,#9410,#9419,#9427,#9435,#9443));
#9257 = ORIENTED_EDGE('',*,*,#9258,.T.);
#9258 = EDGE_CURVE('',#9259,#8982,#9261,.T.);
#9259 = VERTEX_POINT('',#9260);
#9260 = CARTESIAN_POINT('',(292.725,328.5,0.));
#9261 = LINE('',#9262,#9263);
#9262 = CARTESIAN_POINT('',(245.63443488564,328.5,0.));
#9263 = VECTOR('',#9264,1.);
#9264 = DIRECTION('',(1.,0.,0.));
#9265 = ORIENTED_EDGE('',*,*,#8989,.T.);
#9266 = ORIENTED_EDGE('',*,*,#8949,.T.);
#9267 = ORIENTED_EDGE('',*,*,#9013,.T.);
#9268 = ORIENTED_EDGE('',*,*,#9269,.T.);
#9269 = EDGE_CURVE('',#9014,#9270,#9272,.T.);
#9270 = VERTEX_POINT('',#9271);
#9271 = CARTESIAN_POINT('',(328.5,292.725,0.));
#9272 = LINE('',#9273,#9274);
#9273 = CARTESIAN_POINT('',(328.5,324.67157287525,0.));
#9274 = VECTOR('',#9275,1.);
#9275 = DIRECTION('',(0.,-1.,0.));
#9276 = ORIENTED_EDGE('',*,*,#9277,.F.);
#9277 = EDGE_CURVE('',#9278,#9270,#9280,.T.);
#9278 = VERTEX_POINT('',#9279);
#9279 = CARTESIAN_POINT('',(305.5,292.725,0.));
#9280 = LINE('',#9281,#9282);
#9281 = CARTESIAN_POINT('',(298.44527659959,292.725,0.));
#9282 = VECTOR('',#9283,1.);
#9283 = DIRECTION('',(1.,0.,0.));
#9284 = ORIENTED_EDGE('',*,*,#9285,.F.);
#9285 = EDGE_CURVE('',#9286,#9278,#9288,.T.);
#9286 = VERTEX_POINT('',#9287);
#9287 = CARTESIAN_POINT('',(305.5,292.275,0.));
#9288 = LINE('',#9289,#9290);
#9289 = CARTESIAN_POINT('',(305.5,291.83316413493,0.));
#9290 = VECTOR('',#9291,1.);
#9291 = DIRECTION('',(0.,1.,0.));
#9292 = ORIENTED_EDGE('',*,*,#9293,.F.);
#9293 = EDGE_CURVE('',#9294,#9286,#9296,.T.);
#9294 = VERTEX_POINT('',#9295);
#9295 = CARTESIAN_POINT('',(328.5,292.275,0.));
#9296 = LINE('',#9297,#9298);
#9297 = CARTESIAN_POINT('',(309.94527659959,292.275,0.));
#9298 = VECTOR('',#9299,1.);
#9299 = DIRECTION('',(-1.,0.,0.));
#9300 = ORIENTED_EDGE('',*,*,#9301,.T.);
#9301 = EDGE_CURVE('',#9294,#9302,#9304,.T.);
#9302 = VERTEX_POINT('',#9303);
#9303 = CARTESIAN_POINT('',(328.5,245.63443488564,0.));
#9304 = LINE('',#9305,#9306);
#9305 = CARTESIAN_POINT('',(328.5,324.67157287525,0.));
#9306 = VECTOR('',#9307,1.);
#9307 = DIRECTION('',(0.,-1.,0.));
#9308 = ORIENTED_EDGE('',*,*,#9309,.T.);
#9309 = EDGE_CURVE('',#9302,#9310,#9312,.T.);
#9310 = VERTEX_POINT('',#9311);
#9311 = CARTESIAN_POINT('',(328.10275767794,244.74248191015,0.));
#9312 = CIRCLE('',#9313,1.2);
#9313 = AXIS2_PLACEMENT_3D('',#9314,#9315,#9316);
#9314 = CARTESIAN_POINT('',(327.3,245.63443488564,0.));
#9315 = DIRECTION('',(0.,0.,-1.));
#9316 = DIRECTION('',(1.,0.,0.));
#9317 = ORIENTED_EDGE('',*,*,#9318,.T.);
#9318 = EDGE_CURVE('',#9310,#9319,#9321,.T.);
#9319 = VERTEX_POINT('',#9320);
#9320 = CARTESIAN_POINT('',(304.87079734431,223.83371760987,0.));
#9321 = LINE('',#9322,#9323);
#9322 = CARTESIAN_POINT('',(328.10275767794,244.74248191015,0.));
#9323 = VECTOR('',#9324,1.);
#9324 = DIRECTION('',(-0.743294146247,-0.668964731622,0.));
#9325 = ORIENTED_EDGE('',*,*,#9326,.T.);
#9326 = EDGE_CURVE('',#9319,#9327,#9329,.T.);
#9327 = VERTEX_POINT('',#9328);
#9328 = CARTESIAN_POINT('',(304.0011431932,223.5,0.));
#9329 = CIRCLE('',#9330,1.3);
#9330 = AXIS2_PLACEMENT_3D('',#9331,#9332,#9333);
#9331 = CARTESIAN_POINT('',(304.0011431932,224.8,0.));
#9332 = DIRECTION('',(0.,-0.,-1.));
#9333 = DIRECTION('',(0.668964731622,-0.743294146247,0.));
#9334 = ORIENTED_EDGE('',*,*,#9335,.T.);
#9335 = EDGE_CURVE('',#9327,#9336,#9338,.T.);
#9336 = VERTEX_POINT('',#9337);
#9337 = CARTESIAN_POINT('',(302.82,223.5,0.));
#9338 = LINE('',#9339,#9340);
#9339 = CARTESIAN_POINT('',(304.0011431932,223.5,0.));
#9340 = VECTOR('',#9341,1.);
#9341 = DIRECTION('',(-1.,0.,0.));
#9342 = ORIENTED_EDGE('',*,*,#9343,.T.);
#9343 = EDGE_CURVE('',#9336,#9344,#9346,.T.);
#9344 = VERTEX_POINT('',#9345);
#9345 = CARTESIAN_POINT('',(301.5,224.82,0.));
#9346 = CIRCLE('',#9347,1.32);
#9347 = AXIS2_PLACEMENT_3D('',#9348,#9349,#9350);
#9348 = CARTESIAN_POINT('',(302.82,224.82,0.));
#9349 = DIRECTION('',(0.,-0.,-1.));
#9350 = DIRECTION('',(8.074349270001E-15,-1.,0.));
#9351 = ORIENTED_EDGE('',*,*,#9352,.T.);
#9352 = EDGE_CURVE('',#9344,#9353,#9355,.T.);
#9353 = VERTEX_POINT('',#9354);
#9354 = CARTESIAN_POINT('',(301.5,299.5,0.));
#9355 = LINE('',#9356,#9357);
#9356 = CARTESIAN_POINT('',(301.5,224.82,0.));
#9357 = VECTOR('',#9358,1.);
#9358 = DIRECTION('',(0.,1.,0.));
#9359 = ORIENTED_EDGE('',*,*,#9360,.T.);
#9360 = EDGE_CURVE('',#9353,#9361,#9363,.T.);
#9361 = VERTEX_POINT('',#9362);
#9362 = CARTESIAN_POINT('',(299.5,301.5,0.));
#9363 = CIRCLE('',#9364,2.);
#9364 = AXIS2_PLACEMENT_3D('',#9365,#9366,#9367);
#9365 = CARTESIAN_POINT('',(299.5,299.5,0.));
#9366 = DIRECTION('',(0.,0.,1.));
#9367 = DIRECTION('',(1.,0.,0.));
#9368 = ORIENTED_EDGE('',*,*,#9369,.T.);
#9369 = EDGE_CURVE('',#9361,#9370,#9372,.T.);
#9370 = VERTEX_POINT('',#9371);
#9371 = CARTESIAN_POINT('',(224.82,301.5,0.));
#9372 = LINE('',#9373,#9374);
#9373 = CARTESIAN_POINT('',(299.5,301.5,0.));
#9374 = VECTOR('',#9375,1.);
#9375 = DIRECTION('',(-1.,0.,0.));
#9376 = ORIENTED_EDGE('',*,*,#9377,.T.);
#9377 = EDGE_CURVE('',#9370,#9378,#9380,.T.);
#9378 = VERTEX_POINT('',#9379);
#9379 = CARTESIAN_POINT('',(223.5,302.82,0.));
#9380 = CIRCLE('',#9381,1.32);
#9381 = AXIS2_PLACEMENT_3D('',#9382,#9383,#9384);
#9382 = CARTESIAN_POINT('',(224.82,302.82,0.));
#9383 = DIRECTION('',(-0.,-0.,-1.));
#9384 = DIRECTION('',(0.,-1.,0.));
#9385 = ORIENTED_EDGE('',*,*,#9386,.T.);
#9386 = EDGE_CURVE('',#9378,#9387,#9389,.T.);
#9387 = VERTEX_POINT('',#9388);
#9388 = CARTESIAN_POINT('',(223.5,304.03951679372,0.));
#9389 = LINE('',#9390,#9391);
#9390 = CARTESIAN_POINT('',(223.5,302.82,0.));
#9391 = VECTOR('',#9392,1.);
#9392 = DIRECTION('',(0.,1.,0.));
#9393 = ORIENTED_EDGE('',*,*,#9394,.T.);
#9394 = EDGE_CURVE('',#9387,#9395,#9397,.T.);
#9395 = VERTEX_POINT('',#9396);
#9396 = CARTESIAN_POINT('',(223.8080470245,304.84227447167,0.));
#9397 = CIRCLE('',#9398,1.2);
#9398 = AXIS2_PLACEMENT_3D('',#9399,#9400,#9401);
#9399 = CARTESIAN_POINT('',(224.7,304.03951679372,0.));
#9400 = DIRECTION('',(-0.,0.,-1.));
#9401 = DIRECTION('',(-1.,-2.368475785867E-14,0.));
#9402 = ORIENTED_EDGE('',*,*,#9403,.T.);
#9403 = EDGE_CURVE('',#9395,#9404,#9406,.T.);
#9404 = VERTEX_POINT('',#9405);
#9405 = CARTESIAN_POINT('',(244.74248191015,328.10275767794,0.));
#9406 = LINE('',#9407,#9408);
#9407 = CARTESIAN_POINT('',(223.8080470245,304.84227447167,0.));
#9408 = VECTOR('',#9409,1.);
#9409 = DIRECTION('',(0.668964731622,0.743294146247,0.));
#9410 = ORIENTED_EDGE('',*,*,#9411,.T.);
#9411 = EDGE_CURVE('',#9404,#9412,#9414,.T.);
#9412 = VERTEX_POINT('',#9413);
#9413 = CARTESIAN_POINT('',(245.63443488564,328.5,0.));
#9414 = CIRCLE('',#9415,1.2);
#9415 = AXIS2_PLACEMENT_3D('',#9416,#9417,#9418);
#9416 = CARTESIAN_POINT('',(245.63443488564,327.3,0.));
#9417 = DIRECTION('',(-0.,0.,-1.));
#9418 = DIRECTION('',(-0.743294146247,0.668964731622,0.));
#9419 = ORIENTED_EDGE('',*,*,#9420,.T.);
#9420 = EDGE_CURVE('',#9412,#9421,#9423,.T.);
#9421 = VERTEX_POINT('',#9422);
#9422 = CARTESIAN_POINT('',(292.275,328.5,0.));
#9423 = LINE('',#9424,#9425);
#9424 = CARTESIAN_POINT('',(245.63443488564,328.5,0.));
#9425 = VECTOR('',#9426,1.);
#9426 = DIRECTION('',(1.,0.,0.));
#9427 = ORIENTED_EDGE('',*,*,#9428,.F.);
#9428 = EDGE_CURVE('',#9429,#9421,#9431,.T.);
#9429 = VERTEX_POINT('',#9430);
#9430 = CARTESIAN_POINT('',(292.275,305.5,0.));
#9431 = LINE('',#9432,#9433);
#9432 = CARTESIAN_POINT('',(292.275,298.44566413493,0.));
#9433 = VECTOR('',#9434,1.);
#9434 = DIRECTION('',(0.,1.,0.));
#9435 = ORIENTED_EDGE('',*,*,#9436,.F.);
#9436 = EDGE_CURVE('',#9437,#9429,#9439,.T.);
#9437 = VERTEX_POINT('',#9438);
#9438 = CARTESIAN_POINT('',(292.725,305.5,0.));
#9439 = LINE('',#9440,#9441);
#9440 = CARTESIAN_POINT('',(292.05777659959,305.5,0.));
#9441 = VECTOR('',#9442,1.);
#9442 = DIRECTION('',(-1.,0.,0.));
#9443 = ORIENTED_EDGE('',*,*,#9444,.F.);
#9444 = EDGE_CURVE('',#9259,#9437,#9445,.T.);
#9445 = LINE('',#9446,#9447);
#9446 = CARTESIAN_POINT('',(292.725,309.94566413493,0.));
#9447 = VECTOR('',#9448,1.);
#9448 = DIRECTION('',(0.,-1.,0.));
#9449 = FACE_BOUND('',#9450,.F.);
#9450 = EDGE_LOOP('',(#9451));
#9451 = ORIENTED_EDGE('',*,*,#9452,.T.);
#9452 = EDGE_CURVE('',#9453,#9453,#9455,.T.);
#9453 = VERTEX_POINT('',#9454);
#9454 = CARTESIAN_POINT('',(239.5,318.5,0.));
#9455 = CIRCLE('',#9456,3.);
#9456 = AXIS2_PLACEMENT_3D('',#9457,#9458,#9459);
#9457 = CARTESIAN_POINT('',(242.5,318.5,0.));
#9458 = DIRECTION('',(0.,0.,1.));
#9459 = DIRECTION('',(-1.,0.,0.));
#9460 = FACE_BOUND('',#9461,.F.);
#9461 = EDGE_LOOP('',(#9462));
#9462 = ORIENTED_EDGE('',*,*,#9463,.T.);
#9463 = EDGE_CURVE('',#9464,#9464,#9466,.T.);
#9464 = VERTEX_POINT('',#9465);
#9465 = CARTESIAN_POINT('',(276.5,318.5,0.));
#9466 = CIRCLE('',#9467,3.);
#9467 = AXIS2_PLACEMENT_3D('',#9468,#9469,#9470);
#9468 = CARTESIAN_POINT('',(279.5,318.5,0.));
#9469 = DIRECTION('',(0.,0.,1.));
#9470 = DIRECTION('',(-1.,0.,0.));
#9471 = FACE_BOUND('',#9472,.F.);
#9472 = EDGE_LOOP('',(#9473));
#9473 = ORIENTED_EDGE('',*,*,#9474,.T.);
#9474 = EDGE_CURVE('',#9475,#9475,#9477,.T.);
#9475 = VERTEX_POINT('',#9476);
#9476 = CARTESIAN_POINT('',(295.5,318.5,0.));
#9477 = CIRCLE('',#9478,3.);
#9478 = AXIS2_PLACEMENT_3D('',#9479,#9480,#9481);
#9479 = CARTESIAN_POINT('',(298.5,318.5,0.));
#9480 = DIRECTION('',(0.,0.,1.));
#9481 = DIRECTION('',(-1.,0.,0.));
#9482 = FACE_BOUND('',#9483,.F.);
#9483 = EDGE_LOOP('',(#9484));
#9484 = ORIENTED_EDGE('',*,*,#9485,.T.);
#9485 = EDGE_CURVE('',#9486,#9486,#9488,.T.);
#9486 = VERTEX_POINT('',#9487);
#9487 = CARTESIAN_POINT('',(310.,315.5,0.));
#9488 = CIRCLE('',#9489,5.5);
#9489 = AXIS2_PLACEMENT_3D('',#9490,#9491,#9492);
#9490 = CARTESIAN_POINT('',(315.5,315.5,0.));
#9491 = DIRECTION('',(0.,0.,1.));
#9492 = DIRECTION('',(-1.,0.,0.));
#9493 = FACE_BOUND('',#9494,.F.);
#9494 = EDGE_LOOP('',(#9495));
#9495 = ORIENTED_EDGE('',*,*,#9496,.T.);
#9496 = EDGE_CURVE('',#9497,#9497,#9499,.T.);
#9497 = VERTEX_POINT('',#9498);
#9498 = CARTESIAN_POINT('',(315.5,298.5,0.));
#9499 = CIRCLE('',#9500,3.);
#9500 = AXIS2_PLACEMENT_3D('',#9501,#9502,#9503);
#9501 = CARTESIAN_POINT('',(318.5,298.5,0.));
#9502 = DIRECTION('',(0.,0.,1.));
#9503 = DIRECTION('',(-1.,0.,0.));
#9504 = FACE_BOUND('',#9505,.F.);
#9505 = EDGE_LOOP('',(#9506));
#9506 = ORIENTED_EDGE('',*,*,#9507,.T.);
#9507 = EDGE_CURVE('',#9508,#9508,#9510,.T.);
#9508 = VERTEX_POINT('',#9509);
#9509 = CARTESIAN_POINT('',(315.5,279.5,0.));
#9510 = CIRCLE('',#9511,3.);
#9511 = AXIS2_PLACEMENT_3D('',#9512,#9513,#9514);
#9512 = CARTESIAN_POINT('',(318.5,279.5,0.));
#9513 = DIRECTION('',(0.,0.,1.));
#9514 = DIRECTION('',(-1.,0.,0.));
#9515 = FACE_BOUND('',#9516,.F.);
#9516 = EDGE_LOOP('',(#9517));
#9517 = ORIENTED_EDGE('',*,*,#9518,.T.);
#9518 = EDGE_CURVE('',#9519,#9519,#9521,.T.);
#9519 = VERTEX_POINT('',#9520);
#9520 = CARTESIAN_POINT('',(315.5,242.5,0.));
#9521 = CIRCLE('',#9522,3.);
#9522 = AXIS2_PLACEMENT_3D('',#9523,#9524,#9525);
#9523 = CARTESIAN_POINT('',(318.5,242.5,0.));
#9524 = DIRECTION('',(0.,0.,1.));
#9525 = DIRECTION('',(-1.,0.,0.));
#9526 = PLANE('',#9527);
#9527 = AXIS2_PLACEMENT_3D('',#9528,#9529,#9530);
#9528 = CARTESIAN_POINT('',(291.39055319919,291.39132826986,0.));
#9529 = DIRECTION('',(0.,0.,-1.));
#9530 = DIRECTION('',(1.,0.,0.));
#9531 = ADVANCED_FACE('',(#9532),#9566,.T.);
#9532 = FACE_BOUND('',#9533,.T.);
#9533 = EDGE_LOOP('',(#9534,#9535,#9541,#9542,#9550,#9558,#9564,#9565));
#9534 = ORIENTED_EDGE('',*,*,#9166,.F.);
#9535 = ORIENTED_EDGE('',*,*,#9536,.T.);
#9536 = EDGE_CURVE('',#9158,#9412,#9537,.T.);
#9537 = LINE('',#9538,#9539);
#9538 = CARTESIAN_POINT('',(245.63443488564,328.5,-2.5));
#9539 = VECTOR('',#9540,1.);
#9540 = DIRECTION('',(0.,0.,1.));
#9541 = ORIENTED_EDGE('',*,*,#9420,.T.);
#9542 = ORIENTED_EDGE('',*,*,#9543,.F.);
#9543 = EDGE_CURVE('',#9544,#9421,#9546,.T.);
#9544 = VERTEX_POINT('',#9545);
#9545 = CARTESIAN_POINT('',(292.275,328.5,-0.22));
#9546 = LINE('',#9547,#9548);
#9547 = CARTESIAN_POINT('',(292.275,328.5,-0.22));
#9548 = VECTOR('',#9549,1.);
#9549 = DIRECTION('',(0.,0.,1.));
#9550 = ORIENTED_EDGE('',*,*,#9551,.T.);
#9551 = EDGE_CURVE('',#9544,#9552,#9554,.T.);
#9552 = VERTEX_POINT('',#9553);
#9553 = CARTESIAN_POINT('',(292.725,328.5,-0.22));
#9554 = LINE('',#9555,#9556);
#9555 = CARTESIAN_POINT('',(292.275,328.5,-0.22));
#9556 = VECTOR('',#9557,1.);
#9557 = DIRECTION('',(1.,0.,0.));
#9558 = ORIENTED_EDGE('',*,*,#9559,.T.);
#9559 = EDGE_CURVE('',#9552,#9259,#9560,.T.);
#9560 = LINE('',#9561,#9562);
#9561 = CARTESIAN_POINT('',(292.725,328.5,-0.22));
#9562 = VECTOR('',#9563,1.);
#9563 = DIRECTION('',(0.,0.,1.));
#9564 = ORIENTED_EDGE('',*,*,#9258,.T.);
#9565 = ORIENTED_EDGE('',*,*,#8979,.F.);
#9566 = PLANE('',#9567);
#9567 = AXIS2_PLACEMENT_3D('',#9568,#9569,#9570);
#9568 = CARTESIAN_POINT('',(245.63443488564,328.5,-2.5));
#9569 = DIRECTION('',(0.,1.,0.));
#9570 = DIRECTION('',(1.,0.,0.));
#9571 = ADVANCED_FACE('',(#9572),#9606,.T.);
#9572 = FACE_BOUND('',#9573,.T.);
#9573 = EDGE_LOOP('',(#9574,#9575,#9576,#9577,#9585,#9593,#9599,#9600));
#9574 = ORIENTED_EDGE('',*,*,#9047,.F.);
#9575 = ORIENTED_EDGE('',*,*,#9022,.T.);
#9576 = ORIENTED_EDGE('',*,*,#9269,.T.);
#9577 = ORIENTED_EDGE('',*,*,#9578,.F.);
#9578 = EDGE_CURVE('',#9579,#9270,#9581,.T.);
#9579 = VERTEX_POINT('',#9580);
#9580 = CARTESIAN_POINT('',(328.5,292.725,-0.22));
#9581 = LINE('',#9582,#9583);
#9582 = CARTESIAN_POINT('',(328.5,292.725,-0.22));
#9583 = VECTOR('',#9584,1.);
#9584 = DIRECTION('',(0.,0.,1.));
#9585 = ORIENTED_EDGE('',*,*,#9586,.T.);
#9586 = EDGE_CURVE('',#9579,#9587,#9589,.T.);
#9587 = VERTEX_POINT('',#9588);
#9588 = CARTESIAN_POINT('',(328.5,292.275,-0.22));
#9589 = LINE('',#9590,#9591);
#9590 = CARTESIAN_POINT('',(328.5,292.725,-0.22));
#9591 = VECTOR('',#9592,1.);
#9592 = DIRECTION('',(0.,-1.,0.));
#9593 = ORIENTED_EDGE('',*,*,#9594,.T.);
#9594 = EDGE_CURVE('',#9587,#9294,#9595,.T.);
#9595 = LINE('',#9596,#9597);
#9596 = CARTESIAN_POINT('',(328.5,292.275,-0.22));
#9597 = VECTOR('',#9598,1.);
#9598 = DIRECTION('',(0.,0.,1.));
#9599 = ORIENTED_EDGE('',*,*,#9301,.T.);
#9600 = ORIENTED_EDGE('',*,*,#9601,.F.);
#9601 = EDGE_CURVE('',#9048,#9302,#9602,.T.);
#9602 = LINE('',#9603,#9604);
#9603 = CARTESIAN_POINT('',(328.5,245.63443488564,-2.5));
#9604 = VECTOR('',#9605,1.);
#9605 = DIRECTION('',(0.,0.,1.));
#9606 = PLANE('',#9607);
#9607 = AXIS2_PLACEMENT_3D('',#9608,#9609,#9610);
#9608 = CARTESIAN_POINT('',(328.5,324.67157287525,-2.5));
#9609 = DIRECTION('',(1.,0.,0.));
#9610 = DIRECTION('',(0.,-1.,0.));
#9611 = ADVANCED_FACE('',(#9612),#9623,.T.);
#9612 = FACE_BOUND('',#9613,.T.);
#9613 = EDGE_LOOP('',(#9614,#9620,#9621,#9622));
#9614 = ORIENTED_EDGE('',*,*,#9615,.T.);
#9615 = EDGE_CURVE('',#9150,#9404,#9616,.T.);
#9616 = LINE('',#9617,#9618);
#9617 = CARTESIAN_POINT('',(244.74248191015,328.10275767794,-2.5));
#9618 = VECTOR('',#9619,1.);
#9619 = DIRECTION('',(0.,0.,1.));
#9620 = ORIENTED_EDGE('',*,*,#9411,.T.);
#9621 = ORIENTED_EDGE('',*,*,#9536,.F.);
#9622 = ORIENTED_EDGE('',*,*,#9157,.F.);
#9623 = CYLINDRICAL_SURFACE('',#9624,1.2);
#9624 = AXIS2_PLACEMENT_3D('',#9625,#9626,#9627);
#9625 = CARTESIAN_POINT('',(245.63443488564,327.3,-2.5));
#9626 = DIRECTION('',(0.,0.,-1.));
#9627 = DIRECTION('',(-0.743294146247,0.668964731622,0.));
#9628 = ADVANCED_FACE('',(#9629),#9640,.T.);
#9629 = FACE_BOUND('',#9630,.T.);
#9630 = EDGE_LOOP('',(#9631,#9632,#9633,#9639));
#9631 = ORIENTED_EDGE('',*,*,#9601,.T.);
#9632 = ORIENTED_EDGE('',*,*,#9309,.T.);
#9633 = ORIENTED_EDGE('',*,*,#9634,.F.);
#9634 = EDGE_CURVE('',#9056,#9310,#9635,.T.);
#9635 = LINE('',#9636,#9637);
#9636 = CARTESIAN_POINT('',(328.10275767794,244.74248191015,-2.5));
#9637 = VECTOR('',#9638,1.);
#9638 = DIRECTION('',(0.,0.,1.));
#9639 = ORIENTED_EDGE('',*,*,#9055,.F.);
#9640 = CYLINDRICAL_SURFACE('',#9641,1.2);
#9641 = AXIS2_PLACEMENT_3D('',#9642,#9643,#9644);
#9642 = CARTESIAN_POINT('',(327.3,245.63443488564,-2.5));
#9643 = DIRECTION('',(0.,0.,-1.));
#9644 = DIRECTION('',(1.,0.,0.));
#9645 = ADVANCED_FACE('',(#9646),#9657,.T.);
#9646 = FACE_BOUND('',#9647,.T.);
#9647 = EDGE_LOOP('',(#9648,#9654,#9655,#9656));
#9648 = ORIENTED_EDGE('',*,*,#9649,.T.);
#9649 = EDGE_CURVE('',#9141,#9395,#9650,.T.);
#9650 = LINE('',#9651,#9652);
#9651 = CARTESIAN_POINT('',(223.8080470245,304.84227447167,-2.5));
#9652 = VECTOR('',#9653,1.);
#9653 = DIRECTION('',(0.,0.,1.));
#9654 = ORIENTED_EDGE('',*,*,#9403,.T.);
#9655 = ORIENTED_EDGE('',*,*,#9615,.F.);
#9656 = ORIENTED_EDGE('',*,*,#9149,.F.);
#9657 = PLANE('',#9658);
#9658 = AXIS2_PLACEMENT_3D('',#9659,#9660,#9661);
#9659 = CARTESIAN_POINT('',(223.8080470245,304.84227447167,-2.5));
#9660 = DIRECTION('',(-0.743294146247,0.668964731622,0.));
#9661 = DIRECTION('',(0.668964731622,0.743294146247,0.));
#9662 = ADVANCED_FACE('',(#9663),#9674,.T.);
#9663 = FACE_BOUND('',#9664,.T.);
#9664 = EDGE_LOOP('',(#9665,#9666,#9667,#9673));
#9665 = ORIENTED_EDGE('',*,*,#9634,.T.);
#9666 = ORIENTED_EDGE('',*,*,#9318,.T.);
#9667 = ORIENTED_EDGE('',*,*,#9668,.F.);
#9668 = EDGE_CURVE('',#9065,#9319,#9669,.T.);
#9669 = LINE('',#9670,#9671);
#9670 = CARTESIAN_POINT('',(304.87079734431,223.83371760987,-2.5));
#9671 = VECTOR('',#9672,1.);
#9672 = DIRECTION('',(0.,0.,1.));
#9673 = ORIENTED_EDGE('',*,*,#9064,.F.);
#9674 = PLANE('',#9675);
#9675 = AXIS2_PLACEMENT_3D('',#9676,#9677,#9678);
#9676 = CARTESIAN_POINT('',(328.10275767794,244.74248191015,-2.5));
#9677 = DIRECTION('',(0.668964731622,-0.743294146247,0.));
#9678 = DIRECTION('',(-0.743294146247,-0.668964731622,0.));
#9679 = ADVANCED_FACE('',(#9680),#9691,.T.);
#9680 = FACE_BOUND('',#9681,.T.);
#9681 = EDGE_LOOP('',(#9682,#9688,#9689,#9690));
#9682 = ORIENTED_EDGE('',*,*,#9683,.T.);
#9683 = EDGE_CURVE('',#9133,#9387,#9684,.T.);
#9684 = LINE('',#9685,#9686);
#9685 = CARTESIAN_POINT('',(223.5,304.03951679372,-2.5));
#9686 = VECTOR('',#9687,1.);
#9687 = DIRECTION('',(0.,0.,1.));
#9688 = ORIENTED_EDGE('',*,*,#9394,.T.);
#9689 = ORIENTED_EDGE('',*,*,#9649,.F.);
#9690 = ORIENTED_EDGE('',*,*,#9140,.F.);
#9691 = CYLINDRICAL_SURFACE('',#9692,1.2);
#9692 = AXIS2_PLACEMENT_3D('',#9693,#9694,#9695);
#9693 = CARTESIAN_POINT('',(224.7,304.03951679372,-2.5));
#9694 = DIRECTION('',(0.,0.,-1.));
#9695 = DIRECTION('',(-1.,-2.368475785867E-14,0.));
#9696 = ADVANCED_FACE('',(#9697),#9708,.T.);
#9697 = FACE_BOUND('',#9698,.T.);
#9698 = EDGE_LOOP('',(#9699,#9700,#9701,#9707));
#9699 = ORIENTED_EDGE('',*,*,#9668,.T.);
#9700 = ORIENTED_EDGE('',*,*,#9326,.T.);
#9701 = ORIENTED_EDGE('',*,*,#9702,.F.);
#9702 = EDGE_CURVE('',#9073,#9327,#9703,.T.);
#9703 = LINE('',#9704,#9705);
#9704 = CARTESIAN_POINT('',(304.0011431932,223.5,-2.5));
#9705 = VECTOR('',#9706,1.);
#9706 = DIRECTION('',(0.,0.,1.));
#9707 = ORIENTED_EDGE('',*,*,#9072,.F.);
#9708 = CYLINDRICAL_SURFACE('',#9709,1.3);
#9709 = AXIS2_PLACEMENT_3D('',#9710,#9711,#9712);
#9710 = CARTESIAN_POINT('',(304.0011431932,224.8,-2.5));
#9711 = DIRECTION('',(0.,0.,-1.));
#9712 = DIRECTION('',(0.668964731622,-0.743294146247,0.));
#9713 = ADVANCED_FACE('',(#9714),#9725,.T.);
#9714 = FACE_BOUND('',#9715,.T.);
#9715 = EDGE_LOOP('',(#9716,#9722,#9723,#9724));
#9716 = ORIENTED_EDGE('',*,*,#9717,.T.);
#9717 = EDGE_CURVE('',#9124,#9378,#9718,.T.);
#9718 = LINE('',#9719,#9720);
#9719 = CARTESIAN_POINT('',(223.5,302.82,-2.5));
#9720 = VECTOR('',#9721,1.);
#9721 = DIRECTION('',(0.,0.,1.));
#9722 = ORIENTED_EDGE('',*,*,#9386,.T.);
#9723 = ORIENTED_EDGE('',*,*,#9683,.F.);
#9724 = ORIENTED_EDGE('',*,*,#9132,.F.);
#9725 = PLANE('',#9726);
#9726 = AXIS2_PLACEMENT_3D('',#9727,#9728,#9729);
#9727 = CARTESIAN_POINT('',(223.5,302.82,-2.5));
#9728 = DIRECTION('',(-1.,0.,0.));
#9729 = DIRECTION('',(0.,1.,0.));
#9730 = ADVANCED_FACE('',(#9731),#9742,.T.);
#9731 = FACE_BOUND('',#9732,.T.);
#9732 = EDGE_LOOP('',(#9733,#9734,#9735,#9741));
#9733 = ORIENTED_EDGE('',*,*,#9702,.T.);
#9734 = ORIENTED_EDGE('',*,*,#9335,.T.);
#9735 = ORIENTED_EDGE('',*,*,#9736,.F.);
#9736 = EDGE_CURVE('',#9082,#9336,#9737,.T.);
#9737 = LINE('',#9738,#9739);
#9738 = CARTESIAN_POINT('',(302.82,223.5,-2.5));
#9739 = VECTOR('',#9740,1.);
#9740 = DIRECTION('',(0.,0.,1.));
#9741 = ORIENTED_EDGE('',*,*,#9081,.F.);
#9742 = PLANE('',#9743);
#9743 = AXIS2_PLACEMENT_3D('',#9744,#9745,#9746);
#9744 = CARTESIAN_POINT('',(304.0011431932,223.5,-2.5));
#9745 = DIRECTION('',(0.,-1.,0.));
#9746 = DIRECTION('',(-1.,0.,0.));
#9747 = ADVANCED_FACE('',(#9748),#9759,.T.);
#9748 = FACE_BOUND('',#9749,.T.);
#9749 = EDGE_LOOP('',(#9750,#9756,#9757,#9758));
#9750 = ORIENTED_EDGE('',*,*,#9751,.T.);
#9751 = EDGE_CURVE('',#9116,#9370,#9752,.T.);
#9752 = LINE('',#9753,#9754);
#9753 = CARTESIAN_POINT('',(224.82,301.5,-2.5));
#9754 = VECTOR('',#9755,1.);
#9755 = DIRECTION('',(0.,0.,1.));
#9756 = ORIENTED_EDGE('',*,*,#9377,.T.);
#9757 = ORIENTED_EDGE('',*,*,#9717,.F.);
#9758 = ORIENTED_EDGE('',*,*,#9123,.F.);
#9759 = CYLINDRICAL_SURFACE('',#9760,1.32);
#9760 = AXIS2_PLACEMENT_3D('',#9761,#9762,#9763);
#9761 = CARTESIAN_POINT('',(224.82,302.82,-2.5));
#9762 = DIRECTION('',(0.,0.,-1.));
#9763 = DIRECTION('',(0.,-1.,0.));
#9764 = ADVANCED_FACE('',(#9765),#9776,.T.);
#9765 = FACE_BOUND('',#9766,.T.);
#9766 = EDGE_LOOP('',(#9767,#9768,#9769,#9775));
#9767 = ORIENTED_EDGE('',*,*,#9736,.T.);
#9768 = ORIENTED_EDGE('',*,*,#9343,.T.);
#9769 = ORIENTED_EDGE('',*,*,#9770,.F.);
#9770 = EDGE_CURVE('',#9090,#9344,#9771,.T.);
#9771 = LINE('',#9772,#9773);
#9772 = CARTESIAN_POINT('',(301.5,224.82,-2.5));
#9773 = VECTOR('',#9774,1.);
#9774 = DIRECTION('',(0.,0.,1.));
#9775 = ORIENTED_EDGE('',*,*,#9089,.F.);
#9776 = CYLINDRICAL_SURFACE('',#9777,1.32);
#9777 = AXIS2_PLACEMENT_3D('',#9778,#9779,#9780);
#9778 = CARTESIAN_POINT('',(302.82,224.82,-2.5));
#9779 = DIRECTION('',(0.,0.,-1.));
#9780 = DIRECTION('',(8.074349270001E-15,-1.,0.));
#9781 = ADVANCED_FACE('',(#9782),#9793,.T.);
#9782 = FACE_BOUND('',#9783,.T.);
#9783 = EDGE_LOOP('',(#9784,#9790,#9791,#9792));
#9784 = ORIENTED_EDGE('',*,*,#9785,.T.);
#9785 = EDGE_CURVE('',#9107,#9361,#9786,.T.);
#9786 = LINE('',#9787,#9788);
#9787 = CARTESIAN_POINT('',(299.5,301.5,-2.5));
#9788 = VECTOR('',#9789,1.);
#9789 = DIRECTION('',(0.,0.,1.));
#9790 = ORIENTED_EDGE('',*,*,#9369,.T.);
#9791 = ORIENTED_EDGE('',*,*,#9751,.F.);
#9792 = ORIENTED_EDGE('',*,*,#9115,.F.);
#9793 = PLANE('',#9794);
#9794 = AXIS2_PLACEMENT_3D('',#9795,#9796,#9797);
#9795 = CARTESIAN_POINT('',(299.5,301.5,-2.5));
#9796 = DIRECTION('',(0.,-1.,0.));
#9797 = DIRECTION('',(-1.,0.,0.));
#9798 = ADVANCED_FACE('',(#9799),#9810,.T.);
#9799 = FACE_BOUND('',#9800,.T.);
#9800 = EDGE_LOOP('',(#9801,#9802,#9803,#9809));
#9801 = ORIENTED_EDGE('',*,*,#9770,.T.);
#9802 = ORIENTED_EDGE('',*,*,#9352,.T.);
#9803 = ORIENTED_EDGE('',*,*,#9804,.F.);
#9804 = EDGE_CURVE('',#9099,#9353,#9805,.T.);
#9805 = LINE('',#9806,#9807);
#9806 = CARTESIAN_POINT('',(301.5,299.5,-2.5));
#9807 = VECTOR('',#9808,1.);
#9808 = DIRECTION('',(0.,0.,1.));
#9809 = ORIENTED_EDGE('',*,*,#9098,.F.);
#9810 = PLANE('',#9811);
#9811 = AXIS2_PLACEMENT_3D('',#9812,#9813,#9814);
#9812 = CARTESIAN_POINT('',(301.5,224.82,-2.5));
#9813 = DIRECTION('',(-1.,0.,0.));
#9814 = DIRECTION('',(0.,1.,0.));
#9815 = ADVANCED_FACE('',(#9816),#9822,.F.);
#9816 = FACE_BOUND('',#9817,.T.);
#9817 = EDGE_LOOP('',(#9818,#9819,#9820,#9821));
#9818 = ORIENTED_EDGE('',*,*,#9804,.T.);
#9819 = ORIENTED_EDGE('',*,*,#9360,.T.);
#9820 = ORIENTED_EDGE('',*,*,#9785,.F.);
#9821 = ORIENTED_EDGE('',*,*,#9106,.F.);
#9822 = CYLINDRICAL_SURFACE('',#9823,2.);
#9823 = AXIS2_PLACEMENT_3D('',#9824,#9825,#9826);
#9824 = CARTESIAN_POINT('',(299.5,299.5,-2.5));
#9825 = DIRECTION('',(0.,0.,-1.));
#9826 = DIRECTION('',(1.,0.,0.));
#9827 = ADVANCED_FACE('',(#9828),#9839,.F.);
#9828 = FACE_BOUND('',#9829,.F.);
#9829 = EDGE_LOOP('',(#9830,#9831,#9837,#9838));
#9830 = ORIENTED_EDGE('',*,*,#9452,.F.);
#9831 = ORIENTED_EDGE('',*,*,#9832,.F.);
#9832 = EDGE_CURVE('',#9176,#9453,#9833,.T.);
#9833 = LINE('',#9834,#9835);
#9834 = CARTESIAN_POINT('',(239.5,318.5,-3.5));
#9835 = VECTOR('',#9836,1.);
#9836 = DIRECTION('',(0.,0.,1.));
#9837 = ORIENTED_EDGE('',*,*,#9175,.T.);
#9838 = ORIENTED_EDGE('',*,*,#9832,.T.);
#9839 = CYLINDRICAL_SURFACE('',#9840,3.);
#9840 = AXIS2_PLACEMENT_3D('',#9841,#9842,#9843);
#9841 = CARTESIAN_POINT('',(242.5,318.5,-3.5));
#9842 = DIRECTION('',(0.,0.,1.));
#9843 = DIRECTION('',(-1.,0.,0.));
#9844 = ADVANCED_FACE('',(#9845),#9856,.F.);
#9845 = FACE_BOUND('',#9846,.F.);
#9846 = EDGE_LOOP('',(#9847,#9848,#9854,#9855));
#9847 = ORIENTED_EDGE('',*,*,#9463,.F.);
#9848 = ORIENTED_EDGE('',*,*,#9849,.F.);
#9849 = EDGE_CURVE('',#9187,#9464,#9850,.T.);
#9850 = LINE('',#9851,#9852);
#9851 = CARTESIAN_POINT('',(276.5,318.5,-3.5));
#9852 = VECTOR('',#9853,1.);
#9853 = DIRECTION('',(0.,0.,1.));
#9854 = ORIENTED_EDGE('',*,*,#9186,.T.);
#9855 = ORIENTED_EDGE('',*,*,#9849,.T.);
#9856 = CYLINDRICAL_SURFACE('',#9857,3.);
#9857 = AXIS2_PLACEMENT_3D('',#9858,#9859,#9860);
#9858 = CARTESIAN_POINT('',(279.5,318.5,-3.5));
#9859 = DIRECTION('',(0.,0.,1.));
#9860 = DIRECTION('',(-1.,0.,0.));
#9861 = ADVANCED_FACE('',(#9862),#9873,.F.);
#9862 = FACE_BOUND('',#9863,.F.);
#9863 = EDGE_LOOP('',(#9864,#9865,#9871,#9872));
#9864 = ORIENTED_EDGE('',*,*,#9474,.F.);
#9865 = ORIENTED_EDGE('',*,*,#9866,.F.);
#9866 = EDGE_CURVE('',#9198,#9475,#9867,.T.);
#9867 = LINE('',#9868,#9869);
#9868 = CARTESIAN_POINT('',(295.5,318.5,-3.5));
#9869 = VECTOR('',#9870,1.);
#9870 = DIRECTION('',(0.,0.,1.));
#9871 = ORIENTED_EDGE('',*,*,#9197,.T.);
#9872 = ORIENTED_EDGE('',*,*,#9866,.T.);
#9873 = CYLINDRICAL_SURFACE('',#9874,3.);
#9874 = AXIS2_PLACEMENT_3D('',#9875,#9876,#9877);
#9875 = CARTESIAN_POINT('',(298.5,318.5,-3.5));
#9876 = DIRECTION('',(0.,0.,1.));
#9877 = DIRECTION('',(-1.,0.,0.));
#9878 = ADVANCED_FACE('',(#9879),#9890,.F.);
#9879 = FACE_BOUND('',#9880,.F.);
#9880 = EDGE_LOOP('',(#9881,#9882,#9888,#9889));
#9881 = ORIENTED_EDGE('',*,*,#9485,.F.);
#9882 = ORIENTED_EDGE('',*,*,#9883,.F.);
#9883 = EDGE_CURVE('',#9209,#9486,#9884,.T.);
#9884 = LINE('',#9885,#9886);
#9885 = CARTESIAN_POINT('',(310.,315.5,-3.5));
#9886 = VECTOR('',#9887,1.);
#9887 = DIRECTION('',(0.,0.,1.));
#9888 = ORIENTED_EDGE('',*,*,#9208,.T.);
#9889 = ORIENTED_EDGE('',*,*,#9883,.T.);
#9890 = CYLINDRICAL_SURFACE('',#9891,5.5);
#9891 = AXIS2_PLACEMENT_3D('',#9892,#9893,#9894);
#9892 = CARTESIAN_POINT('',(315.5,315.5,-3.5));
#9893 = DIRECTION('',(0.,0.,1.));
#9894 = DIRECTION('',(-1.,0.,0.));
#9895 = ADVANCED_FACE('',(#9896),#9907,.F.);
#9896 = FACE_BOUND('',#9897,.F.);
#9897 = EDGE_LOOP('',(#9898,#9899,#9905,#9906));
#9898 = ORIENTED_EDGE('',*,*,#9496,.F.);
#9899 = ORIENTED_EDGE('',*,*,#9900,.F.);
#9900 = EDGE_CURVE('',#9220,#9497,#9901,.T.);
#9901 = LINE('',#9902,#9903);
#9902 = CARTESIAN_POINT('',(315.5,298.5,-3.5));
#9903 = VECTOR('',#9904,1.);
#9904 = DIRECTION('',(0.,0.,1.));
#9905 = ORIENTED_EDGE('',*,*,#9219,.T.);
#9906 = ORIENTED_EDGE('',*,*,#9900,.T.);
#9907 = CYLINDRICAL_SURFACE('',#9908,3.);
#9908 = AXIS2_PLACEMENT_3D('',#9909,#9910,#9911);
#9909 = CARTESIAN_POINT('',(318.5,298.5,-3.5));
#9910 = DIRECTION('',(0.,0.,1.));
#9911 = DIRECTION('',(-1.,0.,0.));
#9912 = ADVANCED_FACE('',(#9913),#9924,.F.);
#9913 = FACE_BOUND('',#9914,.F.);
#9914 = EDGE_LOOP('',(#9915,#9916,#9922,#9923));
#9915 = ORIENTED_EDGE('',*,*,#9507,.F.);
#9916 = ORIENTED_EDGE('',*,*,#9917,.F.);
#9917 = EDGE_CURVE('',#9231,#9508,#9918,.T.);
#9918 = LINE('',#9919,#9920);
#9919 = CARTESIAN_POINT('',(315.5,279.5,-3.5));
#9920 = VECTOR('',#9921,1.);
#9921 = DIRECTION('',(0.,0.,1.));
#9922 = ORIENTED_EDGE('',*,*,#9230,.T.);
#9923 = ORIENTED_EDGE('',*,*,#9917,.T.);
#9924 = CYLINDRICAL_SURFACE('',#9925,3.);
#9925 = AXIS2_PLACEMENT_3D('',#9926,#9927,#9928);
#9926 = CARTESIAN_POINT('',(318.5,279.5,-3.5));
#9927 = DIRECTION('',(0.,0.,1.));
#9928 = DIRECTION('',(-1.,0.,0.));
#9929 = ADVANCED_FACE('',(#9930),#9941,.F.);
#9930 = FACE_BOUND('',#9931,.F.);
#9931 = EDGE_LOOP('',(#9932,#9933,#9939,#9940));
#9932 = ORIENTED_EDGE('',*,*,#9518,.F.);
#9933 = ORIENTED_EDGE('',*,*,#9934,.F.);
#9934 = EDGE_CURVE('',#9242,#9519,#9935,.T.);
#9935 = LINE('',#9936,#9937);
#9936 = CARTESIAN_POINT('',(315.5,242.5,-3.5));
#9937 = VECTOR('',#9938,1.);
#9938 = DIRECTION('',(0.,0.,1.));
#9939 = ORIENTED_EDGE('',*,*,#9241,.T.);
#9940 = ORIENTED_EDGE('',*,*,#9934,.T.);
#9941 = CYLINDRICAL_SURFACE('',#9942,3.);
#9942 = AXIS2_PLACEMENT_3D('',#9943,#9944,#9945);
#9943 = CARTESIAN_POINT('',(318.5,242.5,-3.5));
#9944 = DIRECTION('',(0.,0.,1.));
#9945 = DIRECTION('',(-1.,0.,0.));
#9946 = ADVANCED_FACE('',(#9947),#9965,.F.);
#9947 = FACE_BOUND('',#9948,.F.);
#9948 = EDGE_LOOP('',(#9949,#9957,#9958,#9959));
#9949 = ORIENTED_EDGE('',*,*,#9950,.F.);
#9950 = EDGE_CURVE('',#9552,#9951,#9953,.T.);
#9951 = VERTEX_POINT('',#9952);
#9952 = CARTESIAN_POINT('',(292.725,305.5,-0.22));
#9953 = LINE('',#9954,#9955);
#9954 = CARTESIAN_POINT('',(292.725,328.5,-0.22));
#9955 = VECTOR('',#9956,1.);
#9956 = DIRECTION('',(0.,-1.,0.));
#9957 = ORIENTED_EDGE('',*,*,#9559,.T.);
#9958 = ORIENTED_EDGE('',*,*,#9444,.T.);
#9959 = ORIENTED_EDGE('',*,*,#9960,.F.);
#9960 = EDGE_CURVE('',#9951,#9437,#9961,.T.);
#9961 = LINE('',#9962,#9963);
#9962 = CARTESIAN_POINT('',(292.725,305.5,-0.22));
#9963 = VECTOR('',#9964,1.);
#9964 = DIRECTION('',(0.,0.,1.));
#9965 = PLANE('',#9966);
#9966 = AXIS2_PLACEMENT_3D('',#9967,#9968,#9969);
#9967 = CARTESIAN_POINT('',(292.725,328.5,-0.22));
#9968 = DIRECTION('',(1.,0.,0.));
#9969 = DIRECTION('',(0.,-1.,0.));
#9970 = ADVANCED_FACE('',(#9971),#9989,.F.);
#9971 = FACE_BOUND('',#9972,.F.);
#9972 = EDGE_LOOP('',(#9973,#9981,#9982,#9983));
#9973 = ORIENTED_EDGE('',*,*,#9974,.F.);
#9974 = EDGE_CURVE('',#9951,#9975,#9977,.T.);
#9975 = VERTEX_POINT('',#9976);
#9976 = CARTESIAN_POINT('',(292.275,305.5,-0.22));
#9977 = LINE('',#9978,#9979);
#9978 = CARTESIAN_POINT('',(292.725,305.5,-0.22));
#9979 = VECTOR('',#9980,1.);
#9980 = DIRECTION('',(-1.,0.,0.));
#9981 = ORIENTED_EDGE('',*,*,#9960,.T.);
#9982 = ORIENTED_EDGE('',*,*,#9436,.T.);
#9983 = ORIENTED_EDGE('',*,*,#9984,.F.);
#9984 = EDGE_CURVE('',#9975,#9429,#9985,.T.);
#9985 = LINE('',#9986,#9987);
#9986 = CARTESIAN_POINT('',(292.275,305.5,-0.22));
#9987 = VECTOR('',#9988,1.);
#9988 = DIRECTION('',(0.,0.,1.));
#9989 = PLANE('',#9990);
#9990 = AXIS2_PLACEMENT_3D('',#9991,#9992,#9993);
#9991 = CARTESIAN_POINT('',(292.725,305.5,-0.22));
#9992 = DIRECTION('',(0.,-1.,0.));
#9993 = DIRECTION('',(-1.,0.,0.));
#9994 = ADVANCED_FACE('',(#9995),#10006,.F.);
#9995 = FACE_BOUND('',#9996,.F.);
#9996 = EDGE_LOOP('',(#9997,#10003,#10004,#10005));
#9997 = ORIENTED_EDGE('',*,*,#9998,.F.);
#9998 = EDGE_CURVE('',#9975,#9544,#9999,.T.);
#9999 = LINE('',#10000,#10001);
#10000 = CARTESIAN_POINT('',(292.275,305.5,-0.22));
#10001 = VECTOR('',#10002,1.);
#10002 = DIRECTION('',(0.,1.,0.));
#10003 = ORIENTED_EDGE('',*,*,#9984,.T.);
#10004 = ORIENTED_EDGE('',*,*,#9428,.T.);
#10005 = ORIENTED_EDGE('',*,*,#9543,.F.);
#10006 = PLANE('',#10007);
#10007 = AXIS2_PLACEMENT_3D('',#10008,#10009,#10010);
#10008 = CARTESIAN_POINT('',(292.275,305.5,-0.22));
#10009 = DIRECTION('',(-1.,0.,0.));
#10010 = DIRECTION('',(0.,1.,0.));
#10011 = ADVANCED_FACE('',(#10012),#10030,.F.);
#10012 = FACE_BOUND('',#10013,.F.);
#10013 = EDGE_LOOP('',(#10014,#10022,#10028,#10029));
#10014 = ORIENTED_EDGE('',*,*,#10015,.F.);
#10015 = EDGE_CURVE('',#10016,#9579,#10018,.T.);
#10016 = VERTEX_POINT('',#10017);
#10017 = CARTESIAN_POINT('',(305.5,292.725,-0.22));
#10018 = LINE('',#10019,#10020);
#10019 = CARTESIAN_POINT('',(305.5,292.725,-0.22));
#10020 = VECTOR('',#10021,1.);
#10021 = DIRECTION('',(1.,0.,0.));
#10022 = ORIENTED_EDGE('',*,*,#10023,.T.);
#10023 = EDGE_CURVE('',#10016,#9278,#10024,.T.);
#10024 = LINE('',#10025,#10026);
#10025 = CARTESIAN_POINT('',(305.5,292.725,-0.22));
#10026 = VECTOR('',#10027,1.);
#10027 = DIRECTION('',(0.,0.,1.));
#10028 = ORIENTED_EDGE('',*,*,#9277,.T.);
#10029 = ORIENTED_EDGE('',*,*,#9578,.F.);
#10030 = PLANE('',#10031);
#10031 = AXIS2_PLACEMENT_3D('',#10032,#10033,#10034);
#10032 = CARTESIAN_POINT('',(305.5,292.725,-0.22));
#10033 = DIRECTION('',(0.,1.,0.));
#10034 = DIRECTION('',(1.,0.,0.));
#10035 = ADVANCED_FACE('',(#10036),#10054,.F.);
#10036 = FACE_BOUND('',#10037,.F.);
#10037 = EDGE_LOOP('',(#10038,#10046,#10052,#10053));
#10038 = ORIENTED_EDGE('',*,*,#10039,.F.);
#10039 = EDGE_CURVE('',#10040,#10016,#10042,.T.);
#10040 = VERTEX_POINT('',#10041);
#10041 = CARTESIAN_POINT('',(305.5,292.275,-0.22));
#10042 = LINE('',#10043,#10044);
#10043 = CARTESIAN_POINT('',(305.5,292.275,-0.22));
#10044 = VECTOR('',#10045,1.);
#10045 = DIRECTION('',(0.,1.,0.));
#10046 = ORIENTED_EDGE('',*,*,#10047,.T.);
#10047 = EDGE_CURVE('',#10040,#9286,#10048,.T.);
#10048 = LINE('',#10049,#10050);
#10049 = CARTESIAN_POINT('',(305.5,292.275,-0.22));
#10050 = VECTOR('',#10051,1.);
#10051 = DIRECTION('',(0.,0.,1.));
#10052 = ORIENTED_EDGE('',*,*,#9285,.T.);
#10053 = ORIENTED_EDGE('',*,*,#10023,.F.);
#10054 = PLANE('',#10055);
#10055 = AXIS2_PLACEMENT_3D('',#10056,#10057,#10058);
#10056 = CARTESIAN_POINT('',(305.5,292.275,-0.22));
#10057 = DIRECTION('',(-1.,0.,0.));
#10058 = DIRECTION('',(0.,1.,0.));
#10059 = ADVANCED_FACE('',(#10060),#10071,.F.);
#10060 = FACE_BOUND('',#10061,.F.);
#10061 = EDGE_LOOP('',(#10062,#10068,#10069,#10070));
#10062 = ORIENTED_EDGE('',*,*,#10063,.F.);
#10063 = EDGE_CURVE('',#9587,#10040,#10064,.T.);
#10064 = LINE('',#10065,#10066);
#10065 = CARTESIAN_POINT('',(328.5,292.275,-0.22));
#10066 = VECTOR('',#10067,1.);
#10067 = DIRECTION('',(-1.,0.,0.));
#10068 = ORIENTED_EDGE('',*,*,#9594,.T.);
#10069 = ORIENTED_EDGE('',*,*,#9293,.T.);
#10070 = ORIENTED_EDGE('',*,*,#10047,.F.);
#10071 = PLANE('',#10072);
#10072 = AXIS2_PLACEMENT_3D('',#10073,#10074,#10075);
#10073 = CARTESIAN_POINT('',(328.5,292.275,-0.22));
#10074 = DIRECTION('',(0.,-1.,0.));
#10075 = DIRECTION('',(-1.,0.,0.));
#10076 = ADVANCED_FACE('',(#10077),#10083,.F.);
#10077 = FACE_BOUND('',#10078,.F.);
#10078 = EDGE_LOOP('',(#10079,#10080,#10081,#10082));
#10079 = ORIENTED_EDGE('',*,*,#9950,.T.);
#10080 = ORIENTED_EDGE('',*,*,#9974,.T.);
#10081 = ORIENTED_EDGE('',*,*,#9998,.T.);
#10082 = ORIENTED_EDGE('',*,*,#9551,.T.);
#10083 = PLANE('',#10084);
#10084 = AXIS2_PLACEMENT_3D('',#10085,#10086,#10087);
#10085 = CARTESIAN_POINT('',(292.5,317.,-0.22));
#10086 = DIRECTION('',(0.,0.,-1.));
#10087 = DIRECTION('',(1.,0.,0.));
#10088 = ADVANCED_FACE('',(#10089),#10095,.F.);
#10089 = FACE_BOUND('',#10090,.F.);
#10090 = EDGE_LOOP('',(#10091,#10092,#10093,#10094));
#10091 = ORIENTED_EDGE('',*,*,#10063,.T.);
#10092 = ORIENTED_EDGE('',*,*,#10039,.T.);
#10093 = ORIENTED_EDGE('',*,*,#10015,.T.);
#10094 = ORIENTED_EDGE('',*,*,#9586,.T.);
#10095 = PLANE('',#10096);
#10096 = AXIS2_PLACEMENT_3D('',#10097,#10098,#10099);
#10097 = CARTESIAN_POINT('',(317.,292.5,-0.22));
#10098 = DIRECTION('',(0.,0.,-1.));
#10099 = DIRECTION('',(1.,0.,0.));
#10100 = MANIFOLD_SOLID_BREP('',#10101);
#10101 = CLOSED_SHELL('',(#10102,#10142,#10175,#10208,#10421,#10698,
    #10738,#10778,#10795,#10812,#10829,#10846,#10863,#10880,#10897,
    #10914,#10931,#10948,#10965,#10982,#10994,#11011,#11028,#11045,
    #11062,#11079,#11096,#11113,#11137,#11161,#11178,#11202,#11226,
    #11243,#11255));
#10102 = ADVANCED_FACE('',(#10103),#10137,.T.);
#10103 = FACE_BOUND('',#10104,.T.);
#10104 = EDGE_LOOP('',(#10105,#10115,#10123,#10131));
#10105 = ORIENTED_EDGE('',*,*,#10106,.T.);
#10106 = EDGE_CURVE('',#10107,#10109,#10111,.T.);
#10107 = VERTEX_POINT('',#10108);
#10108 = CARTESIAN_POINT('',(-327.9142135623,326.08578643762,-2.5));
#10109 = VERTEX_POINT('',#10110);
#10110 = CARTESIAN_POINT('',(-327.9142135623,326.08578643762,0.));
#10111 = LINE('',#10112,#10113);
#10112 = CARTESIAN_POINT('',(-327.9142135623,326.08578643762,-2.5));
#10113 = VECTOR('',#10114,1.);
#10114 = DIRECTION('',(0.,0.,1.));
#10115 = ORIENTED_EDGE('',*,*,#10116,.T.);
#10116 = EDGE_CURVE('',#10109,#10117,#10119,.T.);
#10117 = VERTEX_POINT('',#10118);
#10118 = CARTESIAN_POINT('',(-326.0857864376,327.91421356237,0.));
#10119 = LINE('',#10120,#10121);
#10120 = CARTESIAN_POINT('',(-327.9142135623,326.08578643762,0.));
#10121 = VECTOR('',#10122,1.);
#10122 = DIRECTION('',(0.707106781187,0.707106781187,0.));
#10123 = ORIENTED_EDGE('',*,*,#10124,.F.);
#10124 = EDGE_CURVE('',#10125,#10117,#10127,.T.);
#10125 = VERTEX_POINT('',#10126);
#10126 = CARTESIAN_POINT('',(-326.0857864376,327.91421356237,-2.5));
#10127 = LINE('',#10128,#10129);
#10128 = CARTESIAN_POINT('',(-326.0857864376,327.91421356237,-2.5));
#10129 = VECTOR('',#10130,1.);
#10130 = DIRECTION('',(0.,0.,1.));
#10131 = ORIENTED_EDGE('',*,*,#10132,.F.);
#10132 = EDGE_CURVE('',#10107,#10125,#10133,.T.);
#10133 = LINE('',#10134,#10135);
#10134 = CARTESIAN_POINT('',(-327.9142135623,326.08578643762,-2.5));
#10135 = VECTOR('',#10136,1.);
#10136 = DIRECTION('',(0.707106781187,0.707106781187,0.));
#10137 = PLANE('',#10138);
#10138 = AXIS2_PLACEMENT_3D('',#10139,#10140,#10141);
#10139 = CARTESIAN_POINT('',(-327.9142135623,326.08578643762,-2.5));
#10140 = DIRECTION('',(-0.707106781187,0.707106781187,0.));
#10141 = DIRECTION('',(0.707106781187,0.707106781187,0.));
#10142 = ADVANCED_FACE('',(#10143),#10170,.T.);
#10143 = FACE_BOUND('',#10144,.T.);
#10144 = EDGE_LOOP('',(#10145,#10155,#10162,#10163));
#10145 = ORIENTED_EDGE('',*,*,#10146,.T.);
#10146 = EDGE_CURVE('',#10147,#10149,#10151,.T.);
#10147 = VERTEX_POINT('',#10148);
#10148 = CARTESIAN_POINT('',(-328.5,324.67157287525,-2.5));
#10149 = VERTEX_POINT('',#10150);
#10150 = CARTESIAN_POINT('',(-328.5,324.67157287525,0.));
#10151 = LINE('',#10152,#10153);
#10152 = CARTESIAN_POINT('',(-328.5,324.67157287525,-2.5));
#10153 = VECTOR('',#10154,1.);
#10154 = DIRECTION('',(0.,0.,1.));
#10155 = ORIENTED_EDGE('',*,*,#10156,.T.);
#10156 = EDGE_CURVE('',#10149,#10109,#10157,.T.);
#10157 = CIRCLE('',#10158,2.);
#10158 = AXIS2_PLACEMENT_3D('',#10159,#10160,#10161);
#10159 = CARTESIAN_POINT('',(-326.5,324.67157287525,0.));
#10160 = DIRECTION('',(-0.,0.,-1.));
#10161 = DIRECTION('',(-1.,-2.22044604925E-16,0.));
#10162 = ORIENTED_EDGE('',*,*,#10106,.F.);
#10163 = ORIENTED_EDGE('',*,*,#10164,.F.);
#10164 = EDGE_CURVE('',#10147,#10107,#10165,.T.);
#10165 = CIRCLE('',#10166,2.);
#10166 = AXIS2_PLACEMENT_3D('',#10167,#10168,#10169);
#10167 = CARTESIAN_POINT('',(-326.5,324.67157287525,-2.5));
#10168 = DIRECTION('',(-0.,0.,-1.));
#10169 = DIRECTION('',(-1.,-2.22044604925E-16,0.));
#10170 = CYLINDRICAL_SURFACE('',#10171,2.);
#10171 = AXIS2_PLACEMENT_3D('',#10172,#10173,#10174);
#10172 = CARTESIAN_POINT('',(-326.5,324.67157287525,-2.5));
#10173 = DIRECTION('',(0.,0.,-1.));
#10174 = DIRECTION('',(-1.,-2.22044604925E-16,0.));
#10175 = ADVANCED_FACE('',(#10176),#10203,.T.);
#10176 = FACE_BOUND('',#10177,.T.);
#10177 = EDGE_LOOP('',(#10178,#10179,#10188,#10196));
#10178 = ORIENTED_EDGE('',*,*,#10124,.T.);
#10179 = ORIENTED_EDGE('',*,*,#10180,.T.);
#10180 = EDGE_CURVE('',#10117,#10181,#10183,.T.);
#10181 = VERTEX_POINT('',#10182);
#10182 = CARTESIAN_POINT('',(-324.6715728752,328.5,0.));
#10183 = CIRCLE('',#10184,2.);
#10184 = AXIS2_PLACEMENT_3D('',#10185,#10186,#10187);
#10185 = CARTESIAN_POINT('',(-324.6715728752,326.5,0.));
#10186 = DIRECTION('',(0.,0.,-1.));
#10187 = DIRECTION('',(-0.707106781187,0.707106781187,0.));
#10188 = ORIENTED_EDGE('',*,*,#10189,.F.);
#10189 = EDGE_CURVE('',#10190,#10181,#10192,.T.);
#10190 = VERTEX_POINT('',#10191);
#10191 = CARTESIAN_POINT('',(-324.6715728752,328.5,-2.5));
#10192 = LINE('',#10193,#10194);
#10193 = CARTESIAN_POINT('',(-324.6715728752,328.5,-2.5));
#10194 = VECTOR('',#10195,1.);
#10195 = DIRECTION('',(0.,0.,1.));
#10196 = ORIENTED_EDGE('',*,*,#10197,.F.);
#10197 = EDGE_CURVE('',#10125,#10190,#10198,.T.);
#10198 = CIRCLE('',#10199,2.);
#10199 = AXIS2_PLACEMENT_3D('',#10200,#10201,#10202);
#10200 = CARTESIAN_POINT('',(-324.6715728752,326.5,-2.5));
#10201 = DIRECTION('',(0.,0.,-1.));
#10202 = DIRECTION('',(-0.707106781187,0.707106781187,0.));
#10203 = CYLINDRICAL_SURFACE('',#10204,2.);
#10204 = AXIS2_PLACEMENT_3D('',#10205,#10206,#10207);
#10205 = CARTESIAN_POINT('',(-324.6715728752,326.5,-2.5));
#10206 = DIRECTION('',(0.,0.,-1.));
#10207 = DIRECTION('',(-0.707106781187,0.707106781187,0.));
#10208 = ADVANCED_FACE('',(#10209,#10339,#10350,#10361,#10372,#10383,
    #10394,#10405),#10416,.T.);
#10209 = FACE_BOUND('',#10210,.T.);
#10210 = EDGE_LOOP('',(#10211,#10212,#10213,#10221,#10230,#10238,#10247,
    #10255,#10264,#10272,#10281,#10289,#10298,#10306,#10315,#10323,
    #10332,#10338));
#10211 = ORIENTED_EDGE('',*,*,#10132,.T.);
#10212 = ORIENTED_EDGE('',*,*,#10197,.T.);
#10213 = ORIENTED_EDGE('',*,*,#10214,.T.);
#10214 = EDGE_CURVE('',#10190,#10215,#10217,.T.);
#10215 = VERTEX_POINT('',#10216);
#10216 = CARTESIAN_POINT('',(-245.6344348856,328.5,-2.5));
#10217 = LINE('',#10218,#10219);
#10218 = CARTESIAN_POINT('',(-324.6715728752,328.5,-2.5));
#10219 = VECTOR('',#10220,1.);
#10220 = DIRECTION('',(1.,2.22044604925E-16,0.));
#10221 = ORIENTED_EDGE('',*,*,#10222,.T.);
#10222 = EDGE_CURVE('',#10215,#10223,#10225,.T.);
#10223 = VERTEX_POINT('',#10224);
#10224 = CARTESIAN_POINT('',(-244.7424819101,328.10275767794,-2.5));
#10225 = CIRCLE('',#10226,1.2);
#10226 = AXIS2_PLACEMENT_3D('',#10227,#10228,#10229);
#10227 = CARTESIAN_POINT('',(-245.6344348856,327.3,-2.5));
#10228 = DIRECTION('',(0.,0.,-1.));
#10229 = DIRECTION('',(-2.22044604925E-16,1.,0.));
#10230 = ORIENTED_EDGE('',*,*,#10231,.T.);
#10231 = EDGE_CURVE('',#10223,#10232,#10234,.T.);
#10232 = VERTEX_POINT('',#10233);
#10233 = CARTESIAN_POINT('',(-223.8337176098,304.87079734431,-2.5));
#10234 = LINE('',#10235,#10236);
#10235 = CARTESIAN_POINT('',(-244.7424819101,328.10275767794,-2.5));
#10236 = VECTOR('',#10237,1.);
#10237 = DIRECTION('',(0.668964731622,-0.743294146247,0.));
#10238 = ORIENTED_EDGE('',*,*,#10239,.T.);
#10239 = EDGE_CURVE('',#10232,#10240,#10242,.T.);
#10240 = VERTEX_POINT('',#10241);
#10241 = CARTESIAN_POINT('',(-223.5,304.0011431932,-2.5));
#10242 = CIRCLE('',#10243,1.3);
#10243 = AXIS2_PLACEMENT_3D('',#10244,#10245,#10246);
#10244 = CARTESIAN_POINT('',(-224.8,304.0011431932,-2.5));
#10245 = DIRECTION('',(0.,0.,-1.));
#10246 = DIRECTION('',(0.743294146247,0.668964731622,0.));
#10247 = ORIENTED_EDGE('',*,*,#10248,.T.);
#10248 = EDGE_CURVE('',#10240,#10249,#10251,.T.);
#10249 = VERTEX_POINT('',#10250);
#10250 = CARTESIAN_POINT('',(-223.5,302.82,-2.5));
#10251 = LINE('',#10252,#10253);
#10252 = CARTESIAN_POINT('',(-223.5,304.0011431932,-2.5));
#10253 = VECTOR('',#10254,1.);
#10254 = DIRECTION('',(2.22044604925E-16,-1.,0.));
#10255 = ORIENTED_EDGE('',*,*,#10256,.T.);
#10256 = EDGE_CURVE('',#10249,#10257,#10259,.T.);
#10257 = VERTEX_POINT('',#10258);
#10258 = CARTESIAN_POINT('',(-224.82,301.5,-2.5));
#10259 = CIRCLE('',#10260,1.32);
#10260 = AXIS2_PLACEMENT_3D('',#10261,#10262,#10263);
#10261 = CARTESIAN_POINT('',(-224.82,302.82,-2.5));
#10262 = DIRECTION('',(0.,0.,-1.));
#10263 = DIRECTION('',(1.,8.296393874926E-15,0.));
#10264 = ORIENTED_EDGE('',*,*,#10265,.T.);
#10265 = EDGE_CURVE('',#10257,#10266,#10268,.T.);
#10266 = VERTEX_POINT('',#10267);
#10267 = CARTESIAN_POINT('',(-299.5,301.5,-2.5));
#10268 = LINE('',#10269,#10270);
#10269 = CARTESIAN_POINT('',(-224.82,301.5,-2.5));
#10270 = VECTOR('',#10271,1.);
#10271 = DIRECTION('',(-1.,-2.22044604925E-16,0.));
#10272 = ORIENTED_EDGE('',*,*,#10273,.T.);
#10273 = EDGE_CURVE('',#10266,#10274,#10276,.T.);
#10274 = VERTEX_POINT('',#10275);
#10275 = CARTESIAN_POINT('',(-301.5,299.5,-2.5));
#10276 = CIRCLE('',#10277,2.);
#10277 = AXIS2_PLACEMENT_3D('',#10278,#10279,#10280);
#10278 = CARTESIAN_POINT('',(-299.5,299.5,-2.5));
#10279 = DIRECTION('',(0.,0.,1.));
#10280 = DIRECTION('',(-2.22044604925E-16,1.,0.));
#10281 = ORIENTED_EDGE('',*,*,#10282,.T.);
#10282 = EDGE_CURVE('',#10274,#10283,#10285,.T.);
#10283 = VERTEX_POINT('',#10284);
#10284 = CARTESIAN_POINT('',(-301.5,224.82,-2.5));
#10285 = LINE('',#10286,#10287);
#10286 = CARTESIAN_POINT('',(-301.5,299.5,-2.5));
#10287 = VECTOR('',#10288,1.);
#10288 = DIRECTION('',(2.22044604925E-16,-1.,0.));
#10289 = ORIENTED_EDGE('',*,*,#10290,.T.);
#10290 = EDGE_CURVE('',#10283,#10291,#10293,.T.);
#10291 = VERTEX_POINT('',#10292);
#10292 = CARTESIAN_POINT('',(-302.82,223.5,-2.5));
#10293 = CIRCLE('',#10294,1.32);
#10294 = AXIS2_PLACEMENT_3D('',#10295,#10296,#10297);
#10295 = CARTESIAN_POINT('',(-302.82,224.82,-2.5));
#10296 = DIRECTION('',(0.,0.,-1.));
#10297 = DIRECTION('',(1.,2.22044604925E-16,0.));
#10298 = ORIENTED_EDGE('',*,*,#10299,.T.);
#10299 = EDGE_CURVE('',#10291,#10300,#10302,.T.);
#10300 = VERTEX_POINT('',#10301);
#10301 = CARTESIAN_POINT('',(-304.0395167937,223.5,-2.5));
#10302 = LINE('',#10303,#10304);
#10303 = CARTESIAN_POINT('',(-302.82,223.5,-2.5));
#10304 = VECTOR('',#10305,1.);
#10305 = DIRECTION('',(-1.,-2.22044604925E-16,0.));
#10306 = ORIENTED_EDGE('',*,*,#10307,.T.);
#10307 = EDGE_CURVE('',#10300,#10308,#10310,.T.);
#10308 = VERTEX_POINT('',#10309);
#10309 = CARTESIAN_POINT('',(-304.8422744716,223.8080470245,-2.5));
#10310 = CIRCLE('',#10311,1.2);
#10311 = AXIS2_PLACEMENT_3D('',#10312,#10313,#10314);
#10312 = CARTESIAN_POINT('',(-304.0395167937,224.7,-2.5));
#10313 = DIRECTION('',(0.,-0.,-1.));
#10314 = DIRECTION('',(2.39068024636E-14,-1.,0.));
#10315 = ORIENTED_EDGE('',*,*,#10316,.T.);
#10316 = EDGE_CURVE('',#10308,#10317,#10319,.T.);
#10317 = VERTEX_POINT('',#10318);
#10318 = CARTESIAN_POINT('',(-328.1027576779,244.74248191015,-2.5));
#10319 = LINE('',#10320,#10321);
#10320 = CARTESIAN_POINT('',(-304.8422744716,223.8080470245,-2.5));
#10321 = VECTOR('',#10322,1.);
#10322 = DIRECTION('',(-0.743294146247,0.668964731622,0.));
#10323 = ORIENTED_EDGE('',*,*,#10324,.T.);
#10324 = EDGE_CURVE('',#10317,#10325,#10327,.T.);
#10325 = VERTEX_POINT('',#10326);
#10326 = CARTESIAN_POINT('',(-328.5,245.63443488564,-2.5));
#10327 = CIRCLE('',#10328,1.2);
#10328 = AXIS2_PLACEMENT_3D('',#10329,#10330,#10331);
#10329 = CARTESIAN_POINT('',(-327.3,245.63443488564,-2.5));
#10330 = DIRECTION('',(-0.,0.,-1.));
#10331 = DIRECTION('',(-0.668964731622,-0.743294146247,0.));
#10332 = ORIENTED_EDGE('',*,*,#10333,.T.);
#10333 = EDGE_CURVE('',#10325,#10147,#10334,.T.);
#10334 = LINE('',#10335,#10336);
#10335 = CARTESIAN_POINT('',(-328.5,245.63443488564,-2.5));
#10336 = VECTOR('',#10337,1.);
#10337 = DIRECTION('',(-2.22044604925E-16,1.,0.));
#10338 = ORIENTED_EDGE('',*,*,#10164,.T.);
#10339 = FACE_BOUND('',#10340,.T.);
#10340 = EDGE_LOOP('',(#10341));
#10341 = ORIENTED_EDGE('',*,*,#10342,.T.);
#10342 = EDGE_CURVE('',#10343,#10343,#10345,.T.);
#10343 = VERTEX_POINT('',#10344);
#10344 = CARTESIAN_POINT('',(-318.5,239.5,-2.5));
#10345 = CIRCLE('',#10346,3.);
#10346 = AXIS2_PLACEMENT_3D('',#10347,#10348,#10349);
#10347 = CARTESIAN_POINT('',(-318.5,242.5,-2.5));
#10348 = DIRECTION('',(-0.,0.,1.));
#10349 = DIRECTION('',(2.22044604925E-16,-1.,0.));
#10350 = FACE_BOUND('',#10351,.T.);
#10351 = EDGE_LOOP('',(#10352));
#10352 = ORIENTED_EDGE('',*,*,#10353,.T.);
#10353 = EDGE_CURVE('',#10354,#10354,#10356,.T.);
#10354 = VERTEX_POINT('',#10355);
#10355 = CARTESIAN_POINT('',(-318.5,276.5,-2.5));
#10356 = CIRCLE('',#10357,3.);
#10357 = AXIS2_PLACEMENT_3D('',#10358,#10359,#10360);
#10358 = CARTESIAN_POINT('',(-318.5,279.5,-2.5));
#10359 = DIRECTION('',(-0.,0.,1.));
#10360 = DIRECTION('',(2.22044604925E-16,-1.,0.));
#10361 = FACE_BOUND('',#10362,.T.);
#10362 = EDGE_LOOP('',(#10363));
#10363 = ORIENTED_EDGE('',*,*,#10364,.T.);
#10364 = EDGE_CURVE('',#10365,#10365,#10367,.T.);
#10365 = VERTEX_POINT('',#10366);
#10366 = CARTESIAN_POINT('',(-318.5,295.5,-2.5));
#10367 = CIRCLE('',#10368,3.);
#10368 = AXIS2_PLACEMENT_3D('',#10369,#10370,#10371);
#10369 = CARTESIAN_POINT('',(-318.5,298.5,-2.5));
#10370 = DIRECTION('',(-0.,0.,1.));
#10371 = DIRECTION('',(2.22044604925E-16,-1.,0.));
#10372 = FACE_BOUND('',#10373,.T.);
#10373 = EDGE_LOOP('',(#10374));
#10374 = ORIENTED_EDGE('',*,*,#10375,.T.);
#10375 = EDGE_CURVE('',#10376,#10376,#10378,.T.);
#10376 = VERTEX_POINT('',#10377);
#10377 = CARTESIAN_POINT('',(-315.5,310.,-2.5));
#10378 = CIRCLE('',#10379,5.5);
#10379 = AXIS2_PLACEMENT_3D('',#10380,#10381,#10382);
#10380 = CARTESIAN_POINT('',(-315.5,315.5,-2.5));
#10381 = DIRECTION('',(-0.,0.,1.));
#10382 = DIRECTION('',(2.22044604925E-16,-1.,0.));
#10383 = FACE_BOUND('',#10384,.T.);
#10384 = EDGE_LOOP('',(#10385));
#10385 = ORIENTED_EDGE('',*,*,#10386,.T.);
#10386 = EDGE_CURVE('',#10387,#10387,#10389,.T.);
#10387 = VERTEX_POINT('',#10388);
#10388 = CARTESIAN_POINT('',(-298.5,315.5,-2.5));
#10389 = CIRCLE('',#10390,3.);
#10390 = AXIS2_PLACEMENT_3D('',#10391,#10392,#10393);
#10391 = CARTESIAN_POINT('',(-298.5,318.5,-2.5));
#10392 = DIRECTION('',(-0.,0.,1.));
#10393 = DIRECTION('',(2.22044604925E-16,-1.,0.));
#10394 = FACE_BOUND('',#10395,.T.);
#10395 = EDGE_LOOP('',(#10396));
#10396 = ORIENTED_EDGE('',*,*,#10397,.T.);
#10397 = EDGE_CURVE('',#10398,#10398,#10400,.T.);
#10398 = VERTEX_POINT('',#10399);
#10399 = CARTESIAN_POINT('',(-279.5,315.5,-2.5));
#10400 = CIRCLE('',#10401,3.);
#10401 = AXIS2_PLACEMENT_3D('',#10402,#10403,#10404);
#10402 = CARTESIAN_POINT('',(-279.5,318.5,-2.5));
#10403 = DIRECTION('',(-0.,0.,1.));
#10404 = DIRECTION('',(2.22044604925E-16,-1.,0.));
#10405 = FACE_BOUND('',#10406,.T.);
#10406 = EDGE_LOOP('',(#10407));
#10407 = ORIENTED_EDGE('',*,*,#10408,.T.);
#10408 = EDGE_CURVE('',#10409,#10409,#10411,.T.);
#10409 = VERTEX_POINT('',#10410);
#10410 = CARTESIAN_POINT('',(-242.5,315.5,-2.5));
#10411 = CIRCLE('',#10412,3.);
#10412 = AXIS2_PLACEMENT_3D('',#10413,#10414,#10415);
#10413 = CARTESIAN_POINT('',(-242.5,318.5,-2.5));
#10414 = DIRECTION('',(-0.,0.,1.));
#10415 = DIRECTION('',(2.22044604925E-16,-1.,0.));
#10416 = PLANE('',#10417);
#10417 = AXIS2_PLACEMENT_3D('',#10418,#10419,#10420);
#10418 = CARTESIAN_POINT('',(-291.3913282698,291.39055319919,-2.5));
#10419 = DIRECTION('',(-0.,0.,-1.));
#10420 = DIRECTION('',(-2.22044604925E-16,1.,0.));
#10421 = ADVANCED_FACE('',(#10422,#10616,#10627,#10638,#10649,#10660,
    #10671,#10682),#10693,.F.);
#10422 = FACE_BOUND('',#10423,.F.);
#10423 = EDGE_LOOP('',(#10424,#10432,#10433,#10434,#10435,#10443,#10451,
    #10459,#10467,#10475,#10484,#10492,#10501,#10509,#10518,#10526,
    #10535,#10543,#10552,#10560,#10569,#10577,#10586,#10594,#10602,
    #10610));
#10424 = ORIENTED_EDGE('',*,*,#10425,.T.);
#10425 = EDGE_CURVE('',#10426,#10149,#10428,.T.);
#10426 = VERTEX_POINT('',#10427);
#10427 = CARTESIAN_POINT('',(-328.5,292.725,0.));
#10428 = LINE('',#10429,#10430);
#10429 = CARTESIAN_POINT('',(-328.5,245.63443488564,0.));
#10430 = VECTOR('',#10431,1.);
#10431 = DIRECTION('',(-2.22044604925E-16,1.,0.));
#10432 = ORIENTED_EDGE('',*,*,#10156,.T.);
#10433 = ORIENTED_EDGE('',*,*,#10116,.T.);
#10434 = ORIENTED_EDGE('',*,*,#10180,.T.);
#10435 = ORIENTED_EDGE('',*,*,#10436,.T.);
#10436 = EDGE_CURVE('',#10181,#10437,#10439,.T.);
#10437 = VERTEX_POINT('',#10438);
#10438 = CARTESIAN_POINT('',(-292.725,328.5,0.));
#10439 = LINE('',#10440,#10441);
#10440 = CARTESIAN_POINT('',(-324.6715728752,328.5,0.));
#10441 = VECTOR('',#10442,1.);
#10442 = DIRECTION('',(1.,2.22044604925E-16,0.));
#10443 = ORIENTED_EDGE('',*,*,#10444,.F.);
#10444 = EDGE_CURVE('',#10445,#10437,#10447,.T.);
#10445 = VERTEX_POINT('',#10446);
#10446 = CARTESIAN_POINT('',(-292.725,305.5,0.));
#10447 = LINE('',#10448,#10449);
#10448 = CARTESIAN_POINT('',(-292.725,298.44527659959,0.));
#10449 = VECTOR('',#10450,1.);
#10450 = DIRECTION('',(-2.22044604925E-16,1.,0.));
#10451 = ORIENTED_EDGE('',*,*,#10452,.F.);
#10452 = EDGE_CURVE('',#10453,#10445,#10455,.T.);
#10453 = VERTEX_POINT('',#10454);
#10454 = CARTESIAN_POINT('',(-292.275,305.5,0.));
#10455 = LINE('',#10456,#10457);
#10456 = CARTESIAN_POINT('',(-291.8331641349,305.5,0.));
#10457 = VECTOR('',#10458,1.);
#10458 = DIRECTION('',(-1.,-2.22044604925E-16,0.));
#10459 = ORIENTED_EDGE('',*,*,#10460,.F.);
#10460 = EDGE_CURVE('',#10461,#10453,#10463,.T.);
#10461 = VERTEX_POINT('',#10462);
#10462 = CARTESIAN_POINT('',(-292.275,328.5,0.));
#10463 = LINE('',#10464,#10465);
#10464 = CARTESIAN_POINT('',(-292.275,309.94527659959,0.));
#10465 = VECTOR('',#10466,1.);
#10466 = DIRECTION('',(2.22044604925E-16,-1.,0.));
#10467 = ORIENTED_EDGE('',*,*,#10468,.T.);
#10468 = EDGE_CURVE('',#10461,#10469,#10471,.T.);
#10469 = VERTEX_POINT('',#10470);
#10470 = CARTESIAN_POINT('',(-245.6344348856,328.5,0.));
#10471 = LINE('',#10472,#10473);
#10472 = CARTESIAN_POINT('',(-324.6715728752,328.5,0.));
#10473 = VECTOR('',#10474,1.);
#10474 = DIRECTION('',(1.,2.22044604925E-16,0.));
#10475 = ORIENTED_EDGE('',*,*,#10476,.T.);
#10476 = EDGE_CURVE('',#10469,#10477,#10479,.T.);
#10477 = VERTEX_POINT('',#10478);
#10478 = CARTESIAN_POINT('',(-244.7424819101,328.10275767794,0.));
#10479 = CIRCLE('',#10480,1.2);
#10480 = AXIS2_PLACEMENT_3D('',#10481,#10482,#10483);
#10481 = CARTESIAN_POINT('',(-245.6344348856,327.3,0.));
#10482 = DIRECTION('',(0.,0.,-1.));
#10483 = DIRECTION('',(-2.22044604925E-16,1.,0.));
#10484 = ORIENTED_EDGE('',*,*,#10485,.T.);
#10485 = EDGE_CURVE('',#10477,#10486,#10488,.T.);
#10486 = VERTEX_POINT('',#10487);
#10487 = CARTESIAN_POINT('',(-223.8337176098,304.87079734431,0.));
#10488 = LINE('',#10489,#10490);
#10489 = CARTESIAN_POINT('',(-244.7424819101,328.10275767794,0.));
#10490 = VECTOR('',#10491,1.);
#10491 = DIRECTION('',(0.668964731622,-0.743294146247,0.));
#10492 = ORIENTED_EDGE('',*,*,#10493,.T.);
#10493 = EDGE_CURVE('',#10486,#10494,#10496,.T.);
#10494 = VERTEX_POINT('',#10495);
#10495 = CARTESIAN_POINT('',(-223.5,304.0011431932,0.));
#10496 = CIRCLE('',#10497,1.3);
#10497 = AXIS2_PLACEMENT_3D('',#10498,#10499,#10500);
#10498 = CARTESIAN_POINT('',(-224.8,304.0011431932,0.));
#10499 = DIRECTION('',(0.,0.,-1.));
#10500 = DIRECTION('',(0.743294146247,0.668964731622,0.));
#10501 = ORIENTED_EDGE('',*,*,#10502,.T.);
#10502 = EDGE_CURVE('',#10494,#10503,#10505,.T.);
#10503 = VERTEX_POINT('',#10504);
#10504 = CARTESIAN_POINT('',(-223.5,302.82,0.));
#10505 = LINE('',#10506,#10507);
#10506 = CARTESIAN_POINT('',(-223.5,304.0011431932,0.));
#10507 = VECTOR('',#10508,1.);
#10508 = DIRECTION('',(2.22044604925E-16,-1.,0.));
#10509 = ORIENTED_EDGE('',*,*,#10510,.T.);
#10510 = EDGE_CURVE('',#10503,#10511,#10513,.T.);
#10511 = VERTEX_POINT('',#10512);
#10512 = CARTESIAN_POINT('',(-224.82,301.5,0.));
#10513 = CIRCLE('',#10514,1.32);
#10514 = AXIS2_PLACEMENT_3D('',#10515,#10516,#10517);
#10515 = CARTESIAN_POINT('',(-224.82,302.82,0.));
#10516 = DIRECTION('',(0.,0.,-1.));
#10517 = DIRECTION('',(1.,8.296393874926E-15,0.));
#10518 = ORIENTED_EDGE('',*,*,#10519,.T.);
#10519 = EDGE_CURVE('',#10511,#10520,#10522,.T.);
#10520 = VERTEX_POINT('',#10521);
#10521 = CARTESIAN_POINT('',(-299.5,301.5,0.));
#10522 = LINE('',#10523,#10524);
#10523 = CARTESIAN_POINT('',(-224.82,301.5,0.));
#10524 = VECTOR('',#10525,1.);
#10525 = DIRECTION('',(-1.,-2.22044604925E-16,0.));
#10526 = ORIENTED_EDGE('',*,*,#10527,.T.);
#10527 = EDGE_CURVE('',#10520,#10528,#10530,.T.);
#10528 = VERTEX_POINT('',#10529);
#10529 = CARTESIAN_POINT('',(-301.5,299.5,0.));
#10530 = CIRCLE('',#10531,2.);
#10531 = AXIS2_PLACEMENT_3D('',#10532,#10533,#10534);
#10532 = CARTESIAN_POINT('',(-299.5,299.5,0.));
#10533 = DIRECTION('',(0.,0.,1.));
#10534 = DIRECTION('',(-2.22044604925E-16,1.,0.));
#10535 = ORIENTED_EDGE('',*,*,#10536,.T.);
#10536 = EDGE_CURVE('',#10528,#10537,#10539,.T.);
#10537 = VERTEX_POINT('',#10538);
#10538 = CARTESIAN_POINT('',(-301.5,224.82,0.));
#10539 = LINE('',#10540,#10541);
#10540 = CARTESIAN_POINT('',(-301.5,299.5,0.));
#10541 = VECTOR('',#10542,1.);
#10542 = DIRECTION('',(2.22044604925E-16,-1.,0.));
#10543 = ORIENTED_EDGE('',*,*,#10544,.T.);
#10544 = EDGE_CURVE('',#10537,#10545,#10547,.T.);
#10545 = VERTEX_POINT('',#10546);
#10546 = CARTESIAN_POINT('',(-302.82,223.5,0.));
#10547 = CIRCLE('',#10548,1.32);
#10548 = AXIS2_PLACEMENT_3D('',#10549,#10550,#10551);
#10549 = CARTESIAN_POINT('',(-302.82,224.82,0.));
#10550 = DIRECTION('',(0.,0.,-1.));
#10551 = DIRECTION('',(1.,2.22044604925E-16,0.));
#10552 = ORIENTED_EDGE('',*,*,#10553,.T.);
#10553 = EDGE_CURVE('',#10545,#10554,#10556,.T.);
#10554 = VERTEX_POINT('',#10555);
#10555 = CARTESIAN_POINT('',(-304.0395167937,223.5,0.));
#10556 = LINE('',#10557,#10558);
#10557 = CARTESIAN_POINT('',(-302.82,223.5,0.));
#10558 = VECTOR('',#10559,1.);
#10559 = DIRECTION('',(-1.,-2.22044604925E-16,0.));
#10560 = ORIENTED_EDGE('',*,*,#10561,.T.);
#10561 = EDGE_CURVE('',#10554,#10562,#10564,.T.);
#10562 = VERTEX_POINT('',#10563);
#10563 = CARTESIAN_POINT('',(-304.8422744716,223.8080470245,0.));
#10564 = CIRCLE('',#10565,1.2);
#10565 = AXIS2_PLACEMENT_3D('',#10566,#10567,#10568);
#10566 = CARTESIAN_POINT('',(-304.0395167937,224.7,0.));
#10567 = DIRECTION('',(0.,-0.,-1.));
#10568 = DIRECTION('',(2.39068024636E-14,-1.,0.));
#10569 = ORIENTED_EDGE('',*,*,#10570,.T.);
#10570 = EDGE_CURVE('',#10562,#10571,#10573,.T.);
#10571 = VERTEX_POINT('',#10572);
#10572 = CARTESIAN_POINT('',(-328.1027576779,244.74248191015,0.));
#10573 = LINE('',#10574,#10575);
#10574 = CARTESIAN_POINT('',(-304.8422744716,223.8080470245,0.));
#10575 = VECTOR('',#10576,1.);
#10576 = DIRECTION('',(-0.743294146247,0.668964731622,0.));
#10577 = ORIENTED_EDGE('',*,*,#10578,.T.);
#10578 = EDGE_CURVE('',#10571,#10579,#10581,.T.);
#10579 = VERTEX_POINT('',#10580);
#10580 = CARTESIAN_POINT('',(-328.5,245.63443488564,0.));
#10581 = CIRCLE('',#10582,1.2);
#10582 = AXIS2_PLACEMENT_3D('',#10583,#10584,#10585);
#10583 = CARTESIAN_POINT('',(-327.3,245.63443488564,0.));
#10584 = DIRECTION('',(-0.,0.,-1.));
#10585 = DIRECTION('',(-0.668964731622,-0.743294146247,0.));
#10586 = ORIENTED_EDGE('',*,*,#10587,.T.);
#10587 = EDGE_CURVE('',#10579,#10588,#10590,.T.);
#10588 = VERTEX_POINT('',#10589);
#10589 = CARTESIAN_POINT('',(-328.5,292.275,0.));
#10590 = LINE('',#10591,#10592);
#10591 = CARTESIAN_POINT('',(-328.5,245.63443488564,0.));
#10592 = VECTOR('',#10593,1.);
#10593 = DIRECTION('',(-2.22044604925E-16,1.,0.));
#10594 = ORIENTED_EDGE('',*,*,#10595,.F.);
#10595 = EDGE_CURVE('',#10596,#10588,#10598,.T.);
#10596 = VERTEX_POINT('',#10597);
#10597 = CARTESIAN_POINT('',(-305.5,292.275,0.));
#10598 = LINE('',#10599,#10600);
#10599 = CARTESIAN_POINT('',(-298.4456641349,292.275,0.));
#10600 = VECTOR('',#10601,1.);
#10601 = DIRECTION('',(-1.,-2.22044604925E-16,0.));
#10602 = ORIENTED_EDGE('',*,*,#10603,.F.);
#10603 = EDGE_CURVE('',#10604,#10596,#10606,.T.);
#10604 = VERTEX_POINT('',#10605);
#10605 = CARTESIAN_POINT('',(-305.5,292.725,0.));
#10606 = LINE('',#10607,#10608);
#10607 = CARTESIAN_POINT('',(-305.5,292.05777659959,0.));
#10608 = VECTOR('',#10609,1.);
#10609 = DIRECTION('',(2.22044604925E-16,-1.,0.));
#10610 = ORIENTED_EDGE('',*,*,#10611,.F.);
#10611 = EDGE_CURVE('',#10426,#10604,#10612,.T.);
#10612 = LINE('',#10613,#10614);
#10613 = CARTESIAN_POINT('',(-309.9456641349,292.725,0.));
#10614 = VECTOR('',#10615,1.);
#10615 = DIRECTION('',(1.,2.22044604925E-16,0.));
#10616 = FACE_BOUND('',#10617,.F.);
#10617 = EDGE_LOOP('',(#10618));
#10618 = ORIENTED_EDGE('',*,*,#10619,.T.);
#10619 = EDGE_CURVE('',#10620,#10620,#10622,.T.);
#10620 = VERTEX_POINT('',#10621);
#10621 = CARTESIAN_POINT('',(-318.5,239.5,0.));
#10622 = CIRCLE('',#10623,3.);
#10623 = AXIS2_PLACEMENT_3D('',#10624,#10625,#10626);
#10624 = CARTESIAN_POINT('',(-318.5,242.5,0.));
#10625 = DIRECTION('',(-0.,0.,1.));
#10626 = DIRECTION('',(2.22044604925E-16,-1.,0.));
#10627 = FACE_BOUND('',#10628,.F.);
#10628 = EDGE_LOOP('',(#10629));
#10629 = ORIENTED_EDGE('',*,*,#10630,.T.);
#10630 = EDGE_CURVE('',#10631,#10631,#10633,.T.);
#10631 = VERTEX_POINT('',#10632);
#10632 = CARTESIAN_POINT('',(-318.5,276.5,0.));
#10633 = CIRCLE('',#10634,3.);
#10634 = AXIS2_PLACEMENT_3D('',#10635,#10636,#10637);
#10635 = CARTESIAN_POINT('',(-318.5,279.5,0.));
#10636 = DIRECTION('',(-0.,0.,1.));
#10637 = DIRECTION('',(2.22044604925E-16,-1.,0.));
#10638 = FACE_BOUND('',#10639,.F.);
#10639 = EDGE_LOOP('',(#10640));
#10640 = ORIENTED_EDGE('',*,*,#10641,.T.);
#10641 = EDGE_CURVE('',#10642,#10642,#10644,.T.);
#10642 = VERTEX_POINT('',#10643);
#10643 = CARTESIAN_POINT('',(-318.5,295.5,0.));
#10644 = CIRCLE('',#10645,3.);
#10645 = AXIS2_PLACEMENT_3D('',#10646,#10647,#10648);
#10646 = CARTESIAN_POINT('',(-318.5,298.5,0.));
#10647 = DIRECTION('',(-0.,0.,1.));
#10648 = DIRECTION('',(2.22044604925E-16,-1.,0.));
#10649 = FACE_BOUND('',#10650,.F.);
#10650 = EDGE_LOOP('',(#10651));
#10651 = ORIENTED_EDGE('',*,*,#10652,.T.);
#10652 = EDGE_CURVE('',#10653,#10653,#10655,.T.);
#10653 = VERTEX_POINT('',#10654);
#10654 = CARTESIAN_POINT('',(-315.5,310.,0.));
#10655 = CIRCLE('',#10656,5.5);
#10656 = AXIS2_PLACEMENT_3D('',#10657,#10658,#10659);
#10657 = CARTESIAN_POINT('',(-315.5,315.5,0.));
#10658 = DIRECTION('',(-0.,0.,1.));
#10659 = DIRECTION('',(2.22044604925E-16,-1.,0.));
#10660 = FACE_BOUND('',#10661,.F.);
#10661 = EDGE_LOOP('',(#10662));
#10662 = ORIENTED_EDGE('',*,*,#10663,.T.);
#10663 = EDGE_CURVE('',#10664,#10664,#10666,.T.);
#10664 = VERTEX_POINT('',#10665);
#10665 = CARTESIAN_POINT('',(-298.5,315.5,0.));
#10666 = CIRCLE('',#10667,3.);
#10667 = AXIS2_PLACEMENT_3D('',#10668,#10669,#10670);
#10668 = CARTESIAN_POINT('',(-298.5,318.5,0.));
#10669 = DIRECTION('',(-0.,0.,1.));
#10670 = DIRECTION('',(2.22044604925E-16,-1.,0.));
#10671 = FACE_BOUND('',#10672,.F.);
#10672 = EDGE_LOOP('',(#10673));
#10673 = ORIENTED_EDGE('',*,*,#10674,.T.);
#10674 = EDGE_CURVE('',#10675,#10675,#10677,.T.);
#10675 = VERTEX_POINT('',#10676);
#10676 = CARTESIAN_POINT('',(-279.5,315.5,0.));
#10677 = CIRCLE('',#10678,3.);
#10678 = AXIS2_PLACEMENT_3D('',#10679,#10680,#10681);
#10679 = CARTESIAN_POINT('',(-279.5,318.5,0.));
#10680 = DIRECTION('',(-0.,0.,1.));
#10681 = DIRECTION('',(2.22044604925E-16,-1.,0.));
#10682 = FACE_BOUND('',#10683,.F.);
#10683 = EDGE_LOOP('',(#10684));
#10684 = ORIENTED_EDGE('',*,*,#10685,.T.);
#10685 = EDGE_CURVE('',#10686,#10686,#10688,.T.);
#10686 = VERTEX_POINT('',#10687);
#10687 = CARTESIAN_POINT('',(-242.5,315.5,0.));
#10688 = CIRCLE('',#10689,3.);
#10689 = AXIS2_PLACEMENT_3D('',#10690,#10691,#10692);
#10690 = CARTESIAN_POINT('',(-242.5,318.5,0.));
#10691 = DIRECTION('',(-0.,0.,1.));
#10692 = DIRECTION('',(2.22044604925E-16,-1.,0.));
#10693 = PLANE('',#10694);
#10694 = AXIS2_PLACEMENT_3D('',#10695,#10696,#10697);
#10695 = CARTESIAN_POINT('',(-291.3913282698,291.39055319919,0.));
#10696 = DIRECTION('',(-0.,0.,-1.));
#10697 = DIRECTION('',(-2.22044604925E-16,1.,0.));
#10698 = ADVANCED_FACE('',(#10699),#10733,.T.);
#10699 = FACE_BOUND('',#10700,.T.);
#10700 = EDGE_LOOP('',(#10701,#10702,#10708,#10709,#10717,#10725,#10731,
    #10732));
#10701 = ORIENTED_EDGE('',*,*,#10333,.F.);
#10702 = ORIENTED_EDGE('',*,*,#10703,.T.);
#10703 = EDGE_CURVE('',#10325,#10579,#10704,.T.);
#10704 = LINE('',#10705,#10706);
#10705 = CARTESIAN_POINT('',(-328.5,245.63443488564,-2.5));
#10706 = VECTOR('',#10707,1.);
#10707 = DIRECTION('',(0.,0.,1.));
#10708 = ORIENTED_EDGE('',*,*,#10587,.T.);
#10709 = ORIENTED_EDGE('',*,*,#10710,.F.);
#10710 = EDGE_CURVE('',#10711,#10588,#10713,.T.);
#10711 = VERTEX_POINT('',#10712);
#10712 = CARTESIAN_POINT('',(-328.5,292.275,-0.22));
#10713 = LINE('',#10714,#10715);
#10714 = CARTESIAN_POINT('',(-328.5,292.275,-0.22));
#10715 = VECTOR('',#10716,1.);
#10716 = DIRECTION('',(0.,0.,1.));
#10717 = ORIENTED_EDGE('',*,*,#10718,.T.);
#10718 = EDGE_CURVE('',#10711,#10719,#10721,.T.);
#10719 = VERTEX_POINT('',#10720);
#10720 = CARTESIAN_POINT('',(-328.5,292.725,-0.22));
#10721 = LINE('',#10722,#10723);
#10722 = CARTESIAN_POINT('',(-328.5,292.275,-0.22));
#10723 = VECTOR('',#10724,1.);
#10724 = DIRECTION('',(-2.22044604925E-16,1.,0.));
#10725 = ORIENTED_EDGE('',*,*,#10726,.T.);
#10726 = EDGE_CURVE('',#10719,#10426,#10727,.T.);
#10727 = LINE('',#10728,#10729);
#10728 = CARTESIAN_POINT('',(-328.5,292.725,-0.22));
#10729 = VECTOR('',#10730,1.);
#10730 = DIRECTION('',(0.,0.,1.));
#10731 = ORIENTED_EDGE('',*,*,#10425,.T.);
#10732 = ORIENTED_EDGE('',*,*,#10146,.F.);
#10733 = PLANE('',#10734);
#10734 = AXIS2_PLACEMENT_3D('',#10735,#10736,#10737);
#10735 = CARTESIAN_POINT('',(-328.5,245.63443488564,-2.5));
#10736 = DIRECTION('',(-1.,-2.22044604925E-16,0.));
#10737 = DIRECTION('',(-2.22044604925E-16,1.,0.));
#10738 = ADVANCED_FACE('',(#10739),#10773,.T.);
#10739 = FACE_BOUND('',#10740,.T.);
#10740 = EDGE_LOOP('',(#10741,#10742,#10743,#10744,#10752,#10760,#10766,
    #10767));
#10741 = ORIENTED_EDGE('',*,*,#10214,.F.);
#10742 = ORIENTED_EDGE('',*,*,#10189,.T.);
#10743 = ORIENTED_EDGE('',*,*,#10436,.T.);
#10744 = ORIENTED_EDGE('',*,*,#10745,.F.);
#10745 = EDGE_CURVE('',#10746,#10437,#10748,.T.);
#10746 = VERTEX_POINT('',#10747);
#10747 = CARTESIAN_POINT('',(-292.725,328.5,-0.22));
#10748 = LINE('',#10749,#10750);
#10749 = CARTESIAN_POINT('',(-292.725,328.5,-0.22));
#10750 = VECTOR('',#10751,1.);
#10751 = DIRECTION('',(0.,0.,1.));
#10752 = ORIENTED_EDGE('',*,*,#10753,.T.);
#10753 = EDGE_CURVE('',#10746,#10754,#10756,.T.);
#10754 = VERTEX_POINT('',#10755);
#10755 = CARTESIAN_POINT('',(-292.275,328.5,-0.22));
#10756 = LINE('',#10757,#10758);
#10757 = CARTESIAN_POINT('',(-292.725,328.5,-0.22));
#10758 = VECTOR('',#10759,1.);
#10759 = DIRECTION('',(1.,2.22044604925E-16,0.));
#10760 = ORIENTED_EDGE('',*,*,#10761,.T.);
#10761 = EDGE_CURVE('',#10754,#10461,#10762,.T.);
#10762 = LINE('',#10763,#10764);
#10763 = CARTESIAN_POINT('',(-292.275,328.5,-0.22));
#10764 = VECTOR('',#10765,1.);
#10765 = DIRECTION('',(0.,0.,1.));
#10766 = ORIENTED_EDGE('',*,*,#10468,.T.);
#10767 = ORIENTED_EDGE('',*,*,#10768,.F.);
#10768 = EDGE_CURVE('',#10215,#10469,#10769,.T.);
#10769 = LINE('',#10770,#10771);
#10770 = CARTESIAN_POINT('',(-245.6344348856,328.5,-2.5));
#10771 = VECTOR('',#10772,1.);
#10772 = DIRECTION('',(0.,0.,1.));
#10773 = PLANE('',#10774);
#10774 = AXIS2_PLACEMENT_3D('',#10775,#10776,#10777);
#10775 = CARTESIAN_POINT('',(-324.6715728752,328.5,-2.5));
#10776 = DIRECTION('',(-2.22044604925E-16,1.,0.));
#10777 = DIRECTION('',(1.,2.22044604925E-16,0.));
#10778 = ADVANCED_FACE('',(#10779),#10790,.T.);
#10779 = FACE_BOUND('',#10780,.T.);
#10780 = EDGE_LOOP('',(#10781,#10787,#10788,#10789));
#10781 = ORIENTED_EDGE('',*,*,#10782,.T.);
#10782 = EDGE_CURVE('',#10317,#10571,#10783,.T.);
#10783 = LINE('',#10784,#10785);
#10784 = CARTESIAN_POINT('',(-328.1027576779,244.74248191015,-2.5));
#10785 = VECTOR('',#10786,1.);
#10786 = DIRECTION('',(0.,0.,1.));
#10787 = ORIENTED_EDGE('',*,*,#10578,.T.);
#10788 = ORIENTED_EDGE('',*,*,#10703,.F.);
#10789 = ORIENTED_EDGE('',*,*,#10324,.F.);
#10790 = CYLINDRICAL_SURFACE('',#10791,1.2);
#10791 = AXIS2_PLACEMENT_3D('',#10792,#10793,#10794);
#10792 = CARTESIAN_POINT('',(-327.3,245.63443488564,-2.5));
#10793 = DIRECTION('',(0.,0.,-1.));
#10794 = DIRECTION('',(-0.668964731622,-0.743294146247,0.));
#10795 = ADVANCED_FACE('',(#10796),#10807,.T.);
#10796 = FACE_BOUND('',#10797,.T.);
#10797 = EDGE_LOOP('',(#10798,#10799,#10800,#10806));
#10798 = ORIENTED_EDGE('',*,*,#10768,.T.);
#10799 = ORIENTED_EDGE('',*,*,#10476,.T.);
#10800 = ORIENTED_EDGE('',*,*,#10801,.F.);
#10801 = EDGE_CURVE('',#10223,#10477,#10802,.T.);
#10802 = LINE('',#10803,#10804);
#10803 = CARTESIAN_POINT('',(-244.7424819101,328.10275767794,-2.5));
#10804 = VECTOR('',#10805,1.);
#10805 = DIRECTION('',(0.,0.,1.));
#10806 = ORIENTED_EDGE('',*,*,#10222,.F.);
#10807 = CYLINDRICAL_SURFACE('',#10808,1.2);
#10808 = AXIS2_PLACEMENT_3D('',#10809,#10810,#10811);
#10809 = CARTESIAN_POINT('',(-245.6344348856,327.3,-2.5));
#10810 = DIRECTION('',(0.,0.,-1.));
#10811 = DIRECTION('',(-2.22044604925E-16,1.,0.));
#10812 = ADVANCED_FACE('',(#10813),#10824,.T.);
#10813 = FACE_BOUND('',#10814,.T.);
#10814 = EDGE_LOOP('',(#10815,#10821,#10822,#10823));
#10815 = ORIENTED_EDGE('',*,*,#10816,.T.);
#10816 = EDGE_CURVE('',#10308,#10562,#10817,.T.);
#10817 = LINE('',#10818,#10819);
#10818 = CARTESIAN_POINT('',(-304.8422744716,223.8080470245,-2.5));
#10819 = VECTOR('',#10820,1.);
#10820 = DIRECTION('',(0.,0.,1.));
#10821 = ORIENTED_EDGE('',*,*,#10570,.T.);
#10822 = ORIENTED_EDGE('',*,*,#10782,.F.);
#10823 = ORIENTED_EDGE('',*,*,#10316,.F.);
#10824 = PLANE('',#10825);
#10825 = AXIS2_PLACEMENT_3D('',#10826,#10827,#10828);
#10826 = CARTESIAN_POINT('',(-304.8422744716,223.8080470245,-2.5));
#10827 = DIRECTION('',(-0.668964731622,-0.743294146247,0.));
#10828 = DIRECTION('',(-0.743294146247,0.668964731622,0.));
#10829 = ADVANCED_FACE('',(#10830),#10841,.T.);
#10830 = FACE_BOUND('',#10831,.T.);
#10831 = EDGE_LOOP('',(#10832,#10833,#10834,#10840));
#10832 = ORIENTED_EDGE('',*,*,#10801,.T.);
#10833 = ORIENTED_EDGE('',*,*,#10485,.T.);
#10834 = ORIENTED_EDGE('',*,*,#10835,.F.);
#10835 = EDGE_CURVE('',#10232,#10486,#10836,.T.);
#10836 = LINE('',#10837,#10838);
#10837 = CARTESIAN_POINT('',(-223.8337176098,304.87079734431,-2.5));
#10838 = VECTOR('',#10839,1.);
#10839 = DIRECTION('',(0.,0.,1.));
#10840 = ORIENTED_EDGE('',*,*,#10231,.F.);
#10841 = PLANE('',#10842);
#10842 = AXIS2_PLACEMENT_3D('',#10843,#10844,#10845);
#10843 = CARTESIAN_POINT('',(-244.7424819101,328.10275767794,-2.5));
#10844 = DIRECTION('',(0.743294146247,0.668964731622,0.));
#10845 = DIRECTION('',(0.668964731622,-0.743294146247,0.));
#10846 = ADVANCED_FACE('',(#10847),#10858,.T.);
#10847 = FACE_BOUND('',#10848,.T.);
#10848 = EDGE_LOOP('',(#10849,#10855,#10856,#10857));
#10849 = ORIENTED_EDGE('',*,*,#10850,.T.);
#10850 = EDGE_CURVE('',#10300,#10554,#10851,.T.);
#10851 = LINE('',#10852,#10853);
#10852 = CARTESIAN_POINT('',(-304.0395167937,223.5,-2.5));
#10853 = VECTOR('',#10854,1.);
#10854 = DIRECTION('',(0.,0.,1.));
#10855 = ORIENTED_EDGE('',*,*,#10561,.T.);
#10856 = ORIENTED_EDGE('',*,*,#10816,.F.);
#10857 = ORIENTED_EDGE('',*,*,#10307,.F.);
#10858 = CYLINDRICAL_SURFACE('',#10859,1.2);
#10859 = AXIS2_PLACEMENT_3D('',#10860,#10861,#10862);
#10860 = CARTESIAN_POINT('',(-304.0395167937,224.7,-2.5));
#10861 = DIRECTION('',(0.,0.,-1.));
#10862 = DIRECTION('',(2.39068024636E-14,-1.,0.));
#10863 = ADVANCED_FACE('',(#10864),#10875,.T.);
#10864 = FACE_BOUND('',#10865,.T.);
#10865 = EDGE_LOOP('',(#10866,#10867,#10868,#10874));
#10866 = ORIENTED_EDGE('',*,*,#10835,.T.);
#10867 = ORIENTED_EDGE('',*,*,#10493,.T.);
#10868 = ORIENTED_EDGE('',*,*,#10869,.F.);
#10869 = EDGE_CURVE('',#10240,#10494,#10870,.T.);
#10870 = LINE('',#10871,#10872);
#10871 = CARTESIAN_POINT('',(-223.5,304.0011431932,-2.5));
#10872 = VECTOR('',#10873,1.);
#10873 = DIRECTION('',(0.,0.,1.));
#10874 = ORIENTED_EDGE('',*,*,#10239,.F.);
#10875 = CYLINDRICAL_SURFACE('',#10876,1.3);
#10876 = AXIS2_PLACEMENT_3D('',#10877,#10878,#10879);
#10877 = CARTESIAN_POINT('',(-224.8,304.0011431932,-2.5));
#10878 = DIRECTION('',(0.,0.,-1.));
#10879 = DIRECTION('',(0.743294146247,0.668964731622,0.));
#10880 = ADVANCED_FACE('',(#10881),#10892,.T.);
#10881 = FACE_BOUND('',#10882,.T.);
#10882 = EDGE_LOOP('',(#10883,#10889,#10890,#10891));
#10883 = ORIENTED_EDGE('',*,*,#10884,.T.);
#10884 = EDGE_CURVE('',#10291,#10545,#10885,.T.);
#10885 = LINE('',#10886,#10887);
#10886 = CARTESIAN_POINT('',(-302.82,223.5,-2.5));
#10887 = VECTOR('',#10888,1.);
#10888 = DIRECTION('',(0.,0.,1.));
#10889 = ORIENTED_EDGE('',*,*,#10553,.T.);
#10890 = ORIENTED_EDGE('',*,*,#10850,.F.);
#10891 = ORIENTED_EDGE('',*,*,#10299,.F.);
#10892 = PLANE('',#10893);
#10893 = AXIS2_PLACEMENT_3D('',#10894,#10895,#10896);
#10894 = CARTESIAN_POINT('',(-302.82,223.5,-2.5));
#10895 = DIRECTION('',(2.22044604925E-16,-1.,0.));
#10896 = DIRECTION('',(-1.,-2.22044604925E-16,0.));
#10897 = ADVANCED_FACE('',(#10898),#10909,.T.);
#10898 = FACE_BOUND('',#10899,.T.);
#10899 = EDGE_LOOP('',(#10900,#10901,#10902,#10908));
#10900 = ORIENTED_EDGE('',*,*,#10869,.T.);
#10901 = ORIENTED_EDGE('',*,*,#10502,.T.);
#10902 = ORIENTED_EDGE('',*,*,#10903,.F.);
#10903 = EDGE_CURVE('',#10249,#10503,#10904,.T.);
#10904 = LINE('',#10905,#10906);
#10905 = CARTESIAN_POINT('',(-223.5,302.82,-2.5));
#10906 = VECTOR('',#10907,1.);
#10907 = DIRECTION('',(0.,0.,1.));
#10908 = ORIENTED_EDGE('',*,*,#10248,.F.);
#10909 = PLANE('',#10910);
#10910 = AXIS2_PLACEMENT_3D('',#10911,#10912,#10913);
#10911 = CARTESIAN_POINT('',(-223.5,304.0011431932,-2.5));
#10912 = DIRECTION('',(1.,2.22044604925E-16,0.));
#10913 = DIRECTION('',(2.22044604925E-16,-1.,0.));
#10914 = ADVANCED_FACE('',(#10915),#10926,.T.);
#10915 = FACE_BOUND('',#10916,.T.);
#10916 = EDGE_LOOP('',(#10917,#10923,#10924,#10925));
#10917 = ORIENTED_EDGE('',*,*,#10918,.T.);
#10918 = EDGE_CURVE('',#10283,#10537,#10919,.T.);
#10919 = LINE('',#10920,#10921);
#10920 = CARTESIAN_POINT('',(-301.5,224.82,-2.5));
#10921 = VECTOR('',#10922,1.);
#10922 = DIRECTION('',(0.,0.,1.));
#10923 = ORIENTED_EDGE('',*,*,#10544,.T.);
#10924 = ORIENTED_EDGE('',*,*,#10884,.F.);
#10925 = ORIENTED_EDGE('',*,*,#10290,.F.);
#10926 = CYLINDRICAL_SURFACE('',#10927,1.32);
#10927 = AXIS2_PLACEMENT_3D('',#10928,#10929,#10930);
#10928 = CARTESIAN_POINT('',(-302.82,224.82,-2.5));
#10929 = DIRECTION('',(0.,0.,-1.));
#10930 = DIRECTION('',(1.,2.22044604925E-16,0.));
#10931 = ADVANCED_FACE('',(#10932),#10943,.T.);
#10932 = FACE_BOUND('',#10933,.T.);
#10933 = EDGE_LOOP('',(#10934,#10935,#10936,#10942));
#10934 = ORIENTED_EDGE('',*,*,#10903,.T.);
#10935 = ORIENTED_EDGE('',*,*,#10510,.T.);
#10936 = ORIENTED_EDGE('',*,*,#10937,.F.);
#10937 = EDGE_CURVE('',#10257,#10511,#10938,.T.);
#10938 = LINE('',#10939,#10940);
#10939 = CARTESIAN_POINT('',(-224.82,301.5,-2.5));
#10940 = VECTOR('',#10941,1.);
#10941 = DIRECTION('',(0.,0.,1.));
#10942 = ORIENTED_EDGE('',*,*,#10256,.F.);
#10943 = CYLINDRICAL_SURFACE('',#10944,1.32);
#10944 = AXIS2_PLACEMENT_3D('',#10945,#10946,#10947);
#10945 = CARTESIAN_POINT('',(-224.82,302.82,-2.5));
#10946 = DIRECTION('',(0.,0.,-1.));
#10947 = DIRECTION('',(1.,8.296393874926E-15,0.));
#10948 = ADVANCED_FACE('',(#10949),#10960,.T.);
#10949 = FACE_BOUND('',#10950,.T.);
#10950 = EDGE_LOOP('',(#10951,#10957,#10958,#10959));
#10951 = ORIENTED_EDGE('',*,*,#10952,.T.);
#10952 = EDGE_CURVE('',#10274,#10528,#10953,.T.);
#10953 = LINE('',#10954,#10955);
#10954 = CARTESIAN_POINT('',(-301.5,299.5,-2.5));
#10955 = VECTOR('',#10956,1.);
#10956 = DIRECTION('',(0.,0.,1.));
#10957 = ORIENTED_EDGE('',*,*,#10536,.T.);
#10958 = ORIENTED_EDGE('',*,*,#10918,.F.);
#10959 = ORIENTED_EDGE('',*,*,#10282,.F.);
#10960 = PLANE('',#10961);
#10961 = AXIS2_PLACEMENT_3D('',#10962,#10963,#10964);
#10962 = CARTESIAN_POINT('',(-301.5,299.5,-2.5));
#10963 = DIRECTION('',(1.,2.22044604925E-16,0.));
#10964 = DIRECTION('',(2.22044604925E-16,-1.,0.));
#10965 = ADVANCED_FACE('',(#10966),#10977,.T.);
#10966 = FACE_BOUND('',#10967,.T.);
#10967 = EDGE_LOOP('',(#10968,#10969,#10970,#10976));
#10968 = ORIENTED_EDGE('',*,*,#10937,.T.);
#10969 = ORIENTED_EDGE('',*,*,#10519,.T.);
#10970 = ORIENTED_EDGE('',*,*,#10971,.F.);
#10971 = EDGE_CURVE('',#10266,#10520,#10972,.T.);
#10972 = LINE('',#10973,#10974);
#10973 = CARTESIAN_POINT('',(-299.5,301.5,-2.5));
#10974 = VECTOR('',#10975,1.);
#10975 = DIRECTION('',(0.,0.,1.));
#10976 = ORIENTED_EDGE('',*,*,#10265,.F.);
#10977 = PLANE('',#10978);
#10978 = AXIS2_PLACEMENT_3D('',#10979,#10980,#10981);
#10979 = CARTESIAN_POINT('',(-224.82,301.5,-2.5));
#10980 = DIRECTION('',(2.22044604925E-16,-1.,0.));
#10981 = DIRECTION('',(-1.,-2.22044604925E-16,0.));
#10982 = ADVANCED_FACE('',(#10983),#10989,.F.);
#10983 = FACE_BOUND('',#10984,.T.);
#10984 = EDGE_LOOP('',(#10985,#10986,#10987,#10988));
#10985 = ORIENTED_EDGE('',*,*,#10971,.T.);
#10986 = ORIENTED_EDGE('',*,*,#10527,.T.);
#10987 = ORIENTED_EDGE('',*,*,#10952,.F.);
#10988 = ORIENTED_EDGE('',*,*,#10273,.F.);
#10989 = CYLINDRICAL_SURFACE('',#10990,2.);
#10990 = AXIS2_PLACEMENT_3D('',#10991,#10992,#10993);
#10991 = CARTESIAN_POINT('',(-299.5,299.5,-2.5));
#10992 = DIRECTION('',(-0.,0.,-1.));
#10993 = DIRECTION('',(-2.22044604925E-16,1.,0.));
#10994 = ADVANCED_FACE('',(#10995),#11006,.F.);
#10995 = FACE_BOUND('',#10996,.F.);
#10996 = EDGE_LOOP('',(#10997,#10998,#11004,#11005));
#10997 = ORIENTED_EDGE('',*,*,#10619,.F.);
#10998 = ORIENTED_EDGE('',*,*,#10999,.F.);
#10999 = EDGE_CURVE('',#10343,#10620,#11000,.T.);
#11000 = LINE('',#11001,#11002);
#11001 = CARTESIAN_POINT('',(-318.5,239.5,-3.5));
#11002 = VECTOR('',#11003,1.);
#11003 = DIRECTION('',(0.,0.,1.));
#11004 = ORIENTED_EDGE('',*,*,#10342,.T.);
#11005 = ORIENTED_EDGE('',*,*,#10999,.T.);
#11006 = CYLINDRICAL_SURFACE('',#11007,3.);
#11007 = AXIS2_PLACEMENT_3D('',#11008,#11009,#11010);
#11008 = CARTESIAN_POINT('',(-318.5,242.5,-3.5));
#11009 = DIRECTION('',(0.,0.,1.));
#11010 = DIRECTION('',(2.22044604925E-16,-1.,0.));
#11011 = ADVANCED_FACE('',(#11012),#11023,.F.);
#11012 = FACE_BOUND('',#11013,.F.);
#11013 = EDGE_LOOP('',(#11014,#11015,#11021,#11022));
#11014 = ORIENTED_EDGE('',*,*,#10630,.F.);
#11015 = ORIENTED_EDGE('',*,*,#11016,.F.);
#11016 = EDGE_CURVE('',#10354,#10631,#11017,.T.);
#11017 = LINE('',#11018,#11019);
#11018 = CARTESIAN_POINT('',(-318.5,276.5,-3.5));
#11019 = VECTOR('',#11020,1.);
#11020 = DIRECTION('',(0.,0.,1.));
#11021 = ORIENTED_EDGE('',*,*,#10353,.T.);
#11022 = ORIENTED_EDGE('',*,*,#11016,.T.);
#11023 = CYLINDRICAL_SURFACE('',#11024,3.);
#11024 = AXIS2_PLACEMENT_3D('',#11025,#11026,#11027);
#11025 = CARTESIAN_POINT('',(-318.5,279.5,-3.5));
#11026 = DIRECTION('',(0.,0.,1.));
#11027 = DIRECTION('',(2.22044604925E-16,-1.,0.));
#11028 = ADVANCED_FACE('',(#11029),#11040,.F.);
#11029 = FACE_BOUND('',#11030,.F.);
#11030 = EDGE_LOOP('',(#11031,#11032,#11038,#11039));
#11031 = ORIENTED_EDGE('',*,*,#10641,.F.);
#11032 = ORIENTED_EDGE('',*,*,#11033,.F.);
#11033 = EDGE_CURVE('',#10365,#10642,#11034,.T.);
#11034 = LINE('',#11035,#11036);
#11035 = CARTESIAN_POINT('',(-318.5,295.5,-3.5));
#11036 = VECTOR('',#11037,1.);
#11037 = DIRECTION('',(0.,0.,1.));
#11038 = ORIENTED_EDGE('',*,*,#10364,.T.);
#11039 = ORIENTED_EDGE('',*,*,#11033,.T.);
#11040 = CYLINDRICAL_SURFACE('',#11041,3.);
#11041 = AXIS2_PLACEMENT_3D('',#11042,#11043,#11044);
#11042 = CARTESIAN_POINT('',(-318.5,298.5,-3.5));
#11043 = DIRECTION('',(0.,0.,1.));
#11044 = DIRECTION('',(2.22044604925E-16,-1.,0.));
#11045 = ADVANCED_FACE('',(#11046),#11057,.F.);
#11046 = FACE_BOUND('',#11047,.F.);
#11047 = EDGE_LOOP('',(#11048,#11049,#11055,#11056));
#11048 = ORIENTED_EDGE('',*,*,#10652,.F.);
#11049 = ORIENTED_EDGE('',*,*,#11050,.F.);
#11050 = EDGE_CURVE('',#10376,#10653,#11051,.T.);
#11051 = LINE('',#11052,#11053);
#11052 = CARTESIAN_POINT('',(-315.5,310.,-3.5));
#11053 = VECTOR('',#11054,1.);
#11054 = DIRECTION('',(0.,0.,1.));
#11055 = ORIENTED_EDGE('',*,*,#10375,.T.);
#11056 = ORIENTED_EDGE('',*,*,#11050,.T.);
#11057 = CYLINDRICAL_SURFACE('',#11058,5.5);
#11058 = AXIS2_PLACEMENT_3D('',#11059,#11060,#11061);
#11059 = CARTESIAN_POINT('',(-315.5,315.5,-3.5));
#11060 = DIRECTION('',(0.,0.,1.));
#11061 = DIRECTION('',(2.22044604925E-16,-1.,0.));
#11062 = ADVANCED_FACE('',(#11063),#11074,.F.);
#11063 = FACE_BOUND('',#11064,.F.);
#11064 = EDGE_LOOP('',(#11065,#11066,#11072,#11073));
#11065 = ORIENTED_EDGE('',*,*,#10663,.F.);
#11066 = ORIENTED_EDGE('',*,*,#11067,.F.);
#11067 = EDGE_CURVE('',#10387,#10664,#11068,.T.);
#11068 = LINE('',#11069,#11070);
#11069 = CARTESIAN_POINT('',(-298.5,315.5,-3.5));
#11070 = VECTOR('',#11071,1.);
#11071 = DIRECTION('',(0.,0.,1.));
#11072 = ORIENTED_EDGE('',*,*,#10386,.T.);
#11073 = ORIENTED_EDGE('',*,*,#11067,.T.);
#11074 = CYLINDRICAL_SURFACE('',#11075,3.);
#11075 = AXIS2_PLACEMENT_3D('',#11076,#11077,#11078);
#11076 = CARTESIAN_POINT('',(-298.5,318.5,-3.5));
#11077 = DIRECTION('',(0.,0.,1.));
#11078 = DIRECTION('',(2.22044604925E-16,-1.,0.));
#11079 = ADVANCED_FACE('',(#11080),#11091,.F.);
#11080 = FACE_BOUND('',#11081,.F.);
#11081 = EDGE_LOOP('',(#11082,#11083,#11089,#11090));
#11082 = ORIENTED_EDGE('',*,*,#10674,.F.);
#11083 = ORIENTED_EDGE('',*,*,#11084,.F.);
#11084 = EDGE_CURVE('',#10398,#10675,#11085,.T.);
#11085 = LINE('',#11086,#11087);
#11086 = CARTESIAN_POINT('',(-279.5,315.5,-3.5));
#11087 = VECTOR('',#11088,1.);
#11088 = DIRECTION('',(0.,0.,1.));
#11089 = ORIENTED_EDGE('',*,*,#10397,.T.);
#11090 = ORIENTED_EDGE('',*,*,#11084,.T.);
#11091 = CYLINDRICAL_SURFACE('',#11092,3.);
#11092 = AXIS2_PLACEMENT_3D('',#11093,#11094,#11095);
#11093 = CARTESIAN_POINT('',(-279.5,318.5,-3.5));
#11094 = DIRECTION('',(0.,0.,1.));
#11095 = DIRECTION('',(2.22044604925E-16,-1.,0.));
#11096 = ADVANCED_FACE('',(#11097),#11108,.F.);
#11097 = FACE_BOUND('',#11098,.F.);
#11098 = EDGE_LOOP('',(#11099,#11100,#11106,#11107));
#11099 = ORIENTED_EDGE('',*,*,#10685,.F.);
#11100 = ORIENTED_EDGE('',*,*,#11101,.F.);
#11101 = EDGE_CURVE('',#10409,#10686,#11102,.T.);
#11102 = LINE('',#11103,#11104);
#11103 = CARTESIAN_POINT('',(-242.5,315.5,-3.5));
#11104 = VECTOR('',#11105,1.);
#11105 = DIRECTION('',(0.,0.,1.));
#11106 = ORIENTED_EDGE('',*,*,#10408,.T.);
#11107 = ORIENTED_EDGE('',*,*,#11101,.T.);
#11108 = CYLINDRICAL_SURFACE('',#11109,3.);
#11109 = AXIS2_PLACEMENT_3D('',#11110,#11111,#11112);
#11110 = CARTESIAN_POINT('',(-242.5,318.5,-3.5));
#11111 = DIRECTION('',(0.,0.,1.));
#11112 = DIRECTION('',(2.22044604925E-16,-1.,0.));
#11113 = ADVANCED_FACE('',(#11114),#11132,.F.);
#11114 = FACE_BOUND('',#11115,.F.);
#11115 = EDGE_LOOP('',(#11116,#11124,#11125,#11126));
#11116 = ORIENTED_EDGE('',*,*,#11117,.F.);
#11117 = EDGE_CURVE('',#10719,#11118,#11120,.T.);
#11118 = VERTEX_POINT('',#11119);
#11119 = CARTESIAN_POINT('',(-305.5,292.725,-0.22));
#11120 = LINE('',#11121,#11122);
#11121 = CARTESIAN_POINT('',(-328.5,292.725,-0.22));
#11122 = VECTOR('',#11123,1.);
#11123 = DIRECTION('',(1.,2.22044604925E-16,0.));
#11124 = ORIENTED_EDGE('',*,*,#10726,.T.);
#11125 = ORIENTED_EDGE('',*,*,#10611,.T.);
#11126 = ORIENTED_EDGE('',*,*,#11127,.F.);
#11127 = EDGE_CURVE('',#11118,#10604,#11128,.T.);
#11128 = LINE('',#11129,#11130);
#11129 = CARTESIAN_POINT('',(-305.5,292.725,-0.22));
#11130 = VECTOR('',#11131,1.);
#11131 = DIRECTION('',(0.,0.,1.));
#11132 = PLANE('',#11133);
#11133 = AXIS2_PLACEMENT_3D('',#11134,#11135,#11136);
#11134 = CARTESIAN_POINT('',(-328.5,292.725,-0.22));
#11135 = DIRECTION('',(-2.22044604925E-16,1.,0.));
#11136 = DIRECTION('',(1.,2.22044604925E-16,0.));
#11137 = ADVANCED_FACE('',(#11138),#11156,.F.);
#11138 = FACE_BOUND('',#11139,.F.);
#11139 = EDGE_LOOP('',(#11140,#11148,#11149,#11150));
#11140 = ORIENTED_EDGE('',*,*,#11141,.F.);
#11141 = EDGE_CURVE('',#11118,#11142,#11144,.T.);
#11142 = VERTEX_POINT('',#11143);
#11143 = CARTESIAN_POINT('',(-305.5,292.275,-0.22));
#11144 = LINE('',#11145,#11146);
#11145 = CARTESIAN_POINT('',(-305.5,292.725,-0.22));
#11146 = VECTOR('',#11147,1.);
#11147 = DIRECTION('',(2.22044604925E-16,-1.,0.));
#11148 = ORIENTED_EDGE('',*,*,#11127,.T.);
#11149 = ORIENTED_EDGE('',*,*,#10603,.T.);
#11150 = ORIENTED_EDGE('',*,*,#11151,.F.);
#11151 = EDGE_CURVE('',#11142,#10596,#11152,.T.);
#11152 = LINE('',#11153,#11154);
#11153 = CARTESIAN_POINT('',(-305.5,292.275,-0.22));
#11154 = VECTOR('',#11155,1.);
#11155 = DIRECTION('',(0.,0.,1.));
#11156 = PLANE('',#11157);
#11157 = AXIS2_PLACEMENT_3D('',#11158,#11159,#11160);
#11158 = CARTESIAN_POINT('',(-305.5,292.725,-0.22));
#11159 = DIRECTION('',(1.,2.22044604925E-16,0.));
#11160 = DIRECTION('',(2.22044604925E-16,-1.,0.));
#11161 = ADVANCED_FACE('',(#11162),#11173,.F.);
#11162 = FACE_BOUND('',#11163,.F.);
#11163 = EDGE_LOOP('',(#11164,#11170,#11171,#11172));
#11164 = ORIENTED_EDGE('',*,*,#11165,.F.);
#11165 = EDGE_CURVE('',#11142,#10711,#11166,.T.);
#11166 = LINE('',#11167,#11168);
#11167 = CARTESIAN_POINT('',(-305.5,292.275,-0.22));
#11168 = VECTOR('',#11169,1.);
#11169 = DIRECTION('',(-1.,-2.22044604925E-16,0.));
#11170 = ORIENTED_EDGE('',*,*,#11151,.T.);
#11171 = ORIENTED_EDGE('',*,*,#10595,.T.);
#11172 = ORIENTED_EDGE('',*,*,#10710,.F.);
#11173 = PLANE('',#11174);
#11174 = AXIS2_PLACEMENT_3D('',#11175,#11176,#11177);
#11175 = CARTESIAN_POINT('',(-305.5,292.275,-0.22));
#11176 = DIRECTION('',(2.22044604925E-16,-1.,0.));
#11177 = DIRECTION('',(-1.,-2.22044604925E-16,0.));
#11178 = ADVANCED_FACE('',(#11179),#11197,.F.);
#11179 = FACE_BOUND('',#11180,.F.);
#11180 = EDGE_LOOP('',(#11181,#11189,#11195,#11196));
#11181 = ORIENTED_EDGE('',*,*,#11182,.F.);
#11182 = EDGE_CURVE('',#11183,#10746,#11185,.T.);
#11183 = VERTEX_POINT('',#11184);
#11184 = CARTESIAN_POINT('',(-292.725,305.5,-0.22));
#11185 = LINE('',#11186,#11187);
#11186 = CARTESIAN_POINT('',(-292.725,305.5,-0.22));
#11187 = VECTOR('',#11188,1.);
#11188 = DIRECTION('',(-2.22044604925E-16,1.,0.));
#11189 = ORIENTED_EDGE('',*,*,#11190,.T.);
#11190 = EDGE_CURVE('',#11183,#10445,#11191,.T.);
#11191 = LINE('',#11192,#11193);
#11192 = CARTESIAN_POINT('',(-292.725,305.5,-0.22));
#11193 = VECTOR('',#11194,1.);
#11194 = DIRECTION('',(0.,0.,1.));
#11195 = ORIENTED_EDGE('',*,*,#10444,.T.);
#11196 = ORIENTED_EDGE('',*,*,#10745,.F.);
#11197 = PLANE('',#11198);
#11198 = AXIS2_PLACEMENT_3D('',#11199,#11200,#11201);
#11199 = CARTESIAN_POINT('',(-292.725,305.5,-0.22));
#11200 = DIRECTION('',(-1.,-2.22044604925E-16,0.));
#11201 = DIRECTION('',(-2.22044604925E-16,1.,0.));
#11202 = ADVANCED_FACE('',(#11203),#11221,.F.);
#11203 = FACE_BOUND('',#11204,.F.);
#11204 = EDGE_LOOP('',(#11205,#11213,#11219,#11220));
#11205 = ORIENTED_EDGE('',*,*,#11206,.F.);
#11206 = EDGE_CURVE('',#11207,#11183,#11209,.T.);
#11207 = VERTEX_POINT('',#11208);
#11208 = CARTESIAN_POINT('',(-292.275,305.5,-0.22));
#11209 = LINE('',#11210,#11211);
#11210 = CARTESIAN_POINT('',(-292.275,305.5,-0.22));
#11211 = VECTOR('',#11212,1.);
#11212 = DIRECTION('',(-1.,-2.22044604925E-16,0.));
#11213 = ORIENTED_EDGE('',*,*,#11214,.T.);
#11214 = EDGE_CURVE('',#11207,#10453,#11215,.T.);
#11215 = LINE('',#11216,#11217);
#11216 = CARTESIAN_POINT('',(-292.275,305.5,-0.22));
#11217 = VECTOR('',#11218,1.);
#11218 = DIRECTION('',(0.,0.,1.));
#11219 = ORIENTED_EDGE('',*,*,#10452,.T.);
#11220 = ORIENTED_EDGE('',*,*,#11190,.F.);
#11221 = PLANE('',#11222);
#11222 = AXIS2_PLACEMENT_3D('',#11223,#11224,#11225);
#11223 = CARTESIAN_POINT('',(-292.275,305.5,-0.22));
#11224 = DIRECTION('',(2.22044604925E-16,-1.,0.));
#11225 = DIRECTION('',(-1.,-2.22044604925E-16,0.));
#11226 = ADVANCED_FACE('',(#11227),#11238,.F.);
#11227 = FACE_BOUND('',#11228,.F.);
#11228 = EDGE_LOOP('',(#11229,#11235,#11236,#11237));
#11229 = ORIENTED_EDGE('',*,*,#11230,.F.);
#11230 = EDGE_CURVE('',#10754,#11207,#11231,.T.);
#11231 = LINE('',#11232,#11233);
#11232 = CARTESIAN_POINT('',(-292.275,328.5,-0.22));
#11233 = VECTOR('',#11234,1.);
#11234 = DIRECTION('',(2.22044604925E-16,-1.,0.));
#11235 = ORIENTED_EDGE('',*,*,#10761,.T.);
#11236 = ORIENTED_EDGE('',*,*,#10460,.T.);
#11237 = ORIENTED_EDGE('',*,*,#11214,.F.);
#11238 = PLANE('',#11239);
#11239 = AXIS2_PLACEMENT_3D('',#11240,#11241,#11242);
#11240 = CARTESIAN_POINT('',(-292.275,328.5,-0.22));
#11241 = DIRECTION('',(1.,2.22044604925E-16,0.));
#11242 = DIRECTION('',(2.22044604925E-16,-1.,0.));
#11243 = ADVANCED_FACE('',(#11244),#11250,.F.);
#11244 = FACE_BOUND('',#11245,.F.);
#11245 = EDGE_LOOP('',(#11246,#11247,#11248,#11249));
#11246 = ORIENTED_EDGE('',*,*,#11117,.T.);
#11247 = ORIENTED_EDGE('',*,*,#11141,.T.);
#11248 = ORIENTED_EDGE('',*,*,#11165,.T.);
#11249 = ORIENTED_EDGE('',*,*,#10718,.T.);
#11250 = PLANE('',#11251);
#11251 = AXIS2_PLACEMENT_3D('',#11252,#11253,#11254);
#11252 = CARTESIAN_POINT('',(-317.,292.5,-0.22));
#11253 = DIRECTION('',(-0.,0.,-1.));
#11254 = DIRECTION('',(-2.22044604925E-16,1.,0.));
#11255 = ADVANCED_FACE('',(#11256),#11262,.F.);
#11256 = FACE_BOUND('',#11257,.F.);
#11257 = EDGE_LOOP('',(#11258,#11259,#11260,#11261));
#11258 = ORIENTED_EDGE('',*,*,#11230,.T.);
#11259 = ORIENTED_EDGE('',*,*,#11206,.T.);
#11260 = ORIENTED_EDGE('',*,*,#11182,.T.);
#11261 = ORIENTED_EDGE('',*,*,#10753,.T.);
#11262 = PLANE('',#11263);
#11263 = AXIS2_PLACEMENT_3D('',#11264,#11265,#11266);
#11264 = CARTESIAN_POINT('',(-292.5,317.,-0.22));
#11265 = DIRECTION('',(-0.,0.,-1.));
#11266 = DIRECTION('',(-2.22044604925E-16,1.,0.));
#11267 = ( GEOMETRIC_REPRESENTATION_CONTEXT(3) 
GLOBAL_UNCERTAINTY_ASSIGNED_CONTEXT((#11271)) 
GLOBAL_UNIT_ASSIGNED_CONTEXT((#11268,#11269,#11270)) 
REPRESENTATION_CONTEXT('Context #1',
  '3D Context with UNIT and UNCERTAINTY') );
#11268 = ( LENGTH_UNIT() NAMED_UNIT(*) SI_UNIT(.MILLI.,.METRE.) );
#11269 = ( NAMED_UNIT(*) PLANE_ANGLE_UNIT() SI_UNIT($,.RADIAN.) );
#11270 = ( NAMED_UNIT(*) SI_UNIT($,.STERADIAN.) SOLID_ANGLE_UNIT() );
#11271 = UNCERTAINTY_MEASURE_WITH_UNIT(LENGTH_MEASURE(1.E-07),#11268,
  'distance_accuracy_value','confusion accuracy');
#11272 = PRODUCT_RELATED_PRODUCT_CATEGORY('part',$,(#7));
ENDSEC;
END-ISO-10303-21;
