ISO-10303-21;
HEADER;
FILE_DESCRIPTION(('FreeCAD Model'),'2;1');
FILE_NAME('Open CASCADE Shape Model','2026-09-22T21:25:34',('Author'),(
    ''),'Open CASCADE STEP processor 7.8','FreeCAD','Unknown');
FILE_SCHEMA(('AUTOMOTIVE_DESIGN { 1 0 10303 214 1 1 1 1 }'));
ENDSEC;
DATA;
#1 = APPLICATION_PROTOCOL_DEFINITION('international standard',
  'automotive_design',2000,#2);
#2 = APPLICATION_CONTEXT(
  'core data for automotive mechanical design processes');
#3 = SHAPE_DEFINITION_REPRESENTATION(#4,#10);
#4 = PRODUCT_DEFINITION_SHAPE('','',#5);
#5 = PRODUCT_DEFINITION('design','',#6,#9);
#6 = PRODUCT_DEFINITION_FORMATION('','',#7);
#7 = PRODUCT('AIRKAN_E30_Kader_600x600_H30',
  'AIRKAN_E30_Kader_600x600_H30','',(#8));
#8 = PRODUCT_CONTEXT('',#2,'mechanical');
#9 = PRODUCT_DEFINITION_CONTEXT('part definition',#2,'design');
#10 = SHAPE_REPRESENTATION('',(#11,#15,#19,#23,#27,#31,#35,#39,#43),#47
  );
#11 = AXIS2_PLACEMENT_3D('',#12,#13,#14);
#12 = CARTESIAN_POINT('',(0.,0.,0.));
#13 = DIRECTION('',(0.,0.,1.));
#14 = DIRECTION('',(1.,0.,-0.));
#15 = AXIS2_PLACEMENT_3D('',#16,#17,#18);
#16 = CARTESIAN_POINT('',(15.,0.,0.));
#17 = DIRECTION('',(0.,-1.,2.22044604925E-16));
#18 = DIRECTION('',(1.,0.,0.));
#19 = AXIS2_PLACEMENT_3D('',#20,#21,#22);
#20 = CARTESIAN_POINT('',(600.,15.,0.));
#21 = DIRECTION('',(1.,0.,0.));
#22 = DIRECTION('',(0.,1.,0.));
#23 = AXIS2_PLACEMENT_3D('',#24,#25,#26);
#24 = CARTESIAN_POINT('',(585.,600.,0.));
#25 = DIRECTION('',(0.,1.,-2.22044604925E-16));
#26 = DIRECTION('',(-1.,0.,0.));
#27 = AXIS2_PLACEMENT_3D('',#28,#29,#30);
#28 = CARTESIAN_POINT('',(0.,585.,0.));
#29 = DIRECTION('',(-1.,0.,0.));
#30 = DIRECTION('',(0.,-1.,0.));
#31 = AXIS2_PLACEMENT_3D('',#32,#33,#34);
#32 = CARTESIAN_POINT('',(-28.5,-28.5,1.05));
#33 = DIRECTION('',(0.,0.,1.));
#34 = DIRECTION('',(1.,0.,0.));
#35 = AXIS2_PLACEMENT_3D('',#36,#37,#38);
#36 = CARTESIAN_POINT('',(628.5,-28.5,1.05));
#37 = DIRECTION('',(0.,-0.,1.));
#38 = DIRECTION('',(2.22044604925E-16,1.,0.));
#39 = AXIS2_PLACEMENT_3D('',#40,#41,#42);
#40 = CARTESIAN_POINT('',(628.5,628.5,1.05));
#41 = DIRECTION('',(0.,0.,1.));
#42 = DIRECTION('',(-1.,0.,0.));
#43 = AXIS2_PLACEMENT_3D('',#44,#45,#46);
#44 = CARTESIAN_POINT('',(-28.5,628.5,1.05));
#45 = DIRECTION('',(-0.,0.,1.));
#46 = DIRECTION('',(2.22044604925E-16,-1.,0.));
#47 = ( GEOMETRIC_REPRESENTATION_CONTEXT(3) 
GLOBAL_UNCERTAINTY_ASSIGNED_CONTEXT((#51)) GLOBAL_UNIT_ASSIGNED_CONTEXT(
(#48,#49,#50)) REPRESENTATION_CONTEXT('Context #1',
  '3D Context with UNIT and UNCERTAINTY') );
#48 = ( LENGTH_UNIT() NAMED_UNIT(*) SI_UNIT(.MILLI.,.METRE.) );
#49 = ( NAMED_UNIT(*) PLANE_ANGLE_UNIT() SI_UNIT($,.RADIAN.) );
#50 = ( NAMED_UNIT(*) SI_UNIT($,.STERADIAN.) SOLID_ANGLE_UNIT() );
#51 = UNCERTAINTY_MEASURE_WITH_UNIT(LENGTH_MEASURE(1.E-07),#48,
  'distance_accuracy_value','confusion accuracy');
#52 = PRODUCT_RELATED_PRODUCT_CATEGORY('part',$,(#7));
#53 = SHAPE_DEFINITION_REPRESENTATION(#54,#60);
#54 = PRODUCT_DEFINITION_SHAPE('','',#55);
#55 = PRODUCT_DEFINITION('design','',#56,#59);
#56 = PRODUCT_DEFINITION_FORMATION('','',#57);
#57 = PRODUCT('E30 | Profiel onder L570','E30 | Profiel onder L570','',(
    #58));
#58 = PRODUCT_CONTEXT('',#2,'mechanical');
#59 = PRODUCT_DEFINITION_CONTEXT('part definition',#2,'design');
#60 = ADVANCED_BREP_SHAPE_REPRESENTATION('',(#11,#61),#1707);
#61 = MANIFOLD_SOLID_BREP('',#62);
#62 = CLOSED_SHELL('',(#63,#103,#136,#167,#200,#231,#264,#295,#328,#359,
    #392,#423,#456,#487,#520,#551,#584,#615,#648,#679,#712,#743,#776,
    #807,#838,#869,#902,#933,#966,#997,#1030,#1061,#1094,#1125,#1158,
    #1189,#1222,#1253,#1286,#1317,#1350,#1381,#1414,#1445,#1478,#1509,
    #1542,#1573,#1595,#1651));
#63 = ADVANCED_FACE('',(#64),#98,.T.);
#64 = FACE_BOUND('',#65,.T.);
#65 = EDGE_LOOP('',(#66,#76,#84,#92));
#66 = ORIENTED_EDGE('',*,*,#67,.T.);
#67 = EDGE_CURVE('',#68,#70,#72,.T.);
#68 = VERTEX_POINT('',#69);
#69 = CARTESIAN_POINT('',(0.,27.,0.));
#70 = VERTEX_POINT('',#71);
#71 = CARTESIAN_POINT('',(570.,27.,0.));
#72 = LINE('',#73,#74);
#73 = CARTESIAN_POINT('',(0.,27.,0.));
#74 = VECTOR('',#75,1.);
#75 = DIRECTION('',(1.,0.,0.));
#76 = ORIENTED_EDGE('',*,*,#77,.T.);
#77 = EDGE_CURVE('',#70,#78,#80,.T.);
#78 = VERTEX_POINT('',#79);
#79 = CARTESIAN_POINT('',(570.,7.25,-1.110223024625E-16));
#80 = LINE('',#81,#82);
#81 = CARTESIAN_POINT('',(570.,27.,0.));
#82 = VECTOR('',#83,1.);
#83 = DIRECTION('',(0.,-1.,0.));
#84 = ORIENTED_EDGE('',*,*,#85,.F.);
#85 = EDGE_CURVE('',#86,#78,#88,.T.);
#86 = VERTEX_POINT('',#87);
#87 = CARTESIAN_POINT('',(0.,7.25,-1.110223024625E-16));
#88 = LINE('',#89,#90);
#89 = CARTESIAN_POINT('',(0.,7.25,-1.110223024625E-16));
#90 = VECTOR('',#91,1.);
#91 = DIRECTION('',(1.,0.,0.));
#92 = ORIENTED_EDGE('',*,*,#93,.F.);
#93 = EDGE_CURVE('',#68,#86,#94,.T.);
#94 = LINE('',#95,#96);
#95 = CARTESIAN_POINT('',(0.,27.,0.));
#96 = VECTOR('',#97,1.);
#97 = DIRECTION('',(0.,-1.,0.));
#98 = PLANE('',#99);
#99 = AXIS2_PLACEMENT_3D('',#100,#101,#102);
#100 = CARTESIAN_POINT('',(0.,27.,0.));
#101 = DIRECTION('',(0.,0.,-1.));
#102 = DIRECTION('',(0.,-1.,0.));
#103 = ADVANCED_FACE('',(#104),#131,.T.);
#104 = FACE_BOUND('',#105,.T.);
#105 = EDGE_LOOP('',(#106,#107,#116,#124));
#106 = ORIENTED_EDGE('',*,*,#85,.T.);
#107 = ORIENTED_EDGE('',*,*,#108,.T.);
#108 = EDGE_CURVE('',#78,#109,#111,.T.);
#109 = VERTEX_POINT('',#110);
#110 = CARTESIAN_POINT('',(570.,6.,1.25));
#111 = CIRCLE('',#112,1.25);
#112 = AXIS2_PLACEMENT_3D('',#113,#114,#115);
#113 = CARTESIAN_POINT('',(570.,7.25,1.25));
#114 = DIRECTION('',(-1.,0.,0.));
#115 = DIRECTION('',(0.,0.,-1.));
#116 = ORIENTED_EDGE('',*,*,#117,.F.);
#117 = EDGE_CURVE('',#118,#109,#120,.T.);
#118 = VERTEX_POINT('',#119);
#119 = CARTESIAN_POINT('',(0.,6.,1.25));
#120 = LINE('',#121,#122);
#121 = CARTESIAN_POINT('',(0.,6.,1.25));
#122 = VECTOR('',#123,1.);
#123 = DIRECTION('',(1.,0.,0.));
#124 = ORIENTED_EDGE('',*,*,#125,.F.);
#125 = EDGE_CURVE('',#86,#118,#126,.T.);
#126 = CIRCLE('',#127,1.25);
#127 = AXIS2_PLACEMENT_3D('',#128,#129,#130);
#128 = CARTESIAN_POINT('',(0.,7.25,1.25));
#129 = DIRECTION('',(-1.,0.,0.));
#130 = DIRECTION('',(0.,0.,-1.));
#131 = CYLINDRICAL_SURFACE('',#132,1.25);
#132 = AXIS2_PLACEMENT_3D('',#133,#134,#135);
#133 = CARTESIAN_POINT('',(0.,7.25,1.25));
#134 = DIRECTION('',(-1.,0.,0.));
#135 = DIRECTION('',(0.,0.,-1.));
#136 = ADVANCED_FACE('',(#137),#162,.T.);
#137 = FACE_BOUND('',#138,.T.);
#138 = EDGE_LOOP('',(#139,#140,#148,#156));
#139 = ORIENTED_EDGE('',*,*,#117,.T.);
#140 = ORIENTED_EDGE('',*,*,#141,.T.);
#141 = EDGE_CURVE('',#109,#142,#144,.T.);
#142 = VERTEX_POINT('',#143);
#143 = CARTESIAN_POINT('',(570.,6.,3.65));
#144 = LINE('',#145,#146);
#145 = CARTESIAN_POINT('',(570.,6.,1.25));
#146 = VECTOR('',#147,1.);
#147 = DIRECTION('',(0.,0.,1.));
#148 = ORIENTED_EDGE('',*,*,#149,.F.);
#149 = EDGE_CURVE('',#150,#142,#152,.T.);
#150 = VERTEX_POINT('',#151);
#151 = CARTESIAN_POINT('',(0.,6.,3.65));
#152 = LINE('',#153,#154);
#153 = CARTESIAN_POINT('',(0.,6.,3.65));
#154 = VECTOR('',#155,1.);
#155 = DIRECTION('',(1.,0.,0.));
#156 = ORIENTED_EDGE('',*,*,#157,.F.);
#157 = EDGE_CURVE('',#118,#150,#158,.T.);
#158 = LINE('',#159,#160);
#159 = CARTESIAN_POINT('',(0.,6.,1.25));
#160 = VECTOR('',#161,1.);
#161 = DIRECTION('',(0.,0.,1.));
#162 = PLANE('',#163);
#163 = AXIS2_PLACEMENT_3D('',#164,#165,#166);
#164 = CARTESIAN_POINT('',(0.,6.,1.25));
#165 = DIRECTION('',(0.,-1.,0.));
#166 = DIRECTION('',(0.,0.,1.));
#167 = ADVANCED_FACE('',(#168),#195,.F.);
#168 = FACE_BOUND('',#169,.T.);
#169 = EDGE_LOOP('',(#170,#171,#180,#188));
#170 = ORIENTED_EDGE('',*,*,#149,.T.);
#171 = ORIENTED_EDGE('',*,*,#172,.T.);
#172 = EDGE_CURVE('',#142,#173,#175,.T.);
#173 = VERTEX_POINT('',#174);
#174 = CARTESIAN_POINT('',(570.,5.55,4.1));
#175 = CIRCLE('',#176,0.45);
#176 = AXIS2_PLACEMENT_3D('',#177,#178,#179);
#177 = CARTESIAN_POINT('',(570.,5.55,3.65));
#178 = DIRECTION('',(1.,0.,0.));
#179 = DIRECTION('',(-0.,1.,9.868649107779E-16));
#180 = ORIENTED_EDGE('',*,*,#181,.F.);
#181 = EDGE_CURVE('',#182,#173,#184,.T.);
#182 = VERTEX_POINT('',#183);
#183 = CARTESIAN_POINT('',(0.,5.55,4.1));
#184 = LINE('',#185,#186);
#185 = CARTESIAN_POINT('',(0.,5.55,4.1));
#186 = VECTOR('',#187,1.);
#187 = DIRECTION('',(1.,0.,0.));
#188 = ORIENTED_EDGE('',*,*,#189,.F.);
#189 = EDGE_CURVE('',#150,#182,#190,.T.);
#190 = CIRCLE('',#191,0.45);
#191 = AXIS2_PLACEMENT_3D('',#192,#193,#194);
#192 = CARTESIAN_POINT('',(0.,5.55,3.65));
#193 = DIRECTION('',(1.,0.,0.));
#194 = DIRECTION('',(-0.,1.,9.868649107779E-16));
#195 = CYLINDRICAL_SURFACE('',#196,0.45);
#196 = AXIS2_PLACEMENT_3D('',#197,#198,#199);
#197 = CARTESIAN_POINT('',(0.,5.55,3.65));
#198 = DIRECTION('',(-1.,-0.,-0.));
#199 = DIRECTION('',(-0.,1.,9.868649107779E-16));
#200 = ADVANCED_FACE('',(#201),#226,.T.);
#201 = FACE_BOUND('',#202,.T.);
#202 = EDGE_LOOP('',(#203,#204,#212,#220));
#203 = ORIENTED_EDGE('',*,*,#181,.T.);
#204 = ORIENTED_EDGE('',*,*,#205,.T.);
#205 = EDGE_CURVE('',#173,#206,#208,.T.);
#206 = VERTEX_POINT('',#207);
#207 = CARTESIAN_POINT('',(570.,5.25,4.1));
#208 = LINE('',#209,#210);
#209 = CARTESIAN_POINT('',(570.,5.55,4.1));
#210 = VECTOR('',#211,1.);
#211 = DIRECTION('',(0.,-1.,0.));
#212 = ORIENTED_EDGE('',*,*,#213,.F.);
#213 = EDGE_CURVE('',#214,#206,#216,.T.);
#214 = VERTEX_POINT('',#215);
#215 = CARTESIAN_POINT('',(0.,5.25,4.1));
#216 = LINE('',#217,#218);
#217 = CARTESIAN_POINT('',(0.,5.25,4.1));
#218 = VECTOR('',#219,1.);
#219 = DIRECTION('',(1.,0.,0.));
#220 = ORIENTED_EDGE('',*,*,#221,.F.);
#221 = EDGE_CURVE('',#182,#214,#222,.T.);
#222 = LINE('',#223,#224);
#223 = CARTESIAN_POINT('',(0.,5.55,4.1));
#224 = VECTOR('',#225,1.);
#225 = DIRECTION('',(0.,-1.,0.));
#226 = PLANE('',#227);
#227 = AXIS2_PLACEMENT_3D('',#228,#229,#230);
#228 = CARTESIAN_POINT('',(0.,5.55,4.1));
#229 = DIRECTION('',(0.,0.,-1.));
#230 = DIRECTION('',(0.,-1.,0.));
#231 = ADVANCED_FACE('',(#232),#259,.F.);
#232 = FACE_BOUND('',#233,.T.);
#233 = EDGE_LOOP('',(#234,#235,#244,#252));
#234 = ORIENTED_EDGE('',*,*,#213,.T.);
#235 = ORIENTED_EDGE('',*,*,#236,.T.);
#236 = EDGE_CURVE('',#206,#237,#239,.T.);
#237 = VERTEX_POINT('',#238);
#238 = CARTESIAN_POINT('',(570.,4.8,3.65));
#239 = CIRCLE('',#240,0.45);
#240 = AXIS2_PLACEMENT_3D('',#241,#242,#243);
#241 = CARTESIAN_POINT('',(570.,5.25,3.65));
#242 = DIRECTION('',(1.,0.,0.));
#243 = DIRECTION('',(-0.,1.973729821556E-15,1.));
#244 = ORIENTED_EDGE('',*,*,#245,.F.);
#245 = EDGE_CURVE('',#246,#237,#248,.T.);
#246 = VERTEX_POINT('',#247);
#247 = CARTESIAN_POINT('',(0.,4.8,3.65));
#248 = LINE('',#249,#250);
#249 = CARTESIAN_POINT('',(0.,4.8,3.65));
#250 = VECTOR('',#251,1.);
#251 = DIRECTION('',(1.,0.,0.));
#252 = ORIENTED_EDGE('',*,*,#253,.F.);
#253 = EDGE_CURVE('',#214,#246,#254,.T.);
#254 = CIRCLE('',#255,0.45);
#255 = AXIS2_PLACEMENT_3D('',#256,#257,#258);
#256 = CARTESIAN_POINT('',(0.,5.25,3.65));
#257 = DIRECTION('',(1.,0.,0.));
#258 = DIRECTION('',(-0.,1.973729821556E-15,1.));
#259 = CYLINDRICAL_SURFACE('',#260,0.45);
#260 = AXIS2_PLACEMENT_3D('',#261,#262,#263);
#261 = CARTESIAN_POINT('',(0.,5.25,3.65));
#262 = DIRECTION('',(-1.,-0.,-0.));
#263 = DIRECTION('',(-0.,1.973729821556E-15,1.));
#264 = ADVANCED_FACE('',(#265),#290,.T.);
#265 = FACE_BOUND('',#266,.T.);
#266 = EDGE_LOOP('',(#267,#268,#276,#284));
#267 = ORIENTED_EDGE('',*,*,#245,.T.);
#268 = ORIENTED_EDGE('',*,*,#269,.T.);
#269 = EDGE_CURVE('',#237,#270,#272,.T.);
#270 = VERTEX_POINT('',#271);
#271 = CARTESIAN_POINT('',(570.,4.8,1.25));
#272 = LINE('',#273,#274);
#273 = CARTESIAN_POINT('',(570.,4.8,3.65));
#274 = VECTOR('',#275,1.);
#275 = DIRECTION('',(0.,0.,-1.));
#276 = ORIENTED_EDGE('',*,*,#277,.F.);
#277 = EDGE_CURVE('',#278,#270,#280,.T.);
#278 = VERTEX_POINT('',#279);
#279 = CARTESIAN_POINT('',(0.,4.8,1.25));
#280 = LINE('',#281,#282);
#281 = CARTESIAN_POINT('',(0.,4.8,1.25));
#282 = VECTOR('',#283,1.);
#283 = DIRECTION('',(1.,0.,0.));
#284 = ORIENTED_EDGE('',*,*,#285,.F.);
#285 = EDGE_CURVE('',#246,#278,#286,.T.);
#286 = LINE('',#287,#288);
#287 = CARTESIAN_POINT('',(0.,4.8,3.65));
#288 = VECTOR('',#289,1.);
#289 = DIRECTION('',(0.,0.,-1.));
#290 = PLANE('',#291);
#291 = AXIS2_PLACEMENT_3D('',#292,#293,#294);
#292 = CARTESIAN_POINT('',(0.,4.8,3.65));
#293 = DIRECTION('',(-0.,1.,0.));
#294 = DIRECTION('',(0.,0.,-1.));
#295 = ADVANCED_FACE('',(#296),#323,.T.);
#296 = FACE_BOUND('',#297,.T.);
#297 = EDGE_LOOP('',(#298,#299,#308,#316));
#298 = ORIENTED_EDGE('',*,*,#277,.T.);
#299 = ORIENTED_EDGE('',*,*,#300,.T.);
#300 = EDGE_CURVE('',#270,#301,#303,.T.);
#301 = VERTEX_POINT('',#302);
#302 = CARTESIAN_POINT('',(570.,3.55,1.110223040926E-16));
#303 = CIRCLE('',#304,1.25);
#304 = AXIS2_PLACEMENT_3D('',#305,#306,#307);
#305 = CARTESIAN_POINT('',(570.,3.55,1.25));
#306 = DIRECTION('',(-1.,0.,0.));
#307 = DIRECTION('',(0.,1.,5.329070518201E-16));
#308 = ORIENTED_EDGE('',*,*,#309,.F.);
#309 = EDGE_CURVE('',#310,#301,#312,.T.);
#310 = VERTEX_POINT('',#311);
#311 = CARTESIAN_POINT('',(0.,3.55,1.110223040926E-16));
#312 = LINE('',#313,#314);
#313 = CARTESIAN_POINT('',(0.,3.55,1.110223040926E-16));
#314 = VECTOR('',#315,1.);
#315 = DIRECTION('',(1.,0.,0.));
#316 = ORIENTED_EDGE('',*,*,#317,.F.);
#317 = EDGE_CURVE('',#278,#310,#318,.T.);
#318 = CIRCLE('',#319,1.25);
#319 = AXIS2_PLACEMENT_3D('',#320,#321,#322);
#320 = CARTESIAN_POINT('',(0.,3.55,1.25));
#321 = DIRECTION('',(-1.,0.,0.));
#322 = DIRECTION('',(0.,1.,5.329070518201E-16));
#323 = CYLINDRICAL_SURFACE('',#324,1.25);
#324 = AXIS2_PLACEMENT_3D('',#325,#326,#327);
#325 = CARTESIAN_POINT('',(0.,3.55,1.25));
#326 = DIRECTION('',(-1.,0.,0.));
#327 = DIRECTION('',(0.,1.,5.329070518201E-16));
#328 = ADVANCED_FACE('',(#329),#354,.T.);
#329 = FACE_BOUND('',#330,.T.);
#330 = EDGE_LOOP('',(#331,#332,#340,#348));
#331 = ORIENTED_EDGE('',*,*,#309,.T.);
#332 = ORIENTED_EDGE('',*,*,#333,.T.);
#333 = EDGE_CURVE('',#301,#334,#336,.T.);
#334 = VERTEX_POINT('',#335);
#335 = CARTESIAN_POINT('',(570.,1.25,0.));
#336 = LINE('',#337,#338);
#337 = CARTESIAN_POINT('',(570.,3.55,0.));
#338 = VECTOR('',#339,1.);
#339 = DIRECTION('',(0.,-1.,0.));
#340 = ORIENTED_EDGE('',*,*,#341,.F.);
#341 = EDGE_CURVE('',#342,#334,#344,.T.);
#342 = VERTEX_POINT('',#343);
#343 = CARTESIAN_POINT('',(0.,1.25,0.));
#344 = LINE('',#345,#346);
#345 = CARTESIAN_POINT('',(0.,1.25,0.));
#346 = VECTOR('',#347,1.);
#347 = DIRECTION('',(1.,0.,0.));
#348 = ORIENTED_EDGE('',*,*,#349,.F.);
#349 = EDGE_CURVE('',#310,#342,#350,.T.);
#350 = LINE('',#351,#352);
#351 = CARTESIAN_POINT('',(0.,3.55,0.));
#352 = VECTOR('',#353,1.);
#353 = DIRECTION('',(0.,-1.,0.));
#354 = PLANE('',#355);
#355 = AXIS2_PLACEMENT_3D('',#356,#357,#358);
#356 = CARTESIAN_POINT('',(0.,3.55,0.));
#357 = DIRECTION('',(0.,0.,-1.));
#358 = DIRECTION('',(0.,-1.,0.));
#359 = ADVANCED_FACE('',(#360),#387,.T.);
#360 = FACE_BOUND('',#361,.T.);
#361 = EDGE_LOOP('',(#362,#363,#372,#380));
#362 = ORIENTED_EDGE('',*,*,#341,.T.);
#363 = ORIENTED_EDGE('',*,*,#364,.T.);
#364 = EDGE_CURVE('',#334,#365,#367,.T.);
#365 = VERTEX_POINT('',#366);
#366 = CARTESIAN_POINT('',(570.,-1.110223005624E-16,1.25));
#367 = CIRCLE('',#368,1.25);
#368 = AXIS2_PLACEMENT_3D('',#369,#370,#371);
#369 = CARTESIAN_POINT('',(570.,1.25,1.25));
#370 = DIRECTION('',(-1.,0.,0.));
#371 = DIRECTION('',(0.,0.,-1.));
#372 = ORIENTED_EDGE('',*,*,#373,.F.);
#373 = EDGE_CURVE('',#374,#365,#376,.T.);
#374 = VERTEX_POINT('',#375);
#375 = CARTESIAN_POINT('',(0.,-1.110223005624E-16,1.25));
#376 = LINE('',#377,#378);
#377 = CARTESIAN_POINT('',(0.,-1.110223005624E-16,1.25));
#378 = VECTOR('',#379,1.);
#379 = DIRECTION('',(1.,0.,0.));
#380 = ORIENTED_EDGE('',*,*,#381,.F.);
#381 = EDGE_CURVE('',#342,#374,#382,.T.);
#382 = CIRCLE('',#383,1.25);
#383 = AXIS2_PLACEMENT_3D('',#384,#385,#386);
#384 = CARTESIAN_POINT('',(0.,1.25,1.25));
#385 = DIRECTION('',(-1.,0.,0.));
#386 = DIRECTION('',(0.,0.,-1.));
#387 = CYLINDRICAL_SURFACE('',#388,1.25);
#388 = AXIS2_PLACEMENT_3D('',#389,#390,#391);
#389 = CARTESIAN_POINT('',(0.,1.25,1.25));
#390 = DIRECTION('',(-1.,0.,0.));
#391 = DIRECTION('',(0.,0.,-1.));
#392 = ADVANCED_FACE('',(#393),#418,.T.);
#393 = FACE_BOUND('',#394,.T.);
#394 = EDGE_LOOP('',(#395,#396,#404,#412));
#395 = ORIENTED_EDGE('',*,*,#373,.T.);
#396 = ORIENTED_EDGE('',*,*,#397,.T.);
#397 = EDGE_CURVE('',#365,#398,#400,.T.);
#398 = VERTEX_POINT('',#399);
#399 = CARTESIAN_POINT('',(570.,-2.22044604925E-16,28.));
#400 = LINE('',#401,#402);
#401 = CARTESIAN_POINT('',(570.,0.,1.25));
#402 = VECTOR('',#403,1.);
#403 = DIRECTION('',(0.,0.,1.));
#404 = ORIENTED_EDGE('',*,*,#405,.F.);
#405 = EDGE_CURVE('',#406,#398,#408,.T.);
#406 = VERTEX_POINT('',#407);
#407 = CARTESIAN_POINT('',(0.,-2.22044604925E-16,28.));
#408 = LINE('',#409,#410);
#409 = CARTESIAN_POINT('',(0.,-2.22044604925E-16,28.));
#410 = VECTOR('',#411,1.);
#411 = DIRECTION('',(1.,0.,0.));
#412 = ORIENTED_EDGE('',*,*,#413,.F.);
#413 = EDGE_CURVE('',#374,#406,#414,.T.);
#414 = LINE('',#415,#416);
#415 = CARTESIAN_POINT('',(0.,0.,1.25));
#416 = VECTOR('',#417,1.);
#417 = DIRECTION('',(0.,0.,1.));
#418 = PLANE('',#419);
#419 = AXIS2_PLACEMENT_3D('',#420,#421,#422);
#420 = CARTESIAN_POINT('',(0.,0.,1.25));
#421 = DIRECTION('',(0.,-1.,0.));
#422 = DIRECTION('',(0.,0.,1.));
#423 = ADVANCED_FACE('',(#424),#451,.T.);
#424 = FACE_BOUND('',#425,.T.);
#425 = EDGE_LOOP('',(#426,#427,#436,#444));
#426 = ORIENTED_EDGE('',*,*,#405,.T.);
#427 = ORIENTED_EDGE('',*,*,#428,.T.);
#428 = EDGE_CURVE('',#398,#429,#431,.T.);
#429 = VERTEX_POINT('',#430);
#430 = CARTESIAN_POINT('',(570.,2.,30.));
#431 = CIRCLE('',#432,2.);
#432 = AXIS2_PLACEMENT_3D('',#433,#434,#435);
#433 = CARTESIAN_POINT('',(570.,2.,28.));
#434 = DIRECTION('',(-1.,0.,0.));
#435 = DIRECTION('',(0.,-1.,0.));
#436 = ORIENTED_EDGE('',*,*,#437,.F.);
#437 = EDGE_CURVE('',#438,#429,#440,.T.);
#438 = VERTEX_POINT('',#439);
#439 = CARTESIAN_POINT('',(0.,2.,30.));
#440 = LINE('',#441,#442);
#441 = CARTESIAN_POINT('',(0.,2.,30.));
#442 = VECTOR('',#443,1.);
#443 = DIRECTION('',(1.,0.,0.));
#444 = ORIENTED_EDGE('',*,*,#445,.F.);
#445 = EDGE_CURVE('',#406,#438,#446,.T.);
#446 = CIRCLE('',#447,2.);
#447 = AXIS2_PLACEMENT_3D('',#448,#449,#450);
#448 = CARTESIAN_POINT('',(0.,2.,28.));
#449 = DIRECTION('',(-1.,0.,0.));
#450 = DIRECTION('',(0.,-1.,0.));
#451 = CYLINDRICAL_SURFACE('',#452,2.);
#452 = AXIS2_PLACEMENT_3D('',#453,#454,#455);
#453 = CARTESIAN_POINT('',(0.,2.,28.));
#454 = DIRECTION('',(-1.,0.,0.));
#455 = DIRECTION('',(0.,-1.,0.));
#456 = ADVANCED_FACE('',(#457),#482,.T.);
#457 = FACE_BOUND('',#458,.T.);
#458 = EDGE_LOOP('',(#459,#460,#468,#476));
#459 = ORIENTED_EDGE('',*,*,#437,.T.);
#460 = ORIENTED_EDGE('',*,*,#461,.T.);
#461 = EDGE_CURVE('',#429,#462,#464,.T.);
#462 = VERTEX_POINT('',#463);
#463 = CARTESIAN_POINT('',(570.,7.,30.));
#464 = LINE('',#465,#466);
#465 = CARTESIAN_POINT('',(570.,2.,30.));
#466 = VECTOR('',#467,1.);
#467 = DIRECTION('',(0.,1.,0.));
#468 = ORIENTED_EDGE('',*,*,#469,.F.);
#469 = EDGE_CURVE('',#470,#462,#472,.T.);
#470 = VERTEX_POINT('',#471);
#471 = CARTESIAN_POINT('',(0.,7.,30.));
#472 = LINE('',#473,#474);
#473 = CARTESIAN_POINT('',(0.,7.,30.));
#474 = VECTOR('',#475,1.);
#475 = DIRECTION('',(1.,0.,0.));
#476 = ORIENTED_EDGE('',*,*,#477,.F.);
#477 = EDGE_CURVE('',#438,#470,#478,.T.);
#478 = LINE('',#479,#480);
#479 = CARTESIAN_POINT('',(0.,2.,30.));
#480 = VECTOR('',#481,1.);
#481 = DIRECTION('',(0.,1.,0.));
#482 = PLANE('',#483);
#483 = AXIS2_PLACEMENT_3D('',#484,#485,#486);
#484 = CARTESIAN_POINT('',(0.,2.,30.));
#485 = DIRECTION('',(0.,0.,1.));
#486 = DIRECTION('',(0.,1.,0.));
#487 = ADVANCED_FACE('',(#488),#515,.T.);
#488 = FACE_BOUND('',#489,.T.);
#489 = EDGE_LOOP('',(#490,#491,#500,#508));
#490 = ORIENTED_EDGE('',*,*,#469,.T.);
#491 = ORIENTED_EDGE('',*,*,#492,.T.);
#492 = EDGE_CURVE('',#462,#493,#495,.T.);
#493 = VERTEX_POINT('',#494);
#494 = CARTESIAN_POINT('',(570.,7.,27.));
#495 = CIRCLE('',#496,1.5);
#496 = AXIS2_PLACEMENT_3D('',#497,#498,#499);
#497 = CARTESIAN_POINT('',(570.,7.,28.5));
#498 = DIRECTION('',(-1.,0.,0.));
#499 = DIRECTION('',(0.,0.,1.));
#500 = ORIENTED_EDGE('',*,*,#501,.F.);
#501 = EDGE_CURVE('',#502,#493,#504,.T.);
#502 = VERTEX_POINT('',#503);
#503 = CARTESIAN_POINT('',(0.,7.,27.));
#504 = LINE('',#505,#506);
#505 = CARTESIAN_POINT('',(0.,7.,27.));
#506 = VECTOR('',#507,1.);
#507 = DIRECTION('',(1.,0.,0.));
#508 = ORIENTED_EDGE('',*,*,#509,.F.);
#509 = EDGE_CURVE('',#470,#502,#510,.T.);
#510 = CIRCLE('',#511,1.5);
#511 = AXIS2_PLACEMENT_3D('',#512,#513,#514);
#512 = CARTESIAN_POINT('',(0.,7.,28.5));
#513 = DIRECTION('',(-1.,0.,0.));
#514 = DIRECTION('',(0.,0.,1.));
#515 = CYLINDRICAL_SURFACE('',#516,1.5);
#516 = AXIS2_PLACEMENT_3D('',#517,#518,#519);
#517 = CARTESIAN_POINT('',(0.,7.,28.5));
#518 = DIRECTION('',(-1.,0.,0.));
#519 = DIRECTION('',(0.,0.,1.));
#520 = ADVANCED_FACE('',(#521),#546,.T.);
#521 = FACE_BOUND('',#522,.T.);
#522 = EDGE_LOOP('',(#523,#524,#532,#540));
#523 = ORIENTED_EDGE('',*,*,#501,.T.);
#524 = ORIENTED_EDGE('',*,*,#525,.T.);
#525 = EDGE_CURVE('',#493,#526,#528,.T.);
#526 = VERTEX_POINT('',#527);
#527 = CARTESIAN_POINT('',(570.,5.5,27.));
#528 = LINE('',#529,#530);
#529 = CARTESIAN_POINT('',(570.,7.,27.));
#530 = VECTOR('',#531,1.);
#531 = DIRECTION('',(0.,-1.,0.));
#532 = ORIENTED_EDGE('',*,*,#533,.F.);
#533 = EDGE_CURVE('',#534,#526,#536,.T.);
#534 = VERTEX_POINT('',#535);
#535 = CARTESIAN_POINT('',(0.,5.5,27.));
#536 = LINE('',#537,#538);
#537 = CARTESIAN_POINT('',(0.,5.5,27.));
#538 = VECTOR('',#539,1.);
#539 = DIRECTION('',(1.,0.,0.));
#540 = ORIENTED_EDGE('',*,*,#541,.F.);
#541 = EDGE_CURVE('',#502,#534,#542,.T.);
#542 = LINE('',#543,#544);
#543 = CARTESIAN_POINT('',(0.,7.,27.));
#544 = VECTOR('',#545,1.);
#545 = DIRECTION('',(0.,-1.,0.));
#546 = PLANE('',#547);
#547 = AXIS2_PLACEMENT_3D('',#548,#549,#550);
#548 = CARTESIAN_POINT('',(0.,7.,27.));
#549 = DIRECTION('',(0.,0.,-1.));
#550 = DIRECTION('',(0.,-1.,0.));
#551 = ADVANCED_FACE('',(#552),#579,.F.);
#552 = FACE_BOUND('',#553,.T.);
#553 = EDGE_LOOP('',(#554,#555,#564,#572));
#554 = ORIENTED_EDGE('',*,*,#533,.T.);
#555 = ORIENTED_EDGE('',*,*,#556,.T.);
#556 = EDGE_CURVE('',#526,#557,#559,.T.);
#557 = VERTEX_POINT('',#558);
#558 = CARTESIAN_POINT('',(570.,4.9,26.4));
#559 = CIRCLE('',#560,0.6);
#560 = AXIS2_PLACEMENT_3D('',#561,#562,#563);
#561 = CARTESIAN_POINT('',(570.,5.5,26.4));
#562 = DIRECTION('',(1.,0.,0.));
#563 = DIRECTION('',(0.,-7.401486830834E-15,1.));
#564 = ORIENTED_EDGE('',*,*,#565,.F.);
#565 = EDGE_CURVE('',#566,#557,#568,.T.);
#566 = VERTEX_POINT('',#567);
#567 = CARTESIAN_POINT('',(0.,4.9,26.4));
#568 = LINE('',#569,#570);
#569 = CARTESIAN_POINT('',(0.,4.9,26.4));
#570 = VECTOR('',#571,1.);
#571 = DIRECTION('',(1.,0.,0.));
#572 = ORIENTED_EDGE('',*,*,#573,.F.);
#573 = EDGE_CURVE('',#534,#566,#574,.T.);
#574 = CIRCLE('',#575,0.6);
#575 = AXIS2_PLACEMENT_3D('',#576,#577,#578);
#576 = CARTESIAN_POINT('',(0.,5.5,26.4));
#577 = DIRECTION('',(1.,0.,0.));
#578 = DIRECTION('',(0.,-7.401486830834E-15,1.));
#579 = CYLINDRICAL_SURFACE('',#580,0.6);
#580 = AXIS2_PLACEMENT_3D('',#581,#582,#583);
#581 = CARTESIAN_POINT('',(0.,5.5,26.4));
#582 = DIRECTION('',(-1.,-0.,-0.));
#583 = DIRECTION('',(0.,-7.401486830834E-15,1.));
#584 = ADVANCED_FACE('',(#585),#610,.T.);
#585 = FACE_BOUND('',#586,.T.);
#586 = EDGE_LOOP('',(#587,#588,#596,#604));
#587 = ORIENTED_EDGE('',*,*,#565,.T.);
#588 = ORIENTED_EDGE('',*,*,#589,.T.);
#589 = EDGE_CURVE('',#557,#590,#592,.T.);
#590 = VERTEX_POINT('',#591);
#591 = CARTESIAN_POINT('',(570.,4.9,10.765564437075));
#592 = LINE('',#593,#594);
#593 = CARTESIAN_POINT('',(570.,4.9,26.4));
#594 = VECTOR('',#595,1.);
#595 = DIRECTION('',(0.,0.,-1.));
#596 = ORIENTED_EDGE('',*,*,#597,.F.);
#597 = EDGE_CURVE('',#598,#590,#600,.T.);
#598 = VERTEX_POINT('',#599);
#599 = CARTESIAN_POINT('',(0.,4.9,10.765564437075));
#600 = LINE('',#601,#602);
#601 = CARTESIAN_POINT('',(0.,4.9,10.765564437075));
#602 = VECTOR('',#603,1.);
#603 = DIRECTION('',(1.,0.,0.));
#604 = ORIENTED_EDGE('',*,*,#605,.F.);
#605 = EDGE_CURVE('',#566,#598,#606,.T.);
#606 = LINE('',#607,#608);
#607 = CARTESIAN_POINT('',(0.,4.9,26.4));
#608 = VECTOR('',#609,1.);
#609 = DIRECTION('',(0.,0.,-1.));
#610 = PLANE('',#611);
#611 = AXIS2_PLACEMENT_3D('',#612,#613,#614);
#612 = CARTESIAN_POINT('',(0.,4.9,26.4));
#613 = DIRECTION('',(-0.,1.,0.));
#614 = DIRECTION('',(0.,0.,-1.));
#615 = ADVANCED_FACE('',(#616),#643,.F.);
#616 = FACE_BOUND('',#617,.T.);
#617 = EDGE_LOOP('',(#618,#619,#628,#636));
#618 = ORIENTED_EDGE('',*,*,#597,.T.);
#619 = ORIENTED_EDGE('',*,*,#620,.T.);
#620 = EDGE_CURVE('',#590,#621,#623,.T.);
#621 = VERTEX_POINT('',#622);
#622 = CARTESIAN_POINT('',(570.,4.979054114725,10.467881074061));
#623 = CIRCLE('',#624,0.6);
#624 = AXIS2_PLACEMENT_3D('',#625,#626,#627);
#625 = CARTESIAN_POINT('',(570.,5.5,10.765564437075));
#626 = DIRECTION('',(1.,0.,0.));
#627 = DIRECTION('',(0.,-1.,8.881784197002E-15));
#628 = ORIENTED_EDGE('',*,*,#629,.F.);
#629 = EDGE_CURVE('',#630,#621,#632,.T.);
#630 = VERTEX_POINT('',#631);
#631 = CARTESIAN_POINT('',(0.,4.979054114725,10.467881074061));
#632 = LINE('',#633,#634);
#633 = CARTESIAN_POINT('',(0.,4.979054114725,10.467881074061));
#634 = VECTOR('',#635,1.);
#635 = DIRECTION('',(1.,0.,0.));
#636 = ORIENTED_EDGE('',*,*,#637,.F.);
#637 = EDGE_CURVE('',#598,#630,#638,.T.);
#638 = CIRCLE('',#639,0.6);
#639 = AXIS2_PLACEMENT_3D('',#640,#641,#642);
#640 = CARTESIAN_POINT('',(0.,5.5,10.765564437075));
#641 = DIRECTION('',(1.,0.,0.));
#642 = DIRECTION('',(0.,-1.,8.881784197002E-15));
#643 = CYLINDRICAL_SURFACE('',#644,0.6);
#644 = AXIS2_PLACEMENT_3D('',#645,#646,#647);
#645 = CARTESIAN_POINT('',(0.,5.5,10.765564437075));
#646 = DIRECTION('',(-1.,-0.,-0.));
#647 = DIRECTION('',(0.,-1.,8.881784197002E-15));
#648 = ADVANCED_FACE('',(#649),#674,.T.);
#649 = FACE_BOUND('',#650,.T.);
#650 = EDGE_LOOP('',(#651,#652,#660,#668));
#651 = ORIENTED_EDGE('',*,*,#629,.T.);
#652 = ORIENTED_EDGE('',*,*,#653,.T.);
#653 = EDGE_CURVE('',#621,#654,#656,.T.);
#654 = VERTEX_POINT('',#655);
#655 = CARTESIAN_POINT('',(570.,8.571807676486,4.180562340979));
#656 = LINE('',#657,#658);
#657 = CARTESIAN_POINT('',(570.,4.979054114725,10.467881074061));
#658 = VECTOR('',#659,1.);
#659 = DIRECTION('',(0.,0.496138938357,-0.868243142124));
#660 = ORIENTED_EDGE('',*,*,#661,.F.);
#661 = EDGE_CURVE('',#662,#654,#664,.T.);
#662 = VERTEX_POINT('',#663);
#663 = CARTESIAN_POINT('',(0.,8.571807676486,4.180562340979));
#664 = LINE('',#665,#666);
#665 = CARTESIAN_POINT('',(0.,8.571807676486,4.180562340979));
#666 = VECTOR('',#667,1.);
#667 = DIRECTION('',(1.,0.,0.));
#668 = ORIENTED_EDGE('',*,*,#669,.F.);
#669 = EDGE_CURVE('',#630,#662,#670,.T.);
#670 = LINE('',#671,#672);
#671 = CARTESIAN_POINT('',(0.,4.979054114725,10.467881074061));
#672 = VECTOR('',#673,1.);
#673 = DIRECTION('',(0.,0.496138938357,-0.868243142124));
#674 = PLANE('',#675);
#675 = AXIS2_PLACEMENT_3D('',#676,#677,#678);
#676 = CARTESIAN_POINT('',(0.,4.979054114725,10.467881074061));
#677 = DIRECTION('',(-0.,0.868243142124,0.496138938357));
#678 = DIRECTION('',(0.,0.496138938357,-0.868243142124));
#679 = ADVANCED_FACE('',(#680),#707,.F.);
#680 = FACE_BOUND('',#681,.T.);
#681 = EDGE_LOOP('',(#682,#683,#692,#700));
#682 = ORIENTED_EDGE('',*,*,#661,.T.);
#683 = ORIENTED_EDGE('',*,*,#684,.T.);
#684 = EDGE_CURVE('',#654,#685,#687,.T.);
#685 = VERTEX_POINT('',#686);
#686 = CARTESIAN_POINT('',(570.,9.098067202649,3.832621501825));
#687 = CIRCLE('',#688,0.7);
#688 = AXIS2_PLACEMENT_3D('',#689,#690,#691);
#689 = CARTESIAN_POINT('',(570.,9.179577875973,4.527859597829));
#690 = DIRECTION('',(1.,0.,0.));
#691 = DIRECTION('',(0.,-0.868243142124,-0.496138938357));
#692 = ORIENTED_EDGE('',*,*,#693,.F.);
#693 = EDGE_CURVE('',#694,#685,#696,.T.);
#694 = VERTEX_POINT('',#695);
#695 = CARTESIAN_POINT('',(0.,9.098067202649,3.832621501825));
#696 = LINE('',#697,#698);
#697 = CARTESIAN_POINT('',(0.,9.098067202649,3.832621501825));
#698 = VECTOR('',#699,1.);
#699 = DIRECTION('',(1.,0.,0.));
#700 = ORIENTED_EDGE('',*,*,#701,.F.);
#701 = EDGE_CURVE('',#662,#694,#702,.T.);
#702 = CIRCLE('',#703,0.7);
#703 = AXIS2_PLACEMENT_3D('',#704,#705,#706);
#704 = CARTESIAN_POINT('',(0.,9.179577875973,4.527859597829));
#705 = DIRECTION('',(1.,0.,0.));
#706 = DIRECTION('',(0.,-0.868243142124,-0.496138938357));
#707 = CYLINDRICAL_SURFACE('',#708,0.7);
#708 = AXIS2_PLACEMENT_3D('',#709,#710,#711);
#709 = CARTESIAN_POINT('',(0.,9.179577875973,4.527859597829));
#710 = DIRECTION('',(-1.,-0.,-0.));
#711 = DIRECTION('',(0.,-0.868243142124,-0.496138938357));
#712 = ADVANCED_FACE('',(#713),#738,.T.);
#713 = FACE_BOUND('',#714,.T.);
#714 = EDGE_LOOP('',(#715,#716,#724,#732));
#715 = ORIENTED_EDGE('',*,*,#693,.T.);
#716 = ORIENTED_EDGE('',*,*,#717,.T.);
#717 = EDGE_CURVE('',#685,#718,#720,.T.);
#718 = VERTEX_POINT('',#719);
#719 = CARTESIAN_POINT('',(570.,22.642280067822,2.24467930384));
#720 = LINE('',#721,#722);
#721 = CARTESIAN_POINT('',(570.,9.098067202649,3.832621501825));
#722 = VECTOR('',#723,1.);
#723 = DIRECTION('',(0.,0.993197280005,-0.116443819035));
#724 = ORIENTED_EDGE('',*,*,#725,.F.);
#725 = EDGE_CURVE('',#726,#718,#728,.T.);
#726 = VERTEX_POINT('',#727);
#727 = CARTESIAN_POINT('',(0.,22.642280067822,2.24467930384));
#728 = LINE('',#729,#730);
#729 = CARTESIAN_POINT('',(0.,22.642280067822,2.24467930384));
#730 = VECTOR('',#731,1.);
#731 = DIRECTION('',(1.,0.,0.));
#732 = ORIENTED_EDGE('',*,*,#733,.F.);
#733 = EDGE_CURVE('',#694,#726,#734,.T.);
#734 = LINE('',#735,#736);
#735 = CARTESIAN_POINT('',(0.,9.098067202649,3.832621501825));
#736 = VECTOR('',#737,1.);
#737 = DIRECTION('',(0.,0.993197280005,-0.116443819035));
#738 = PLANE('',#739);
#739 = AXIS2_PLACEMENT_3D('',#740,#741,#742);
#740 = CARTESIAN_POINT('',(0.,9.098067202649,3.832621501825));
#741 = DIRECTION('',(-0.,0.116443819035,0.993197280005));
#742 = DIRECTION('',(0.,0.993197280005,-0.116443819035));
#743 = ADVANCED_FACE('',(#744),#771,.F.);
#744 = FACE_BOUND('',#745,.T.);
#745 = EDGE_LOOP('',(#746,#747,#756,#764));
#746 = ORIENTED_EDGE('',*,*,#725,.T.);
#747 = ORIENTED_EDGE('',*,*,#748,.T.);
#748 = EDGE_CURVE('',#718,#749,#751,.T.);
#749 = VERTEX_POINT('',#750);
#750 = CARTESIAN_POINT('',(570.,23.03498434315,2.369630870718));
#751 = CIRCLE('',#752,0.5);
#752 = AXIS2_PLACEMENT_3D('',#753,#754,#755);
#753 = CARTESIAN_POINT('',(570.,22.700501977339,2.741277943842));
#754 = DIRECTION('',(1.,0.,0.));
#755 = DIRECTION('',(0.,-0.116443819035,-0.993197280005));
#756 = ORIENTED_EDGE('',*,*,#757,.F.);
#757 = EDGE_CURVE('',#758,#749,#760,.T.);
#758 = VERTEX_POINT('',#759);
#759 = CARTESIAN_POINT('',(0.,23.03498434315,2.369630870718));
#760 = LINE('',#761,#762);
#761 = CARTESIAN_POINT('',(0.,23.03498434315,2.369630870718));
#762 = VECTOR('',#763,1.);
#763 = DIRECTION('',(1.,0.,0.));
#764 = ORIENTED_EDGE('',*,*,#765,.F.);
#765 = EDGE_CURVE('',#726,#758,#766,.T.);
#766 = CIRCLE('',#767,0.5);
#767 = AXIS2_PLACEMENT_3D('',#768,#769,#770);
#768 = CARTESIAN_POINT('',(0.,22.700501977339,2.741277943842));
#769 = DIRECTION('',(1.,0.,0.));
#770 = DIRECTION('',(0.,-0.116443819035,-0.993197280005));
#771 = CYLINDRICAL_SURFACE('',#772,0.5);
#772 = AXIS2_PLACEMENT_3D('',#773,#774,#775);
#773 = CARTESIAN_POINT('',(0.,22.700501977339,2.741277943842));
#774 = DIRECTION('',(-1.,-0.,-0.));
#775 = DIRECTION('',(0.,-0.116443819035,-0.993197280005));
#776 = ADVANCED_FACE('',(#777),#802,.T.);
#777 = FACE_BOUND('',#778,.T.);
#778 = EDGE_LOOP('',(#779,#780,#788,#796));
#779 = ORIENTED_EDGE('',*,*,#757,.T.);
#780 = ORIENTED_EDGE('',*,*,#781,.T.);
#781 = EDGE_CURVE('',#749,#782,#784,.T.);
#782 = VERTEX_POINT('',#783);
#783 = CARTESIAN_POINT('',(570.,24.732414107351,3.897317658499));
#784 = LINE('',#785,#786);
#785 = CARTESIAN_POINT('',(570.,23.03498434315,2.369630870718));
#786 = VECTOR('',#787,1.);
#787 = DIRECTION('',(0.,0.743294146247,0.668964731622));
#788 = ORIENTED_EDGE('',*,*,#789,.F.);
#789 = EDGE_CURVE('',#790,#782,#792,.T.);
#790 = VERTEX_POINT('',#791);
#791 = CARTESIAN_POINT('',(0.,24.732414107351,3.897317658499));
#792 = LINE('',#793,#794);
#793 = CARTESIAN_POINT('',(0.,24.732414107351,3.897317658499));
#794 = VECTOR('',#795,1.);
#795 = DIRECTION('',(1.,0.,0.));
#796 = ORIENTED_EDGE('',*,*,#797,.F.);
#797 = EDGE_CURVE('',#758,#790,#798,.T.);
#798 = LINE('',#799,#800);
#799 = CARTESIAN_POINT('',(0.,23.03498434315,2.369630870718));
#800 = VECTOR('',#801,1.);
#801 = DIRECTION('',(0.,0.743294146247,0.668964731622));
#802 = PLANE('',#803);
#803 = AXIS2_PLACEMENT_3D('',#804,#805,#806);
#804 = CARTESIAN_POINT('',(0.,23.03498434315,2.369630870718));
#805 = DIRECTION('',(0.,-0.668964731622,0.743294146247));
#806 = DIRECTION('',(0.,0.743294146247,0.668964731622));
#807 = ADVANCED_FACE('',(#808),#833,.T.);
#808 = FACE_BOUND('',#809,.T.);
#809 = EDGE_LOOP('',(#810,#811,#819,#827));
#810 = ORIENTED_EDGE('',*,*,#789,.T.);
#811 = ORIENTED_EDGE('',*,*,#812,.T.);
#812 = EDGE_CURVE('',#782,#813,#815,.T.);
#813 = VERTEX_POINT('',#814);
#814 = CARTESIAN_POINT('',(570.,25.267585892649,3.302682341501));
#815 = LINE('',#816,#817);
#816 = CARTESIAN_POINT('',(570.,24.732414107351,3.897317658499));
#817 = VECTOR('',#818,1.);
#818 = DIRECTION('',(0.,0.668964731622,-0.743294146247));
#819 = ORIENTED_EDGE('',*,*,#820,.F.);
#820 = EDGE_CURVE('',#821,#813,#823,.T.);
#821 = VERTEX_POINT('',#822);
#822 = CARTESIAN_POINT('',(0.,25.267585892649,3.302682341501));
#823 = LINE('',#824,#825);
#824 = CARTESIAN_POINT('',(0.,25.267585892649,3.302682341501));
#825 = VECTOR('',#826,1.);
#826 = DIRECTION('',(1.,0.,0.));
#827 = ORIENTED_EDGE('',*,*,#828,.F.);
#828 = EDGE_CURVE('',#790,#821,#829,.T.);
#829 = LINE('',#830,#831);
#830 = CARTESIAN_POINT('',(0.,24.732414107351,3.897317658499));
#831 = VECTOR('',#832,1.);
#832 = DIRECTION('',(0.,0.668964731622,-0.743294146247));
#833 = PLANE('',#834);
#834 = AXIS2_PLACEMENT_3D('',#835,#836,#837);
#835 = CARTESIAN_POINT('',(0.,24.732414107351,3.897317658499));
#836 = DIRECTION('',(-0.,0.743294146247,0.668964731622));
#837 = DIRECTION('',(0.,0.668964731622,-0.743294146247));
#838 = ADVANCED_FACE('',(#839),#864,.T.);
#839 = FACE_BOUND('',#840,.T.);
#840 = EDGE_LOOP('',(#841,#842,#850,#858));
#841 = ORIENTED_EDGE('',*,*,#820,.T.);
#842 = ORIENTED_EDGE('',*,*,#843,.T.);
#843 = EDGE_CURVE('',#813,#844,#846,.T.);
#844 = VERTEX_POINT('',#845);
#845 = CARTESIAN_POINT('',(570.,23.570156128448,1.774995553721));
#846 = LINE('',#847,#848);
#847 = CARTESIAN_POINT('',(570.,25.267585892649,3.302682341501));
#848 = VECTOR('',#849,1.);
#849 = DIRECTION('',(0.,-0.743294146247,-0.668964731622));
#850 = ORIENTED_EDGE('',*,*,#851,.F.);
#851 = EDGE_CURVE('',#852,#844,#854,.T.);
#852 = VERTEX_POINT('',#853);
#853 = CARTESIAN_POINT('',(0.,23.570156128448,1.774995553721));
#854 = LINE('',#855,#856);
#855 = CARTESIAN_POINT('',(0.,23.570156128448,1.774995553721));
#856 = VECTOR('',#857,1.);
#857 = DIRECTION('',(1.,0.,0.));
#858 = ORIENTED_EDGE('',*,*,#859,.F.);
#859 = EDGE_CURVE('',#821,#852,#860,.T.);
#860 = LINE('',#861,#862);
#861 = CARTESIAN_POINT('',(0.,25.267585892649,3.302682341501));
#862 = VECTOR('',#863,1.);
#863 = DIRECTION('',(0.,-0.743294146247,-0.668964731622));
#864 = PLANE('',#865);
#865 = AXIS2_PLACEMENT_3D('',#866,#867,#868);
#866 = CARTESIAN_POINT('',(0.,25.267585892649,3.302682341501));
#867 = DIRECTION('',(0.,0.668964731622,-0.743294146247));
#868 = DIRECTION('',(0.,-0.743294146247,-0.668964731622));
#869 = ADVANCED_FACE('',(#870),#897,.T.);
#870 = FACE_BOUND('',#871,.T.);
#871 = EDGE_LOOP('',(#872,#873,#882,#890));
#872 = ORIENTED_EDGE('',*,*,#851,.T.);
#873 = ORIENTED_EDGE('',*,*,#874,.T.);
#874 = EDGE_CURVE('',#844,#875,#877,.T.);
#875 = VERTEX_POINT('',#876);
#876 = CARTESIAN_POINT('',(570.,22.549125012594,1.450121479836));
#877 = CIRCLE('',#878,1.3);
#878 = AXIS2_PLACEMENT_3D('',#879,#880,#881);
#879 = CARTESIAN_POINT('',(570.,22.700501977339,2.741277943842));
#880 = DIRECTION('',(-1.,0.,0.));
#881 = DIRECTION('',(0.,0.668964731622,-0.743294146247));
#882 = ORIENTED_EDGE('',*,*,#883,.F.);
#883 = EDGE_CURVE('',#884,#875,#886,.T.);
#884 = VERTEX_POINT('',#885);
#885 = CARTESIAN_POINT('',(0.,22.549125012594,1.450121479836));
#886 = LINE('',#887,#888);
#887 = CARTESIAN_POINT('',(0.,22.549125012594,1.450121479836));
#888 = VECTOR('',#889,1.);
#889 = DIRECTION('',(1.,0.,0.));
#890 = ORIENTED_EDGE('',*,*,#891,.F.);
#891 = EDGE_CURVE('',#852,#884,#892,.T.);
#892 = CIRCLE('',#893,1.3);
#893 = AXIS2_PLACEMENT_3D('',#894,#895,#896);
#894 = CARTESIAN_POINT('',(0.,22.700501977339,2.741277943842));
#895 = DIRECTION('',(-1.,0.,0.));
#896 = DIRECTION('',(0.,0.668964731622,-0.743294146247));
#897 = CYLINDRICAL_SURFACE('',#898,1.3);
#898 = AXIS2_PLACEMENT_3D('',#899,#900,#901);
#899 = CARTESIAN_POINT('',(0.,22.700501977339,2.741277943842));
#900 = DIRECTION('',(-1.,0.,0.));
#901 = DIRECTION('',(0.,0.668964731622,-0.743294146247));
#902 = ADVANCED_FACE('',(#903),#928,.T.);
#903 = FACE_BOUND('',#904,.T.);
#904 = EDGE_LOOP('',(#905,#906,#914,#922));
#905 = ORIENTED_EDGE('',*,*,#883,.T.);
#906 = ORIENTED_EDGE('',*,*,#907,.T.);
#907 = EDGE_CURVE('',#875,#908,#910,.T.);
#908 = VERTEX_POINT('',#909);
#909 = CARTESIAN_POINT('',(570.,9.004912147421,3.038063677822));
#910 = LINE('',#911,#912);
#911 = CARTESIAN_POINT('',(570.,22.549125012594,1.450121479836));
#912 = VECTOR('',#913,1.);
#913 = DIRECTION('',(0.,-0.993197280005,0.116443819035));
#914 = ORIENTED_EDGE('',*,*,#915,.F.);
#915 = EDGE_CURVE('',#916,#908,#918,.T.);
#916 = VERTEX_POINT('',#917);
#917 = CARTESIAN_POINT('',(0.,9.004912147421,3.038063677822));
#918 = LINE('',#919,#920);
#919 = CARTESIAN_POINT('',(0.,9.004912147421,3.038063677822));
#920 = VECTOR('',#921,1.);
#921 = DIRECTION('',(1.,0.,0.));
#922 = ORIENTED_EDGE('',*,*,#923,.F.);
#923 = EDGE_CURVE('',#884,#916,#924,.T.);
#924 = LINE('',#925,#926);
#925 = CARTESIAN_POINT('',(0.,22.549125012594,1.450121479836));
#926 = VECTOR('',#927,1.);
#927 = DIRECTION('',(0.,-0.993197280005,0.116443819035));
#928 = PLANE('',#929);
#929 = AXIS2_PLACEMENT_3D('',#930,#931,#932);
#930 = CARTESIAN_POINT('',(0.,22.549125012594,1.450121479836));
#931 = DIRECTION('',(0.,-0.116443819035,-0.993197280005));
#932 = DIRECTION('',(0.,-0.993197280005,0.116443819035));
#933 = ADVANCED_FACE('',(#934),#961,.T.);
#934 = FACE_BOUND('',#935,.T.);
#935 = EDGE_LOOP('',(#936,#937,#946,#954));
#936 = ORIENTED_EDGE('',*,*,#915,.T.);
#937 = ORIENTED_EDGE('',*,*,#938,.T.);
#938 = EDGE_CURVE('',#908,#939,#941,.T.);
#939 = VERTEX_POINT('',#940);
#940 = CARTESIAN_POINT('',(570.,7.877213162787,3.783651190293));
#941 = CIRCLE('',#942,1.5);
#942 = AXIS2_PLACEMENT_3D('',#943,#944,#945);
#943 = CARTESIAN_POINT('',(570.,9.179577875973,4.527859597829));
#944 = DIRECTION('',(-1.,0.,0.));
#945 = DIRECTION('',(-0.,-0.116443819035,-0.993197280005));
#946 = ORIENTED_EDGE('',*,*,#947,.F.);
#947 = EDGE_CURVE('',#948,#939,#950,.T.);
#948 = VERTEX_POINT('',#949);
#949 = CARTESIAN_POINT('',(0.,7.877213162787,3.783651190293));
#950 = LINE('',#951,#952);
#951 = CARTESIAN_POINT('',(0.,7.877213162787,3.783651190293));
#952 = VECTOR('',#953,1.);
#953 = DIRECTION('',(1.,0.,0.));
#954 = ORIENTED_EDGE('',*,*,#955,.F.);
#955 = EDGE_CURVE('',#916,#948,#956,.T.);
#956 = CIRCLE('',#957,1.5);
#957 = AXIS2_PLACEMENT_3D('',#958,#959,#960);
#958 = CARTESIAN_POINT('',(0.,9.179577875973,4.527859597829));
#959 = DIRECTION('',(-1.,0.,0.));
#960 = DIRECTION('',(-0.,-0.116443819035,-0.993197280005));
#961 = CYLINDRICAL_SURFACE('',#962,1.5);
#962 = AXIS2_PLACEMENT_3D('',#963,#964,#965);
#963 = CARTESIAN_POINT('',(0.,9.179577875973,4.527859597829));
#964 = DIRECTION('',(-1.,0.,0.));
#965 = DIRECTION('',(-0.,-0.116443819035,-0.993197280005));
#966 = ADVANCED_FACE('',(#967),#992,.T.);
#967 = FACE_BOUND('',#968,.T.);
#968 = EDGE_LOOP('',(#969,#970,#978,#986));
#969 = ORIENTED_EDGE('',*,*,#947,.T.);
#970 = ORIENTED_EDGE('',*,*,#971,.T.);
#971 = EDGE_CURVE('',#939,#972,#974,.T.);
#972 = VERTEX_POINT('',#973);
#973 = CARTESIAN_POINT('',(570.,4.284459601026,10.070969923375));
#974 = LINE('',#975,#976);
#975 = CARTESIAN_POINT('',(570.,7.877213162787,3.783651190293));
#976 = VECTOR('',#977,1.);
#977 = DIRECTION('',(0.,-0.496138938357,0.868243142124));
#978 = ORIENTED_EDGE('',*,*,#979,.F.);
#979 = EDGE_CURVE('',#980,#972,#982,.T.);
#980 = VERTEX_POINT('',#981);
#981 = CARTESIAN_POINT('',(0.,4.284459601026,10.070969923375));
#982 = LINE('',#983,#984);
#983 = CARTESIAN_POINT('',(0.,4.284459601026,10.070969923375));
#984 = VECTOR('',#985,1.);
#985 = DIRECTION('',(1.,0.,0.));
#986 = ORIENTED_EDGE('',*,*,#987,.F.);
#987 = EDGE_CURVE('',#948,#980,#988,.T.);
#988 = LINE('',#989,#990);
#989 = CARTESIAN_POINT('',(0.,7.877213162787,3.783651190293));
#990 = VECTOR('',#991,1.);
#991 = DIRECTION('',(0.,-0.496138938357,0.868243142124));
#992 = PLANE('',#993);
#993 = AXIS2_PLACEMENT_3D('',#994,#995,#996);
#994 = CARTESIAN_POINT('',(0.,7.877213162787,3.783651190293));
#995 = DIRECTION('',(0.,-0.868243142124,-0.496138938357));
#996 = DIRECTION('',(0.,-0.496138938357,0.868243142124));
#997 = ADVANCED_FACE('',(#998),#1025,.T.);
#998 = FACE_BOUND('',#999,.T.);
#999 = EDGE_LOOP('',(#1000,#1001,#1010,#1018));
#1000 = ORIENTED_EDGE('',*,*,#979,.T.);
#1001 = ORIENTED_EDGE('',*,*,#1002,.T.);
#1002 = EDGE_CURVE('',#972,#1003,#1005,.T.);
#1003 = VERTEX_POINT('',#1004);
#1004 = CARTESIAN_POINT('',(570.,4.1,10.765564437075));
#1005 = CIRCLE('',#1006,1.4);
#1006 = AXIS2_PLACEMENT_3D('',#1007,#1008,#1009);
#1007 = CARTESIAN_POINT('',(570.,5.5,10.765564437075));
#1008 = DIRECTION('',(-1.,0.,0.));
#1009 = DIRECTION('',(-0.,-0.868243142124,-0.496138938357));
#1010 = ORIENTED_EDGE('',*,*,#1011,.F.);
#1011 = EDGE_CURVE('',#1012,#1003,#1014,.T.);
#1012 = VERTEX_POINT('',#1013);
#1013 = CARTESIAN_POINT('',(0.,4.1,10.765564437075));
#1014 = LINE('',#1015,#1016);
#1015 = CARTESIAN_POINT('',(0.,4.1,10.765564437075));
#1016 = VECTOR('',#1017,1.);
#1017 = DIRECTION('',(1.,0.,0.));
#1018 = ORIENTED_EDGE('',*,*,#1019,.F.);
#1019 = EDGE_CURVE('',#980,#1012,#1020,.T.);
#1020 = CIRCLE('',#1021,1.4);
#1021 = AXIS2_PLACEMENT_3D('',#1022,#1023,#1024);
#1022 = CARTESIAN_POINT('',(0.,5.5,10.765564437075));
#1023 = DIRECTION('',(-1.,0.,0.));
#1024 = DIRECTION('',(-0.,-0.868243142124,-0.496138938357));
#1025 = CYLINDRICAL_SURFACE('',#1026,1.4);
#1026 = AXIS2_PLACEMENT_3D('',#1027,#1028,#1029);
#1027 = CARTESIAN_POINT('',(0.,5.5,10.765564437075));
#1028 = DIRECTION('',(-1.,0.,0.));
#1029 = DIRECTION('',(-0.,-0.868243142124,-0.496138938357));
#1030 = ADVANCED_FACE('',(#1031),#1056,.T.);
#1031 = FACE_BOUND('',#1032,.T.);
#1032 = EDGE_LOOP('',(#1033,#1034,#1042,#1050));
#1033 = ORIENTED_EDGE('',*,*,#1011,.T.);
#1034 = ORIENTED_EDGE('',*,*,#1035,.T.);
#1035 = EDGE_CURVE('',#1003,#1036,#1038,.T.);
#1036 = VERTEX_POINT('',#1037);
#1037 = CARTESIAN_POINT('',(570.,4.1,26.4));
#1038 = LINE('',#1039,#1040);
#1039 = CARTESIAN_POINT('',(570.,4.1,10.765564437075));
#1040 = VECTOR('',#1041,1.);
#1041 = DIRECTION('',(0.,0.,1.));
#1042 = ORIENTED_EDGE('',*,*,#1043,.F.);
#1043 = EDGE_CURVE('',#1044,#1036,#1046,.T.);
#1044 = VERTEX_POINT('',#1045);
#1045 = CARTESIAN_POINT('',(0.,4.1,26.4));
#1046 = LINE('',#1047,#1048);
#1047 = CARTESIAN_POINT('',(0.,4.1,26.4));
#1048 = VECTOR('',#1049,1.);
#1049 = DIRECTION('',(1.,0.,0.));
#1050 = ORIENTED_EDGE('',*,*,#1051,.F.);
#1051 = EDGE_CURVE('',#1012,#1044,#1052,.T.);
#1052 = LINE('',#1053,#1054);
#1053 = CARTESIAN_POINT('',(0.,4.1,10.765564437075));
#1054 = VECTOR('',#1055,1.);
#1055 = DIRECTION('',(0.,0.,1.));
#1056 = PLANE('',#1057);
#1057 = AXIS2_PLACEMENT_3D('',#1058,#1059,#1060);
#1058 = CARTESIAN_POINT('',(0.,4.1,10.765564437075));
#1059 = DIRECTION('',(0.,-1.,0.));
#1060 = DIRECTION('',(0.,0.,1.));
#1061 = ADVANCED_FACE('',(#1062),#1089,.T.);
#1062 = FACE_BOUND('',#1063,.T.);
#1063 = EDGE_LOOP('',(#1064,#1065,#1074,#1082));
#1064 = ORIENTED_EDGE('',*,*,#1043,.T.);
#1065 = ORIENTED_EDGE('',*,*,#1066,.T.);
#1066 = EDGE_CURVE('',#1036,#1067,#1069,.T.);
#1067 = VERTEX_POINT('',#1068);
#1068 = CARTESIAN_POINT('',(570.,5.5,27.8));
#1069 = CIRCLE('',#1070,1.4);
#1070 = AXIS2_PLACEMENT_3D('',#1071,#1072,#1073);
#1071 = CARTESIAN_POINT('',(570.,5.5,26.4));
#1072 = DIRECTION('',(-1.,0.,0.));
#1073 = DIRECTION('',(-0.,-1.,-2.537652627715E-15));
#1074 = ORIENTED_EDGE('',*,*,#1075,.F.);
#1075 = EDGE_CURVE('',#1076,#1067,#1078,.T.);
#1076 = VERTEX_POINT('',#1077);
#1077 = CARTESIAN_POINT('',(0.,5.5,27.8));
#1078 = LINE('',#1079,#1080);
#1079 = CARTESIAN_POINT('',(0.,5.5,27.8));
#1080 = VECTOR('',#1081,1.);
#1081 = DIRECTION('',(1.,0.,0.));
#1082 = ORIENTED_EDGE('',*,*,#1083,.F.);
#1083 = EDGE_CURVE('',#1044,#1076,#1084,.T.);
#1084 = CIRCLE('',#1085,1.4);
#1085 = AXIS2_PLACEMENT_3D('',#1086,#1087,#1088);
#1086 = CARTESIAN_POINT('',(0.,5.5,26.4));
#1087 = DIRECTION('',(-1.,0.,0.));
#1088 = DIRECTION('',(-0.,-1.,-2.537652627715E-15));
#1089 = CYLINDRICAL_SURFACE('',#1090,1.4);
#1090 = AXIS2_PLACEMENT_3D('',#1091,#1092,#1093);
#1091 = CARTESIAN_POINT('',(0.,5.5,26.4));
#1092 = DIRECTION('',(-1.,0.,0.));
#1093 = DIRECTION('',(-0.,-1.,-2.537652627715E-15));
#1094 = ADVANCED_FACE('',(#1095),#1120,.T.);
#1095 = FACE_BOUND('',#1096,.T.);
#1096 = EDGE_LOOP('',(#1097,#1098,#1106,#1114));
#1097 = ORIENTED_EDGE('',*,*,#1075,.T.);
#1098 = ORIENTED_EDGE('',*,*,#1099,.T.);
#1099 = EDGE_CURVE('',#1067,#1100,#1102,.T.);
#1100 = VERTEX_POINT('',#1101);
#1101 = CARTESIAN_POINT('',(570.,7.,27.8));
#1102 = LINE('',#1103,#1104);
#1103 = CARTESIAN_POINT('',(570.,5.5,27.8));
#1104 = VECTOR('',#1105,1.);
#1105 = DIRECTION('',(0.,1.,0.));
#1106 = ORIENTED_EDGE('',*,*,#1107,.F.);
#1107 = EDGE_CURVE('',#1108,#1100,#1110,.T.);
#1108 = VERTEX_POINT('',#1109);
#1109 = CARTESIAN_POINT('',(0.,7.,27.8));
#1110 = LINE('',#1111,#1112);
#1111 = CARTESIAN_POINT('',(0.,7.,27.8));
#1112 = VECTOR('',#1113,1.);
#1113 = DIRECTION('',(1.,0.,0.));
#1114 = ORIENTED_EDGE('',*,*,#1115,.F.);
#1115 = EDGE_CURVE('',#1076,#1108,#1116,.T.);
#1116 = LINE('',#1117,#1118);
#1117 = CARTESIAN_POINT('',(0.,5.5,27.8));
#1118 = VECTOR('',#1119,1.);
#1119 = DIRECTION('',(0.,1.,0.));
#1120 = PLANE('',#1121);
#1121 = AXIS2_PLACEMENT_3D('',#1122,#1123,#1124);
#1122 = CARTESIAN_POINT('',(0.,5.5,27.8));
#1123 = DIRECTION('',(0.,0.,1.));
#1124 = DIRECTION('',(0.,1.,0.));
#1125 = ADVANCED_FACE('',(#1126),#1153,.F.);
#1126 = FACE_BOUND('',#1127,.T.);
#1127 = EDGE_LOOP('',(#1128,#1129,#1138,#1146));
#1128 = ORIENTED_EDGE('',*,*,#1107,.T.);
#1129 = ORIENTED_EDGE('',*,*,#1130,.T.);
#1130 = EDGE_CURVE('',#1100,#1131,#1133,.T.);
#1131 = VERTEX_POINT('',#1132);
#1132 = CARTESIAN_POINT('',(570.,7.,29.2));
#1133 = CIRCLE('',#1134,0.7);
#1134 = AXIS2_PLACEMENT_3D('',#1135,#1136,#1137);
#1135 = CARTESIAN_POINT('',(570.,7.,28.5));
#1136 = DIRECTION('',(1.,0.,-0.));
#1137 = DIRECTION('',(-0.,2.537652627715E-15,-1.));
#1138 = ORIENTED_EDGE('',*,*,#1139,.F.);
#1139 = EDGE_CURVE('',#1140,#1131,#1142,.T.);
#1140 = VERTEX_POINT('',#1141);
#1141 = CARTESIAN_POINT('',(0.,7.,29.2));
#1142 = LINE('',#1143,#1144);
#1143 = CARTESIAN_POINT('',(0.,7.,29.2));
#1144 = VECTOR('',#1145,1.);
#1145 = DIRECTION('',(1.,0.,0.));
#1146 = ORIENTED_EDGE('',*,*,#1147,.F.);
#1147 = EDGE_CURVE('',#1108,#1140,#1148,.T.);
#1148 = CIRCLE('',#1149,0.7);
#1149 = AXIS2_PLACEMENT_3D('',#1150,#1151,#1152);
#1150 = CARTESIAN_POINT('',(0.,7.,28.5));
#1151 = DIRECTION('',(1.,0.,-0.));
#1152 = DIRECTION('',(-0.,2.537652627715E-15,-1.));
#1153 = CYLINDRICAL_SURFACE('',#1154,0.7);
#1154 = AXIS2_PLACEMENT_3D('',#1155,#1156,#1157);
#1155 = CARTESIAN_POINT('',(0.,7.,28.5));
#1156 = DIRECTION('',(-1.,-0.,0.));
#1157 = DIRECTION('',(-0.,2.537652627715E-15,-1.));
#1158 = ADVANCED_FACE('',(#1159),#1184,.T.);
#1159 = FACE_BOUND('',#1160,.T.);
#1160 = EDGE_LOOP('',(#1161,#1162,#1170,#1178));
#1161 = ORIENTED_EDGE('',*,*,#1139,.T.);
#1162 = ORIENTED_EDGE('',*,*,#1163,.T.);
#1163 = EDGE_CURVE('',#1131,#1164,#1166,.T.);
#1164 = VERTEX_POINT('',#1165);
#1165 = CARTESIAN_POINT('',(570.,2.,29.2));
#1166 = LINE('',#1167,#1168);
#1167 = CARTESIAN_POINT('',(570.,7.,29.2));
#1168 = VECTOR('',#1169,1.);
#1169 = DIRECTION('',(0.,-1.,0.));
#1170 = ORIENTED_EDGE('',*,*,#1171,.F.);
#1171 = EDGE_CURVE('',#1172,#1164,#1174,.T.);
#1172 = VERTEX_POINT('',#1173);
#1173 = CARTESIAN_POINT('',(0.,2.,29.2));
#1174 = LINE('',#1175,#1176);
#1175 = CARTESIAN_POINT('',(0.,2.,29.2));
#1176 = VECTOR('',#1177,1.);
#1177 = DIRECTION('',(1.,0.,0.));
#1178 = ORIENTED_EDGE('',*,*,#1179,.F.);
#1179 = EDGE_CURVE('',#1140,#1172,#1180,.T.);
#1180 = LINE('',#1181,#1182);
#1181 = CARTESIAN_POINT('',(0.,7.,29.2));
#1182 = VECTOR('',#1183,1.);
#1183 = DIRECTION('',(0.,-1.,0.));
#1184 = PLANE('',#1185);
#1185 = AXIS2_PLACEMENT_3D('',#1186,#1187,#1188);
#1186 = CARTESIAN_POINT('',(0.,7.,29.2));
#1187 = DIRECTION('',(0.,0.,-1.));
#1188 = DIRECTION('',(0.,-1.,0.));
#1189 = ADVANCED_FACE('',(#1190),#1217,.F.);
#1190 = FACE_BOUND('',#1191,.T.);
#1191 = EDGE_LOOP('',(#1192,#1193,#1202,#1210));
#1192 = ORIENTED_EDGE('',*,*,#1171,.T.);
#1193 = ORIENTED_EDGE('',*,*,#1194,.T.);
#1194 = EDGE_CURVE('',#1164,#1195,#1197,.T.);
#1195 = VERTEX_POINT('',#1196);
#1196 = CARTESIAN_POINT('',(570.,0.8,28.));
#1197 = CIRCLE('',#1198,1.2);
#1198 = AXIS2_PLACEMENT_3D('',#1199,#1200,#1201);
#1199 = CARTESIAN_POINT('',(570.,2.,28.));
#1200 = DIRECTION('',(1.,0.,0.));
#1201 = DIRECTION('',(-0.,2.590520390792E-15,1.));
#1202 = ORIENTED_EDGE('',*,*,#1203,.F.);
#1203 = EDGE_CURVE('',#1204,#1195,#1206,.T.);
#1204 = VERTEX_POINT('',#1205);
#1205 = CARTESIAN_POINT('',(0.,0.8,28.));
#1206 = LINE('',#1207,#1208);
#1207 = CARTESIAN_POINT('',(0.,0.8,28.));
#1208 = VECTOR('',#1209,1.);
#1209 = DIRECTION('',(1.,0.,0.));
#1210 = ORIENTED_EDGE('',*,*,#1211,.F.);
#1211 = EDGE_CURVE('',#1172,#1204,#1212,.T.);
#1212 = CIRCLE('',#1213,1.2);
#1213 = AXIS2_PLACEMENT_3D('',#1214,#1215,#1216);
#1214 = CARTESIAN_POINT('',(0.,2.,28.));
#1215 = DIRECTION('',(1.,0.,0.));
#1216 = DIRECTION('',(-0.,2.590520390792E-15,1.));
#1217 = CYLINDRICAL_SURFACE('',#1218,1.2);
#1218 = AXIS2_PLACEMENT_3D('',#1219,#1220,#1221);
#1219 = CARTESIAN_POINT('',(0.,2.,28.));
#1220 = DIRECTION('',(-1.,-0.,-0.));
#1221 = DIRECTION('',(-0.,2.590520390792E-15,1.));
#1222 = ADVANCED_FACE('',(#1223),#1248,.T.);
#1223 = FACE_BOUND('',#1224,.T.);
#1224 = EDGE_LOOP('',(#1225,#1226,#1234,#1242));
#1225 = ORIENTED_EDGE('',*,*,#1203,.T.);
#1226 = ORIENTED_EDGE('',*,*,#1227,.T.);
#1227 = EDGE_CURVE('',#1195,#1228,#1230,.T.);
#1228 = VERTEX_POINT('',#1229);
#1229 = CARTESIAN_POINT('',(570.,0.8,1.25));
#1230 = LINE('',#1231,#1232);
#1231 = CARTESIAN_POINT('',(570.,0.8,28.));
#1232 = VECTOR('',#1233,1.);
#1233 = DIRECTION('',(0.,0.,-1.));
#1234 = ORIENTED_EDGE('',*,*,#1235,.F.);
#1235 = EDGE_CURVE('',#1236,#1228,#1238,.T.);
#1236 = VERTEX_POINT('',#1237);
#1237 = CARTESIAN_POINT('',(0.,0.8,1.25));
#1238 = LINE('',#1239,#1240);
#1239 = CARTESIAN_POINT('',(0.,0.8,1.25));
#1240 = VECTOR('',#1241,1.);
#1241 = DIRECTION('',(1.,0.,0.));
#1242 = ORIENTED_EDGE('',*,*,#1243,.F.);
#1243 = EDGE_CURVE('',#1204,#1236,#1244,.T.);
#1244 = LINE('',#1245,#1246);
#1245 = CARTESIAN_POINT('',(0.,0.8,28.));
#1246 = VECTOR('',#1247,1.);
#1247 = DIRECTION('',(0.,0.,-1.));
#1248 = PLANE('',#1249);
#1249 = AXIS2_PLACEMENT_3D('',#1250,#1251,#1252);
#1250 = CARTESIAN_POINT('',(0.,0.8,28.));
#1251 = DIRECTION('',(-0.,1.,0.));
#1252 = DIRECTION('',(0.,0.,-1.));
#1253 = ADVANCED_FACE('',(#1254),#1281,.F.);
#1254 = FACE_BOUND('',#1255,.T.);
#1255 = EDGE_LOOP('',(#1256,#1257,#1266,#1274));
#1256 = ORIENTED_EDGE('',*,*,#1235,.T.);
#1257 = ORIENTED_EDGE('',*,*,#1258,.T.);
#1258 = EDGE_CURVE('',#1228,#1259,#1261,.T.);
#1259 = VERTEX_POINT('',#1260);
#1260 = CARTESIAN_POINT('',(570.,1.25,0.8));
#1261 = CIRCLE('',#1262,0.45);
#1262 = AXIS2_PLACEMENT_3D('',#1263,#1264,#1265);
#1263 = CARTESIAN_POINT('',(570.,1.25,1.25));
#1264 = DIRECTION('',(1.,0.,0.));
#1265 = DIRECTION('',(0.,-1.,0.));
#1266 = ORIENTED_EDGE('',*,*,#1267,.F.);
#1267 = EDGE_CURVE('',#1268,#1259,#1270,.T.);
#1268 = VERTEX_POINT('',#1269);
#1269 = CARTESIAN_POINT('',(0.,1.25,0.8));
#1270 = LINE('',#1271,#1272);
#1271 = CARTESIAN_POINT('',(0.,1.25,0.8));
#1272 = VECTOR('',#1273,1.);
#1273 = DIRECTION('',(1.,0.,0.));
#1274 = ORIENTED_EDGE('',*,*,#1275,.F.);
#1275 = EDGE_CURVE('',#1236,#1268,#1276,.T.);
#1276 = CIRCLE('',#1277,0.45);
#1277 = AXIS2_PLACEMENT_3D('',#1278,#1279,#1280);
#1278 = CARTESIAN_POINT('',(0.,1.25,1.25));
#1279 = DIRECTION('',(1.,0.,0.));
#1280 = DIRECTION('',(0.,-1.,0.));
#1281 = CYLINDRICAL_SURFACE('',#1282,0.45);
#1282 = AXIS2_PLACEMENT_3D('',#1283,#1284,#1285);
#1283 = CARTESIAN_POINT('',(0.,1.25,1.25));
#1284 = DIRECTION('',(-1.,-0.,-0.));
#1285 = DIRECTION('',(0.,-1.,0.));
#1286 = ADVANCED_FACE('',(#1287),#1312,.T.);
#1287 = FACE_BOUND('',#1288,.T.);
#1288 = EDGE_LOOP('',(#1289,#1290,#1298,#1306));
#1289 = ORIENTED_EDGE('',*,*,#1267,.T.);
#1290 = ORIENTED_EDGE('',*,*,#1291,.T.);
#1291 = EDGE_CURVE('',#1259,#1292,#1294,.T.);
#1292 = VERTEX_POINT('',#1293);
#1293 = CARTESIAN_POINT('',(570.,3.55,0.8));
#1294 = LINE('',#1295,#1296);
#1295 = CARTESIAN_POINT('',(570.,1.25,0.8));
#1296 = VECTOR('',#1297,1.);
#1297 = DIRECTION('',(0.,1.,0.));
#1298 = ORIENTED_EDGE('',*,*,#1299,.F.);
#1299 = EDGE_CURVE('',#1300,#1292,#1302,.T.);
#1300 = VERTEX_POINT('',#1301);
#1301 = CARTESIAN_POINT('',(0.,3.55,0.8));
#1302 = LINE('',#1303,#1304);
#1303 = CARTESIAN_POINT('',(0.,3.55,0.8));
#1304 = VECTOR('',#1305,1.);
#1305 = DIRECTION('',(1.,0.,0.));
#1306 = ORIENTED_EDGE('',*,*,#1307,.F.);
#1307 = EDGE_CURVE('',#1268,#1300,#1308,.T.);
#1308 = LINE('',#1309,#1310);
#1309 = CARTESIAN_POINT('',(0.,1.25,0.8));
#1310 = VECTOR('',#1311,1.);
#1311 = DIRECTION('',(0.,1.,0.));
#1312 = PLANE('',#1313);
#1313 = AXIS2_PLACEMENT_3D('',#1314,#1315,#1316);
#1314 = CARTESIAN_POINT('',(0.,1.25,0.8));
#1315 = DIRECTION('',(0.,0.,1.));
#1316 = DIRECTION('',(0.,1.,0.));
#1317 = ADVANCED_FACE('',(#1318),#1345,.F.);
#1318 = FACE_BOUND('',#1319,.T.);
#1319 = EDGE_LOOP('',(#1320,#1321,#1330,#1338));
#1320 = ORIENTED_EDGE('',*,*,#1299,.T.);
#1321 = ORIENTED_EDGE('',*,*,#1322,.T.);
#1322 = EDGE_CURVE('',#1292,#1323,#1325,.T.);
#1323 = VERTEX_POINT('',#1324);
#1324 = CARTESIAN_POINT('',(570.,4.,1.25));
#1325 = CIRCLE('',#1326,0.45);
#1326 = AXIS2_PLACEMENT_3D('',#1327,#1328,#1329);
#1327 = CARTESIAN_POINT('',(570.,3.55,1.25));
#1328 = DIRECTION('',(1.,0.,0.));
#1329 = DIRECTION('',(0.,-9.868649107779E-16,-1.));
#1330 = ORIENTED_EDGE('',*,*,#1331,.F.);
#1331 = EDGE_CURVE('',#1332,#1323,#1334,.T.);
#1332 = VERTEX_POINT('',#1333);
#1333 = CARTESIAN_POINT('',(0.,4.,1.25));
#1334 = LINE('',#1335,#1336);
#1335 = CARTESIAN_POINT('',(0.,4.,1.25));
#1336 = VECTOR('',#1337,1.);
#1337 = DIRECTION('',(1.,0.,0.));
#1338 = ORIENTED_EDGE('',*,*,#1339,.F.);
#1339 = EDGE_CURVE('',#1300,#1332,#1340,.T.);
#1340 = CIRCLE('',#1341,0.45);
#1341 = AXIS2_PLACEMENT_3D('',#1342,#1343,#1344);
#1342 = CARTESIAN_POINT('',(0.,3.55,1.25));
#1343 = DIRECTION('',(1.,0.,0.));
#1344 = DIRECTION('',(0.,-9.868649107779E-16,-1.));
#1345 = CYLINDRICAL_SURFACE('',#1346,0.45);
#1346 = AXIS2_PLACEMENT_3D('',#1347,#1348,#1349);
#1347 = CARTESIAN_POINT('',(0.,3.55,1.25));
#1348 = DIRECTION('',(-1.,-0.,-0.));
#1349 = DIRECTION('',(0.,-9.868649107779E-16,-1.));
#1350 = ADVANCED_FACE('',(#1351),#1376,.T.);
#1351 = FACE_BOUND('',#1352,.T.);
#1352 = EDGE_LOOP('',(#1353,#1354,#1362,#1370));
#1353 = ORIENTED_EDGE('',*,*,#1331,.T.);
#1354 = ORIENTED_EDGE('',*,*,#1355,.T.);
#1355 = EDGE_CURVE('',#1323,#1356,#1358,.T.);
#1356 = VERTEX_POINT('',#1357);
#1357 = CARTESIAN_POINT('',(570.,4.,3.65));
#1358 = LINE('',#1359,#1360);
#1359 = CARTESIAN_POINT('',(570.,4.,1.25));
#1360 = VECTOR('',#1361,1.);
#1361 = DIRECTION('',(0.,0.,1.));
#1362 = ORIENTED_EDGE('',*,*,#1363,.F.);
#1363 = EDGE_CURVE('',#1364,#1356,#1366,.T.);
#1364 = VERTEX_POINT('',#1365);
#1365 = CARTESIAN_POINT('',(0.,4.,3.65));
#1366 = LINE('',#1367,#1368);
#1367 = CARTESIAN_POINT('',(0.,4.,3.65));
#1368 = VECTOR('',#1369,1.);
#1369 = DIRECTION('',(1.,0.,0.));
#1370 = ORIENTED_EDGE('',*,*,#1371,.F.);
#1371 = EDGE_CURVE('',#1332,#1364,#1372,.T.);
#1372 = LINE('',#1373,#1374);
#1373 = CARTESIAN_POINT('',(0.,4.,1.25));
#1374 = VECTOR('',#1375,1.);
#1375 = DIRECTION('',(0.,0.,1.));
#1376 = PLANE('',#1377);
#1377 = AXIS2_PLACEMENT_3D('',#1378,#1379,#1380);
#1378 = CARTESIAN_POINT('',(0.,4.,1.25));
#1379 = DIRECTION('',(0.,-1.,0.));
#1380 = DIRECTION('',(0.,0.,1.));
#1381 = ADVANCED_FACE('',(#1382),#1409,.T.);
#1382 = FACE_BOUND('',#1383,.T.);
#1383 = EDGE_LOOP('',(#1384,#1385,#1394,#1402));
#1384 = ORIENTED_EDGE('',*,*,#1363,.T.);
#1385 = ORIENTED_EDGE('',*,*,#1386,.T.);
#1386 = EDGE_CURVE('',#1356,#1387,#1389,.T.);
#1387 = VERTEX_POINT('',#1388);
#1388 = CARTESIAN_POINT('',(570.,5.25,4.9));
#1389 = CIRCLE('',#1390,1.25);
#1390 = AXIS2_PLACEMENT_3D('',#1391,#1392,#1393);
#1391 = CARTESIAN_POINT('',(570.,5.25,3.65));
#1392 = DIRECTION('',(-1.,0.,0.));
#1393 = DIRECTION('',(-0.,-1.,-1.06581410364E-15));
#1394 = ORIENTED_EDGE('',*,*,#1395,.F.);
#1395 = EDGE_CURVE('',#1396,#1387,#1398,.T.);
#1396 = VERTEX_POINT('',#1397);
#1397 = CARTESIAN_POINT('',(0.,5.25,4.9));
#1398 = LINE('',#1399,#1400);
#1399 = CARTESIAN_POINT('',(0.,5.25,4.9));
#1400 = VECTOR('',#1401,1.);
#1401 = DIRECTION('',(1.,0.,0.));
#1402 = ORIENTED_EDGE('',*,*,#1403,.F.);
#1403 = EDGE_CURVE('',#1364,#1396,#1404,.T.);
#1404 = CIRCLE('',#1405,1.25);
#1405 = AXIS2_PLACEMENT_3D('',#1406,#1407,#1408);
#1406 = CARTESIAN_POINT('',(0.,5.25,3.65));
#1407 = DIRECTION('',(-1.,0.,0.));
#1408 = DIRECTION('',(-0.,-1.,-1.06581410364E-15));
#1409 = CYLINDRICAL_SURFACE('',#1410,1.25);
#1410 = AXIS2_PLACEMENT_3D('',#1411,#1412,#1413);
#1411 = CARTESIAN_POINT('',(0.,5.25,3.65));
#1412 = DIRECTION('',(-1.,0.,0.));
#1413 = DIRECTION('',(-0.,-1.,-1.06581410364E-15));
#1414 = ADVANCED_FACE('',(#1415),#1440,.T.);
#1415 = FACE_BOUND('',#1416,.T.);
#1416 = EDGE_LOOP('',(#1417,#1418,#1426,#1434));
#1417 = ORIENTED_EDGE('',*,*,#1395,.T.);
#1418 = ORIENTED_EDGE('',*,*,#1419,.T.);
#1419 = EDGE_CURVE('',#1387,#1420,#1422,.T.);
#1420 = VERTEX_POINT('',#1421);
#1421 = CARTESIAN_POINT('',(570.,5.55,4.9));
#1422 = LINE('',#1423,#1424);
#1423 = CARTESIAN_POINT('',(570.,5.25,4.9));
#1424 = VECTOR('',#1425,1.);
#1425 = DIRECTION('',(0.,1.,0.));
#1426 = ORIENTED_EDGE('',*,*,#1427,.F.);
#1427 = EDGE_CURVE('',#1428,#1420,#1430,.T.);
#1428 = VERTEX_POINT('',#1429);
#1429 = CARTESIAN_POINT('',(0.,5.55,4.9));
#1430 = LINE('',#1431,#1432);
#1431 = CARTESIAN_POINT('',(0.,5.55,4.9));
#1432 = VECTOR('',#1433,1.);
#1433 = DIRECTION('',(1.,0.,0.));
#1434 = ORIENTED_EDGE('',*,*,#1435,.F.);
#1435 = EDGE_CURVE('',#1396,#1428,#1436,.T.);
#1436 = LINE('',#1437,#1438);
#1437 = CARTESIAN_POINT('',(0.,5.25,4.9));
#1438 = VECTOR('',#1439,1.);
#1439 = DIRECTION('',(0.,1.,0.));
#1440 = PLANE('',#1441);
#1441 = AXIS2_PLACEMENT_3D('',#1442,#1443,#1444);
#1442 = CARTESIAN_POINT('',(0.,5.25,4.9));
#1443 = DIRECTION('',(0.,0.,1.));
#1444 = DIRECTION('',(0.,1.,0.));
#1445 = ADVANCED_FACE('',(#1446),#1473,.T.);
#1446 = FACE_BOUND('',#1447,.T.);
#1447 = EDGE_LOOP('',(#1448,#1449,#1458,#1466));
#1448 = ORIENTED_EDGE('',*,*,#1427,.T.);
#1449 = ORIENTED_EDGE('',*,*,#1450,.T.);
#1450 = EDGE_CURVE('',#1420,#1451,#1453,.T.);
#1451 = VERTEX_POINT('',#1452);
#1452 = CARTESIAN_POINT('',(570.,6.8,3.65));
#1453 = CIRCLE('',#1454,1.25);
#1454 = AXIS2_PLACEMENT_3D('',#1455,#1456,#1457);
#1455 = CARTESIAN_POINT('',(570.,5.55,3.65));
#1456 = DIRECTION('',(-1.,0.,0.));
#1457 = DIRECTION('',(0.,0.,1.));
#1458 = ORIENTED_EDGE('',*,*,#1459,.F.);
#1459 = EDGE_CURVE('',#1460,#1451,#1462,.T.);
#1460 = VERTEX_POINT('',#1461);
#1461 = CARTESIAN_POINT('',(0.,6.8,3.65));
#1462 = LINE('',#1463,#1464);
#1463 = CARTESIAN_POINT('',(0.,6.8,3.65));
#1464 = VECTOR('',#1465,1.);
#1465 = DIRECTION('',(1.,0.,0.));
#1466 = ORIENTED_EDGE('',*,*,#1467,.F.);
#1467 = EDGE_CURVE('',#1428,#1460,#1468,.T.);
#1468 = CIRCLE('',#1469,1.25);
#1469 = AXIS2_PLACEMENT_3D('',#1470,#1471,#1472);
#1470 = CARTESIAN_POINT('',(0.,5.55,3.65));
#1471 = DIRECTION('',(-1.,0.,0.));
#1472 = DIRECTION('',(0.,0.,1.));
#1473 = CYLINDRICAL_SURFACE('',#1474,1.25);
#1474 = AXIS2_PLACEMENT_3D('',#1475,#1476,#1477);
#1475 = CARTESIAN_POINT('',(0.,5.55,3.65));
#1476 = DIRECTION('',(-1.,0.,0.));
#1477 = DIRECTION('',(0.,0.,1.));
#1478 = ADVANCED_FACE('',(#1479),#1504,.T.);
#1479 = FACE_BOUND('',#1480,.T.);
#1480 = EDGE_LOOP('',(#1481,#1482,#1490,#1498));
#1481 = ORIENTED_EDGE('',*,*,#1459,.T.);
#1482 = ORIENTED_EDGE('',*,*,#1483,.T.);
#1483 = EDGE_CURVE('',#1451,#1484,#1486,.T.);
#1484 = VERTEX_POINT('',#1485);
#1485 = CARTESIAN_POINT('',(570.,6.8,1.25));
#1486 = LINE('',#1487,#1488);
#1487 = CARTESIAN_POINT('',(570.,6.8,3.65));
#1488 = VECTOR('',#1489,1.);
#1489 = DIRECTION('',(0.,0.,-1.));
#1490 = ORIENTED_EDGE('',*,*,#1491,.F.);
#1491 = EDGE_CURVE('',#1492,#1484,#1494,.T.);
#1492 = VERTEX_POINT('',#1493);
#1493 = CARTESIAN_POINT('',(0.,6.8,1.25));
#1494 = LINE('',#1495,#1496);
#1495 = CARTESIAN_POINT('',(0.,6.8,1.25));
#1496 = VECTOR('',#1497,1.);
#1497 = DIRECTION('',(1.,0.,0.));
#1498 = ORIENTED_EDGE('',*,*,#1499,.F.);
#1499 = EDGE_CURVE('',#1460,#1492,#1500,.T.);
#1500 = LINE('',#1501,#1502);
#1501 = CARTESIAN_POINT('',(0.,6.8,3.65));
#1502 = VECTOR('',#1503,1.);
#1503 = DIRECTION('',(0.,0.,-1.));
#1504 = PLANE('',#1505);
#1505 = AXIS2_PLACEMENT_3D('',#1506,#1507,#1508);
#1506 = CARTESIAN_POINT('',(0.,6.8,3.65));
#1507 = DIRECTION('',(-0.,1.,0.));
#1508 = DIRECTION('',(0.,0.,-1.));
#1509 = ADVANCED_FACE('',(#1510),#1537,.F.);
#1510 = FACE_BOUND('',#1511,.T.);
#1511 = EDGE_LOOP('',(#1512,#1513,#1522,#1530));
#1512 = ORIENTED_EDGE('',*,*,#1491,.T.);
#1513 = ORIENTED_EDGE('',*,*,#1514,.T.);
#1514 = EDGE_CURVE('',#1484,#1515,#1517,.T.);
#1515 = VERTEX_POINT('',#1516);
#1516 = CARTESIAN_POINT('',(570.,7.25,0.8));
#1517 = CIRCLE('',#1518,0.45);
#1518 = AXIS2_PLACEMENT_3D('',#1519,#1520,#1521);
#1519 = CARTESIAN_POINT('',(570.,7.25,1.25));
#1520 = DIRECTION('',(1.,0.,0.));
#1521 = DIRECTION('',(0.,-1.,9.868649107779E-16));
#1522 = ORIENTED_EDGE('',*,*,#1523,.F.);
#1523 = EDGE_CURVE('',#1524,#1515,#1526,.T.);
#1524 = VERTEX_POINT('',#1525);
#1525 = CARTESIAN_POINT('',(0.,7.25,0.8));
#1526 = LINE('',#1527,#1528);
#1527 = CARTESIAN_POINT('',(0.,7.25,0.8));
#1528 = VECTOR('',#1529,1.);
#1529 = DIRECTION('',(1.,0.,0.));
#1530 = ORIENTED_EDGE('',*,*,#1531,.F.);
#1531 = EDGE_CURVE('',#1492,#1524,#1532,.T.);
#1532 = CIRCLE('',#1533,0.45);
#1533 = AXIS2_PLACEMENT_3D('',#1534,#1535,#1536);
#1534 = CARTESIAN_POINT('',(0.,7.25,1.25));
#1535 = DIRECTION('',(1.,0.,0.));
#1536 = DIRECTION('',(0.,-1.,9.868649107779E-16));
#1537 = CYLINDRICAL_SURFACE('',#1538,0.45);
#1538 = AXIS2_PLACEMENT_3D('',#1539,#1540,#1541);
#1539 = CARTESIAN_POINT('',(0.,7.25,1.25));
#1540 = DIRECTION('',(-1.,-0.,-0.));
#1541 = DIRECTION('',(0.,-1.,9.868649107779E-16));
#1542 = ADVANCED_FACE('',(#1543),#1568,.T.);
#1543 = FACE_BOUND('',#1544,.T.);
#1544 = EDGE_LOOP('',(#1545,#1546,#1554,#1562));
#1545 = ORIENTED_EDGE('',*,*,#1523,.T.);
#1546 = ORIENTED_EDGE('',*,*,#1547,.T.);
#1547 = EDGE_CURVE('',#1515,#1548,#1550,.T.);
#1548 = VERTEX_POINT('',#1549);
#1549 = CARTESIAN_POINT('',(570.,27.,0.8));
#1550 = LINE('',#1551,#1552);
#1551 = CARTESIAN_POINT('',(570.,7.25,0.8));
#1552 = VECTOR('',#1553,1.);
#1553 = DIRECTION('',(0.,1.,0.));
#1554 = ORIENTED_EDGE('',*,*,#1555,.F.);
#1555 = EDGE_CURVE('',#1556,#1548,#1558,.T.);
#1556 = VERTEX_POINT('',#1557);
#1557 = CARTESIAN_POINT('',(0.,27.,0.8));
#1558 = LINE('',#1559,#1560);
#1559 = CARTESIAN_POINT('',(0.,27.,0.8));
#1560 = VECTOR('',#1561,1.);
#1561 = DIRECTION('',(1.,0.,0.));
#1562 = ORIENTED_EDGE('',*,*,#1563,.F.);
#1563 = EDGE_CURVE('',#1524,#1556,#1564,.T.);
#1564 = LINE('',#1565,#1566);
#1565 = CARTESIAN_POINT('',(0.,7.25,0.8));
#1566 = VECTOR('',#1567,1.);
#1567 = DIRECTION('',(0.,1.,0.));
#1568 = PLANE('',#1569);
#1569 = AXIS2_PLACEMENT_3D('',#1570,#1571,#1572);
#1570 = CARTESIAN_POINT('',(0.,7.25,0.8));
#1571 = DIRECTION('',(0.,0.,1.));
#1572 = DIRECTION('',(0.,1.,0.));
#1573 = ADVANCED_FACE('',(#1574),#1590,.T.);
#1574 = FACE_BOUND('',#1575,.T.);
#1575 = EDGE_LOOP('',(#1576,#1577,#1583,#1584));
#1576 = ORIENTED_EDGE('',*,*,#1555,.T.);
#1577 = ORIENTED_EDGE('',*,*,#1578,.T.);
#1578 = EDGE_CURVE('',#1548,#70,#1579,.T.);
#1579 = LINE('',#1580,#1581);
#1580 = CARTESIAN_POINT('',(570.,27.,0.8));
#1581 = VECTOR('',#1582,1.);
#1582 = DIRECTION('',(0.,0.,-1.));
#1583 = ORIENTED_EDGE('',*,*,#67,.F.);
#1584 = ORIENTED_EDGE('',*,*,#1585,.F.);
#1585 = EDGE_CURVE('',#1556,#68,#1586,.T.);
#1586 = LINE('',#1587,#1588);
#1587 = CARTESIAN_POINT('',(0.,27.,0.8));
#1588 = VECTOR('',#1589,1.);
#1589 = DIRECTION('',(0.,0.,-1.));
#1590 = PLANE('',#1591);
#1591 = AXIS2_PLACEMENT_3D('',#1592,#1593,#1594);
#1592 = CARTESIAN_POINT('',(0.,27.,0.8));
#1593 = DIRECTION('',(-0.,1.,0.));
#1594 = DIRECTION('',(0.,0.,-1.));
#1595 = ADVANCED_FACE('',(#1596),#1646,.T.);
#1596 = FACE_BOUND('',#1597,.T.);
#1597 = EDGE_LOOP('',(#1598,#1599,#1600,#1601,#1602,#1603,#1604,#1605,
    #1606,#1607,#1608,#1609,#1610,#1611,#1612,#1613,#1614,#1615,#1616,
    #1617,#1618,#1619,#1620,#1621,#1622,#1623,#1624,#1625,#1626,#1627,
    #1628,#1629,#1630,#1631,#1632,#1633,#1634,#1635,#1636,#1637,#1638,
    #1639,#1640,#1641,#1642,#1643,#1644,#1645));
#1598 = ORIENTED_EDGE('',*,*,#93,.T.);
#1599 = ORIENTED_EDGE('',*,*,#125,.T.);
#1600 = ORIENTED_EDGE('',*,*,#157,.T.);
#1601 = ORIENTED_EDGE('',*,*,#189,.T.);
#1602 = ORIENTED_EDGE('',*,*,#221,.T.);
#1603 = ORIENTED_EDGE('',*,*,#253,.T.);
#1604 = ORIENTED_EDGE('',*,*,#285,.T.);
#1605 = ORIENTED_EDGE('',*,*,#317,.T.);
#1606 = ORIENTED_EDGE('',*,*,#349,.T.);
#1607 = ORIENTED_EDGE('',*,*,#381,.T.);
#1608 = ORIENTED_EDGE('',*,*,#413,.T.);
#1609 = ORIENTED_EDGE('',*,*,#445,.T.);
#1610 = ORIENTED_EDGE('',*,*,#477,.T.);
#1611 = ORIENTED_EDGE('',*,*,#509,.T.);
#1612 = ORIENTED_EDGE('',*,*,#541,.T.);
#1613 = ORIENTED_EDGE('',*,*,#573,.T.);
#1614 = ORIENTED_EDGE('',*,*,#605,.T.);
#1615 = ORIENTED_EDGE('',*,*,#637,.T.);
#1616 = ORIENTED_EDGE('',*,*,#669,.T.);
#1617 = ORIENTED_EDGE('',*,*,#701,.T.);
#1618 = ORIENTED_EDGE('',*,*,#733,.T.);
#1619 = ORIENTED_EDGE('',*,*,#765,.T.);
#1620 = ORIENTED_EDGE('',*,*,#797,.T.);
#1621 = ORIENTED_EDGE('',*,*,#828,.T.);
#1622 = ORIENTED_EDGE('',*,*,#859,.T.);
#1623 = ORIENTED_EDGE('',*,*,#891,.T.);
#1624 = ORIENTED_EDGE('',*,*,#923,.T.);
#1625 = ORIENTED_EDGE('',*,*,#955,.T.);
#1626 = ORIENTED_EDGE('',*,*,#987,.T.);
#1627 = ORIENTED_EDGE('',*,*,#1019,.T.);
#1628 = ORIENTED_EDGE('',*,*,#1051,.T.);
#1629 = ORIENTED_EDGE('',*,*,#1083,.T.);
#1630 = ORIENTED_EDGE('',*,*,#1115,.T.);
#1631 = ORIENTED_EDGE('',*,*,#1147,.T.);
#1632 = ORIENTED_EDGE('',*,*,#1179,.T.);
#1633 = ORIENTED_EDGE('',*,*,#1211,.T.);
#1634 = ORIENTED_EDGE('',*,*,#1243,.T.);
#1635 = ORIENTED_EDGE('',*,*,#1275,.T.);
#1636 = ORIENTED_EDGE('',*,*,#1307,.T.);
#1637 = ORIENTED_EDGE('',*,*,#1339,.T.);
#1638 = ORIENTED_EDGE('',*,*,#1371,.T.);
#1639 = ORIENTED_EDGE('',*,*,#1403,.T.);
#1640 = ORIENTED_EDGE('',*,*,#1435,.T.);
#1641 = ORIENTED_EDGE('',*,*,#1467,.T.);
#1642 = ORIENTED_EDGE('',*,*,#1499,.T.);
#1643 = ORIENTED_EDGE('',*,*,#1531,.T.);
#1644 = ORIENTED_EDGE('',*,*,#1563,.T.);
#1645 = ORIENTED_EDGE('',*,*,#1585,.T.);
#1646 = PLANE('',#1647);
#1647 = AXIS2_PLACEMENT_3D('',#1648,#1649,#1650);
#1648 = CARTESIAN_POINT('',(0.,7.876785227791,10.503907347928));
#1649 = DIRECTION('',(-1.,-0.,-0.));
#1650 = DIRECTION('',(0.,0.,-1.));
#1651 = ADVANCED_FACE('',(#1652),#1702,.F.);
#1652 = FACE_BOUND('',#1653,.F.);
#1653 = EDGE_LOOP('',(#1654,#1655,#1656,#1657,#1658,#1659,#1660,#1661,
    #1662,#1663,#1664,#1665,#1666,#1667,#1668,#1669,#1670,#1671,#1672,
    #1673,#1674,#1675,#1676,#1677,#1678,#1679,#1680,#1681,#1682,#1683,
    #1684,#1685,#1686,#1687,#1688,#1689,#1690,#1691,#1692,#1693,#1694,
    #1695,#1696,#1697,#1698,#1699,#1700,#1701));
#1654 = ORIENTED_EDGE('',*,*,#77,.T.);
#1655 = ORIENTED_EDGE('',*,*,#108,.T.);
#1656 = ORIENTED_EDGE('',*,*,#141,.T.);
#1657 = ORIENTED_EDGE('',*,*,#172,.T.);
#1658 = ORIENTED_EDGE('',*,*,#205,.T.);
#1659 = ORIENTED_EDGE('',*,*,#236,.T.);
#1660 = ORIENTED_EDGE('',*,*,#269,.T.);
#1661 = ORIENTED_EDGE('',*,*,#300,.T.);
#1662 = ORIENTED_EDGE('',*,*,#333,.T.);
#1663 = ORIENTED_EDGE('',*,*,#364,.T.);
#1664 = ORIENTED_EDGE('',*,*,#397,.T.);
#1665 = ORIENTED_EDGE('',*,*,#428,.T.);
#1666 = ORIENTED_EDGE('',*,*,#461,.T.);
#1667 = ORIENTED_EDGE('',*,*,#492,.T.);
#1668 = ORIENTED_EDGE('',*,*,#525,.T.);
#1669 = ORIENTED_EDGE('',*,*,#556,.T.);
#1670 = ORIENTED_EDGE('',*,*,#589,.T.);
#1671 = ORIENTED_EDGE('',*,*,#620,.T.);
#1672 = ORIENTED_EDGE('',*,*,#653,.T.);
#1673 = ORIENTED_EDGE('',*,*,#684,.T.);
#1674 = ORIENTED_EDGE('',*,*,#717,.T.);
#1675 = ORIENTED_EDGE('',*,*,#748,.T.);
#1676 = ORIENTED_EDGE('',*,*,#781,.T.);
#1677 = ORIENTED_EDGE('',*,*,#812,.T.);
#1678 = ORIENTED_EDGE('',*,*,#843,.T.);
#1679 = ORIENTED_EDGE('',*,*,#874,.T.);
#1680 = ORIENTED_EDGE('',*,*,#907,.T.);
#1681 = ORIENTED_EDGE('',*,*,#938,.T.);
#1682 = ORIENTED_EDGE('',*,*,#971,.T.);
#1683 = ORIENTED_EDGE('',*,*,#1002,.T.);
#1684 = ORIENTED_EDGE('',*,*,#1035,.T.);
#1685 = ORIENTED_EDGE('',*,*,#1066,.T.);
#1686 = ORIENTED_EDGE('',*,*,#1099,.T.);
#1687 = ORIENTED_EDGE('',*,*,#1130,.T.);
#1688 = ORIENTED_EDGE('',*,*,#1163,.T.);
#1689 = ORIENTED_EDGE('',*,*,#1194,.T.);
#1690 = ORIENTED_EDGE('',*,*,#1227,.T.);
#1691 = ORIENTED_EDGE('',*,*,#1258,.T.);
#1692 = ORIENTED_EDGE('',*,*,#1291,.T.);
#1693 = ORIENTED_EDGE('',*,*,#1322,.T.);
#1694 = ORIENTED_EDGE('',*,*,#1355,.T.);
#1695 = ORIENTED_EDGE('',*,*,#1386,.T.);
#1696 = ORIENTED_EDGE('',*,*,#1419,.T.);
#1697 = ORIENTED_EDGE('',*,*,#1450,.T.);
#1698 = ORIENTED_EDGE('',*,*,#1483,.T.);
#1699 = ORIENTED_EDGE('',*,*,#1514,.T.);
#1700 = ORIENTED_EDGE('',*,*,#1547,.T.);
#1701 = ORIENTED_EDGE('',*,*,#1578,.T.);
#1702 = PLANE('',#1703);
#1703 = AXIS2_PLACEMENT_3D('',#1704,#1705,#1706);
#1704 = CARTESIAN_POINT('',(570.,7.876785227791,10.503907347928));
#1705 = DIRECTION('',(-1.,-0.,-0.));
#1706 = DIRECTION('',(0.,0.,-1.));
#1707 = ( GEOMETRIC_REPRESENTATION_CONTEXT(3) 
GLOBAL_UNCERTAINTY_ASSIGNED_CONTEXT((#1711)) 
GLOBAL_UNIT_ASSIGNED_CONTEXT((#1708,#1709,#1710)) REPRESENTATION_CONTEXT
('Context #1','3D Context with UNIT and UNCERTAINTY') );
#1708 = ( LENGTH_UNIT() NAMED_UNIT(*) SI_UNIT(.MILLI.,.METRE.) );
#1709 = ( NAMED_UNIT(*) PLANE_ANGLE_UNIT() SI_UNIT($,.RADIAN.) );
#1710 = ( NAMED_UNIT(*) SI_UNIT($,.STERADIAN.) SOLID_ANGLE_UNIT() );
#1711 = UNCERTAINTY_MEASURE_WITH_UNIT(LENGTH_MEASURE(1.E-07),#1708,
  'distance_accuracy_value','confusion accuracy');
#1712 = CONTEXT_DEPENDENT_SHAPE_REPRESENTATION(#1713,#1715);
#1713 = ( REPRESENTATION_RELATIONSHIP('','',#60,#10) 
REPRESENTATION_RELATIONSHIP_WITH_TRANSFORMATION(#1714) 
SHAPE_REPRESENTATION_RELATIONSHIP() );
#1714 = ITEM_DEFINED_TRANSFORMATION('','',#11,#15);
#1715 = PRODUCT_DEFINITION_SHAPE('Placement','Placement of an item',
  #1716);
#1716 = NEXT_ASSEMBLY_USAGE_OCCURRENCE('9','E30 | Profiel onder L570',''
  ,#5,#55,$);
#1717 = PRODUCT_RELATED_PRODUCT_CATEGORY('part',$,(#57));
#1718 = SHAPE_DEFINITION_REPRESENTATION(#1719,#1725);
#1719 = PRODUCT_DEFINITION_SHAPE('','',#1720);
#1720 = PRODUCT_DEFINITION('design','',#1721,#1724);
#1721 = PRODUCT_DEFINITION_FORMATION('','',#1722);
#1722 = PRODUCT('E30 | Profiel rechts L570','E30 | Profiel rechts L570',
  '',(#1723));
#1723 = PRODUCT_CONTEXT('',#2,'mechanical');
#1724 = PRODUCT_DEFINITION_CONTEXT('part definition',#2,'design');
#1725 = ADVANCED_BREP_SHAPE_REPRESENTATION('',(#11,#1726),#3372);
#1726 = MANIFOLD_SOLID_BREP('',#1727);
#1727 = CLOSED_SHELL('',(#1728,#1768,#1801,#1832,#1865,#1896,#1929,#1960
    ,#1993,#2024,#2057,#2088,#2121,#2152,#2185,#2216,#2249,#2280,#2313,
    #2344,#2377,#2408,#2441,#2472,#2503,#2534,#2567,#2598,#2631,#2662,
    #2695,#2726,#2759,#2790,#2823,#2854,#2887,#2918,#2951,#2982,#3015,
    #3046,#3079,#3110,#3143,#3174,#3207,#3238,#3260,#3316));
#1728 = ADVANCED_FACE('',(#1729),#1763,.T.);
#1729 = FACE_BOUND('',#1730,.T.);
#1730 = EDGE_LOOP('',(#1731,#1741,#1749,#1757));
#1731 = ORIENTED_EDGE('',*,*,#1732,.T.);
#1732 = EDGE_CURVE('',#1733,#1735,#1737,.T.);
#1733 = VERTEX_POINT('',#1734);
#1734 = CARTESIAN_POINT('',(0.,27.,0.));
#1735 = VERTEX_POINT('',#1736);
#1736 = CARTESIAN_POINT('',(570.,27.,0.));
#1737 = LINE('',#1738,#1739);
#1738 = CARTESIAN_POINT('',(0.,27.,0.));
#1739 = VECTOR('',#1740,1.);
#1740 = DIRECTION('',(1.,0.,0.));
#1741 = ORIENTED_EDGE('',*,*,#1742,.T.);
#1742 = EDGE_CURVE('',#1735,#1743,#1745,.T.);
#1743 = VERTEX_POINT('',#1744);
#1744 = CARTESIAN_POINT('',(570.,7.25,-1.110223024625E-16));
#1745 = LINE('',#1746,#1747);
#1746 = CARTESIAN_POINT('',(570.,27.,0.));
#1747 = VECTOR('',#1748,1.);
#1748 = DIRECTION('',(0.,-1.,0.));
#1749 = ORIENTED_EDGE('',*,*,#1750,.F.);
#1750 = EDGE_CURVE('',#1751,#1743,#1753,.T.);
#1751 = VERTEX_POINT('',#1752);
#1752 = CARTESIAN_POINT('',(0.,7.25,-1.110223024625E-16));
#1753 = LINE('',#1754,#1755);
#1754 = CARTESIAN_POINT('',(0.,7.25,-1.110223024625E-16));
#1755 = VECTOR('',#1756,1.);
#1756 = DIRECTION('',(1.,0.,0.));
#1757 = ORIENTED_EDGE('',*,*,#1758,.F.);
#1758 = EDGE_CURVE('',#1733,#1751,#1759,.T.);
#1759 = LINE('',#1760,#1761);
#1760 = CARTESIAN_POINT('',(0.,27.,0.));
#1761 = VECTOR('',#1762,1.);
#1762 = DIRECTION('',(0.,-1.,0.));
#1763 = PLANE('',#1764);
#1764 = AXIS2_PLACEMENT_3D('',#1765,#1766,#1767);
#1765 = CARTESIAN_POINT('',(0.,27.,0.));
#1766 = DIRECTION('',(0.,0.,-1.));
#1767 = DIRECTION('',(0.,-1.,0.));
#1768 = ADVANCED_FACE('',(#1769),#1796,.T.);
#1769 = FACE_BOUND('',#1770,.T.);
#1770 = EDGE_LOOP('',(#1771,#1772,#1781,#1789));
#1771 = ORIENTED_EDGE('',*,*,#1750,.T.);
#1772 = ORIENTED_EDGE('',*,*,#1773,.T.);
#1773 = EDGE_CURVE('',#1743,#1774,#1776,.T.);
#1774 = VERTEX_POINT('',#1775);
#1775 = CARTESIAN_POINT('',(570.,6.,1.25));
#1776 = CIRCLE('',#1777,1.25);
#1777 = AXIS2_PLACEMENT_3D('',#1778,#1779,#1780);
#1778 = CARTESIAN_POINT('',(570.,7.25,1.25));
#1779 = DIRECTION('',(-1.,0.,0.));
#1780 = DIRECTION('',(0.,0.,-1.));
#1781 = ORIENTED_EDGE('',*,*,#1782,.F.);
#1782 = EDGE_CURVE('',#1783,#1774,#1785,.T.);
#1783 = VERTEX_POINT('',#1784);
#1784 = CARTESIAN_POINT('',(0.,6.,1.25));
#1785 = LINE('',#1786,#1787);
#1786 = CARTESIAN_POINT('',(0.,6.,1.25));
#1787 = VECTOR('',#1788,1.);
#1788 = DIRECTION('',(1.,0.,0.));
#1789 = ORIENTED_EDGE('',*,*,#1790,.F.);
#1790 = EDGE_CURVE('',#1751,#1783,#1791,.T.);
#1791 = CIRCLE('',#1792,1.25);
#1792 = AXIS2_PLACEMENT_3D('',#1793,#1794,#1795);
#1793 = CARTESIAN_POINT('',(0.,7.25,1.25));
#1794 = DIRECTION('',(-1.,0.,0.));
#1795 = DIRECTION('',(0.,0.,-1.));
#1796 = CYLINDRICAL_SURFACE('',#1797,1.25);
#1797 = AXIS2_PLACEMENT_3D('',#1798,#1799,#1800);
#1798 = CARTESIAN_POINT('',(0.,7.25,1.25));
#1799 = DIRECTION('',(-1.,0.,0.));
#1800 = DIRECTION('',(0.,0.,-1.));
#1801 = ADVANCED_FACE('',(#1802),#1827,.T.);
#1802 = FACE_BOUND('',#1803,.T.);
#1803 = EDGE_LOOP('',(#1804,#1805,#1813,#1821));
#1804 = ORIENTED_EDGE('',*,*,#1782,.T.);
#1805 = ORIENTED_EDGE('',*,*,#1806,.T.);
#1806 = EDGE_CURVE('',#1774,#1807,#1809,.T.);
#1807 = VERTEX_POINT('',#1808);
#1808 = CARTESIAN_POINT('',(570.,6.,3.65));
#1809 = LINE('',#1810,#1811);
#1810 = CARTESIAN_POINT('',(570.,6.,1.25));
#1811 = VECTOR('',#1812,1.);
#1812 = DIRECTION('',(0.,0.,1.));
#1813 = ORIENTED_EDGE('',*,*,#1814,.F.);
#1814 = EDGE_CURVE('',#1815,#1807,#1817,.T.);
#1815 = VERTEX_POINT('',#1816);
#1816 = CARTESIAN_POINT('',(0.,6.,3.65));
#1817 = LINE('',#1818,#1819);
#1818 = CARTESIAN_POINT('',(0.,6.,3.65));
#1819 = VECTOR('',#1820,1.);
#1820 = DIRECTION('',(1.,0.,0.));
#1821 = ORIENTED_EDGE('',*,*,#1822,.F.);
#1822 = EDGE_CURVE('',#1783,#1815,#1823,.T.);
#1823 = LINE('',#1824,#1825);
#1824 = CARTESIAN_POINT('',(0.,6.,1.25));
#1825 = VECTOR('',#1826,1.);
#1826 = DIRECTION('',(0.,0.,1.));
#1827 = PLANE('',#1828);
#1828 = AXIS2_PLACEMENT_3D('',#1829,#1830,#1831);
#1829 = CARTESIAN_POINT('',(0.,6.,1.25));
#1830 = DIRECTION('',(0.,-1.,0.));
#1831 = DIRECTION('',(0.,0.,1.));
#1832 = ADVANCED_FACE('',(#1833),#1860,.F.);
#1833 = FACE_BOUND('',#1834,.T.);
#1834 = EDGE_LOOP('',(#1835,#1836,#1845,#1853));
#1835 = ORIENTED_EDGE('',*,*,#1814,.T.);
#1836 = ORIENTED_EDGE('',*,*,#1837,.T.);
#1837 = EDGE_CURVE('',#1807,#1838,#1840,.T.);
#1838 = VERTEX_POINT('',#1839);
#1839 = CARTESIAN_POINT('',(570.,5.55,4.1));
#1840 = CIRCLE('',#1841,0.45);
#1841 = AXIS2_PLACEMENT_3D('',#1842,#1843,#1844);
#1842 = CARTESIAN_POINT('',(570.,5.55,3.65));
#1843 = DIRECTION('',(1.,0.,0.));
#1844 = DIRECTION('',(-0.,1.,9.868649107779E-16));
#1845 = ORIENTED_EDGE('',*,*,#1846,.F.);
#1846 = EDGE_CURVE('',#1847,#1838,#1849,.T.);
#1847 = VERTEX_POINT('',#1848);
#1848 = CARTESIAN_POINT('',(0.,5.55,4.1));
#1849 = LINE('',#1850,#1851);
#1850 = CARTESIAN_POINT('',(0.,5.55,4.1));
#1851 = VECTOR('',#1852,1.);
#1852 = DIRECTION('',(1.,0.,0.));
#1853 = ORIENTED_EDGE('',*,*,#1854,.F.);
#1854 = EDGE_CURVE('',#1815,#1847,#1855,.T.);
#1855 = CIRCLE('',#1856,0.45);
#1856 = AXIS2_PLACEMENT_3D('',#1857,#1858,#1859);
#1857 = CARTESIAN_POINT('',(0.,5.55,3.65));
#1858 = DIRECTION('',(1.,0.,0.));
#1859 = DIRECTION('',(-0.,1.,9.868649107779E-16));
#1860 = CYLINDRICAL_SURFACE('',#1861,0.45);
#1861 = AXIS2_PLACEMENT_3D('',#1862,#1863,#1864);
#1862 = CARTESIAN_POINT('',(0.,5.55,3.65));
#1863 = DIRECTION('',(-1.,-0.,-0.));
#1864 = DIRECTION('',(-0.,1.,9.868649107779E-16));
#1865 = ADVANCED_FACE('',(#1866),#1891,.T.);
#1866 = FACE_BOUND('',#1867,.T.);
#1867 = EDGE_LOOP('',(#1868,#1869,#1877,#1885));
#1868 = ORIENTED_EDGE('',*,*,#1846,.T.);
#1869 = ORIENTED_EDGE('',*,*,#1870,.T.);
#1870 = EDGE_CURVE('',#1838,#1871,#1873,.T.);
#1871 = VERTEX_POINT('',#1872);
#1872 = CARTESIAN_POINT('',(570.,5.25,4.1));
#1873 = LINE('',#1874,#1875);
#1874 = CARTESIAN_POINT('',(570.,5.55,4.1));
#1875 = VECTOR('',#1876,1.);
#1876 = DIRECTION('',(0.,-1.,0.));
#1877 = ORIENTED_EDGE('',*,*,#1878,.F.);
#1878 = EDGE_CURVE('',#1879,#1871,#1881,.T.);
#1879 = VERTEX_POINT('',#1880);
#1880 = CARTESIAN_POINT('',(0.,5.25,4.1));
#1881 = LINE('',#1882,#1883);
#1882 = CARTESIAN_POINT('',(0.,5.25,4.1));
#1883 = VECTOR('',#1884,1.);
#1884 = DIRECTION('',(1.,0.,0.));
#1885 = ORIENTED_EDGE('',*,*,#1886,.F.);
#1886 = EDGE_CURVE('',#1847,#1879,#1887,.T.);
#1887 = LINE('',#1888,#1889);
#1888 = CARTESIAN_POINT('',(0.,5.55,4.1));
#1889 = VECTOR('',#1890,1.);
#1890 = DIRECTION('',(0.,-1.,0.));
#1891 = PLANE('',#1892);
#1892 = AXIS2_PLACEMENT_3D('',#1893,#1894,#1895);
#1893 = CARTESIAN_POINT('',(0.,5.55,4.1));
#1894 = DIRECTION('',(0.,0.,-1.));
#1895 = DIRECTION('',(0.,-1.,0.));
#1896 = ADVANCED_FACE('',(#1897),#1924,.F.);
#1897 = FACE_BOUND('',#1898,.T.);
#1898 = EDGE_LOOP('',(#1899,#1900,#1909,#1917));
#1899 = ORIENTED_EDGE('',*,*,#1878,.T.);
#1900 = ORIENTED_EDGE('',*,*,#1901,.T.);
#1901 = EDGE_CURVE('',#1871,#1902,#1904,.T.);
#1902 = VERTEX_POINT('',#1903);
#1903 = CARTESIAN_POINT('',(570.,4.8,3.65));
#1904 = CIRCLE('',#1905,0.45);
#1905 = AXIS2_PLACEMENT_3D('',#1906,#1907,#1908);
#1906 = CARTESIAN_POINT('',(570.,5.25,3.65));
#1907 = DIRECTION('',(1.,0.,0.));
#1908 = DIRECTION('',(-0.,1.973729821556E-15,1.));
#1909 = ORIENTED_EDGE('',*,*,#1910,.F.);
#1910 = EDGE_CURVE('',#1911,#1902,#1913,.T.);
#1911 = VERTEX_POINT('',#1912);
#1912 = CARTESIAN_POINT('',(0.,4.8,3.65));
#1913 = LINE('',#1914,#1915);
#1914 = CARTESIAN_POINT('',(0.,4.8,3.65));
#1915 = VECTOR('',#1916,1.);
#1916 = DIRECTION('',(1.,0.,0.));
#1917 = ORIENTED_EDGE('',*,*,#1918,.F.);
#1918 = EDGE_CURVE('',#1879,#1911,#1919,.T.);
#1919 = CIRCLE('',#1920,0.45);
#1920 = AXIS2_PLACEMENT_3D('',#1921,#1922,#1923);
#1921 = CARTESIAN_POINT('',(0.,5.25,3.65));
#1922 = DIRECTION('',(1.,0.,0.));
#1923 = DIRECTION('',(-0.,1.973729821556E-15,1.));
#1924 = CYLINDRICAL_SURFACE('',#1925,0.45);
#1925 = AXIS2_PLACEMENT_3D('',#1926,#1927,#1928);
#1926 = CARTESIAN_POINT('',(0.,5.25,3.65));
#1927 = DIRECTION('',(-1.,-0.,-0.));
#1928 = DIRECTION('',(-0.,1.973729821556E-15,1.));
#1929 = ADVANCED_FACE('',(#1930),#1955,.T.);
#1930 = FACE_BOUND('',#1931,.T.);
#1931 = EDGE_LOOP('',(#1932,#1933,#1941,#1949));
#1932 = ORIENTED_EDGE('',*,*,#1910,.T.);
#1933 = ORIENTED_EDGE('',*,*,#1934,.T.);
#1934 = EDGE_CURVE('',#1902,#1935,#1937,.T.);
#1935 = VERTEX_POINT('',#1936);
#1936 = CARTESIAN_POINT('',(570.,4.8,1.25));
#1937 = LINE('',#1938,#1939);
#1938 = CARTESIAN_POINT('',(570.,4.8,3.65));
#1939 = VECTOR('',#1940,1.);
#1940 = DIRECTION('',(0.,0.,-1.));
#1941 = ORIENTED_EDGE('',*,*,#1942,.F.);
#1942 = EDGE_CURVE('',#1943,#1935,#1945,.T.);
#1943 = VERTEX_POINT('',#1944);
#1944 = CARTESIAN_POINT('',(0.,4.8,1.25));
#1945 = LINE('',#1946,#1947);
#1946 = CARTESIAN_POINT('',(0.,4.8,1.25));
#1947 = VECTOR('',#1948,1.);
#1948 = DIRECTION('',(1.,0.,0.));
#1949 = ORIENTED_EDGE('',*,*,#1950,.F.);
#1950 = EDGE_CURVE('',#1911,#1943,#1951,.T.);
#1951 = LINE('',#1952,#1953);
#1952 = CARTESIAN_POINT('',(0.,4.8,3.65));
#1953 = VECTOR('',#1954,1.);
#1954 = DIRECTION('',(0.,0.,-1.));
#1955 = PLANE('',#1956);
#1956 = AXIS2_PLACEMENT_3D('',#1957,#1958,#1959);
#1957 = CARTESIAN_POINT('',(0.,4.8,3.65));
#1958 = DIRECTION('',(-0.,1.,0.));
#1959 = DIRECTION('',(0.,0.,-1.));
#1960 = ADVANCED_FACE('',(#1961),#1988,.T.);
#1961 = FACE_BOUND('',#1962,.T.);
#1962 = EDGE_LOOP('',(#1963,#1964,#1973,#1981));
#1963 = ORIENTED_EDGE('',*,*,#1942,.T.);
#1964 = ORIENTED_EDGE('',*,*,#1965,.T.);
#1965 = EDGE_CURVE('',#1935,#1966,#1968,.T.);
#1966 = VERTEX_POINT('',#1967);
#1967 = CARTESIAN_POINT('',(570.,3.55,1.110223040926E-16));
#1968 = CIRCLE('',#1969,1.25);
#1969 = AXIS2_PLACEMENT_3D('',#1970,#1971,#1972);
#1970 = CARTESIAN_POINT('',(570.,3.55,1.25));
#1971 = DIRECTION('',(-1.,0.,0.));
#1972 = DIRECTION('',(0.,1.,5.329070518201E-16));
#1973 = ORIENTED_EDGE('',*,*,#1974,.F.);
#1974 = EDGE_CURVE('',#1975,#1966,#1977,.T.);
#1975 = VERTEX_POINT('',#1976);
#1976 = CARTESIAN_POINT('',(0.,3.55,1.110223040926E-16));
#1977 = LINE('',#1978,#1979);
#1978 = CARTESIAN_POINT('',(0.,3.55,1.110223040926E-16));
#1979 = VECTOR('',#1980,1.);
#1980 = DIRECTION('',(1.,0.,0.));
#1981 = ORIENTED_EDGE('',*,*,#1982,.F.);
#1982 = EDGE_CURVE('',#1943,#1975,#1983,.T.);
#1983 = CIRCLE('',#1984,1.25);
#1984 = AXIS2_PLACEMENT_3D('',#1985,#1986,#1987);
#1985 = CARTESIAN_POINT('',(0.,3.55,1.25));
#1986 = DIRECTION('',(-1.,0.,0.));
#1987 = DIRECTION('',(0.,1.,5.329070518201E-16));
#1988 = CYLINDRICAL_SURFACE('',#1989,1.25);
#1989 = AXIS2_PLACEMENT_3D('',#1990,#1991,#1992);
#1990 = CARTESIAN_POINT('',(0.,3.55,1.25));
#1991 = DIRECTION('',(-1.,0.,0.));
#1992 = DIRECTION('',(0.,1.,5.329070518201E-16));
#1993 = ADVANCED_FACE('',(#1994),#2019,.T.);
#1994 = FACE_BOUND('',#1995,.T.);
#1995 = EDGE_LOOP('',(#1996,#1997,#2005,#2013));
#1996 = ORIENTED_EDGE('',*,*,#1974,.T.);
#1997 = ORIENTED_EDGE('',*,*,#1998,.T.);
#1998 = EDGE_CURVE('',#1966,#1999,#2001,.T.);
#1999 = VERTEX_POINT('',#2000);
#2000 = CARTESIAN_POINT('',(570.,1.25,0.));
#2001 = LINE('',#2002,#2003);
#2002 = CARTESIAN_POINT('',(570.,3.55,0.));
#2003 = VECTOR('',#2004,1.);
#2004 = DIRECTION('',(0.,-1.,0.));
#2005 = ORIENTED_EDGE('',*,*,#2006,.F.);
#2006 = EDGE_CURVE('',#2007,#1999,#2009,.T.);
#2007 = VERTEX_POINT('',#2008);
#2008 = CARTESIAN_POINT('',(0.,1.25,0.));
#2009 = LINE('',#2010,#2011);
#2010 = CARTESIAN_POINT('',(0.,1.25,0.));
#2011 = VECTOR('',#2012,1.);
#2012 = DIRECTION('',(1.,0.,0.));
#2013 = ORIENTED_EDGE('',*,*,#2014,.F.);
#2014 = EDGE_CURVE('',#1975,#2007,#2015,.T.);
#2015 = LINE('',#2016,#2017);
#2016 = CARTESIAN_POINT('',(0.,3.55,0.));
#2017 = VECTOR('',#2018,1.);
#2018 = DIRECTION('',(0.,-1.,0.));
#2019 = PLANE('',#2020);
#2020 = AXIS2_PLACEMENT_3D('',#2021,#2022,#2023);
#2021 = CARTESIAN_POINT('',(0.,3.55,0.));
#2022 = DIRECTION('',(0.,0.,-1.));
#2023 = DIRECTION('',(0.,-1.,0.));
#2024 = ADVANCED_FACE('',(#2025),#2052,.T.);
#2025 = FACE_BOUND('',#2026,.T.);
#2026 = EDGE_LOOP('',(#2027,#2028,#2037,#2045));
#2027 = ORIENTED_EDGE('',*,*,#2006,.T.);
#2028 = ORIENTED_EDGE('',*,*,#2029,.T.);
#2029 = EDGE_CURVE('',#1999,#2030,#2032,.T.);
#2030 = VERTEX_POINT('',#2031);
#2031 = CARTESIAN_POINT('',(570.,-1.110223005624E-16,1.25));
#2032 = CIRCLE('',#2033,1.25);
#2033 = AXIS2_PLACEMENT_3D('',#2034,#2035,#2036);
#2034 = CARTESIAN_POINT('',(570.,1.25,1.25));
#2035 = DIRECTION('',(-1.,0.,0.));
#2036 = DIRECTION('',(0.,0.,-1.));
#2037 = ORIENTED_EDGE('',*,*,#2038,.F.);
#2038 = EDGE_CURVE('',#2039,#2030,#2041,.T.);
#2039 = VERTEX_POINT('',#2040);
#2040 = CARTESIAN_POINT('',(0.,-1.110223005624E-16,1.25));
#2041 = LINE('',#2042,#2043);
#2042 = CARTESIAN_POINT('',(0.,-1.110223005624E-16,1.25));
#2043 = VECTOR('',#2044,1.);
#2044 = DIRECTION('',(1.,0.,0.));
#2045 = ORIENTED_EDGE('',*,*,#2046,.F.);
#2046 = EDGE_CURVE('',#2007,#2039,#2047,.T.);
#2047 = CIRCLE('',#2048,1.25);
#2048 = AXIS2_PLACEMENT_3D('',#2049,#2050,#2051);
#2049 = CARTESIAN_POINT('',(0.,1.25,1.25));
#2050 = DIRECTION('',(-1.,0.,0.));
#2051 = DIRECTION('',(0.,0.,-1.));
#2052 = CYLINDRICAL_SURFACE('',#2053,1.25);
#2053 = AXIS2_PLACEMENT_3D('',#2054,#2055,#2056);
#2054 = CARTESIAN_POINT('',(0.,1.25,1.25));
#2055 = DIRECTION('',(-1.,0.,0.));
#2056 = DIRECTION('',(0.,0.,-1.));
#2057 = ADVANCED_FACE('',(#2058),#2083,.T.);
#2058 = FACE_BOUND('',#2059,.T.);
#2059 = EDGE_LOOP('',(#2060,#2061,#2069,#2077));
#2060 = ORIENTED_EDGE('',*,*,#2038,.T.);
#2061 = ORIENTED_EDGE('',*,*,#2062,.T.);
#2062 = EDGE_CURVE('',#2030,#2063,#2065,.T.);
#2063 = VERTEX_POINT('',#2064);
#2064 = CARTESIAN_POINT('',(570.,-2.22044604925E-16,28.));
#2065 = LINE('',#2066,#2067);
#2066 = CARTESIAN_POINT('',(570.,0.,1.25));
#2067 = VECTOR('',#2068,1.);
#2068 = DIRECTION('',(0.,0.,1.));
#2069 = ORIENTED_EDGE('',*,*,#2070,.F.);
#2070 = EDGE_CURVE('',#2071,#2063,#2073,.T.);
#2071 = VERTEX_POINT('',#2072);
#2072 = CARTESIAN_POINT('',(0.,-2.22044604925E-16,28.));
#2073 = LINE('',#2074,#2075);
#2074 = CARTESIAN_POINT('',(0.,-2.22044604925E-16,28.));
#2075 = VECTOR('',#2076,1.);
#2076 = DIRECTION('',(1.,0.,0.));
#2077 = ORIENTED_EDGE('',*,*,#2078,.F.);
#2078 = EDGE_CURVE('',#2039,#2071,#2079,.T.);
#2079 = LINE('',#2080,#2081);
#2080 = CARTESIAN_POINT('',(0.,0.,1.25));
#2081 = VECTOR('',#2082,1.);
#2082 = DIRECTION('',(0.,0.,1.));
#2083 = PLANE('',#2084);
#2084 = AXIS2_PLACEMENT_3D('',#2085,#2086,#2087);
#2085 = CARTESIAN_POINT('',(0.,0.,1.25));
#2086 = DIRECTION('',(0.,-1.,0.));
#2087 = DIRECTION('',(0.,0.,1.));
#2088 = ADVANCED_FACE('',(#2089),#2116,.T.);
#2089 = FACE_BOUND('',#2090,.T.);
#2090 = EDGE_LOOP('',(#2091,#2092,#2101,#2109));
#2091 = ORIENTED_EDGE('',*,*,#2070,.T.);
#2092 = ORIENTED_EDGE('',*,*,#2093,.T.);
#2093 = EDGE_CURVE('',#2063,#2094,#2096,.T.);
#2094 = VERTEX_POINT('',#2095);
#2095 = CARTESIAN_POINT('',(570.,2.,30.));
#2096 = CIRCLE('',#2097,2.);
#2097 = AXIS2_PLACEMENT_3D('',#2098,#2099,#2100);
#2098 = CARTESIAN_POINT('',(570.,2.,28.));
#2099 = DIRECTION('',(-1.,0.,0.));
#2100 = DIRECTION('',(0.,-1.,0.));
#2101 = ORIENTED_EDGE('',*,*,#2102,.F.);
#2102 = EDGE_CURVE('',#2103,#2094,#2105,.T.);
#2103 = VERTEX_POINT('',#2104);
#2104 = CARTESIAN_POINT('',(0.,2.,30.));
#2105 = LINE('',#2106,#2107);
#2106 = CARTESIAN_POINT('',(0.,2.,30.));
#2107 = VECTOR('',#2108,1.);
#2108 = DIRECTION('',(1.,0.,0.));
#2109 = ORIENTED_EDGE('',*,*,#2110,.F.);
#2110 = EDGE_CURVE('',#2071,#2103,#2111,.T.);
#2111 = CIRCLE('',#2112,2.);
#2112 = AXIS2_PLACEMENT_3D('',#2113,#2114,#2115);
#2113 = CARTESIAN_POINT('',(0.,2.,28.));
#2114 = DIRECTION('',(-1.,0.,0.));
#2115 = DIRECTION('',(0.,-1.,0.));
#2116 = CYLINDRICAL_SURFACE('',#2117,2.);
#2117 = AXIS2_PLACEMENT_3D('',#2118,#2119,#2120);
#2118 = CARTESIAN_POINT('',(0.,2.,28.));
#2119 = DIRECTION('',(-1.,0.,0.));
#2120 = DIRECTION('',(0.,-1.,0.));
#2121 = ADVANCED_FACE('',(#2122),#2147,.T.);
#2122 = FACE_BOUND('',#2123,.T.);
#2123 = EDGE_LOOP('',(#2124,#2125,#2133,#2141));
#2124 = ORIENTED_EDGE('',*,*,#2102,.T.);
#2125 = ORIENTED_EDGE('',*,*,#2126,.T.);
#2126 = EDGE_CURVE('',#2094,#2127,#2129,.T.);
#2127 = VERTEX_POINT('',#2128);
#2128 = CARTESIAN_POINT('',(570.,7.,30.));
#2129 = LINE('',#2130,#2131);
#2130 = CARTESIAN_POINT('',(570.,2.,30.));
#2131 = VECTOR('',#2132,1.);
#2132 = DIRECTION('',(0.,1.,0.));
#2133 = ORIENTED_EDGE('',*,*,#2134,.F.);
#2134 = EDGE_CURVE('',#2135,#2127,#2137,.T.);
#2135 = VERTEX_POINT('',#2136);
#2136 = CARTESIAN_POINT('',(0.,7.,30.));
#2137 = LINE('',#2138,#2139);
#2138 = CARTESIAN_POINT('',(0.,7.,30.));
#2139 = VECTOR('',#2140,1.);
#2140 = DIRECTION('',(1.,0.,0.));
#2141 = ORIENTED_EDGE('',*,*,#2142,.F.);
#2142 = EDGE_CURVE('',#2103,#2135,#2143,.T.);
#2143 = LINE('',#2144,#2145);
#2144 = CARTESIAN_POINT('',(0.,2.,30.));
#2145 = VECTOR('',#2146,1.);
#2146 = DIRECTION('',(0.,1.,0.));
#2147 = PLANE('',#2148);
#2148 = AXIS2_PLACEMENT_3D('',#2149,#2150,#2151);
#2149 = CARTESIAN_POINT('',(0.,2.,30.));
#2150 = DIRECTION('',(0.,0.,1.));
#2151 = DIRECTION('',(0.,1.,0.));
#2152 = ADVANCED_FACE('',(#2153),#2180,.T.);
#2153 = FACE_BOUND('',#2154,.T.);
#2154 = EDGE_LOOP('',(#2155,#2156,#2165,#2173));
#2155 = ORIENTED_EDGE('',*,*,#2134,.T.);
#2156 = ORIENTED_EDGE('',*,*,#2157,.T.);
#2157 = EDGE_CURVE('',#2127,#2158,#2160,.T.);
#2158 = VERTEX_POINT('',#2159);
#2159 = CARTESIAN_POINT('',(570.,7.,27.));
#2160 = CIRCLE('',#2161,1.5);
#2161 = AXIS2_PLACEMENT_3D('',#2162,#2163,#2164);
#2162 = CARTESIAN_POINT('',(570.,7.,28.5));
#2163 = DIRECTION('',(-1.,0.,0.));
#2164 = DIRECTION('',(0.,0.,1.));
#2165 = ORIENTED_EDGE('',*,*,#2166,.F.);
#2166 = EDGE_CURVE('',#2167,#2158,#2169,.T.);
#2167 = VERTEX_POINT('',#2168);
#2168 = CARTESIAN_POINT('',(0.,7.,27.));
#2169 = LINE('',#2170,#2171);
#2170 = CARTESIAN_POINT('',(0.,7.,27.));
#2171 = VECTOR('',#2172,1.);
#2172 = DIRECTION('',(1.,0.,0.));
#2173 = ORIENTED_EDGE('',*,*,#2174,.F.);
#2174 = EDGE_CURVE('',#2135,#2167,#2175,.T.);
#2175 = CIRCLE('',#2176,1.5);
#2176 = AXIS2_PLACEMENT_3D('',#2177,#2178,#2179);
#2177 = CARTESIAN_POINT('',(0.,7.,28.5));
#2178 = DIRECTION('',(-1.,0.,0.));
#2179 = DIRECTION('',(0.,0.,1.));
#2180 = CYLINDRICAL_SURFACE('',#2181,1.5);
#2181 = AXIS2_PLACEMENT_3D('',#2182,#2183,#2184);
#2182 = CARTESIAN_POINT('',(0.,7.,28.5));
#2183 = DIRECTION('',(-1.,0.,0.));
#2184 = DIRECTION('',(0.,0.,1.));
#2185 = ADVANCED_FACE('',(#2186),#2211,.T.);
#2186 = FACE_BOUND('',#2187,.T.);
#2187 = EDGE_LOOP('',(#2188,#2189,#2197,#2205));
#2188 = ORIENTED_EDGE('',*,*,#2166,.T.);
#2189 = ORIENTED_EDGE('',*,*,#2190,.T.);
#2190 = EDGE_CURVE('',#2158,#2191,#2193,.T.);
#2191 = VERTEX_POINT('',#2192);
#2192 = CARTESIAN_POINT('',(570.,5.5,27.));
#2193 = LINE('',#2194,#2195);
#2194 = CARTESIAN_POINT('',(570.,7.,27.));
#2195 = VECTOR('',#2196,1.);
#2196 = DIRECTION('',(0.,-1.,0.));
#2197 = ORIENTED_EDGE('',*,*,#2198,.F.);
#2198 = EDGE_CURVE('',#2199,#2191,#2201,.T.);
#2199 = VERTEX_POINT('',#2200);
#2200 = CARTESIAN_POINT('',(0.,5.5,27.));
#2201 = LINE('',#2202,#2203);
#2202 = CARTESIAN_POINT('',(0.,5.5,27.));
#2203 = VECTOR('',#2204,1.);
#2204 = DIRECTION('',(1.,0.,0.));
#2205 = ORIENTED_EDGE('',*,*,#2206,.F.);
#2206 = EDGE_CURVE('',#2167,#2199,#2207,.T.);
#2207 = LINE('',#2208,#2209);
#2208 = CARTESIAN_POINT('',(0.,7.,27.));
#2209 = VECTOR('',#2210,1.);
#2210 = DIRECTION('',(0.,-1.,0.));
#2211 = PLANE('',#2212);
#2212 = AXIS2_PLACEMENT_3D('',#2213,#2214,#2215);
#2213 = CARTESIAN_POINT('',(0.,7.,27.));
#2214 = DIRECTION('',(0.,0.,-1.));
#2215 = DIRECTION('',(0.,-1.,0.));
#2216 = ADVANCED_FACE('',(#2217),#2244,.F.);
#2217 = FACE_BOUND('',#2218,.T.);
#2218 = EDGE_LOOP('',(#2219,#2220,#2229,#2237));
#2219 = ORIENTED_EDGE('',*,*,#2198,.T.);
#2220 = ORIENTED_EDGE('',*,*,#2221,.T.);
#2221 = EDGE_CURVE('',#2191,#2222,#2224,.T.);
#2222 = VERTEX_POINT('',#2223);
#2223 = CARTESIAN_POINT('',(570.,4.9,26.4));
#2224 = CIRCLE('',#2225,0.6);
#2225 = AXIS2_PLACEMENT_3D('',#2226,#2227,#2228);
#2226 = CARTESIAN_POINT('',(570.,5.5,26.4));
#2227 = DIRECTION('',(1.,0.,0.));
#2228 = DIRECTION('',(0.,-7.401486830834E-15,1.));
#2229 = ORIENTED_EDGE('',*,*,#2230,.F.);
#2230 = EDGE_CURVE('',#2231,#2222,#2233,.T.);
#2231 = VERTEX_POINT('',#2232);
#2232 = CARTESIAN_POINT('',(0.,4.9,26.4));
#2233 = LINE('',#2234,#2235);
#2234 = CARTESIAN_POINT('',(0.,4.9,26.4));
#2235 = VECTOR('',#2236,1.);
#2236 = DIRECTION('',(1.,0.,0.));
#2237 = ORIENTED_EDGE('',*,*,#2238,.F.);
#2238 = EDGE_CURVE('',#2199,#2231,#2239,.T.);
#2239 = CIRCLE('',#2240,0.6);
#2240 = AXIS2_PLACEMENT_3D('',#2241,#2242,#2243);
#2241 = CARTESIAN_POINT('',(0.,5.5,26.4));
#2242 = DIRECTION('',(1.,0.,0.));
#2243 = DIRECTION('',(0.,-7.401486830834E-15,1.));
#2244 = CYLINDRICAL_SURFACE('',#2245,0.6);
#2245 = AXIS2_PLACEMENT_3D('',#2246,#2247,#2248);
#2246 = CARTESIAN_POINT('',(0.,5.5,26.4));
#2247 = DIRECTION('',(-1.,-0.,-0.));
#2248 = DIRECTION('',(0.,-7.401486830834E-15,1.));
#2249 = ADVANCED_FACE('',(#2250),#2275,.T.);
#2250 = FACE_BOUND('',#2251,.T.);
#2251 = EDGE_LOOP('',(#2252,#2253,#2261,#2269));
#2252 = ORIENTED_EDGE('',*,*,#2230,.T.);
#2253 = ORIENTED_EDGE('',*,*,#2254,.T.);
#2254 = EDGE_CURVE('',#2222,#2255,#2257,.T.);
#2255 = VERTEX_POINT('',#2256);
#2256 = CARTESIAN_POINT('',(570.,4.9,10.765564437075));
#2257 = LINE('',#2258,#2259);
#2258 = CARTESIAN_POINT('',(570.,4.9,26.4));
#2259 = VECTOR('',#2260,1.);
#2260 = DIRECTION('',(0.,0.,-1.));
#2261 = ORIENTED_EDGE('',*,*,#2262,.F.);
#2262 = EDGE_CURVE('',#2263,#2255,#2265,.T.);
#2263 = VERTEX_POINT('',#2264);
#2264 = CARTESIAN_POINT('',(0.,4.9,10.765564437075));
#2265 = LINE('',#2266,#2267);
#2266 = CARTESIAN_POINT('',(0.,4.9,10.765564437075));
#2267 = VECTOR('',#2268,1.);
#2268 = DIRECTION('',(1.,0.,0.));
#2269 = ORIENTED_EDGE('',*,*,#2270,.F.);
#2270 = EDGE_CURVE('',#2231,#2263,#2271,.T.);
#2271 = LINE('',#2272,#2273);
#2272 = CARTESIAN_POINT('',(0.,4.9,26.4));
#2273 = VECTOR('',#2274,1.);
#2274 = DIRECTION('',(0.,0.,-1.));
#2275 = PLANE('',#2276);
#2276 = AXIS2_PLACEMENT_3D('',#2277,#2278,#2279);
#2277 = CARTESIAN_POINT('',(0.,4.9,26.4));
#2278 = DIRECTION('',(-0.,1.,0.));
#2279 = DIRECTION('',(0.,0.,-1.));
#2280 = ADVANCED_FACE('',(#2281),#2308,.F.);
#2281 = FACE_BOUND('',#2282,.T.);
#2282 = EDGE_LOOP('',(#2283,#2284,#2293,#2301));
#2283 = ORIENTED_EDGE('',*,*,#2262,.T.);
#2284 = ORIENTED_EDGE('',*,*,#2285,.T.);
#2285 = EDGE_CURVE('',#2255,#2286,#2288,.T.);
#2286 = VERTEX_POINT('',#2287);
#2287 = CARTESIAN_POINT('',(570.,4.979054114725,10.467881074061));
#2288 = CIRCLE('',#2289,0.6);
#2289 = AXIS2_PLACEMENT_3D('',#2290,#2291,#2292);
#2290 = CARTESIAN_POINT('',(570.,5.5,10.765564437075));
#2291 = DIRECTION('',(1.,0.,0.));
#2292 = DIRECTION('',(0.,-1.,8.881784197002E-15));
#2293 = ORIENTED_EDGE('',*,*,#2294,.F.);
#2294 = EDGE_CURVE('',#2295,#2286,#2297,.T.);
#2295 = VERTEX_POINT('',#2296);
#2296 = CARTESIAN_POINT('',(0.,4.979054114725,10.467881074061));
#2297 = LINE('',#2298,#2299);
#2298 = CARTESIAN_POINT('',(0.,4.979054114725,10.467881074061));
#2299 = VECTOR('',#2300,1.);
#2300 = DIRECTION('',(1.,0.,0.));
#2301 = ORIENTED_EDGE('',*,*,#2302,.F.);
#2302 = EDGE_CURVE('',#2263,#2295,#2303,.T.);
#2303 = CIRCLE('',#2304,0.6);
#2304 = AXIS2_PLACEMENT_3D('',#2305,#2306,#2307);
#2305 = CARTESIAN_POINT('',(0.,5.5,10.765564437075));
#2306 = DIRECTION('',(1.,0.,0.));
#2307 = DIRECTION('',(0.,-1.,8.881784197002E-15));
#2308 = CYLINDRICAL_SURFACE('',#2309,0.6);
#2309 = AXIS2_PLACEMENT_3D('',#2310,#2311,#2312);
#2310 = CARTESIAN_POINT('',(0.,5.5,10.765564437075));
#2311 = DIRECTION('',(-1.,-0.,-0.));
#2312 = DIRECTION('',(0.,-1.,8.881784197002E-15));
#2313 = ADVANCED_FACE('',(#2314),#2339,.T.);
#2314 = FACE_BOUND('',#2315,.T.);
#2315 = EDGE_LOOP('',(#2316,#2317,#2325,#2333));
#2316 = ORIENTED_EDGE('',*,*,#2294,.T.);
#2317 = ORIENTED_EDGE('',*,*,#2318,.T.);
#2318 = EDGE_CURVE('',#2286,#2319,#2321,.T.);
#2319 = VERTEX_POINT('',#2320);
#2320 = CARTESIAN_POINT('',(570.,8.571807676486,4.180562340979));
#2321 = LINE('',#2322,#2323);
#2322 = CARTESIAN_POINT('',(570.,4.979054114725,10.467881074061));
#2323 = VECTOR('',#2324,1.);
#2324 = DIRECTION('',(0.,0.496138938357,-0.868243142124));
#2325 = ORIENTED_EDGE('',*,*,#2326,.F.);
#2326 = EDGE_CURVE('',#2327,#2319,#2329,.T.);
#2327 = VERTEX_POINT('',#2328);
#2328 = CARTESIAN_POINT('',(0.,8.571807676486,4.180562340979));
#2329 = LINE('',#2330,#2331);
#2330 = CARTESIAN_POINT('',(0.,8.571807676486,4.180562340979));
#2331 = VECTOR('',#2332,1.);
#2332 = DIRECTION('',(1.,0.,0.));
#2333 = ORIENTED_EDGE('',*,*,#2334,.F.);
#2334 = EDGE_CURVE('',#2295,#2327,#2335,.T.);
#2335 = LINE('',#2336,#2337);
#2336 = CARTESIAN_POINT('',(0.,4.979054114725,10.467881074061));
#2337 = VECTOR('',#2338,1.);
#2338 = DIRECTION('',(0.,0.496138938357,-0.868243142124));
#2339 = PLANE('',#2340);
#2340 = AXIS2_PLACEMENT_3D('',#2341,#2342,#2343);
#2341 = CARTESIAN_POINT('',(0.,4.979054114725,10.467881074061));
#2342 = DIRECTION('',(-0.,0.868243142124,0.496138938357));
#2343 = DIRECTION('',(0.,0.496138938357,-0.868243142124));
#2344 = ADVANCED_FACE('',(#2345),#2372,.F.);
#2345 = FACE_BOUND('',#2346,.T.);
#2346 = EDGE_LOOP('',(#2347,#2348,#2357,#2365));
#2347 = ORIENTED_EDGE('',*,*,#2326,.T.);
#2348 = ORIENTED_EDGE('',*,*,#2349,.T.);
#2349 = EDGE_CURVE('',#2319,#2350,#2352,.T.);
#2350 = VERTEX_POINT('',#2351);
#2351 = CARTESIAN_POINT('',(570.,9.098067202649,3.832621501825));
#2352 = CIRCLE('',#2353,0.7);
#2353 = AXIS2_PLACEMENT_3D('',#2354,#2355,#2356);
#2354 = CARTESIAN_POINT('',(570.,9.179577875973,4.527859597829));
#2355 = DIRECTION('',(1.,0.,0.));
#2356 = DIRECTION('',(0.,-0.868243142124,-0.496138938357));
#2357 = ORIENTED_EDGE('',*,*,#2358,.F.);
#2358 = EDGE_CURVE('',#2359,#2350,#2361,.T.);
#2359 = VERTEX_POINT('',#2360);
#2360 = CARTESIAN_POINT('',(0.,9.098067202649,3.832621501825));
#2361 = LINE('',#2362,#2363);
#2362 = CARTESIAN_POINT('',(0.,9.098067202649,3.832621501825));
#2363 = VECTOR('',#2364,1.);
#2364 = DIRECTION('',(1.,0.,0.));
#2365 = ORIENTED_EDGE('',*,*,#2366,.F.);
#2366 = EDGE_CURVE('',#2327,#2359,#2367,.T.);
#2367 = CIRCLE('',#2368,0.7);
#2368 = AXIS2_PLACEMENT_3D('',#2369,#2370,#2371);
#2369 = CARTESIAN_POINT('',(0.,9.179577875973,4.527859597829));
#2370 = DIRECTION('',(1.,0.,0.));
#2371 = DIRECTION('',(0.,-0.868243142124,-0.496138938357));
#2372 = CYLINDRICAL_SURFACE('',#2373,0.7);
#2373 = AXIS2_PLACEMENT_3D('',#2374,#2375,#2376);
#2374 = CARTESIAN_POINT('',(0.,9.179577875973,4.527859597829));
#2375 = DIRECTION('',(-1.,-0.,-0.));
#2376 = DIRECTION('',(0.,-0.868243142124,-0.496138938357));
#2377 = ADVANCED_FACE('',(#2378),#2403,.T.);
#2378 = FACE_BOUND('',#2379,.T.);
#2379 = EDGE_LOOP('',(#2380,#2381,#2389,#2397));
#2380 = ORIENTED_EDGE('',*,*,#2358,.T.);
#2381 = ORIENTED_EDGE('',*,*,#2382,.T.);
#2382 = EDGE_CURVE('',#2350,#2383,#2385,.T.);
#2383 = VERTEX_POINT('',#2384);
#2384 = CARTESIAN_POINT('',(570.,22.642280067822,2.24467930384));
#2385 = LINE('',#2386,#2387);
#2386 = CARTESIAN_POINT('',(570.,9.098067202649,3.832621501825));
#2387 = VECTOR('',#2388,1.);
#2388 = DIRECTION('',(0.,0.993197280005,-0.116443819035));
#2389 = ORIENTED_EDGE('',*,*,#2390,.F.);
#2390 = EDGE_CURVE('',#2391,#2383,#2393,.T.);
#2391 = VERTEX_POINT('',#2392);
#2392 = CARTESIAN_POINT('',(0.,22.642280067822,2.24467930384));
#2393 = LINE('',#2394,#2395);
#2394 = CARTESIAN_POINT('',(0.,22.642280067822,2.24467930384));
#2395 = VECTOR('',#2396,1.);
#2396 = DIRECTION('',(1.,0.,0.));
#2397 = ORIENTED_EDGE('',*,*,#2398,.F.);
#2398 = EDGE_CURVE('',#2359,#2391,#2399,.T.);
#2399 = LINE('',#2400,#2401);
#2400 = CARTESIAN_POINT('',(0.,9.098067202649,3.832621501825));
#2401 = VECTOR('',#2402,1.);
#2402 = DIRECTION('',(0.,0.993197280005,-0.116443819035));
#2403 = PLANE('',#2404);
#2404 = AXIS2_PLACEMENT_3D('',#2405,#2406,#2407);
#2405 = CARTESIAN_POINT('',(0.,9.098067202649,3.832621501825));
#2406 = DIRECTION('',(-0.,0.116443819035,0.993197280005));
#2407 = DIRECTION('',(0.,0.993197280005,-0.116443819035));
#2408 = ADVANCED_FACE('',(#2409),#2436,.F.);
#2409 = FACE_BOUND('',#2410,.T.);
#2410 = EDGE_LOOP('',(#2411,#2412,#2421,#2429));
#2411 = ORIENTED_EDGE('',*,*,#2390,.T.);
#2412 = ORIENTED_EDGE('',*,*,#2413,.T.);
#2413 = EDGE_CURVE('',#2383,#2414,#2416,.T.);
#2414 = VERTEX_POINT('',#2415);
#2415 = CARTESIAN_POINT('',(570.,23.03498434315,2.369630870718));
#2416 = CIRCLE('',#2417,0.5);
#2417 = AXIS2_PLACEMENT_3D('',#2418,#2419,#2420);
#2418 = CARTESIAN_POINT('',(570.,22.700501977339,2.741277943842));
#2419 = DIRECTION('',(1.,0.,0.));
#2420 = DIRECTION('',(0.,-0.116443819035,-0.993197280005));
#2421 = ORIENTED_EDGE('',*,*,#2422,.F.);
#2422 = EDGE_CURVE('',#2423,#2414,#2425,.T.);
#2423 = VERTEX_POINT('',#2424);
#2424 = CARTESIAN_POINT('',(0.,23.03498434315,2.369630870718));
#2425 = LINE('',#2426,#2427);
#2426 = CARTESIAN_POINT('',(0.,23.03498434315,2.369630870718));
#2427 = VECTOR('',#2428,1.);
#2428 = DIRECTION('',(1.,0.,0.));
#2429 = ORIENTED_EDGE('',*,*,#2430,.F.);
#2430 = EDGE_CURVE('',#2391,#2423,#2431,.T.);
#2431 = CIRCLE('',#2432,0.5);
#2432 = AXIS2_PLACEMENT_3D('',#2433,#2434,#2435);
#2433 = CARTESIAN_POINT('',(0.,22.700501977339,2.741277943842));
#2434 = DIRECTION('',(1.,0.,0.));
#2435 = DIRECTION('',(0.,-0.116443819035,-0.993197280005));
#2436 = CYLINDRICAL_SURFACE('',#2437,0.5);
#2437 = AXIS2_PLACEMENT_3D('',#2438,#2439,#2440);
#2438 = CARTESIAN_POINT('',(0.,22.700501977339,2.741277943842));
#2439 = DIRECTION('',(-1.,-0.,-0.));
#2440 = DIRECTION('',(0.,-0.116443819035,-0.993197280005));
#2441 = ADVANCED_FACE('',(#2442),#2467,.T.);
#2442 = FACE_BOUND('',#2443,.T.);
#2443 = EDGE_LOOP('',(#2444,#2445,#2453,#2461));
#2444 = ORIENTED_EDGE('',*,*,#2422,.T.);
#2445 = ORIENTED_EDGE('',*,*,#2446,.T.);
#2446 = EDGE_CURVE('',#2414,#2447,#2449,.T.);
#2447 = VERTEX_POINT('',#2448);
#2448 = CARTESIAN_POINT('',(570.,24.732414107351,3.897317658499));
#2449 = LINE('',#2450,#2451);
#2450 = CARTESIAN_POINT('',(570.,23.03498434315,2.369630870718));
#2451 = VECTOR('',#2452,1.);
#2452 = DIRECTION('',(0.,0.743294146247,0.668964731622));
#2453 = ORIENTED_EDGE('',*,*,#2454,.F.);
#2454 = EDGE_CURVE('',#2455,#2447,#2457,.T.);
#2455 = VERTEX_POINT('',#2456);
#2456 = CARTESIAN_POINT('',(0.,24.732414107351,3.897317658499));
#2457 = LINE('',#2458,#2459);
#2458 = CARTESIAN_POINT('',(0.,24.732414107351,3.897317658499));
#2459 = VECTOR('',#2460,1.);
#2460 = DIRECTION('',(1.,0.,0.));
#2461 = ORIENTED_EDGE('',*,*,#2462,.F.);
#2462 = EDGE_CURVE('',#2423,#2455,#2463,.T.);
#2463 = LINE('',#2464,#2465);
#2464 = CARTESIAN_POINT('',(0.,23.03498434315,2.369630870718));
#2465 = VECTOR('',#2466,1.);
#2466 = DIRECTION('',(0.,0.743294146247,0.668964731622));
#2467 = PLANE('',#2468);
#2468 = AXIS2_PLACEMENT_3D('',#2469,#2470,#2471);
#2469 = CARTESIAN_POINT('',(0.,23.03498434315,2.369630870718));
#2470 = DIRECTION('',(0.,-0.668964731622,0.743294146247));
#2471 = DIRECTION('',(0.,0.743294146247,0.668964731622));
#2472 = ADVANCED_FACE('',(#2473),#2498,.T.);
#2473 = FACE_BOUND('',#2474,.T.);
#2474 = EDGE_LOOP('',(#2475,#2476,#2484,#2492));
#2475 = ORIENTED_EDGE('',*,*,#2454,.T.);
#2476 = ORIENTED_EDGE('',*,*,#2477,.T.);
#2477 = EDGE_CURVE('',#2447,#2478,#2480,.T.);
#2478 = VERTEX_POINT('',#2479);
#2479 = CARTESIAN_POINT('',(570.,25.267585892649,3.302682341501));
#2480 = LINE('',#2481,#2482);
#2481 = CARTESIAN_POINT('',(570.,24.732414107351,3.897317658499));
#2482 = VECTOR('',#2483,1.);
#2483 = DIRECTION('',(0.,0.668964731622,-0.743294146247));
#2484 = ORIENTED_EDGE('',*,*,#2485,.F.);
#2485 = EDGE_CURVE('',#2486,#2478,#2488,.T.);
#2486 = VERTEX_POINT('',#2487);
#2487 = CARTESIAN_POINT('',(0.,25.267585892649,3.302682341501));
#2488 = LINE('',#2489,#2490);
#2489 = CARTESIAN_POINT('',(0.,25.267585892649,3.302682341501));
#2490 = VECTOR('',#2491,1.);
#2491 = DIRECTION('',(1.,0.,0.));
#2492 = ORIENTED_EDGE('',*,*,#2493,.F.);
#2493 = EDGE_CURVE('',#2455,#2486,#2494,.T.);
#2494 = LINE('',#2495,#2496);
#2495 = CARTESIAN_POINT('',(0.,24.732414107351,3.897317658499));
#2496 = VECTOR('',#2497,1.);
#2497 = DIRECTION('',(0.,0.668964731622,-0.743294146247));
#2498 = PLANE('',#2499);
#2499 = AXIS2_PLACEMENT_3D('',#2500,#2501,#2502);
#2500 = CARTESIAN_POINT('',(0.,24.732414107351,3.897317658499));
#2501 = DIRECTION('',(-0.,0.743294146247,0.668964731622));
#2502 = DIRECTION('',(0.,0.668964731622,-0.743294146247));
#2503 = ADVANCED_FACE('',(#2504),#2529,.T.);
#2504 = FACE_BOUND('',#2505,.T.);
#2505 = EDGE_LOOP('',(#2506,#2507,#2515,#2523));
#2506 = ORIENTED_EDGE('',*,*,#2485,.T.);
#2507 = ORIENTED_EDGE('',*,*,#2508,.T.);
#2508 = EDGE_CURVE('',#2478,#2509,#2511,.T.);
#2509 = VERTEX_POINT('',#2510);
#2510 = CARTESIAN_POINT('',(570.,23.570156128448,1.774995553721));
#2511 = LINE('',#2512,#2513);
#2512 = CARTESIAN_POINT('',(570.,25.267585892649,3.302682341501));
#2513 = VECTOR('',#2514,1.);
#2514 = DIRECTION('',(0.,-0.743294146247,-0.668964731622));
#2515 = ORIENTED_EDGE('',*,*,#2516,.F.);
#2516 = EDGE_CURVE('',#2517,#2509,#2519,.T.);
#2517 = VERTEX_POINT('',#2518);
#2518 = CARTESIAN_POINT('',(0.,23.570156128448,1.774995553721));
#2519 = LINE('',#2520,#2521);
#2520 = CARTESIAN_POINT('',(0.,23.570156128448,1.774995553721));
#2521 = VECTOR('',#2522,1.);
#2522 = DIRECTION('',(1.,0.,0.));
#2523 = ORIENTED_EDGE('',*,*,#2524,.F.);
#2524 = EDGE_CURVE('',#2486,#2517,#2525,.T.);
#2525 = LINE('',#2526,#2527);
#2526 = CARTESIAN_POINT('',(0.,25.267585892649,3.302682341501));
#2527 = VECTOR('',#2528,1.);
#2528 = DIRECTION('',(0.,-0.743294146247,-0.668964731622));
#2529 = PLANE('',#2530);
#2530 = AXIS2_PLACEMENT_3D('',#2531,#2532,#2533);
#2531 = CARTESIAN_POINT('',(0.,25.267585892649,3.302682341501));
#2532 = DIRECTION('',(0.,0.668964731622,-0.743294146247));
#2533 = DIRECTION('',(0.,-0.743294146247,-0.668964731622));
#2534 = ADVANCED_FACE('',(#2535),#2562,.T.);
#2535 = FACE_BOUND('',#2536,.T.);
#2536 = EDGE_LOOP('',(#2537,#2538,#2547,#2555));
#2537 = ORIENTED_EDGE('',*,*,#2516,.T.);
#2538 = ORIENTED_EDGE('',*,*,#2539,.T.);
#2539 = EDGE_CURVE('',#2509,#2540,#2542,.T.);
#2540 = VERTEX_POINT('',#2541);
#2541 = CARTESIAN_POINT('',(570.,22.549125012594,1.450121479836));
#2542 = CIRCLE('',#2543,1.3);
#2543 = AXIS2_PLACEMENT_3D('',#2544,#2545,#2546);
#2544 = CARTESIAN_POINT('',(570.,22.700501977339,2.741277943842));
#2545 = DIRECTION('',(-1.,0.,0.));
#2546 = DIRECTION('',(0.,0.668964731622,-0.743294146247));
#2547 = ORIENTED_EDGE('',*,*,#2548,.F.);
#2548 = EDGE_CURVE('',#2549,#2540,#2551,.T.);
#2549 = VERTEX_POINT('',#2550);
#2550 = CARTESIAN_POINT('',(0.,22.549125012594,1.450121479836));
#2551 = LINE('',#2552,#2553);
#2552 = CARTESIAN_POINT('',(0.,22.549125012594,1.450121479836));
#2553 = VECTOR('',#2554,1.);
#2554 = DIRECTION('',(1.,0.,0.));
#2555 = ORIENTED_EDGE('',*,*,#2556,.F.);
#2556 = EDGE_CURVE('',#2517,#2549,#2557,.T.);
#2557 = CIRCLE('',#2558,1.3);
#2558 = AXIS2_PLACEMENT_3D('',#2559,#2560,#2561);
#2559 = CARTESIAN_POINT('',(0.,22.700501977339,2.741277943842));
#2560 = DIRECTION('',(-1.,0.,0.));
#2561 = DIRECTION('',(0.,0.668964731622,-0.743294146247));
#2562 = CYLINDRICAL_SURFACE('',#2563,1.3);
#2563 = AXIS2_PLACEMENT_3D('',#2564,#2565,#2566);
#2564 = CARTESIAN_POINT('',(0.,22.700501977339,2.741277943842));
#2565 = DIRECTION('',(-1.,0.,0.));
#2566 = DIRECTION('',(0.,0.668964731622,-0.743294146247));
#2567 = ADVANCED_FACE('',(#2568),#2593,.T.);
#2568 = FACE_BOUND('',#2569,.T.);
#2569 = EDGE_LOOP('',(#2570,#2571,#2579,#2587));
#2570 = ORIENTED_EDGE('',*,*,#2548,.T.);
#2571 = ORIENTED_EDGE('',*,*,#2572,.T.);
#2572 = EDGE_CURVE('',#2540,#2573,#2575,.T.);
#2573 = VERTEX_POINT('',#2574);
#2574 = CARTESIAN_POINT('',(570.,9.004912147421,3.038063677822));
#2575 = LINE('',#2576,#2577);
#2576 = CARTESIAN_POINT('',(570.,22.549125012594,1.450121479836));
#2577 = VECTOR('',#2578,1.);
#2578 = DIRECTION('',(0.,-0.993197280005,0.116443819035));
#2579 = ORIENTED_EDGE('',*,*,#2580,.F.);
#2580 = EDGE_CURVE('',#2581,#2573,#2583,.T.);
#2581 = VERTEX_POINT('',#2582);
#2582 = CARTESIAN_POINT('',(0.,9.004912147421,3.038063677822));
#2583 = LINE('',#2584,#2585);
#2584 = CARTESIAN_POINT('',(0.,9.004912147421,3.038063677822));
#2585 = VECTOR('',#2586,1.);
#2586 = DIRECTION('',(1.,0.,0.));
#2587 = ORIENTED_EDGE('',*,*,#2588,.F.);
#2588 = EDGE_CURVE('',#2549,#2581,#2589,.T.);
#2589 = LINE('',#2590,#2591);
#2590 = CARTESIAN_POINT('',(0.,22.549125012594,1.450121479836));
#2591 = VECTOR('',#2592,1.);
#2592 = DIRECTION('',(0.,-0.993197280005,0.116443819035));
#2593 = PLANE('',#2594);
#2594 = AXIS2_PLACEMENT_3D('',#2595,#2596,#2597);
#2595 = CARTESIAN_POINT('',(0.,22.549125012594,1.450121479836));
#2596 = DIRECTION('',(0.,-0.116443819035,-0.993197280005));
#2597 = DIRECTION('',(0.,-0.993197280005,0.116443819035));
#2598 = ADVANCED_FACE('',(#2599),#2626,.T.);
#2599 = FACE_BOUND('',#2600,.T.);
#2600 = EDGE_LOOP('',(#2601,#2602,#2611,#2619));
#2601 = ORIENTED_EDGE('',*,*,#2580,.T.);
#2602 = ORIENTED_EDGE('',*,*,#2603,.T.);
#2603 = EDGE_CURVE('',#2573,#2604,#2606,.T.);
#2604 = VERTEX_POINT('',#2605);
#2605 = CARTESIAN_POINT('',(570.,7.877213162787,3.783651190293));
#2606 = CIRCLE('',#2607,1.5);
#2607 = AXIS2_PLACEMENT_3D('',#2608,#2609,#2610);
#2608 = CARTESIAN_POINT('',(570.,9.179577875973,4.527859597829));
#2609 = DIRECTION('',(-1.,0.,0.));
#2610 = DIRECTION('',(-0.,-0.116443819035,-0.993197280005));
#2611 = ORIENTED_EDGE('',*,*,#2612,.F.);
#2612 = EDGE_CURVE('',#2613,#2604,#2615,.T.);
#2613 = VERTEX_POINT('',#2614);
#2614 = CARTESIAN_POINT('',(0.,7.877213162787,3.783651190293));
#2615 = LINE('',#2616,#2617);
#2616 = CARTESIAN_POINT('',(0.,7.877213162787,3.783651190293));
#2617 = VECTOR('',#2618,1.);
#2618 = DIRECTION('',(1.,0.,0.));
#2619 = ORIENTED_EDGE('',*,*,#2620,.F.);
#2620 = EDGE_CURVE('',#2581,#2613,#2621,.T.);
#2621 = CIRCLE('',#2622,1.5);
#2622 = AXIS2_PLACEMENT_3D('',#2623,#2624,#2625);
#2623 = CARTESIAN_POINT('',(0.,9.179577875973,4.527859597829));
#2624 = DIRECTION('',(-1.,0.,0.));
#2625 = DIRECTION('',(-0.,-0.116443819035,-0.993197280005));
#2626 = CYLINDRICAL_SURFACE('',#2627,1.5);
#2627 = AXIS2_PLACEMENT_3D('',#2628,#2629,#2630);
#2628 = CARTESIAN_POINT('',(0.,9.179577875973,4.527859597829));
#2629 = DIRECTION('',(-1.,0.,0.));
#2630 = DIRECTION('',(-0.,-0.116443819035,-0.993197280005));
#2631 = ADVANCED_FACE('',(#2632),#2657,.T.);
#2632 = FACE_BOUND('',#2633,.T.);
#2633 = EDGE_LOOP('',(#2634,#2635,#2643,#2651));
#2634 = ORIENTED_EDGE('',*,*,#2612,.T.);
#2635 = ORIENTED_EDGE('',*,*,#2636,.T.);
#2636 = EDGE_CURVE('',#2604,#2637,#2639,.T.);
#2637 = VERTEX_POINT('',#2638);
#2638 = CARTESIAN_POINT('',(570.,4.284459601026,10.070969923375));
#2639 = LINE('',#2640,#2641);
#2640 = CARTESIAN_POINT('',(570.,7.877213162787,3.783651190293));
#2641 = VECTOR('',#2642,1.);
#2642 = DIRECTION('',(0.,-0.496138938357,0.868243142124));
#2643 = ORIENTED_EDGE('',*,*,#2644,.F.);
#2644 = EDGE_CURVE('',#2645,#2637,#2647,.T.);
#2645 = VERTEX_POINT('',#2646);
#2646 = CARTESIAN_POINT('',(0.,4.284459601026,10.070969923375));
#2647 = LINE('',#2648,#2649);
#2648 = CARTESIAN_POINT('',(0.,4.284459601026,10.070969923375));
#2649 = VECTOR('',#2650,1.);
#2650 = DIRECTION('',(1.,0.,0.));
#2651 = ORIENTED_EDGE('',*,*,#2652,.F.);
#2652 = EDGE_CURVE('',#2613,#2645,#2653,.T.);
#2653 = LINE('',#2654,#2655);
#2654 = CARTESIAN_POINT('',(0.,7.877213162787,3.783651190293));
#2655 = VECTOR('',#2656,1.);
#2656 = DIRECTION('',(0.,-0.496138938357,0.868243142124));
#2657 = PLANE('',#2658);
#2658 = AXIS2_PLACEMENT_3D('',#2659,#2660,#2661);
#2659 = CARTESIAN_POINT('',(0.,7.877213162787,3.783651190293));
#2660 = DIRECTION('',(0.,-0.868243142124,-0.496138938357));
#2661 = DIRECTION('',(0.,-0.496138938357,0.868243142124));
#2662 = ADVANCED_FACE('',(#2663),#2690,.T.);
#2663 = FACE_BOUND('',#2664,.T.);
#2664 = EDGE_LOOP('',(#2665,#2666,#2675,#2683));
#2665 = ORIENTED_EDGE('',*,*,#2644,.T.);
#2666 = ORIENTED_EDGE('',*,*,#2667,.T.);
#2667 = EDGE_CURVE('',#2637,#2668,#2670,.T.);
#2668 = VERTEX_POINT('',#2669);
#2669 = CARTESIAN_POINT('',(570.,4.1,10.765564437075));
#2670 = CIRCLE('',#2671,1.4);
#2671 = AXIS2_PLACEMENT_3D('',#2672,#2673,#2674);
#2672 = CARTESIAN_POINT('',(570.,5.5,10.765564437075));
#2673 = DIRECTION('',(-1.,0.,0.));
#2674 = DIRECTION('',(-0.,-0.868243142124,-0.496138938357));
#2675 = ORIENTED_EDGE('',*,*,#2676,.F.);
#2676 = EDGE_CURVE('',#2677,#2668,#2679,.T.);
#2677 = VERTEX_POINT('',#2678);
#2678 = CARTESIAN_POINT('',(0.,4.1,10.765564437075));
#2679 = LINE('',#2680,#2681);
#2680 = CARTESIAN_POINT('',(0.,4.1,10.765564437075));
#2681 = VECTOR('',#2682,1.);
#2682 = DIRECTION('',(1.,0.,0.));
#2683 = ORIENTED_EDGE('',*,*,#2684,.F.);
#2684 = EDGE_CURVE('',#2645,#2677,#2685,.T.);
#2685 = CIRCLE('',#2686,1.4);
#2686 = AXIS2_PLACEMENT_3D('',#2687,#2688,#2689);
#2687 = CARTESIAN_POINT('',(0.,5.5,10.765564437075));
#2688 = DIRECTION('',(-1.,0.,0.));
#2689 = DIRECTION('',(-0.,-0.868243142124,-0.496138938357));
#2690 = CYLINDRICAL_SURFACE('',#2691,1.4);
#2691 = AXIS2_PLACEMENT_3D('',#2692,#2693,#2694);
#2692 = CARTESIAN_POINT('',(0.,5.5,10.765564437075));
#2693 = DIRECTION('',(-1.,0.,0.));
#2694 = DIRECTION('',(-0.,-0.868243142124,-0.496138938357));
#2695 = ADVANCED_FACE('',(#2696),#2721,.T.);
#2696 = FACE_BOUND('',#2697,.T.);
#2697 = EDGE_LOOP('',(#2698,#2699,#2707,#2715));
#2698 = ORIENTED_EDGE('',*,*,#2676,.T.);
#2699 = ORIENTED_EDGE('',*,*,#2700,.T.);
#2700 = EDGE_CURVE('',#2668,#2701,#2703,.T.);
#2701 = VERTEX_POINT('',#2702);
#2702 = CARTESIAN_POINT('',(570.,4.1,26.4));
#2703 = LINE('',#2704,#2705);
#2704 = CARTESIAN_POINT('',(570.,4.1,10.765564437075));
#2705 = VECTOR('',#2706,1.);
#2706 = DIRECTION('',(0.,0.,1.));
#2707 = ORIENTED_EDGE('',*,*,#2708,.F.);
#2708 = EDGE_CURVE('',#2709,#2701,#2711,.T.);
#2709 = VERTEX_POINT('',#2710);
#2710 = CARTESIAN_POINT('',(0.,4.1,26.4));
#2711 = LINE('',#2712,#2713);
#2712 = CARTESIAN_POINT('',(0.,4.1,26.4));
#2713 = VECTOR('',#2714,1.);
#2714 = DIRECTION('',(1.,0.,0.));
#2715 = ORIENTED_EDGE('',*,*,#2716,.F.);
#2716 = EDGE_CURVE('',#2677,#2709,#2717,.T.);
#2717 = LINE('',#2718,#2719);
#2718 = CARTESIAN_POINT('',(0.,4.1,10.765564437075));
#2719 = VECTOR('',#2720,1.);
#2720 = DIRECTION('',(0.,0.,1.));
#2721 = PLANE('',#2722);
#2722 = AXIS2_PLACEMENT_3D('',#2723,#2724,#2725);
#2723 = CARTESIAN_POINT('',(0.,4.1,10.765564437075));
#2724 = DIRECTION('',(0.,-1.,0.));
#2725 = DIRECTION('',(0.,0.,1.));
#2726 = ADVANCED_FACE('',(#2727),#2754,.T.);
#2727 = FACE_BOUND('',#2728,.T.);
#2728 = EDGE_LOOP('',(#2729,#2730,#2739,#2747));
#2729 = ORIENTED_EDGE('',*,*,#2708,.T.);
#2730 = ORIENTED_EDGE('',*,*,#2731,.T.);
#2731 = EDGE_CURVE('',#2701,#2732,#2734,.T.);
#2732 = VERTEX_POINT('',#2733);
#2733 = CARTESIAN_POINT('',(570.,5.5,27.8));
#2734 = CIRCLE('',#2735,1.4);
#2735 = AXIS2_PLACEMENT_3D('',#2736,#2737,#2738);
#2736 = CARTESIAN_POINT('',(570.,5.5,26.4));
#2737 = DIRECTION('',(-1.,0.,0.));
#2738 = DIRECTION('',(-0.,-1.,-2.537652627715E-15));
#2739 = ORIENTED_EDGE('',*,*,#2740,.F.);
#2740 = EDGE_CURVE('',#2741,#2732,#2743,.T.);
#2741 = VERTEX_POINT('',#2742);
#2742 = CARTESIAN_POINT('',(0.,5.5,27.8));
#2743 = LINE('',#2744,#2745);
#2744 = CARTESIAN_POINT('',(0.,5.5,27.8));
#2745 = VECTOR('',#2746,1.);
#2746 = DIRECTION('',(1.,0.,0.));
#2747 = ORIENTED_EDGE('',*,*,#2748,.F.);
#2748 = EDGE_CURVE('',#2709,#2741,#2749,.T.);
#2749 = CIRCLE('',#2750,1.4);
#2750 = AXIS2_PLACEMENT_3D('',#2751,#2752,#2753);
#2751 = CARTESIAN_POINT('',(0.,5.5,26.4));
#2752 = DIRECTION('',(-1.,0.,0.));
#2753 = DIRECTION('',(-0.,-1.,-2.537652627715E-15));
#2754 = CYLINDRICAL_SURFACE('',#2755,1.4);
#2755 = AXIS2_PLACEMENT_3D('',#2756,#2757,#2758);
#2756 = CARTESIAN_POINT('',(0.,5.5,26.4));
#2757 = DIRECTION('',(-1.,0.,0.));
#2758 = DIRECTION('',(-0.,-1.,-2.537652627715E-15));
#2759 = ADVANCED_FACE('',(#2760),#2785,.T.);
#2760 = FACE_BOUND('',#2761,.T.);
#2761 = EDGE_LOOP('',(#2762,#2763,#2771,#2779));
#2762 = ORIENTED_EDGE('',*,*,#2740,.T.);
#2763 = ORIENTED_EDGE('',*,*,#2764,.T.);
#2764 = EDGE_CURVE('',#2732,#2765,#2767,.T.);
#2765 = VERTEX_POINT('',#2766);
#2766 = CARTESIAN_POINT('',(570.,7.,27.8));
#2767 = LINE('',#2768,#2769);
#2768 = CARTESIAN_POINT('',(570.,5.5,27.8));
#2769 = VECTOR('',#2770,1.);
#2770 = DIRECTION('',(0.,1.,0.));
#2771 = ORIENTED_EDGE('',*,*,#2772,.F.);
#2772 = EDGE_CURVE('',#2773,#2765,#2775,.T.);
#2773 = VERTEX_POINT('',#2774);
#2774 = CARTESIAN_POINT('',(0.,7.,27.8));
#2775 = LINE('',#2776,#2777);
#2776 = CARTESIAN_POINT('',(0.,7.,27.8));
#2777 = VECTOR('',#2778,1.);
#2778 = DIRECTION('',(1.,0.,0.));
#2779 = ORIENTED_EDGE('',*,*,#2780,.F.);
#2780 = EDGE_CURVE('',#2741,#2773,#2781,.T.);
#2781 = LINE('',#2782,#2783);
#2782 = CARTESIAN_POINT('',(0.,5.5,27.8));
#2783 = VECTOR('',#2784,1.);
#2784 = DIRECTION('',(0.,1.,0.));
#2785 = PLANE('',#2786);
#2786 = AXIS2_PLACEMENT_3D('',#2787,#2788,#2789);
#2787 = CARTESIAN_POINT('',(0.,5.5,27.8));
#2788 = DIRECTION('',(0.,0.,1.));
#2789 = DIRECTION('',(0.,1.,0.));
#2790 = ADVANCED_FACE('',(#2791),#2818,.F.);
#2791 = FACE_BOUND('',#2792,.T.);
#2792 = EDGE_LOOP('',(#2793,#2794,#2803,#2811));
#2793 = ORIENTED_EDGE('',*,*,#2772,.T.);
#2794 = ORIENTED_EDGE('',*,*,#2795,.T.);
#2795 = EDGE_CURVE('',#2765,#2796,#2798,.T.);
#2796 = VERTEX_POINT('',#2797);
#2797 = CARTESIAN_POINT('',(570.,7.,29.2));
#2798 = CIRCLE('',#2799,0.7);
#2799 = AXIS2_PLACEMENT_3D('',#2800,#2801,#2802);
#2800 = CARTESIAN_POINT('',(570.,7.,28.5));
#2801 = DIRECTION('',(1.,0.,-0.));
#2802 = DIRECTION('',(-0.,2.537652627715E-15,-1.));
#2803 = ORIENTED_EDGE('',*,*,#2804,.F.);
#2804 = EDGE_CURVE('',#2805,#2796,#2807,.T.);
#2805 = VERTEX_POINT('',#2806);
#2806 = CARTESIAN_POINT('',(0.,7.,29.2));
#2807 = LINE('',#2808,#2809);
#2808 = CARTESIAN_POINT('',(0.,7.,29.2));
#2809 = VECTOR('',#2810,1.);
#2810 = DIRECTION('',(1.,0.,0.));
#2811 = ORIENTED_EDGE('',*,*,#2812,.F.);
#2812 = EDGE_CURVE('',#2773,#2805,#2813,.T.);
#2813 = CIRCLE('',#2814,0.7);
#2814 = AXIS2_PLACEMENT_3D('',#2815,#2816,#2817);
#2815 = CARTESIAN_POINT('',(0.,7.,28.5));
#2816 = DIRECTION('',(1.,0.,-0.));
#2817 = DIRECTION('',(-0.,2.537652627715E-15,-1.));
#2818 = CYLINDRICAL_SURFACE('',#2819,0.7);
#2819 = AXIS2_PLACEMENT_3D('',#2820,#2821,#2822);
#2820 = CARTESIAN_POINT('',(0.,7.,28.5));
#2821 = DIRECTION('',(-1.,-0.,0.));
#2822 = DIRECTION('',(-0.,2.537652627715E-15,-1.));
#2823 = ADVANCED_FACE('',(#2824),#2849,.T.);
#2824 = FACE_BOUND('',#2825,.T.);
#2825 = EDGE_LOOP('',(#2826,#2827,#2835,#2843));
#2826 = ORIENTED_EDGE('',*,*,#2804,.T.);
#2827 = ORIENTED_EDGE('',*,*,#2828,.T.);
#2828 = EDGE_CURVE('',#2796,#2829,#2831,.T.);
#2829 = VERTEX_POINT('',#2830);
#2830 = CARTESIAN_POINT('',(570.,2.,29.2));
#2831 = LINE('',#2832,#2833);
#2832 = CARTESIAN_POINT('',(570.,7.,29.2));
#2833 = VECTOR('',#2834,1.);
#2834 = DIRECTION('',(0.,-1.,0.));
#2835 = ORIENTED_EDGE('',*,*,#2836,.F.);
#2836 = EDGE_CURVE('',#2837,#2829,#2839,.T.);
#2837 = VERTEX_POINT('',#2838);
#2838 = CARTESIAN_POINT('',(0.,2.,29.2));
#2839 = LINE('',#2840,#2841);
#2840 = CARTESIAN_POINT('',(0.,2.,29.2));
#2841 = VECTOR('',#2842,1.);
#2842 = DIRECTION('',(1.,0.,0.));
#2843 = ORIENTED_EDGE('',*,*,#2844,.F.);
#2844 = EDGE_CURVE('',#2805,#2837,#2845,.T.);
#2845 = LINE('',#2846,#2847);
#2846 = CARTESIAN_POINT('',(0.,7.,29.2));
#2847 = VECTOR('',#2848,1.);
#2848 = DIRECTION('',(0.,-1.,0.));
#2849 = PLANE('',#2850);
#2850 = AXIS2_PLACEMENT_3D('',#2851,#2852,#2853);
#2851 = CARTESIAN_POINT('',(0.,7.,29.2));
#2852 = DIRECTION('',(0.,0.,-1.));
#2853 = DIRECTION('',(0.,-1.,0.));
#2854 = ADVANCED_FACE('',(#2855),#2882,.F.);
#2855 = FACE_BOUND('',#2856,.T.);
#2856 = EDGE_LOOP('',(#2857,#2858,#2867,#2875));
#2857 = ORIENTED_EDGE('',*,*,#2836,.T.);
#2858 = ORIENTED_EDGE('',*,*,#2859,.T.);
#2859 = EDGE_CURVE('',#2829,#2860,#2862,.T.);
#2860 = VERTEX_POINT('',#2861);
#2861 = CARTESIAN_POINT('',(570.,0.8,28.));
#2862 = CIRCLE('',#2863,1.2);
#2863 = AXIS2_PLACEMENT_3D('',#2864,#2865,#2866);
#2864 = CARTESIAN_POINT('',(570.,2.,28.));
#2865 = DIRECTION('',(1.,0.,0.));
#2866 = DIRECTION('',(-0.,2.590520390792E-15,1.));
#2867 = ORIENTED_EDGE('',*,*,#2868,.F.);
#2868 = EDGE_CURVE('',#2869,#2860,#2871,.T.);
#2869 = VERTEX_POINT('',#2870);
#2870 = CARTESIAN_POINT('',(0.,0.8,28.));
#2871 = LINE('',#2872,#2873);
#2872 = CARTESIAN_POINT('',(0.,0.8,28.));
#2873 = VECTOR('',#2874,1.);
#2874 = DIRECTION('',(1.,0.,0.));
#2875 = ORIENTED_EDGE('',*,*,#2876,.F.);
#2876 = EDGE_CURVE('',#2837,#2869,#2877,.T.);
#2877 = CIRCLE('',#2878,1.2);
#2878 = AXIS2_PLACEMENT_3D('',#2879,#2880,#2881);
#2879 = CARTESIAN_POINT('',(0.,2.,28.));
#2880 = DIRECTION('',(1.,0.,0.));
#2881 = DIRECTION('',(-0.,2.590520390792E-15,1.));
#2882 = CYLINDRICAL_SURFACE('',#2883,1.2);
#2883 = AXIS2_PLACEMENT_3D('',#2884,#2885,#2886);
#2884 = CARTESIAN_POINT('',(0.,2.,28.));
#2885 = DIRECTION('',(-1.,-0.,-0.));
#2886 = DIRECTION('',(-0.,2.590520390792E-15,1.));
#2887 = ADVANCED_FACE('',(#2888),#2913,.T.);
#2888 = FACE_BOUND('',#2889,.T.);
#2889 = EDGE_LOOP('',(#2890,#2891,#2899,#2907));
#2890 = ORIENTED_EDGE('',*,*,#2868,.T.);
#2891 = ORIENTED_EDGE('',*,*,#2892,.T.);
#2892 = EDGE_CURVE('',#2860,#2893,#2895,.T.);
#2893 = VERTEX_POINT('',#2894);
#2894 = CARTESIAN_POINT('',(570.,0.8,1.25));
#2895 = LINE('',#2896,#2897);
#2896 = CARTESIAN_POINT('',(570.,0.8,28.));
#2897 = VECTOR('',#2898,1.);
#2898 = DIRECTION('',(0.,0.,-1.));
#2899 = ORIENTED_EDGE('',*,*,#2900,.F.);
#2900 = EDGE_CURVE('',#2901,#2893,#2903,.T.);
#2901 = VERTEX_POINT('',#2902);
#2902 = CARTESIAN_POINT('',(0.,0.8,1.25));
#2903 = LINE('',#2904,#2905);
#2904 = CARTESIAN_POINT('',(0.,0.8,1.25));
#2905 = VECTOR('',#2906,1.);
#2906 = DIRECTION('',(1.,0.,0.));
#2907 = ORIENTED_EDGE('',*,*,#2908,.F.);
#2908 = EDGE_CURVE('',#2869,#2901,#2909,.T.);
#2909 = LINE('',#2910,#2911);
#2910 = CARTESIAN_POINT('',(0.,0.8,28.));
#2911 = VECTOR('',#2912,1.);
#2912 = DIRECTION('',(0.,0.,-1.));
#2913 = PLANE('',#2914);
#2914 = AXIS2_PLACEMENT_3D('',#2915,#2916,#2917);
#2915 = CARTESIAN_POINT('',(0.,0.8,28.));
#2916 = DIRECTION('',(-0.,1.,0.));
#2917 = DIRECTION('',(0.,0.,-1.));
#2918 = ADVANCED_FACE('',(#2919),#2946,.F.);
#2919 = FACE_BOUND('',#2920,.T.);
#2920 = EDGE_LOOP('',(#2921,#2922,#2931,#2939));
#2921 = ORIENTED_EDGE('',*,*,#2900,.T.);
#2922 = ORIENTED_EDGE('',*,*,#2923,.T.);
#2923 = EDGE_CURVE('',#2893,#2924,#2926,.T.);
#2924 = VERTEX_POINT('',#2925);
#2925 = CARTESIAN_POINT('',(570.,1.25,0.8));
#2926 = CIRCLE('',#2927,0.45);
#2927 = AXIS2_PLACEMENT_3D('',#2928,#2929,#2930);
#2928 = CARTESIAN_POINT('',(570.,1.25,1.25));
#2929 = DIRECTION('',(1.,0.,0.));
#2930 = DIRECTION('',(0.,-1.,0.));
#2931 = ORIENTED_EDGE('',*,*,#2932,.F.);
#2932 = EDGE_CURVE('',#2933,#2924,#2935,.T.);
#2933 = VERTEX_POINT('',#2934);
#2934 = CARTESIAN_POINT('',(0.,1.25,0.8));
#2935 = LINE('',#2936,#2937);
#2936 = CARTESIAN_POINT('',(0.,1.25,0.8));
#2937 = VECTOR('',#2938,1.);
#2938 = DIRECTION('',(1.,0.,0.));
#2939 = ORIENTED_EDGE('',*,*,#2940,.F.);
#2940 = EDGE_CURVE('',#2901,#2933,#2941,.T.);
#2941 = CIRCLE('',#2942,0.45);
#2942 = AXIS2_PLACEMENT_3D('',#2943,#2944,#2945);
#2943 = CARTESIAN_POINT('',(0.,1.25,1.25));
#2944 = DIRECTION('',(1.,0.,0.));
#2945 = DIRECTION('',(0.,-1.,0.));
#2946 = CYLINDRICAL_SURFACE('',#2947,0.45);
#2947 = AXIS2_PLACEMENT_3D('',#2948,#2949,#2950);
#2948 = CARTESIAN_POINT('',(0.,1.25,1.25));
#2949 = DIRECTION('',(-1.,-0.,-0.));
#2950 = DIRECTION('',(0.,-1.,0.));
#2951 = ADVANCED_FACE('',(#2952),#2977,.T.);
#2952 = FACE_BOUND('',#2953,.T.);
#2953 = EDGE_LOOP('',(#2954,#2955,#2963,#2971));
#2954 = ORIENTED_EDGE('',*,*,#2932,.T.);
#2955 = ORIENTED_EDGE('',*,*,#2956,.T.);
#2956 = EDGE_CURVE('',#2924,#2957,#2959,.T.);
#2957 = VERTEX_POINT('',#2958);
#2958 = CARTESIAN_POINT('',(570.,3.55,0.8));
#2959 = LINE('',#2960,#2961);
#2960 = CARTESIAN_POINT('',(570.,1.25,0.8));
#2961 = VECTOR('',#2962,1.);
#2962 = DIRECTION('',(0.,1.,0.));
#2963 = ORIENTED_EDGE('',*,*,#2964,.F.);
#2964 = EDGE_CURVE('',#2965,#2957,#2967,.T.);
#2965 = VERTEX_POINT('',#2966);
#2966 = CARTESIAN_POINT('',(0.,3.55,0.8));
#2967 = LINE('',#2968,#2969);
#2968 = CARTESIAN_POINT('',(0.,3.55,0.8));
#2969 = VECTOR('',#2970,1.);
#2970 = DIRECTION('',(1.,0.,0.));
#2971 = ORIENTED_EDGE('',*,*,#2972,.F.);
#2972 = EDGE_CURVE('',#2933,#2965,#2973,.T.);
#2973 = LINE('',#2974,#2975);
#2974 = CARTESIAN_POINT('',(0.,1.25,0.8));
#2975 = VECTOR('',#2976,1.);
#2976 = DIRECTION('',(0.,1.,0.));
#2977 = PLANE('',#2978);
#2978 = AXIS2_PLACEMENT_3D('',#2979,#2980,#2981);
#2979 = CARTESIAN_POINT('',(0.,1.25,0.8));
#2980 = DIRECTION('',(0.,0.,1.));
#2981 = DIRECTION('',(0.,1.,0.));
#2982 = ADVANCED_FACE('',(#2983),#3010,.F.);
#2983 = FACE_BOUND('',#2984,.T.);
#2984 = EDGE_LOOP('',(#2985,#2986,#2995,#3003));
#2985 = ORIENTED_EDGE('',*,*,#2964,.T.);
#2986 = ORIENTED_EDGE('',*,*,#2987,.T.);
#2987 = EDGE_CURVE('',#2957,#2988,#2990,.T.);
#2988 = VERTEX_POINT('',#2989);
#2989 = CARTESIAN_POINT('',(570.,4.,1.25));
#2990 = CIRCLE('',#2991,0.45);
#2991 = AXIS2_PLACEMENT_3D('',#2992,#2993,#2994);
#2992 = CARTESIAN_POINT('',(570.,3.55,1.25));
#2993 = DIRECTION('',(1.,0.,0.));
#2994 = DIRECTION('',(0.,-9.868649107779E-16,-1.));
#2995 = ORIENTED_EDGE('',*,*,#2996,.F.);
#2996 = EDGE_CURVE('',#2997,#2988,#2999,.T.);
#2997 = VERTEX_POINT('',#2998);
#2998 = CARTESIAN_POINT('',(0.,4.,1.25));
#2999 = LINE('',#3000,#3001);
#3000 = CARTESIAN_POINT('',(0.,4.,1.25));
#3001 = VECTOR('',#3002,1.);
#3002 = DIRECTION('',(1.,0.,0.));
#3003 = ORIENTED_EDGE('',*,*,#3004,.F.);
#3004 = EDGE_CURVE('',#2965,#2997,#3005,.T.);
#3005 = CIRCLE('',#3006,0.45);
#3006 = AXIS2_PLACEMENT_3D('',#3007,#3008,#3009);
#3007 = CARTESIAN_POINT('',(0.,3.55,1.25));
#3008 = DIRECTION('',(1.,0.,0.));
#3009 = DIRECTION('',(0.,-9.868649107779E-16,-1.));
#3010 = CYLINDRICAL_SURFACE('',#3011,0.45);
#3011 = AXIS2_PLACEMENT_3D('',#3012,#3013,#3014);
#3012 = CARTESIAN_POINT('',(0.,3.55,1.25));
#3013 = DIRECTION('',(-1.,-0.,-0.));
#3014 = DIRECTION('',(0.,-9.868649107779E-16,-1.));
#3015 = ADVANCED_FACE('',(#3016),#3041,.T.);
#3016 = FACE_BOUND('',#3017,.T.);
#3017 = EDGE_LOOP('',(#3018,#3019,#3027,#3035));
#3018 = ORIENTED_EDGE('',*,*,#2996,.T.);
#3019 = ORIENTED_EDGE('',*,*,#3020,.T.);
#3020 = EDGE_CURVE('',#2988,#3021,#3023,.T.);
#3021 = VERTEX_POINT('',#3022);
#3022 = CARTESIAN_POINT('',(570.,4.,3.65));
#3023 = LINE('',#3024,#3025);
#3024 = CARTESIAN_POINT('',(570.,4.,1.25));
#3025 = VECTOR('',#3026,1.);
#3026 = DIRECTION('',(0.,0.,1.));
#3027 = ORIENTED_EDGE('',*,*,#3028,.F.);
#3028 = EDGE_CURVE('',#3029,#3021,#3031,.T.);
#3029 = VERTEX_POINT('',#3030);
#3030 = CARTESIAN_POINT('',(0.,4.,3.65));
#3031 = LINE('',#3032,#3033);
#3032 = CARTESIAN_POINT('',(0.,4.,3.65));
#3033 = VECTOR('',#3034,1.);
#3034 = DIRECTION('',(1.,0.,0.));
#3035 = ORIENTED_EDGE('',*,*,#3036,.F.);
#3036 = EDGE_CURVE('',#2997,#3029,#3037,.T.);
#3037 = LINE('',#3038,#3039);
#3038 = CARTESIAN_POINT('',(0.,4.,1.25));
#3039 = VECTOR('',#3040,1.);
#3040 = DIRECTION('',(0.,0.,1.));
#3041 = PLANE('',#3042);
#3042 = AXIS2_PLACEMENT_3D('',#3043,#3044,#3045);
#3043 = CARTESIAN_POINT('',(0.,4.,1.25));
#3044 = DIRECTION('',(0.,-1.,0.));
#3045 = DIRECTION('',(0.,0.,1.));
#3046 = ADVANCED_FACE('',(#3047),#3074,.T.);
#3047 = FACE_BOUND('',#3048,.T.);
#3048 = EDGE_LOOP('',(#3049,#3050,#3059,#3067));
#3049 = ORIENTED_EDGE('',*,*,#3028,.T.);
#3050 = ORIENTED_EDGE('',*,*,#3051,.T.);
#3051 = EDGE_CURVE('',#3021,#3052,#3054,.T.);
#3052 = VERTEX_POINT('',#3053);
#3053 = CARTESIAN_POINT('',(570.,5.25,4.9));
#3054 = CIRCLE('',#3055,1.25);
#3055 = AXIS2_PLACEMENT_3D('',#3056,#3057,#3058);
#3056 = CARTESIAN_POINT('',(570.,5.25,3.65));
#3057 = DIRECTION('',(-1.,0.,0.));
#3058 = DIRECTION('',(-0.,-1.,-1.06581410364E-15));
#3059 = ORIENTED_EDGE('',*,*,#3060,.F.);
#3060 = EDGE_CURVE('',#3061,#3052,#3063,.T.);
#3061 = VERTEX_POINT('',#3062);
#3062 = CARTESIAN_POINT('',(0.,5.25,4.9));
#3063 = LINE('',#3064,#3065);
#3064 = CARTESIAN_POINT('',(0.,5.25,4.9));
#3065 = VECTOR('',#3066,1.);
#3066 = DIRECTION('',(1.,0.,0.));
#3067 = ORIENTED_EDGE('',*,*,#3068,.F.);
#3068 = EDGE_CURVE('',#3029,#3061,#3069,.T.);
#3069 = CIRCLE('',#3070,1.25);
#3070 = AXIS2_PLACEMENT_3D('',#3071,#3072,#3073);
#3071 = CARTESIAN_POINT('',(0.,5.25,3.65));
#3072 = DIRECTION('',(-1.,0.,0.));
#3073 = DIRECTION('',(-0.,-1.,-1.06581410364E-15));
#3074 = CYLINDRICAL_SURFACE('',#3075,1.25);
#3075 = AXIS2_PLACEMENT_3D('',#3076,#3077,#3078);
#3076 = CARTESIAN_POINT('',(0.,5.25,3.65));
#3077 = DIRECTION('',(-1.,0.,0.));
#3078 = DIRECTION('',(-0.,-1.,-1.06581410364E-15));
#3079 = ADVANCED_FACE('',(#3080),#3105,.T.);
#3080 = FACE_BOUND('',#3081,.T.);
#3081 = EDGE_LOOP('',(#3082,#3083,#3091,#3099));
#3082 = ORIENTED_EDGE('',*,*,#3060,.T.);
#3083 = ORIENTED_EDGE('',*,*,#3084,.T.);
#3084 = EDGE_CURVE('',#3052,#3085,#3087,.T.);
#3085 = VERTEX_POINT('',#3086);
#3086 = CARTESIAN_POINT('',(570.,5.55,4.9));
#3087 = LINE('',#3088,#3089);
#3088 = CARTESIAN_POINT('',(570.,5.25,4.9));
#3089 = VECTOR('',#3090,1.);
#3090 = DIRECTION('',(0.,1.,0.));
#3091 = ORIENTED_EDGE('',*,*,#3092,.F.);
#3092 = EDGE_CURVE('',#3093,#3085,#3095,.T.);
#3093 = VERTEX_POINT('',#3094);
#3094 = CARTESIAN_POINT('',(0.,5.55,4.9));
#3095 = LINE('',#3096,#3097);
#3096 = CARTESIAN_POINT('',(0.,5.55,4.9));
#3097 = VECTOR('',#3098,1.);
#3098 = DIRECTION('',(1.,0.,0.));
#3099 = ORIENTED_EDGE('',*,*,#3100,.F.);
#3100 = EDGE_CURVE('',#3061,#3093,#3101,.T.);
#3101 = LINE('',#3102,#3103);
#3102 = CARTESIAN_POINT('',(0.,5.25,4.9));
#3103 = VECTOR('',#3104,1.);
#3104 = DIRECTION('',(0.,1.,0.));
#3105 = PLANE('',#3106);
#3106 = AXIS2_PLACEMENT_3D('',#3107,#3108,#3109);
#3107 = CARTESIAN_POINT('',(0.,5.25,4.9));
#3108 = DIRECTION('',(0.,0.,1.));
#3109 = DIRECTION('',(0.,1.,0.));
#3110 = ADVANCED_FACE('',(#3111),#3138,.T.);
#3111 = FACE_BOUND('',#3112,.T.);
#3112 = EDGE_LOOP('',(#3113,#3114,#3123,#3131));
#3113 = ORIENTED_EDGE('',*,*,#3092,.T.);
#3114 = ORIENTED_EDGE('',*,*,#3115,.T.);
#3115 = EDGE_CURVE('',#3085,#3116,#3118,.T.);
#3116 = VERTEX_POINT('',#3117);
#3117 = CARTESIAN_POINT('',(570.,6.8,3.65));
#3118 = CIRCLE('',#3119,1.25);
#3119 = AXIS2_PLACEMENT_3D('',#3120,#3121,#3122);
#3120 = CARTESIAN_POINT('',(570.,5.55,3.65));
#3121 = DIRECTION('',(-1.,0.,0.));
#3122 = DIRECTION('',(0.,0.,1.));
#3123 = ORIENTED_EDGE('',*,*,#3124,.F.);
#3124 = EDGE_CURVE('',#3125,#3116,#3127,.T.);
#3125 = VERTEX_POINT('',#3126);
#3126 = CARTESIAN_POINT('',(0.,6.8,3.65));
#3127 = LINE('',#3128,#3129);
#3128 = CARTESIAN_POINT('',(0.,6.8,3.65));
#3129 = VECTOR('',#3130,1.);
#3130 = DIRECTION('',(1.,0.,0.));
#3131 = ORIENTED_EDGE('',*,*,#3132,.F.);
#3132 = EDGE_CURVE('',#3093,#3125,#3133,.T.);
#3133 = CIRCLE('',#3134,1.25);
#3134 = AXIS2_PLACEMENT_3D('',#3135,#3136,#3137);
#3135 = CARTESIAN_POINT('',(0.,5.55,3.65));
#3136 = DIRECTION('',(-1.,0.,0.));
#3137 = DIRECTION('',(0.,0.,1.));
#3138 = CYLINDRICAL_SURFACE('',#3139,1.25);
#3139 = AXIS2_PLACEMENT_3D('',#3140,#3141,#3142);
#3140 = CARTESIAN_POINT('',(0.,5.55,3.65));
#3141 = DIRECTION('',(-1.,0.,0.));
#3142 = DIRECTION('',(0.,0.,1.));
#3143 = ADVANCED_FACE('',(#3144),#3169,.T.);
#3144 = FACE_BOUND('',#3145,.T.);
#3145 = EDGE_LOOP('',(#3146,#3147,#3155,#3163));
#3146 = ORIENTED_EDGE('',*,*,#3124,.T.);
#3147 = ORIENTED_EDGE('',*,*,#3148,.T.);
#3148 = EDGE_CURVE('',#3116,#3149,#3151,.T.);
#3149 = VERTEX_POINT('',#3150);
#3150 = CARTESIAN_POINT('',(570.,6.8,1.25));
#3151 = LINE('',#3152,#3153);
#3152 = CARTESIAN_POINT('',(570.,6.8,3.65));
#3153 = VECTOR('',#3154,1.);
#3154 = DIRECTION('',(0.,0.,-1.));
#3155 = ORIENTED_EDGE('',*,*,#3156,.F.);
#3156 = EDGE_CURVE('',#3157,#3149,#3159,.T.);
#3157 = VERTEX_POINT('',#3158);
#3158 = CARTESIAN_POINT('',(0.,6.8,1.25));
#3159 = LINE('',#3160,#3161);
#3160 = CARTESIAN_POINT('',(0.,6.8,1.25));
#3161 = VECTOR('',#3162,1.);
#3162 = DIRECTION('',(1.,0.,0.));
#3163 = ORIENTED_EDGE('',*,*,#3164,.F.);
#3164 = EDGE_CURVE('',#3125,#3157,#3165,.T.);
#3165 = LINE('',#3166,#3167);
#3166 = CARTESIAN_POINT('',(0.,6.8,3.65));
#3167 = VECTOR('',#3168,1.);
#3168 = DIRECTION('',(0.,0.,-1.));
#3169 = PLANE('',#3170);
#3170 = AXIS2_PLACEMENT_3D('',#3171,#3172,#3173);
#3171 = CARTESIAN_POINT('',(0.,6.8,3.65));
#3172 = DIRECTION('',(-0.,1.,0.));
#3173 = DIRECTION('',(0.,0.,-1.));
#3174 = ADVANCED_FACE('',(#3175),#3202,.F.);
#3175 = FACE_BOUND('',#3176,.T.);
#3176 = EDGE_LOOP('',(#3177,#3178,#3187,#3195));
#3177 = ORIENTED_EDGE('',*,*,#3156,.T.);
#3178 = ORIENTED_EDGE('',*,*,#3179,.T.);
#3179 = EDGE_CURVE('',#3149,#3180,#3182,.T.);
#3180 = VERTEX_POINT('',#3181);
#3181 = CARTESIAN_POINT('',(570.,7.25,0.8));
#3182 = CIRCLE('',#3183,0.45);
#3183 = AXIS2_PLACEMENT_3D('',#3184,#3185,#3186);
#3184 = CARTESIAN_POINT('',(570.,7.25,1.25));
#3185 = DIRECTION('',(1.,0.,0.));
#3186 = DIRECTION('',(0.,-1.,9.868649107779E-16));
#3187 = ORIENTED_EDGE('',*,*,#3188,.F.);
#3188 = EDGE_CURVE('',#3189,#3180,#3191,.T.);
#3189 = VERTEX_POINT('',#3190);
#3190 = CARTESIAN_POINT('',(0.,7.25,0.8));
#3191 = LINE('',#3192,#3193);
#3192 = CARTESIAN_POINT('',(0.,7.25,0.8));
#3193 = VECTOR('',#3194,1.);
#3194 = DIRECTION('',(1.,0.,0.));
#3195 = ORIENTED_EDGE('',*,*,#3196,.F.);
#3196 = EDGE_CURVE('',#3157,#3189,#3197,.T.);
#3197 = CIRCLE('',#3198,0.45);
#3198 = AXIS2_PLACEMENT_3D('',#3199,#3200,#3201);
#3199 = CARTESIAN_POINT('',(0.,7.25,1.25));
#3200 = DIRECTION('',(1.,0.,0.));
#3201 = DIRECTION('',(0.,-1.,9.868649107779E-16));
#3202 = CYLINDRICAL_SURFACE('',#3203,0.45);
#3203 = AXIS2_PLACEMENT_3D('',#3204,#3205,#3206);
#3204 = CARTESIAN_POINT('',(0.,7.25,1.25));
#3205 = DIRECTION('',(-1.,-0.,-0.));
#3206 = DIRECTION('',(0.,-1.,9.868649107779E-16));
#3207 = ADVANCED_FACE('',(#3208),#3233,.T.);
#3208 = FACE_BOUND('',#3209,.T.);
#3209 = EDGE_LOOP('',(#3210,#3211,#3219,#3227));
#3210 = ORIENTED_EDGE('',*,*,#3188,.T.);
#3211 = ORIENTED_EDGE('',*,*,#3212,.T.);
#3212 = EDGE_CURVE('',#3180,#3213,#3215,.T.);
#3213 = VERTEX_POINT('',#3214);
#3214 = CARTESIAN_POINT('',(570.,27.,0.8));
#3215 = LINE('',#3216,#3217);
#3216 = CARTESIAN_POINT('',(570.,7.25,0.8));
#3217 = VECTOR('',#3218,1.);
#3218 = DIRECTION('',(0.,1.,0.));
#3219 = ORIENTED_EDGE('',*,*,#3220,.F.);
#3220 = EDGE_CURVE('',#3221,#3213,#3223,.T.);
#3221 = VERTEX_POINT('',#3222);
#3222 = CARTESIAN_POINT('',(0.,27.,0.8));
#3223 = LINE('',#3224,#3225);
#3224 = CARTESIAN_POINT('',(0.,27.,0.8));
#3225 = VECTOR('',#3226,1.);
#3226 = DIRECTION('',(1.,0.,0.));
#3227 = ORIENTED_EDGE('',*,*,#3228,.F.);
#3228 = EDGE_CURVE('',#3189,#3221,#3229,.T.);
#3229 = LINE('',#3230,#3231);
#3230 = CARTESIAN_POINT('',(0.,7.25,0.8));
#3231 = VECTOR('',#3232,1.);
#3232 = DIRECTION('',(0.,1.,0.));
#3233 = PLANE('',#3234);
#3234 = AXIS2_PLACEMENT_3D('',#3235,#3236,#3237);
#3235 = CARTESIAN_POINT('',(0.,7.25,0.8));
#3236 = DIRECTION('',(0.,0.,1.));
#3237 = DIRECTION('',(0.,1.,0.));
#3238 = ADVANCED_FACE('',(#3239),#3255,.T.);
#3239 = FACE_BOUND('',#3240,.T.);
#3240 = EDGE_LOOP('',(#3241,#3242,#3248,#3249));
#3241 = ORIENTED_EDGE('',*,*,#3220,.T.);
#3242 = ORIENTED_EDGE('',*,*,#3243,.T.);
#3243 = EDGE_CURVE('',#3213,#1735,#3244,.T.);
#3244 = LINE('',#3245,#3246);
#3245 = CARTESIAN_POINT('',(570.,27.,0.8));
#3246 = VECTOR('',#3247,1.);
#3247 = DIRECTION('',(0.,0.,-1.));
#3248 = ORIENTED_EDGE('',*,*,#1732,.F.);
#3249 = ORIENTED_EDGE('',*,*,#3250,.F.);
#3250 = EDGE_CURVE('',#3221,#1733,#3251,.T.);
#3251 = LINE('',#3252,#3253);
#3252 = CARTESIAN_POINT('',(0.,27.,0.8));
#3253 = VECTOR('',#3254,1.);
#3254 = DIRECTION('',(0.,0.,-1.));
#3255 = PLANE('',#3256);
#3256 = AXIS2_PLACEMENT_3D('',#3257,#3258,#3259);
#3257 = CARTESIAN_POINT('',(0.,27.,0.8));
#3258 = DIRECTION('',(-0.,1.,0.));
#3259 = DIRECTION('',(0.,0.,-1.));
#3260 = ADVANCED_FACE('',(#3261),#3311,.T.);
#3261 = FACE_BOUND('',#3262,.T.);
#3262 = EDGE_LOOP('',(#3263,#3264,#3265,#3266,#3267,#3268,#3269,#3270,
    #3271,#3272,#3273,#3274,#3275,#3276,#3277,#3278,#3279,#3280,#3281,
    #3282,#3283,#3284,#3285,#3286,#3287,#3288,#3289,#3290,#3291,#3292,
    #3293,#3294,#3295,#3296,#3297,#3298,#3299,#3300,#3301,#3302,#3303,
    #3304,#3305,#3306,#3307,#3308,#3309,#3310));
#3263 = ORIENTED_EDGE('',*,*,#1758,.T.);
#3264 = ORIENTED_EDGE('',*,*,#1790,.T.);
#3265 = ORIENTED_EDGE('',*,*,#1822,.T.);
#3266 = ORIENTED_EDGE('',*,*,#1854,.T.);
#3267 = ORIENTED_EDGE('',*,*,#1886,.T.);
#3268 = ORIENTED_EDGE('',*,*,#1918,.T.);
#3269 = ORIENTED_EDGE('',*,*,#1950,.T.);
#3270 = ORIENTED_EDGE('',*,*,#1982,.T.);
#3271 = ORIENTED_EDGE('',*,*,#2014,.T.);
#3272 = ORIENTED_EDGE('',*,*,#2046,.T.);
#3273 = ORIENTED_EDGE('',*,*,#2078,.T.);
#3274 = ORIENTED_EDGE('',*,*,#2110,.T.);
#3275 = ORIENTED_EDGE('',*,*,#2142,.T.);
#3276 = ORIENTED_EDGE('',*,*,#2174,.T.);
#3277 = ORIENTED_EDGE('',*,*,#2206,.T.);
#3278 = ORIENTED_EDGE('',*,*,#2238,.T.);
#3279 = ORIENTED_EDGE('',*,*,#2270,.T.);
#3280 = ORIENTED_EDGE('',*,*,#2302,.T.);
#3281 = ORIENTED_EDGE('',*,*,#2334,.T.);
#3282 = ORIENTED_EDGE('',*,*,#2366,.T.);
#3283 = ORIENTED_EDGE('',*,*,#2398,.T.);
#3284 = ORIENTED_EDGE('',*,*,#2430,.T.);
#3285 = ORIENTED_EDGE('',*,*,#2462,.T.);
#3286 = ORIENTED_EDGE('',*,*,#2493,.T.);
#3287 = ORIENTED_EDGE('',*,*,#2524,.T.);
#3288 = ORIENTED_EDGE('',*,*,#2556,.T.);
#3289 = ORIENTED_EDGE('',*,*,#2588,.T.);
#3290 = ORIENTED_EDGE('',*,*,#2620,.T.);
#3291 = ORIENTED_EDGE('',*,*,#2652,.T.);
#3292 = ORIENTED_EDGE('',*,*,#2684,.T.);
#3293 = ORIENTED_EDGE('',*,*,#2716,.T.);
#3294 = ORIENTED_EDGE('',*,*,#2748,.T.);
#3295 = ORIENTED_EDGE('',*,*,#2780,.T.);
#3296 = ORIENTED_EDGE('',*,*,#2812,.T.);
#3297 = ORIENTED_EDGE('',*,*,#2844,.T.);
#3298 = ORIENTED_EDGE('',*,*,#2876,.T.);
#3299 = ORIENTED_EDGE('',*,*,#2908,.T.);
#3300 = ORIENTED_EDGE('',*,*,#2940,.T.);
#3301 = ORIENTED_EDGE('',*,*,#2972,.T.);
#3302 = ORIENTED_EDGE('',*,*,#3004,.T.);
#3303 = ORIENTED_EDGE('',*,*,#3036,.T.);
#3304 = ORIENTED_EDGE('',*,*,#3068,.T.);
#3305 = ORIENTED_EDGE('',*,*,#3100,.T.);
#3306 = ORIENTED_EDGE('',*,*,#3132,.T.);
#3307 = ORIENTED_EDGE('',*,*,#3164,.T.);
#3308 = ORIENTED_EDGE('',*,*,#3196,.T.);
#3309 = ORIENTED_EDGE('',*,*,#3228,.T.);
#3310 = ORIENTED_EDGE('',*,*,#3250,.T.);
#3311 = PLANE('',#3312);
#3312 = AXIS2_PLACEMENT_3D('',#3313,#3314,#3315);
#3313 = CARTESIAN_POINT('',(0.,7.876785227791,10.503907347928));
#3314 = DIRECTION('',(-1.,-0.,-0.));
#3315 = DIRECTION('',(0.,0.,-1.));
#3316 = ADVANCED_FACE('',(#3317),#3367,.F.);
#3317 = FACE_BOUND('',#3318,.F.);
#3318 = EDGE_LOOP('',(#3319,#3320,#3321,#3322,#3323,#3324,#3325,#3326,
    #3327,#3328,#3329,#3330,#3331,#3332,#3333,#3334,#3335,#3336,#3337,
    #3338,#3339,#3340,#3341,#3342,#3343,#3344,#3345,#3346,#3347,#3348,
    #3349,#3350,#3351,#3352,#3353,#3354,#3355,#3356,#3357,#3358,#3359,
    #3360,#3361,#3362,#3363,#3364,#3365,#3366));
#3319 = ORIENTED_EDGE('',*,*,#1742,.T.);
#3320 = ORIENTED_EDGE('',*,*,#1773,.T.);
#3321 = ORIENTED_EDGE('',*,*,#1806,.T.);
#3322 = ORIENTED_EDGE('',*,*,#1837,.T.);
#3323 = ORIENTED_EDGE('',*,*,#1870,.T.);
#3324 = ORIENTED_EDGE('',*,*,#1901,.T.);
#3325 = ORIENTED_EDGE('',*,*,#1934,.T.);
#3326 = ORIENTED_EDGE('',*,*,#1965,.T.);
#3327 = ORIENTED_EDGE('',*,*,#1998,.T.);
#3328 = ORIENTED_EDGE('',*,*,#2029,.T.);
#3329 = ORIENTED_EDGE('',*,*,#2062,.T.);
#3330 = ORIENTED_EDGE('',*,*,#2093,.T.);
#3331 = ORIENTED_EDGE('',*,*,#2126,.T.);
#3332 = ORIENTED_EDGE('',*,*,#2157,.T.);
#3333 = ORIENTED_EDGE('',*,*,#2190,.T.);
#3334 = ORIENTED_EDGE('',*,*,#2221,.T.);
#3335 = ORIENTED_EDGE('',*,*,#2254,.T.);
#3336 = ORIENTED_EDGE('',*,*,#2285,.T.);
#3337 = ORIENTED_EDGE('',*,*,#2318,.T.);
#3338 = ORIENTED_EDGE('',*,*,#2349,.T.);
#3339 = ORIENTED_EDGE('',*,*,#2382,.T.);
#3340 = ORIENTED_EDGE('',*,*,#2413,.T.);
#3341 = ORIENTED_EDGE('',*,*,#2446,.T.);
#3342 = ORIENTED_EDGE('',*,*,#2477,.T.);
#3343 = ORIENTED_EDGE('',*,*,#2508,.T.);
#3344 = ORIENTED_EDGE('',*,*,#2539,.T.);
#3345 = ORIENTED_EDGE('',*,*,#2572,.T.);
#3346 = ORIENTED_EDGE('',*,*,#2603,.T.);
#3347 = ORIENTED_EDGE('',*,*,#2636,.T.);
#3348 = ORIENTED_EDGE('',*,*,#2667,.T.);
#3349 = ORIENTED_EDGE('',*,*,#2700,.T.);
#3350 = ORIENTED_EDGE('',*,*,#2731,.T.);
#3351 = ORIENTED_EDGE('',*,*,#2764,.T.);
#3352 = ORIENTED_EDGE('',*,*,#2795,.T.);
#3353 = ORIENTED_EDGE('',*,*,#2828,.T.);
#3354 = ORIENTED_EDGE('',*,*,#2859,.T.);
#3355 = ORIENTED_EDGE('',*,*,#2892,.T.);
#3356 = ORIENTED_EDGE('',*,*,#2923,.T.);
#3357 = ORIENTED_EDGE('',*,*,#2956,.T.);
#3358 = ORIENTED_EDGE('',*,*,#2987,.T.);
#3359 = ORIENTED_EDGE('',*,*,#3020,.T.);
#3360 = ORIENTED_EDGE('',*,*,#3051,.T.);
#3361 = ORIENTED_EDGE('',*,*,#3084,.T.);
#3362 = ORIENTED_EDGE('',*,*,#3115,.T.);
#3363 = ORIENTED_EDGE('',*,*,#3148,.T.);
#3364 = ORIENTED_EDGE('',*,*,#3179,.T.);
#3365 = ORIENTED_EDGE('',*,*,#3212,.T.);
#3366 = ORIENTED_EDGE('',*,*,#3243,.T.);
#3367 = PLANE('',#3368);
#3368 = AXIS2_PLACEMENT_3D('',#3369,#3370,#3371);
#3369 = CARTESIAN_POINT('',(570.,7.876785227791,10.503907347928));
#3370 = DIRECTION('',(-1.,-0.,-0.));
#3371 = DIRECTION('',(0.,0.,-1.));
#3372 = ( GEOMETRIC_REPRESENTATION_CONTEXT(3) 
GLOBAL_UNCERTAINTY_ASSIGNED_CONTEXT((#3376)) 
GLOBAL_UNIT_ASSIGNED_CONTEXT((#3373,#3374,#3375)) REPRESENTATION_CONTEXT
('Context #1','3D Context with UNIT and UNCERTAINTY') );
#3373 = ( LENGTH_UNIT() NAMED_UNIT(*) SI_UNIT(.MILLI.,.METRE.) );
#3374 = ( NAMED_UNIT(*) PLANE_ANGLE_UNIT() SI_UNIT($,.RADIAN.) );
#3375 = ( NAMED_UNIT(*) SI_UNIT($,.STERADIAN.) SOLID_ANGLE_UNIT() );
#3376 = UNCERTAINTY_MEASURE_WITH_UNIT(LENGTH_MEASURE(1.E-07),#3373,
  'distance_accuracy_value','confusion accuracy');
#3377 = CONTEXT_DEPENDENT_SHAPE_REPRESENTATION(#3378,#3380);
#3378 = ( REPRESENTATION_RELATIONSHIP('','',#1725,#10) 
REPRESENTATION_RELATIONSHIP_WITH_TRANSFORMATION(#3379) 
SHAPE_REPRESENTATION_RELATIONSHIP() );
#3379 = ITEM_DEFINED_TRANSFORMATION('','',#11,#19);
#3380 = PRODUCT_DEFINITION_SHAPE('Placement','Placement of an item',
  #3381);
#3381 = NEXT_ASSEMBLY_USAGE_OCCURRENCE('10','E30 | Profiel rechts L570',
  '',#5,#1720,$);
#3382 = PRODUCT_RELATED_PRODUCT_CATEGORY('part',$,(#1722));
#3383 = SHAPE_DEFINITION_REPRESENTATION(#3384,#3390);
#3384 = PRODUCT_DEFINITION_SHAPE('','',#3385);
#3385 = PRODUCT_DEFINITION('design','',#3386,#3389);
#3386 = PRODUCT_DEFINITION_FORMATION('','',#3387);
#3387 = PRODUCT('E30 | Profiel boven L570','E30 | Profiel boven L570',''
  ,(#3388));
#3388 = PRODUCT_CONTEXT('',#2,'mechanical');
#3389 = PRODUCT_DEFINITION_CONTEXT('part definition',#2,'design');
#3390 = ADVANCED_BREP_SHAPE_REPRESENTATION('',(#11,#3391),#5037);
#3391 = MANIFOLD_SOLID_BREP('',#3392);
#3392 = CLOSED_SHELL('',(#3393,#3433,#3466,#3497,#3530,#3561,#3594,#3625
    ,#3658,#3689,#3722,#3753,#3786,#3817,#3850,#3881,#3914,#3945,#3978,
    #4009,#4042,#4073,#4106,#4137,#4168,#4199,#4232,#4263,#4296,#4327,
    #4360,#4391,#4424,#4455,#4488,#4519,#4552,#4583,#4616,#4647,#4680,
    #4711,#4744,#4775,#4808,#4839,#4872,#4903,#4925,#4981));
#3393 = ADVANCED_FACE('',(#3394),#3428,.T.);
#3394 = FACE_BOUND('',#3395,.T.);
#3395 = EDGE_LOOP('',(#3396,#3406,#3414,#3422));
#3396 = ORIENTED_EDGE('',*,*,#3397,.T.);
#3397 = EDGE_CURVE('',#3398,#3400,#3402,.T.);
#3398 = VERTEX_POINT('',#3399);
#3399 = CARTESIAN_POINT('',(0.,27.,0.));
#3400 = VERTEX_POINT('',#3401);
#3401 = CARTESIAN_POINT('',(570.,27.,0.));
#3402 = LINE('',#3403,#3404);
#3403 = CARTESIAN_POINT('',(0.,27.,0.));
#3404 = VECTOR('',#3405,1.);
#3405 = DIRECTION('',(1.,0.,0.));
#3406 = ORIENTED_EDGE('',*,*,#3407,.T.);
#3407 = EDGE_CURVE('',#3400,#3408,#3410,.T.);
#3408 = VERTEX_POINT('',#3409);
#3409 = CARTESIAN_POINT('',(570.,7.25,-1.110223024625E-16));
#3410 = LINE('',#3411,#3412);
#3411 = CARTESIAN_POINT('',(570.,27.,0.));
#3412 = VECTOR('',#3413,1.);
#3413 = DIRECTION('',(0.,-1.,0.));
#3414 = ORIENTED_EDGE('',*,*,#3415,.F.);
#3415 = EDGE_CURVE('',#3416,#3408,#3418,.T.);
#3416 = VERTEX_POINT('',#3417);
#3417 = CARTESIAN_POINT('',(0.,7.25,-1.110223024625E-16));
#3418 = LINE('',#3419,#3420);
#3419 = CARTESIAN_POINT('',(0.,7.25,-1.110223024625E-16));
#3420 = VECTOR('',#3421,1.);
#3421 = DIRECTION('',(1.,0.,0.));
#3422 = ORIENTED_EDGE('',*,*,#3423,.F.);
#3423 = EDGE_CURVE('',#3398,#3416,#3424,.T.);
#3424 = LINE('',#3425,#3426);
#3425 = CARTESIAN_POINT('',(0.,27.,0.));
#3426 = VECTOR('',#3427,1.);
#3427 = DIRECTION('',(0.,-1.,0.));
#3428 = PLANE('',#3429);
#3429 = AXIS2_PLACEMENT_3D('',#3430,#3431,#3432);
#3430 = CARTESIAN_POINT('',(0.,27.,0.));
#3431 = DIRECTION('',(0.,0.,-1.));
#3432 = DIRECTION('',(0.,-1.,0.));
#3433 = ADVANCED_FACE('',(#3434),#3461,.T.);
#3434 = FACE_BOUND('',#3435,.T.);
#3435 = EDGE_LOOP('',(#3436,#3437,#3446,#3454));
#3436 = ORIENTED_EDGE('',*,*,#3415,.T.);
#3437 = ORIENTED_EDGE('',*,*,#3438,.T.);
#3438 = EDGE_CURVE('',#3408,#3439,#3441,.T.);
#3439 = VERTEX_POINT('',#3440);
#3440 = CARTESIAN_POINT('',(570.,6.,1.25));
#3441 = CIRCLE('',#3442,1.25);
#3442 = AXIS2_PLACEMENT_3D('',#3443,#3444,#3445);
#3443 = CARTESIAN_POINT('',(570.,7.25,1.25));
#3444 = DIRECTION('',(-1.,0.,0.));
#3445 = DIRECTION('',(0.,0.,-1.));
#3446 = ORIENTED_EDGE('',*,*,#3447,.F.);
#3447 = EDGE_CURVE('',#3448,#3439,#3450,.T.);
#3448 = VERTEX_POINT('',#3449);
#3449 = CARTESIAN_POINT('',(0.,6.,1.25));
#3450 = LINE('',#3451,#3452);
#3451 = CARTESIAN_POINT('',(0.,6.,1.25));
#3452 = VECTOR('',#3453,1.);
#3453 = DIRECTION('',(1.,0.,0.));
#3454 = ORIENTED_EDGE('',*,*,#3455,.F.);
#3455 = EDGE_CURVE('',#3416,#3448,#3456,.T.);
#3456 = CIRCLE('',#3457,1.25);
#3457 = AXIS2_PLACEMENT_3D('',#3458,#3459,#3460);
#3458 = CARTESIAN_POINT('',(0.,7.25,1.25));
#3459 = DIRECTION('',(-1.,0.,0.));
#3460 = DIRECTION('',(0.,0.,-1.));
#3461 = CYLINDRICAL_SURFACE('',#3462,1.25);
#3462 = AXIS2_PLACEMENT_3D('',#3463,#3464,#3465);
#3463 = CARTESIAN_POINT('',(0.,7.25,1.25));
#3464 = DIRECTION('',(-1.,0.,0.));
#3465 = DIRECTION('',(0.,0.,-1.));
#3466 = ADVANCED_FACE('',(#3467),#3492,.T.);
#3467 = FACE_BOUND('',#3468,.T.);
#3468 = EDGE_LOOP('',(#3469,#3470,#3478,#3486));
#3469 = ORIENTED_EDGE('',*,*,#3447,.T.);
#3470 = ORIENTED_EDGE('',*,*,#3471,.T.);
#3471 = EDGE_CURVE('',#3439,#3472,#3474,.T.);
#3472 = VERTEX_POINT('',#3473);
#3473 = CARTESIAN_POINT('',(570.,6.,3.65));
#3474 = LINE('',#3475,#3476);
#3475 = CARTESIAN_POINT('',(570.,6.,1.25));
#3476 = VECTOR('',#3477,1.);
#3477 = DIRECTION('',(0.,0.,1.));
#3478 = ORIENTED_EDGE('',*,*,#3479,.F.);
#3479 = EDGE_CURVE('',#3480,#3472,#3482,.T.);
#3480 = VERTEX_POINT('',#3481);
#3481 = CARTESIAN_POINT('',(0.,6.,3.65));
#3482 = LINE('',#3483,#3484);
#3483 = CARTESIAN_POINT('',(0.,6.,3.65));
#3484 = VECTOR('',#3485,1.);
#3485 = DIRECTION('',(1.,0.,0.));
#3486 = ORIENTED_EDGE('',*,*,#3487,.F.);
#3487 = EDGE_CURVE('',#3448,#3480,#3488,.T.);
#3488 = LINE('',#3489,#3490);
#3489 = CARTESIAN_POINT('',(0.,6.,1.25));
#3490 = VECTOR('',#3491,1.);
#3491 = DIRECTION('',(0.,0.,1.));
#3492 = PLANE('',#3493);
#3493 = AXIS2_PLACEMENT_3D('',#3494,#3495,#3496);
#3494 = CARTESIAN_POINT('',(0.,6.,1.25));
#3495 = DIRECTION('',(0.,-1.,0.));
#3496 = DIRECTION('',(0.,0.,1.));
#3497 = ADVANCED_FACE('',(#3498),#3525,.F.);
#3498 = FACE_BOUND('',#3499,.T.);
#3499 = EDGE_LOOP('',(#3500,#3501,#3510,#3518));
#3500 = ORIENTED_EDGE('',*,*,#3479,.T.);
#3501 = ORIENTED_EDGE('',*,*,#3502,.T.);
#3502 = EDGE_CURVE('',#3472,#3503,#3505,.T.);
#3503 = VERTEX_POINT('',#3504);
#3504 = CARTESIAN_POINT('',(570.,5.55,4.1));
#3505 = CIRCLE('',#3506,0.45);
#3506 = AXIS2_PLACEMENT_3D('',#3507,#3508,#3509);
#3507 = CARTESIAN_POINT('',(570.,5.55,3.65));
#3508 = DIRECTION('',(1.,0.,0.));
#3509 = DIRECTION('',(-0.,1.,9.868649107779E-16));
#3510 = ORIENTED_EDGE('',*,*,#3511,.F.);
#3511 = EDGE_CURVE('',#3512,#3503,#3514,.T.);
#3512 = VERTEX_POINT('',#3513);
#3513 = CARTESIAN_POINT('',(0.,5.55,4.1));
#3514 = LINE('',#3515,#3516);
#3515 = CARTESIAN_POINT('',(0.,5.55,4.1));
#3516 = VECTOR('',#3517,1.);
#3517 = DIRECTION('',(1.,0.,0.));
#3518 = ORIENTED_EDGE('',*,*,#3519,.F.);
#3519 = EDGE_CURVE('',#3480,#3512,#3520,.T.);
#3520 = CIRCLE('',#3521,0.45);
#3521 = AXIS2_PLACEMENT_3D('',#3522,#3523,#3524);
#3522 = CARTESIAN_POINT('',(0.,5.55,3.65));
#3523 = DIRECTION('',(1.,0.,0.));
#3524 = DIRECTION('',(-0.,1.,9.868649107779E-16));
#3525 = CYLINDRICAL_SURFACE('',#3526,0.45);
#3526 = AXIS2_PLACEMENT_3D('',#3527,#3528,#3529);
#3527 = CARTESIAN_POINT('',(0.,5.55,3.65));
#3528 = DIRECTION('',(-1.,-0.,-0.));
#3529 = DIRECTION('',(-0.,1.,9.868649107779E-16));
#3530 = ADVANCED_FACE('',(#3531),#3556,.T.);
#3531 = FACE_BOUND('',#3532,.T.);
#3532 = EDGE_LOOP('',(#3533,#3534,#3542,#3550));
#3533 = ORIENTED_EDGE('',*,*,#3511,.T.);
#3534 = ORIENTED_EDGE('',*,*,#3535,.T.);
#3535 = EDGE_CURVE('',#3503,#3536,#3538,.T.);
#3536 = VERTEX_POINT('',#3537);
#3537 = CARTESIAN_POINT('',(570.,5.25,4.1));
#3538 = LINE('',#3539,#3540);
#3539 = CARTESIAN_POINT('',(570.,5.55,4.1));
#3540 = VECTOR('',#3541,1.);
#3541 = DIRECTION('',(0.,-1.,0.));
#3542 = ORIENTED_EDGE('',*,*,#3543,.F.);
#3543 = EDGE_CURVE('',#3544,#3536,#3546,.T.);
#3544 = VERTEX_POINT('',#3545);
#3545 = CARTESIAN_POINT('',(0.,5.25,4.1));
#3546 = LINE('',#3547,#3548);
#3547 = CARTESIAN_POINT('',(0.,5.25,4.1));
#3548 = VECTOR('',#3549,1.);
#3549 = DIRECTION('',(1.,0.,0.));
#3550 = ORIENTED_EDGE('',*,*,#3551,.F.);
#3551 = EDGE_CURVE('',#3512,#3544,#3552,.T.);
#3552 = LINE('',#3553,#3554);
#3553 = CARTESIAN_POINT('',(0.,5.55,4.1));
#3554 = VECTOR('',#3555,1.);
#3555 = DIRECTION('',(0.,-1.,0.));
#3556 = PLANE('',#3557);
#3557 = AXIS2_PLACEMENT_3D('',#3558,#3559,#3560);
#3558 = CARTESIAN_POINT('',(0.,5.55,4.1));
#3559 = DIRECTION('',(0.,0.,-1.));
#3560 = DIRECTION('',(0.,-1.,0.));
#3561 = ADVANCED_FACE('',(#3562),#3589,.F.);
#3562 = FACE_BOUND('',#3563,.T.);
#3563 = EDGE_LOOP('',(#3564,#3565,#3574,#3582));
#3564 = ORIENTED_EDGE('',*,*,#3543,.T.);
#3565 = ORIENTED_EDGE('',*,*,#3566,.T.);
#3566 = EDGE_CURVE('',#3536,#3567,#3569,.T.);
#3567 = VERTEX_POINT('',#3568);
#3568 = CARTESIAN_POINT('',(570.,4.8,3.65));
#3569 = CIRCLE('',#3570,0.45);
#3570 = AXIS2_PLACEMENT_3D('',#3571,#3572,#3573);
#3571 = CARTESIAN_POINT('',(570.,5.25,3.65));
#3572 = DIRECTION('',(1.,0.,0.));
#3573 = DIRECTION('',(-0.,1.973729821556E-15,1.));
#3574 = ORIENTED_EDGE('',*,*,#3575,.F.);
#3575 = EDGE_CURVE('',#3576,#3567,#3578,.T.);
#3576 = VERTEX_POINT('',#3577);
#3577 = CARTESIAN_POINT('',(0.,4.8,3.65));
#3578 = LINE('',#3579,#3580);
#3579 = CARTESIAN_POINT('',(0.,4.8,3.65));
#3580 = VECTOR('',#3581,1.);
#3581 = DIRECTION('',(1.,0.,0.));
#3582 = ORIENTED_EDGE('',*,*,#3583,.F.);
#3583 = EDGE_CURVE('',#3544,#3576,#3584,.T.);
#3584 = CIRCLE('',#3585,0.45);
#3585 = AXIS2_PLACEMENT_3D('',#3586,#3587,#3588);
#3586 = CARTESIAN_POINT('',(0.,5.25,3.65));
#3587 = DIRECTION('',(1.,0.,0.));
#3588 = DIRECTION('',(-0.,1.973729821556E-15,1.));
#3589 = CYLINDRICAL_SURFACE('',#3590,0.45);
#3590 = AXIS2_PLACEMENT_3D('',#3591,#3592,#3593);
#3591 = CARTESIAN_POINT('',(0.,5.25,3.65));
#3592 = DIRECTION('',(-1.,-0.,-0.));
#3593 = DIRECTION('',(-0.,1.973729821556E-15,1.));
#3594 = ADVANCED_FACE('',(#3595),#3620,.T.);
#3595 = FACE_BOUND('',#3596,.T.);
#3596 = EDGE_LOOP('',(#3597,#3598,#3606,#3614));
#3597 = ORIENTED_EDGE('',*,*,#3575,.T.);
#3598 = ORIENTED_EDGE('',*,*,#3599,.T.);
#3599 = EDGE_CURVE('',#3567,#3600,#3602,.T.);
#3600 = VERTEX_POINT('',#3601);
#3601 = CARTESIAN_POINT('',(570.,4.8,1.25));
#3602 = LINE('',#3603,#3604);
#3603 = CARTESIAN_POINT('',(570.,4.8,3.65));
#3604 = VECTOR('',#3605,1.);
#3605 = DIRECTION('',(0.,0.,-1.));
#3606 = ORIENTED_EDGE('',*,*,#3607,.F.);
#3607 = EDGE_CURVE('',#3608,#3600,#3610,.T.);
#3608 = VERTEX_POINT('',#3609);
#3609 = CARTESIAN_POINT('',(0.,4.8,1.25));
#3610 = LINE('',#3611,#3612);
#3611 = CARTESIAN_POINT('',(0.,4.8,1.25));
#3612 = VECTOR('',#3613,1.);
#3613 = DIRECTION('',(1.,0.,0.));
#3614 = ORIENTED_EDGE('',*,*,#3615,.F.);
#3615 = EDGE_CURVE('',#3576,#3608,#3616,.T.);
#3616 = LINE('',#3617,#3618);
#3617 = CARTESIAN_POINT('',(0.,4.8,3.65));
#3618 = VECTOR('',#3619,1.);
#3619 = DIRECTION('',(0.,0.,-1.));
#3620 = PLANE('',#3621);
#3621 = AXIS2_PLACEMENT_3D('',#3622,#3623,#3624);
#3622 = CARTESIAN_POINT('',(0.,4.8,3.65));
#3623 = DIRECTION('',(-0.,1.,0.));
#3624 = DIRECTION('',(0.,0.,-1.));
#3625 = ADVANCED_FACE('',(#3626),#3653,.T.);
#3626 = FACE_BOUND('',#3627,.T.);
#3627 = EDGE_LOOP('',(#3628,#3629,#3638,#3646));
#3628 = ORIENTED_EDGE('',*,*,#3607,.T.);
#3629 = ORIENTED_EDGE('',*,*,#3630,.T.);
#3630 = EDGE_CURVE('',#3600,#3631,#3633,.T.);
#3631 = VERTEX_POINT('',#3632);
#3632 = CARTESIAN_POINT('',(570.,3.55,1.110223040926E-16));
#3633 = CIRCLE('',#3634,1.25);
#3634 = AXIS2_PLACEMENT_3D('',#3635,#3636,#3637);
#3635 = CARTESIAN_POINT('',(570.,3.55,1.25));
#3636 = DIRECTION('',(-1.,0.,0.));
#3637 = DIRECTION('',(0.,1.,5.329070518201E-16));
#3638 = ORIENTED_EDGE('',*,*,#3639,.F.);
#3639 = EDGE_CURVE('',#3640,#3631,#3642,.T.);
#3640 = VERTEX_POINT('',#3641);
#3641 = CARTESIAN_POINT('',(0.,3.55,1.110223040926E-16));
#3642 = LINE('',#3643,#3644);
#3643 = CARTESIAN_POINT('',(0.,3.55,1.110223040926E-16));
#3644 = VECTOR('',#3645,1.);
#3645 = DIRECTION('',(1.,0.,0.));
#3646 = ORIENTED_EDGE('',*,*,#3647,.F.);
#3647 = EDGE_CURVE('',#3608,#3640,#3648,.T.);
#3648 = CIRCLE('',#3649,1.25);
#3649 = AXIS2_PLACEMENT_3D('',#3650,#3651,#3652);
#3650 = CARTESIAN_POINT('',(0.,3.55,1.25));
#3651 = DIRECTION('',(-1.,0.,0.));
#3652 = DIRECTION('',(0.,1.,5.329070518201E-16));
#3653 = CYLINDRICAL_SURFACE('',#3654,1.25);
#3654 = AXIS2_PLACEMENT_3D('',#3655,#3656,#3657);
#3655 = CARTESIAN_POINT('',(0.,3.55,1.25));
#3656 = DIRECTION('',(-1.,0.,0.));
#3657 = DIRECTION('',(0.,1.,5.329070518201E-16));
#3658 = ADVANCED_FACE('',(#3659),#3684,.T.);
#3659 = FACE_BOUND('',#3660,.T.);
#3660 = EDGE_LOOP('',(#3661,#3662,#3670,#3678));
#3661 = ORIENTED_EDGE('',*,*,#3639,.T.);
#3662 = ORIENTED_EDGE('',*,*,#3663,.T.);
#3663 = EDGE_CURVE('',#3631,#3664,#3666,.T.);
#3664 = VERTEX_POINT('',#3665);
#3665 = CARTESIAN_POINT('',(570.,1.25,0.));
#3666 = LINE('',#3667,#3668);
#3667 = CARTESIAN_POINT('',(570.,3.55,0.));
#3668 = VECTOR('',#3669,1.);
#3669 = DIRECTION('',(0.,-1.,0.));
#3670 = ORIENTED_EDGE('',*,*,#3671,.F.);
#3671 = EDGE_CURVE('',#3672,#3664,#3674,.T.);
#3672 = VERTEX_POINT('',#3673);
#3673 = CARTESIAN_POINT('',(0.,1.25,0.));
#3674 = LINE('',#3675,#3676);
#3675 = CARTESIAN_POINT('',(0.,1.25,0.));
#3676 = VECTOR('',#3677,1.);
#3677 = DIRECTION('',(1.,0.,0.));
#3678 = ORIENTED_EDGE('',*,*,#3679,.F.);
#3679 = EDGE_CURVE('',#3640,#3672,#3680,.T.);
#3680 = LINE('',#3681,#3682);
#3681 = CARTESIAN_POINT('',(0.,3.55,0.));
#3682 = VECTOR('',#3683,1.);
#3683 = DIRECTION('',(0.,-1.,0.));
#3684 = PLANE('',#3685);
#3685 = AXIS2_PLACEMENT_3D('',#3686,#3687,#3688);
#3686 = CARTESIAN_POINT('',(0.,3.55,0.));
#3687 = DIRECTION('',(0.,0.,-1.));
#3688 = DIRECTION('',(0.,-1.,0.));
#3689 = ADVANCED_FACE('',(#3690),#3717,.T.);
#3690 = FACE_BOUND('',#3691,.T.);
#3691 = EDGE_LOOP('',(#3692,#3693,#3702,#3710));
#3692 = ORIENTED_EDGE('',*,*,#3671,.T.);
#3693 = ORIENTED_EDGE('',*,*,#3694,.T.);
#3694 = EDGE_CURVE('',#3664,#3695,#3697,.T.);
#3695 = VERTEX_POINT('',#3696);
#3696 = CARTESIAN_POINT('',(570.,-1.110223005624E-16,1.25));
#3697 = CIRCLE('',#3698,1.25);
#3698 = AXIS2_PLACEMENT_3D('',#3699,#3700,#3701);
#3699 = CARTESIAN_POINT('',(570.,1.25,1.25));
#3700 = DIRECTION('',(-1.,0.,0.));
#3701 = DIRECTION('',(0.,0.,-1.));
#3702 = ORIENTED_EDGE('',*,*,#3703,.F.);
#3703 = EDGE_CURVE('',#3704,#3695,#3706,.T.);
#3704 = VERTEX_POINT('',#3705);
#3705 = CARTESIAN_POINT('',(0.,-1.110223005624E-16,1.25));
#3706 = LINE('',#3707,#3708);
#3707 = CARTESIAN_POINT('',(0.,-1.110223005624E-16,1.25));
#3708 = VECTOR('',#3709,1.);
#3709 = DIRECTION('',(1.,0.,0.));
#3710 = ORIENTED_EDGE('',*,*,#3711,.F.);
#3711 = EDGE_CURVE('',#3672,#3704,#3712,.T.);
#3712 = CIRCLE('',#3713,1.25);
#3713 = AXIS2_PLACEMENT_3D('',#3714,#3715,#3716);
#3714 = CARTESIAN_POINT('',(0.,1.25,1.25));
#3715 = DIRECTION('',(-1.,0.,0.));
#3716 = DIRECTION('',(0.,0.,-1.));
#3717 = CYLINDRICAL_SURFACE('',#3718,1.25);
#3718 = AXIS2_PLACEMENT_3D('',#3719,#3720,#3721);
#3719 = CARTESIAN_POINT('',(0.,1.25,1.25));
#3720 = DIRECTION('',(-1.,0.,0.));
#3721 = DIRECTION('',(0.,0.,-1.));
#3722 = ADVANCED_FACE('',(#3723),#3748,.T.);
#3723 = FACE_BOUND('',#3724,.T.);
#3724 = EDGE_LOOP('',(#3725,#3726,#3734,#3742));
#3725 = ORIENTED_EDGE('',*,*,#3703,.T.);
#3726 = ORIENTED_EDGE('',*,*,#3727,.T.);
#3727 = EDGE_CURVE('',#3695,#3728,#3730,.T.);
#3728 = VERTEX_POINT('',#3729);
#3729 = CARTESIAN_POINT('',(570.,-2.22044604925E-16,28.));
#3730 = LINE('',#3731,#3732);
#3731 = CARTESIAN_POINT('',(570.,0.,1.25));
#3732 = VECTOR('',#3733,1.);
#3733 = DIRECTION('',(0.,0.,1.));
#3734 = ORIENTED_EDGE('',*,*,#3735,.F.);
#3735 = EDGE_CURVE('',#3736,#3728,#3738,.T.);
#3736 = VERTEX_POINT('',#3737);
#3737 = CARTESIAN_POINT('',(0.,-2.22044604925E-16,28.));
#3738 = LINE('',#3739,#3740);
#3739 = CARTESIAN_POINT('',(0.,-2.22044604925E-16,28.));
#3740 = VECTOR('',#3741,1.);
#3741 = DIRECTION('',(1.,0.,0.));
#3742 = ORIENTED_EDGE('',*,*,#3743,.F.);
#3743 = EDGE_CURVE('',#3704,#3736,#3744,.T.);
#3744 = LINE('',#3745,#3746);
#3745 = CARTESIAN_POINT('',(0.,0.,1.25));
#3746 = VECTOR('',#3747,1.);
#3747 = DIRECTION('',(0.,0.,1.));
#3748 = PLANE('',#3749);
#3749 = AXIS2_PLACEMENT_3D('',#3750,#3751,#3752);
#3750 = CARTESIAN_POINT('',(0.,0.,1.25));
#3751 = DIRECTION('',(0.,-1.,0.));
#3752 = DIRECTION('',(0.,0.,1.));
#3753 = ADVANCED_FACE('',(#3754),#3781,.T.);
#3754 = FACE_BOUND('',#3755,.T.);
#3755 = EDGE_LOOP('',(#3756,#3757,#3766,#3774));
#3756 = ORIENTED_EDGE('',*,*,#3735,.T.);
#3757 = ORIENTED_EDGE('',*,*,#3758,.T.);
#3758 = EDGE_CURVE('',#3728,#3759,#3761,.T.);
#3759 = VERTEX_POINT('',#3760);
#3760 = CARTESIAN_POINT('',(570.,2.,30.));
#3761 = CIRCLE('',#3762,2.);
#3762 = AXIS2_PLACEMENT_3D('',#3763,#3764,#3765);
#3763 = CARTESIAN_POINT('',(570.,2.,28.));
#3764 = DIRECTION('',(-1.,0.,0.));
#3765 = DIRECTION('',(0.,-1.,0.));
#3766 = ORIENTED_EDGE('',*,*,#3767,.F.);
#3767 = EDGE_CURVE('',#3768,#3759,#3770,.T.);
#3768 = VERTEX_POINT('',#3769);
#3769 = CARTESIAN_POINT('',(0.,2.,30.));
#3770 = LINE('',#3771,#3772);
#3771 = CARTESIAN_POINT('',(0.,2.,30.));
#3772 = VECTOR('',#3773,1.);
#3773 = DIRECTION('',(1.,0.,0.));
#3774 = ORIENTED_EDGE('',*,*,#3775,.F.);
#3775 = EDGE_CURVE('',#3736,#3768,#3776,.T.);
#3776 = CIRCLE('',#3777,2.);
#3777 = AXIS2_PLACEMENT_3D('',#3778,#3779,#3780);
#3778 = CARTESIAN_POINT('',(0.,2.,28.));
#3779 = DIRECTION('',(-1.,0.,0.));
#3780 = DIRECTION('',(0.,-1.,0.));
#3781 = CYLINDRICAL_SURFACE('',#3782,2.);
#3782 = AXIS2_PLACEMENT_3D('',#3783,#3784,#3785);
#3783 = CARTESIAN_POINT('',(0.,2.,28.));
#3784 = DIRECTION('',(-1.,0.,0.));
#3785 = DIRECTION('',(0.,-1.,0.));
#3786 = ADVANCED_FACE('',(#3787),#3812,.T.);
#3787 = FACE_BOUND('',#3788,.T.);
#3788 = EDGE_LOOP('',(#3789,#3790,#3798,#3806));
#3789 = ORIENTED_EDGE('',*,*,#3767,.T.);
#3790 = ORIENTED_EDGE('',*,*,#3791,.T.);
#3791 = EDGE_CURVE('',#3759,#3792,#3794,.T.);
#3792 = VERTEX_POINT('',#3793);
#3793 = CARTESIAN_POINT('',(570.,7.,30.));
#3794 = LINE('',#3795,#3796);
#3795 = CARTESIAN_POINT('',(570.,2.,30.));
#3796 = VECTOR('',#3797,1.);
#3797 = DIRECTION('',(0.,1.,0.));
#3798 = ORIENTED_EDGE('',*,*,#3799,.F.);
#3799 = EDGE_CURVE('',#3800,#3792,#3802,.T.);
#3800 = VERTEX_POINT('',#3801);
#3801 = CARTESIAN_POINT('',(0.,7.,30.));
#3802 = LINE('',#3803,#3804);
#3803 = CARTESIAN_POINT('',(0.,7.,30.));
#3804 = VECTOR('',#3805,1.);
#3805 = DIRECTION('',(1.,0.,0.));
#3806 = ORIENTED_EDGE('',*,*,#3807,.F.);
#3807 = EDGE_CURVE('',#3768,#3800,#3808,.T.);
#3808 = LINE('',#3809,#3810);
#3809 = CARTESIAN_POINT('',(0.,2.,30.));
#3810 = VECTOR('',#3811,1.);
#3811 = DIRECTION('',(0.,1.,0.));
#3812 = PLANE('',#3813);
#3813 = AXIS2_PLACEMENT_3D('',#3814,#3815,#3816);
#3814 = CARTESIAN_POINT('',(0.,2.,30.));
#3815 = DIRECTION('',(0.,0.,1.));
#3816 = DIRECTION('',(0.,1.,0.));
#3817 = ADVANCED_FACE('',(#3818),#3845,.T.);
#3818 = FACE_BOUND('',#3819,.T.);
#3819 = EDGE_LOOP('',(#3820,#3821,#3830,#3838));
#3820 = ORIENTED_EDGE('',*,*,#3799,.T.);
#3821 = ORIENTED_EDGE('',*,*,#3822,.T.);
#3822 = EDGE_CURVE('',#3792,#3823,#3825,.T.);
#3823 = VERTEX_POINT('',#3824);
#3824 = CARTESIAN_POINT('',(570.,7.,27.));
#3825 = CIRCLE('',#3826,1.5);
#3826 = AXIS2_PLACEMENT_3D('',#3827,#3828,#3829);
#3827 = CARTESIAN_POINT('',(570.,7.,28.5));
#3828 = DIRECTION('',(-1.,0.,0.));
#3829 = DIRECTION('',(0.,0.,1.));
#3830 = ORIENTED_EDGE('',*,*,#3831,.F.);
#3831 = EDGE_CURVE('',#3832,#3823,#3834,.T.);
#3832 = VERTEX_POINT('',#3833);
#3833 = CARTESIAN_POINT('',(0.,7.,27.));
#3834 = LINE('',#3835,#3836);
#3835 = CARTESIAN_POINT('',(0.,7.,27.));
#3836 = VECTOR('',#3837,1.);
#3837 = DIRECTION('',(1.,0.,0.));
#3838 = ORIENTED_EDGE('',*,*,#3839,.F.);
#3839 = EDGE_CURVE('',#3800,#3832,#3840,.T.);
#3840 = CIRCLE('',#3841,1.5);
#3841 = AXIS2_PLACEMENT_3D('',#3842,#3843,#3844);
#3842 = CARTESIAN_POINT('',(0.,7.,28.5));
#3843 = DIRECTION('',(-1.,0.,0.));
#3844 = DIRECTION('',(0.,0.,1.));
#3845 = CYLINDRICAL_SURFACE('',#3846,1.5);
#3846 = AXIS2_PLACEMENT_3D('',#3847,#3848,#3849);
#3847 = CARTESIAN_POINT('',(0.,7.,28.5));
#3848 = DIRECTION('',(-1.,0.,0.));
#3849 = DIRECTION('',(0.,0.,1.));
#3850 = ADVANCED_FACE('',(#3851),#3876,.T.);
#3851 = FACE_BOUND('',#3852,.T.);
#3852 = EDGE_LOOP('',(#3853,#3854,#3862,#3870));
#3853 = ORIENTED_EDGE('',*,*,#3831,.T.);
#3854 = ORIENTED_EDGE('',*,*,#3855,.T.);
#3855 = EDGE_CURVE('',#3823,#3856,#3858,.T.);
#3856 = VERTEX_POINT('',#3857);
#3857 = CARTESIAN_POINT('',(570.,5.5,27.));
#3858 = LINE('',#3859,#3860);
#3859 = CARTESIAN_POINT('',(570.,7.,27.));
#3860 = VECTOR('',#3861,1.);
#3861 = DIRECTION('',(0.,-1.,0.));
#3862 = ORIENTED_EDGE('',*,*,#3863,.F.);
#3863 = EDGE_CURVE('',#3864,#3856,#3866,.T.);
#3864 = VERTEX_POINT('',#3865);
#3865 = CARTESIAN_POINT('',(0.,5.5,27.));
#3866 = LINE('',#3867,#3868);
#3867 = CARTESIAN_POINT('',(0.,5.5,27.));
#3868 = VECTOR('',#3869,1.);
#3869 = DIRECTION('',(1.,0.,0.));
#3870 = ORIENTED_EDGE('',*,*,#3871,.F.);
#3871 = EDGE_CURVE('',#3832,#3864,#3872,.T.);
#3872 = LINE('',#3873,#3874);
#3873 = CARTESIAN_POINT('',(0.,7.,27.));
#3874 = VECTOR('',#3875,1.);
#3875 = DIRECTION('',(0.,-1.,0.));
#3876 = PLANE('',#3877);
#3877 = AXIS2_PLACEMENT_3D('',#3878,#3879,#3880);
#3878 = CARTESIAN_POINT('',(0.,7.,27.));
#3879 = DIRECTION('',(0.,0.,-1.));
#3880 = DIRECTION('',(0.,-1.,0.));
#3881 = ADVANCED_FACE('',(#3882),#3909,.F.);
#3882 = FACE_BOUND('',#3883,.T.);
#3883 = EDGE_LOOP('',(#3884,#3885,#3894,#3902));
#3884 = ORIENTED_EDGE('',*,*,#3863,.T.);
#3885 = ORIENTED_EDGE('',*,*,#3886,.T.);
#3886 = EDGE_CURVE('',#3856,#3887,#3889,.T.);
#3887 = VERTEX_POINT('',#3888);
#3888 = CARTESIAN_POINT('',(570.,4.9,26.4));
#3889 = CIRCLE('',#3890,0.6);
#3890 = AXIS2_PLACEMENT_3D('',#3891,#3892,#3893);
#3891 = CARTESIAN_POINT('',(570.,5.5,26.4));
#3892 = DIRECTION('',(1.,0.,0.));
#3893 = DIRECTION('',(0.,-7.401486830834E-15,1.));
#3894 = ORIENTED_EDGE('',*,*,#3895,.F.);
#3895 = EDGE_CURVE('',#3896,#3887,#3898,.T.);
#3896 = VERTEX_POINT('',#3897);
#3897 = CARTESIAN_POINT('',(0.,4.9,26.4));
#3898 = LINE('',#3899,#3900);
#3899 = CARTESIAN_POINT('',(0.,4.9,26.4));
#3900 = VECTOR('',#3901,1.);
#3901 = DIRECTION('',(1.,0.,0.));
#3902 = ORIENTED_EDGE('',*,*,#3903,.F.);
#3903 = EDGE_CURVE('',#3864,#3896,#3904,.T.);
#3904 = CIRCLE('',#3905,0.6);
#3905 = AXIS2_PLACEMENT_3D('',#3906,#3907,#3908);
#3906 = CARTESIAN_POINT('',(0.,5.5,26.4));
#3907 = DIRECTION('',(1.,0.,0.));
#3908 = DIRECTION('',(0.,-7.401486830834E-15,1.));
#3909 = CYLINDRICAL_SURFACE('',#3910,0.6);
#3910 = AXIS2_PLACEMENT_3D('',#3911,#3912,#3913);
#3911 = CARTESIAN_POINT('',(0.,5.5,26.4));
#3912 = DIRECTION('',(-1.,-0.,-0.));
#3913 = DIRECTION('',(0.,-7.401486830834E-15,1.));
#3914 = ADVANCED_FACE('',(#3915),#3940,.T.);
#3915 = FACE_BOUND('',#3916,.T.);
#3916 = EDGE_LOOP('',(#3917,#3918,#3926,#3934));
#3917 = ORIENTED_EDGE('',*,*,#3895,.T.);
#3918 = ORIENTED_EDGE('',*,*,#3919,.T.);
#3919 = EDGE_CURVE('',#3887,#3920,#3922,.T.);
#3920 = VERTEX_POINT('',#3921);
#3921 = CARTESIAN_POINT('',(570.,4.9,10.765564437075));
#3922 = LINE('',#3923,#3924);
#3923 = CARTESIAN_POINT('',(570.,4.9,26.4));
#3924 = VECTOR('',#3925,1.);
#3925 = DIRECTION('',(0.,0.,-1.));
#3926 = ORIENTED_EDGE('',*,*,#3927,.F.);
#3927 = EDGE_CURVE('',#3928,#3920,#3930,.T.);
#3928 = VERTEX_POINT('',#3929);
#3929 = CARTESIAN_POINT('',(0.,4.9,10.765564437075));
#3930 = LINE('',#3931,#3932);
#3931 = CARTESIAN_POINT('',(0.,4.9,10.765564437075));
#3932 = VECTOR('',#3933,1.);
#3933 = DIRECTION('',(1.,0.,0.));
#3934 = ORIENTED_EDGE('',*,*,#3935,.F.);
#3935 = EDGE_CURVE('',#3896,#3928,#3936,.T.);
#3936 = LINE('',#3937,#3938);
#3937 = CARTESIAN_POINT('',(0.,4.9,26.4));
#3938 = VECTOR('',#3939,1.);
#3939 = DIRECTION('',(0.,0.,-1.));
#3940 = PLANE('',#3941);
#3941 = AXIS2_PLACEMENT_3D('',#3942,#3943,#3944);
#3942 = CARTESIAN_POINT('',(0.,4.9,26.4));
#3943 = DIRECTION('',(-0.,1.,0.));
#3944 = DIRECTION('',(0.,0.,-1.));
#3945 = ADVANCED_FACE('',(#3946),#3973,.F.);
#3946 = FACE_BOUND('',#3947,.T.);
#3947 = EDGE_LOOP('',(#3948,#3949,#3958,#3966));
#3948 = ORIENTED_EDGE('',*,*,#3927,.T.);
#3949 = ORIENTED_EDGE('',*,*,#3950,.T.);
#3950 = EDGE_CURVE('',#3920,#3951,#3953,.T.);
#3951 = VERTEX_POINT('',#3952);
#3952 = CARTESIAN_POINT('',(570.,4.979054114725,10.467881074061));
#3953 = CIRCLE('',#3954,0.6);
#3954 = AXIS2_PLACEMENT_3D('',#3955,#3956,#3957);
#3955 = CARTESIAN_POINT('',(570.,5.5,10.765564437075));
#3956 = DIRECTION('',(1.,0.,0.));
#3957 = DIRECTION('',(0.,-1.,8.881784197002E-15));
#3958 = ORIENTED_EDGE('',*,*,#3959,.F.);
#3959 = EDGE_CURVE('',#3960,#3951,#3962,.T.);
#3960 = VERTEX_POINT('',#3961);
#3961 = CARTESIAN_POINT('',(0.,4.979054114725,10.467881074061));
#3962 = LINE('',#3963,#3964);
#3963 = CARTESIAN_POINT('',(0.,4.979054114725,10.467881074061));
#3964 = VECTOR('',#3965,1.);
#3965 = DIRECTION('',(1.,0.,0.));
#3966 = ORIENTED_EDGE('',*,*,#3967,.F.);
#3967 = EDGE_CURVE('',#3928,#3960,#3968,.T.);
#3968 = CIRCLE('',#3969,0.6);
#3969 = AXIS2_PLACEMENT_3D('',#3970,#3971,#3972);
#3970 = CARTESIAN_POINT('',(0.,5.5,10.765564437075));
#3971 = DIRECTION('',(1.,0.,0.));
#3972 = DIRECTION('',(0.,-1.,8.881784197002E-15));
#3973 = CYLINDRICAL_SURFACE('',#3974,0.6);
#3974 = AXIS2_PLACEMENT_3D('',#3975,#3976,#3977);
#3975 = CARTESIAN_POINT('',(0.,5.5,10.765564437075));
#3976 = DIRECTION('',(-1.,-0.,-0.));
#3977 = DIRECTION('',(0.,-1.,8.881784197002E-15));
#3978 = ADVANCED_FACE('',(#3979),#4004,.T.);
#3979 = FACE_BOUND('',#3980,.T.);
#3980 = EDGE_LOOP('',(#3981,#3982,#3990,#3998));
#3981 = ORIENTED_EDGE('',*,*,#3959,.T.);
#3982 = ORIENTED_EDGE('',*,*,#3983,.T.);
#3983 = EDGE_CURVE('',#3951,#3984,#3986,.T.);
#3984 = VERTEX_POINT('',#3985);
#3985 = CARTESIAN_POINT('',(570.,8.571807676486,4.180562340979));
#3986 = LINE('',#3987,#3988);
#3987 = CARTESIAN_POINT('',(570.,4.979054114725,10.467881074061));
#3988 = VECTOR('',#3989,1.);
#3989 = DIRECTION('',(0.,0.496138938357,-0.868243142124));
#3990 = ORIENTED_EDGE('',*,*,#3991,.F.);
#3991 = EDGE_CURVE('',#3992,#3984,#3994,.T.);
#3992 = VERTEX_POINT('',#3993);
#3993 = CARTESIAN_POINT('',(0.,8.571807676486,4.180562340979));
#3994 = LINE('',#3995,#3996);
#3995 = CARTESIAN_POINT('',(0.,8.571807676486,4.180562340979));
#3996 = VECTOR('',#3997,1.);
#3997 = DIRECTION('',(1.,0.,0.));
#3998 = ORIENTED_EDGE('',*,*,#3999,.F.);
#3999 = EDGE_CURVE('',#3960,#3992,#4000,.T.);
#4000 = LINE('',#4001,#4002);
#4001 = CARTESIAN_POINT('',(0.,4.979054114725,10.467881074061));
#4002 = VECTOR('',#4003,1.);
#4003 = DIRECTION('',(0.,0.496138938357,-0.868243142124));
#4004 = PLANE('',#4005);
#4005 = AXIS2_PLACEMENT_3D('',#4006,#4007,#4008);
#4006 = CARTESIAN_POINT('',(0.,4.979054114725,10.467881074061));
#4007 = DIRECTION('',(-0.,0.868243142124,0.496138938357));
#4008 = DIRECTION('',(0.,0.496138938357,-0.868243142124));
#4009 = ADVANCED_FACE('',(#4010),#4037,.F.);
#4010 = FACE_BOUND('',#4011,.T.);
#4011 = EDGE_LOOP('',(#4012,#4013,#4022,#4030));
#4012 = ORIENTED_EDGE('',*,*,#3991,.T.);
#4013 = ORIENTED_EDGE('',*,*,#4014,.T.);
#4014 = EDGE_CURVE('',#3984,#4015,#4017,.T.);
#4015 = VERTEX_POINT('',#4016);
#4016 = CARTESIAN_POINT('',(570.,9.098067202649,3.832621501825));
#4017 = CIRCLE('',#4018,0.7);
#4018 = AXIS2_PLACEMENT_3D('',#4019,#4020,#4021);
#4019 = CARTESIAN_POINT('',(570.,9.179577875973,4.527859597829));
#4020 = DIRECTION('',(1.,0.,0.));
#4021 = DIRECTION('',(0.,-0.868243142124,-0.496138938357));
#4022 = ORIENTED_EDGE('',*,*,#4023,.F.);
#4023 = EDGE_CURVE('',#4024,#4015,#4026,.T.);
#4024 = VERTEX_POINT('',#4025);
#4025 = CARTESIAN_POINT('',(0.,9.098067202649,3.832621501825));
#4026 = LINE('',#4027,#4028);
#4027 = CARTESIAN_POINT('',(0.,9.098067202649,3.832621501825));
#4028 = VECTOR('',#4029,1.);
#4029 = DIRECTION('',(1.,0.,0.));
#4030 = ORIENTED_EDGE('',*,*,#4031,.F.);
#4031 = EDGE_CURVE('',#3992,#4024,#4032,.T.);
#4032 = CIRCLE('',#4033,0.7);
#4033 = AXIS2_PLACEMENT_3D('',#4034,#4035,#4036);
#4034 = CARTESIAN_POINT('',(0.,9.179577875973,4.527859597829));
#4035 = DIRECTION('',(1.,0.,0.));
#4036 = DIRECTION('',(0.,-0.868243142124,-0.496138938357));
#4037 = CYLINDRICAL_SURFACE('',#4038,0.7);
#4038 = AXIS2_PLACEMENT_3D('',#4039,#4040,#4041);
#4039 = CARTESIAN_POINT('',(0.,9.179577875973,4.527859597829));
#4040 = DIRECTION('',(-1.,-0.,-0.));
#4041 = DIRECTION('',(0.,-0.868243142124,-0.496138938357));
#4042 = ADVANCED_FACE('',(#4043),#4068,.T.);
#4043 = FACE_BOUND('',#4044,.T.);
#4044 = EDGE_LOOP('',(#4045,#4046,#4054,#4062));
#4045 = ORIENTED_EDGE('',*,*,#4023,.T.);
#4046 = ORIENTED_EDGE('',*,*,#4047,.T.);
#4047 = EDGE_CURVE('',#4015,#4048,#4050,.T.);
#4048 = VERTEX_POINT('',#4049);
#4049 = CARTESIAN_POINT('',(570.,22.642280067822,2.24467930384));
#4050 = LINE('',#4051,#4052);
#4051 = CARTESIAN_POINT('',(570.,9.098067202649,3.832621501825));
#4052 = VECTOR('',#4053,1.);
#4053 = DIRECTION('',(0.,0.993197280005,-0.116443819035));
#4054 = ORIENTED_EDGE('',*,*,#4055,.F.);
#4055 = EDGE_CURVE('',#4056,#4048,#4058,.T.);
#4056 = VERTEX_POINT('',#4057);
#4057 = CARTESIAN_POINT('',(0.,22.642280067822,2.24467930384));
#4058 = LINE('',#4059,#4060);
#4059 = CARTESIAN_POINT('',(0.,22.642280067822,2.24467930384));
#4060 = VECTOR('',#4061,1.);
#4061 = DIRECTION('',(1.,0.,0.));
#4062 = ORIENTED_EDGE('',*,*,#4063,.F.);
#4063 = EDGE_CURVE('',#4024,#4056,#4064,.T.);
#4064 = LINE('',#4065,#4066);
#4065 = CARTESIAN_POINT('',(0.,9.098067202649,3.832621501825));
#4066 = VECTOR('',#4067,1.);
#4067 = DIRECTION('',(0.,0.993197280005,-0.116443819035));
#4068 = PLANE('',#4069);
#4069 = AXIS2_PLACEMENT_3D('',#4070,#4071,#4072);
#4070 = CARTESIAN_POINT('',(0.,9.098067202649,3.832621501825));
#4071 = DIRECTION('',(-0.,0.116443819035,0.993197280005));
#4072 = DIRECTION('',(0.,0.993197280005,-0.116443819035));
#4073 = ADVANCED_FACE('',(#4074),#4101,.F.);
#4074 = FACE_BOUND('',#4075,.T.);
#4075 = EDGE_LOOP('',(#4076,#4077,#4086,#4094));
#4076 = ORIENTED_EDGE('',*,*,#4055,.T.);
#4077 = ORIENTED_EDGE('',*,*,#4078,.T.);
#4078 = EDGE_CURVE('',#4048,#4079,#4081,.T.);
#4079 = VERTEX_POINT('',#4080);
#4080 = CARTESIAN_POINT('',(570.,23.03498434315,2.369630870718));
#4081 = CIRCLE('',#4082,0.5);
#4082 = AXIS2_PLACEMENT_3D('',#4083,#4084,#4085);
#4083 = CARTESIAN_POINT('',(570.,22.700501977339,2.741277943842));
#4084 = DIRECTION('',(1.,0.,0.));
#4085 = DIRECTION('',(0.,-0.116443819035,-0.993197280005));
#4086 = ORIENTED_EDGE('',*,*,#4087,.F.);
#4087 = EDGE_CURVE('',#4088,#4079,#4090,.T.);
#4088 = VERTEX_POINT('',#4089);
#4089 = CARTESIAN_POINT('',(0.,23.03498434315,2.369630870718));
#4090 = LINE('',#4091,#4092);
#4091 = CARTESIAN_POINT('',(0.,23.03498434315,2.369630870718));
#4092 = VECTOR('',#4093,1.);
#4093 = DIRECTION('',(1.,0.,0.));
#4094 = ORIENTED_EDGE('',*,*,#4095,.F.);
#4095 = EDGE_CURVE('',#4056,#4088,#4096,.T.);
#4096 = CIRCLE('',#4097,0.5);
#4097 = AXIS2_PLACEMENT_3D('',#4098,#4099,#4100);
#4098 = CARTESIAN_POINT('',(0.,22.700501977339,2.741277943842));
#4099 = DIRECTION('',(1.,0.,0.));
#4100 = DIRECTION('',(0.,-0.116443819035,-0.993197280005));
#4101 = CYLINDRICAL_SURFACE('',#4102,0.5);
#4102 = AXIS2_PLACEMENT_3D('',#4103,#4104,#4105);
#4103 = CARTESIAN_POINT('',(0.,22.700501977339,2.741277943842));
#4104 = DIRECTION('',(-1.,-0.,-0.));
#4105 = DIRECTION('',(0.,-0.116443819035,-0.993197280005));
#4106 = ADVANCED_FACE('',(#4107),#4132,.T.);
#4107 = FACE_BOUND('',#4108,.T.);
#4108 = EDGE_LOOP('',(#4109,#4110,#4118,#4126));
#4109 = ORIENTED_EDGE('',*,*,#4087,.T.);
#4110 = ORIENTED_EDGE('',*,*,#4111,.T.);
#4111 = EDGE_CURVE('',#4079,#4112,#4114,.T.);
#4112 = VERTEX_POINT('',#4113);
#4113 = CARTESIAN_POINT('',(570.,24.732414107351,3.897317658499));
#4114 = LINE('',#4115,#4116);
#4115 = CARTESIAN_POINT('',(570.,23.03498434315,2.369630870718));
#4116 = VECTOR('',#4117,1.);
#4117 = DIRECTION('',(0.,0.743294146247,0.668964731622));
#4118 = ORIENTED_EDGE('',*,*,#4119,.F.);
#4119 = EDGE_CURVE('',#4120,#4112,#4122,.T.);
#4120 = VERTEX_POINT('',#4121);
#4121 = CARTESIAN_POINT('',(0.,24.732414107351,3.897317658499));
#4122 = LINE('',#4123,#4124);
#4123 = CARTESIAN_POINT('',(0.,24.732414107351,3.897317658499));
#4124 = VECTOR('',#4125,1.);
#4125 = DIRECTION('',(1.,0.,0.));
#4126 = ORIENTED_EDGE('',*,*,#4127,.F.);
#4127 = EDGE_CURVE('',#4088,#4120,#4128,.T.);
#4128 = LINE('',#4129,#4130);
#4129 = CARTESIAN_POINT('',(0.,23.03498434315,2.369630870718));
#4130 = VECTOR('',#4131,1.);
#4131 = DIRECTION('',(0.,0.743294146247,0.668964731622));
#4132 = PLANE('',#4133);
#4133 = AXIS2_PLACEMENT_3D('',#4134,#4135,#4136);
#4134 = CARTESIAN_POINT('',(0.,23.03498434315,2.369630870718));
#4135 = DIRECTION('',(0.,-0.668964731622,0.743294146247));
#4136 = DIRECTION('',(0.,0.743294146247,0.668964731622));
#4137 = ADVANCED_FACE('',(#4138),#4163,.T.);
#4138 = FACE_BOUND('',#4139,.T.);
#4139 = EDGE_LOOP('',(#4140,#4141,#4149,#4157));
#4140 = ORIENTED_EDGE('',*,*,#4119,.T.);
#4141 = ORIENTED_EDGE('',*,*,#4142,.T.);
#4142 = EDGE_CURVE('',#4112,#4143,#4145,.T.);
#4143 = VERTEX_POINT('',#4144);
#4144 = CARTESIAN_POINT('',(570.,25.267585892649,3.302682341501));
#4145 = LINE('',#4146,#4147);
#4146 = CARTESIAN_POINT('',(570.,24.732414107351,3.897317658499));
#4147 = VECTOR('',#4148,1.);
#4148 = DIRECTION('',(0.,0.668964731622,-0.743294146247));
#4149 = ORIENTED_EDGE('',*,*,#4150,.F.);
#4150 = EDGE_CURVE('',#4151,#4143,#4153,.T.);
#4151 = VERTEX_POINT('',#4152);
#4152 = CARTESIAN_POINT('',(0.,25.267585892649,3.302682341501));
#4153 = LINE('',#4154,#4155);
#4154 = CARTESIAN_POINT('',(0.,25.267585892649,3.302682341501));
#4155 = VECTOR('',#4156,1.);
#4156 = DIRECTION('',(1.,0.,0.));
#4157 = ORIENTED_EDGE('',*,*,#4158,.F.);
#4158 = EDGE_CURVE('',#4120,#4151,#4159,.T.);
#4159 = LINE('',#4160,#4161);
#4160 = CARTESIAN_POINT('',(0.,24.732414107351,3.897317658499));
#4161 = VECTOR('',#4162,1.);
#4162 = DIRECTION('',(0.,0.668964731622,-0.743294146247));
#4163 = PLANE('',#4164);
#4164 = AXIS2_PLACEMENT_3D('',#4165,#4166,#4167);
#4165 = CARTESIAN_POINT('',(0.,24.732414107351,3.897317658499));
#4166 = DIRECTION('',(-0.,0.743294146247,0.668964731622));
#4167 = DIRECTION('',(0.,0.668964731622,-0.743294146247));
#4168 = ADVANCED_FACE('',(#4169),#4194,.T.);
#4169 = FACE_BOUND('',#4170,.T.);
#4170 = EDGE_LOOP('',(#4171,#4172,#4180,#4188));
#4171 = ORIENTED_EDGE('',*,*,#4150,.T.);
#4172 = ORIENTED_EDGE('',*,*,#4173,.T.);
#4173 = EDGE_CURVE('',#4143,#4174,#4176,.T.);
#4174 = VERTEX_POINT('',#4175);
#4175 = CARTESIAN_POINT('',(570.,23.570156128448,1.774995553721));
#4176 = LINE('',#4177,#4178);
#4177 = CARTESIAN_POINT('',(570.,25.267585892649,3.302682341501));
#4178 = VECTOR('',#4179,1.);
#4179 = DIRECTION('',(0.,-0.743294146247,-0.668964731622));
#4180 = ORIENTED_EDGE('',*,*,#4181,.F.);
#4181 = EDGE_CURVE('',#4182,#4174,#4184,.T.);
#4182 = VERTEX_POINT('',#4183);
#4183 = CARTESIAN_POINT('',(0.,23.570156128448,1.774995553721));
#4184 = LINE('',#4185,#4186);
#4185 = CARTESIAN_POINT('',(0.,23.570156128448,1.774995553721));
#4186 = VECTOR('',#4187,1.);
#4187 = DIRECTION('',(1.,0.,0.));
#4188 = ORIENTED_EDGE('',*,*,#4189,.F.);
#4189 = EDGE_CURVE('',#4151,#4182,#4190,.T.);
#4190 = LINE('',#4191,#4192);
#4191 = CARTESIAN_POINT('',(0.,25.267585892649,3.302682341501));
#4192 = VECTOR('',#4193,1.);
#4193 = DIRECTION('',(0.,-0.743294146247,-0.668964731622));
#4194 = PLANE('',#4195);
#4195 = AXIS2_PLACEMENT_3D('',#4196,#4197,#4198);
#4196 = CARTESIAN_POINT('',(0.,25.267585892649,3.302682341501));
#4197 = DIRECTION('',(0.,0.668964731622,-0.743294146247));
#4198 = DIRECTION('',(0.,-0.743294146247,-0.668964731622));
#4199 = ADVANCED_FACE('',(#4200),#4227,.T.);
#4200 = FACE_BOUND('',#4201,.T.);
#4201 = EDGE_LOOP('',(#4202,#4203,#4212,#4220));
#4202 = ORIENTED_EDGE('',*,*,#4181,.T.);
#4203 = ORIENTED_EDGE('',*,*,#4204,.T.);
#4204 = EDGE_CURVE('',#4174,#4205,#4207,.T.);
#4205 = VERTEX_POINT('',#4206);
#4206 = CARTESIAN_POINT('',(570.,22.549125012594,1.450121479836));
#4207 = CIRCLE('',#4208,1.3);
#4208 = AXIS2_PLACEMENT_3D('',#4209,#4210,#4211);
#4209 = CARTESIAN_POINT('',(570.,22.700501977339,2.741277943842));
#4210 = DIRECTION('',(-1.,0.,0.));
#4211 = DIRECTION('',(0.,0.668964731622,-0.743294146247));
#4212 = ORIENTED_EDGE('',*,*,#4213,.F.);
#4213 = EDGE_CURVE('',#4214,#4205,#4216,.T.);
#4214 = VERTEX_POINT('',#4215);
#4215 = CARTESIAN_POINT('',(0.,22.549125012594,1.450121479836));
#4216 = LINE('',#4217,#4218);
#4217 = CARTESIAN_POINT('',(0.,22.549125012594,1.450121479836));
#4218 = VECTOR('',#4219,1.);
#4219 = DIRECTION('',(1.,0.,0.));
#4220 = ORIENTED_EDGE('',*,*,#4221,.F.);
#4221 = EDGE_CURVE('',#4182,#4214,#4222,.T.);
#4222 = CIRCLE('',#4223,1.3);
#4223 = AXIS2_PLACEMENT_3D('',#4224,#4225,#4226);
#4224 = CARTESIAN_POINT('',(0.,22.700501977339,2.741277943842));
#4225 = DIRECTION('',(-1.,0.,0.));
#4226 = DIRECTION('',(0.,0.668964731622,-0.743294146247));
#4227 = CYLINDRICAL_SURFACE('',#4228,1.3);
#4228 = AXIS2_PLACEMENT_3D('',#4229,#4230,#4231);
#4229 = CARTESIAN_POINT('',(0.,22.700501977339,2.741277943842));
#4230 = DIRECTION('',(-1.,0.,0.));
#4231 = DIRECTION('',(0.,0.668964731622,-0.743294146247));
#4232 = ADVANCED_FACE('',(#4233),#4258,.T.);
#4233 = FACE_BOUND('',#4234,.T.);
#4234 = EDGE_LOOP('',(#4235,#4236,#4244,#4252));
#4235 = ORIENTED_EDGE('',*,*,#4213,.T.);
#4236 = ORIENTED_EDGE('',*,*,#4237,.T.);
#4237 = EDGE_CURVE('',#4205,#4238,#4240,.T.);
#4238 = VERTEX_POINT('',#4239);
#4239 = CARTESIAN_POINT('',(570.,9.004912147421,3.038063677822));
#4240 = LINE('',#4241,#4242);
#4241 = CARTESIAN_POINT('',(570.,22.549125012594,1.450121479836));
#4242 = VECTOR('',#4243,1.);
#4243 = DIRECTION('',(0.,-0.993197280005,0.116443819035));
#4244 = ORIENTED_EDGE('',*,*,#4245,.F.);
#4245 = EDGE_CURVE('',#4246,#4238,#4248,.T.);
#4246 = VERTEX_POINT('',#4247);
#4247 = CARTESIAN_POINT('',(0.,9.004912147421,3.038063677822));
#4248 = LINE('',#4249,#4250);
#4249 = CARTESIAN_POINT('',(0.,9.004912147421,3.038063677822));
#4250 = VECTOR('',#4251,1.);
#4251 = DIRECTION('',(1.,0.,0.));
#4252 = ORIENTED_EDGE('',*,*,#4253,.F.);
#4253 = EDGE_CURVE('',#4214,#4246,#4254,.T.);
#4254 = LINE('',#4255,#4256);
#4255 = CARTESIAN_POINT('',(0.,22.549125012594,1.450121479836));
#4256 = VECTOR('',#4257,1.);
#4257 = DIRECTION('',(0.,-0.993197280005,0.116443819035));
#4258 = PLANE('',#4259);
#4259 = AXIS2_PLACEMENT_3D('',#4260,#4261,#4262);
#4260 = CARTESIAN_POINT('',(0.,22.549125012594,1.450121479836));
#4261 = DIRECTION('',(0.,-0.116443819035,-0.993197280005));
#4262 = DIRECTION('',(0.,-0.993197280005,0.116443819035));
#4263 = ADVANCED_FACE('',(#4264),#4291,.T.);
#4264 = FACE_BOUND('',#4265,.T.);
#4265 = EDGE_LOOP('',(#4266,#4267,#4276,#4284));
#4266 = ORIENTED_EDGE('',*,*,#4245,.T.);
#4267 = ORIENTED_EDGE('',*,*,#4268,.T.);
#4268 = EDGE_CURVE('',#4238,#4269,#4271,.T.);
#4269 = VERTEX_POINT('',#4270);
#4270 = CARTESIAN_POINT('',(570.,7.877213162787,3.783651190293));
#4271 = CIRCLE('',#4272,1.5);
#4272 = AXIS2_PLACEMENT_3D('',#4273,#4274,#4275);
#4273 = CARTESIAN_POINT('',(570.,9.179577875973,4.527859597829));
#4274 = DIRECTION('',(-1.,0.,0.));
#4275 = DIRECTION('',(-0.,-0.116443819035,-0.993197280005));
#4276 = ORIENTED_EDGE('',*,*,#4277,.F.);
#4277 = EDGE_CURVE('',#4278,#4269,#4280,.T.);
#4278 = VERTEX_POINT('',#4279);
#4279 = CARTESIAN_POINT('',(0.,7.877213162787,3.783651190293));
#4280 = LINE('',#4281,#4282);
#4281 = CARTESIAN_POINT('',(0.,7.877213162787,3.783651190293));
#4282 = VECTOR('',#4283,1.);
#4283 = DIRECTION('',(1.,0.,0.));
#4284 = ORIENTED_EDGE('',*,*,#4285,.F.);
#4285 = EDGE_CURVE('',#4246,#4278,#4286,.T.);
#4286 = CIRCLE('',#4287,1.5);
#4287 = AXIS2_PLACEMENT_3D('',#4288,#4289,#4290);
#4288 = CARTESIAN_POINT('',(0.,9.179577875973,4.527859597829));
#4289 = DIRECTION('',(-1.,0.,0.));
#4290 = DIRECTION('',(-0.,-0.116443819035,-0.993197280005));
#4291 = CYLINDRICAL_SURFACE('',#4292,1.5);
#4292 = AXIS2_PLACEMENT_3D('',#4293,#4294,#4295);
#4293 = CARTESIAN_POINT('',(0.,9.179577875973,4.527859597829));
#4294 = DIRECTION('',(-1.,0.,0.));
#4295 = DIRECTION('',(-0.,-0.116443819035,-0.993197280005));
#4296 = ADVANCED_FACE('',(#4297),#4322,.T.);
#4297 = FACE_BOUND('',#4298,.T.);
#4298 = EDGE_LOOP('',(#4299,#4300,#4308,#4316));
#4299 = ORIENTED_EDGE('',*,*,#4277,.T.);
#4300 = ORIENTED_EDGE('',*,*,#4301,.T.);
#4301 = EDGE_CURVE('',#4269,#4302,#4304,.T.);
#4302 = VERTEX_POINT('',#4303);
#4303 = CARTESIAN_POINT('',(570.,4.284459601026,10.070969923375));
#4304 = LINE('',#4305,#4306);
#4305 = CARTESIAN_POINT('',(570.,7.877213162787,3.783651190293));
#4306 = VECTOR('',#4307,1.);
#4307 = DIRECTION('',(0.,-0.496138938357,0.868243142124));
#4308 = ORIENTED_EDGE('',*,*,#4309,.F.);
#4309 = EDGE_CURVE('',#4310,#4302,#4312,.T.);
#4310 = VERTEX_POINT('',#4311);
#4311 = CARTESIAN_POINT('',(0.,4.284459601026,10.070969923375));
#4312 = LINE('',#4313,#4314);
#4313 = CARTESIAN_POINT('',(0.,4.284459601026,10.070969923375));
#4314 = VECTOR('',#4315,1.);
#4315 = DIRECTION('',(1.,0.,0.));
#4316 = ORIENTED_EDGE('',*,*,#4317,.F.);
#4317 = EDGE_CURVE('',#4278,#4310,#4318,.T.);
#4318 = LINE('',#4319,#4320);
#4319 = CARTESIAN_POINT('',(0.,7.877213162787,3.783651190293));
#4320 = VECTOR('',#4321,1.);
#4321 = DIRECTION('',(0.,-0.496138938357,0.868243142124));
#4322 = PLANE('',#4323);
#4323 = AXIS2_PLACEMENT_3D('',#4324,#4325,#4326);
#4324 = CARTESIAN_POINT('',(0.,7.877213162787,3.783651190293));
#4325 = DIRECTION('',(0.,-0.868243142124,-0.496138938357));
#4326 = DIRECTION('',(0.,-0.496138938357,0.868243142124));
#4327 = ADVANCED_FACE('',(#4328),#4355,.T.);
#4328 = FACE_BOUND('',#4329,.T.);
#4329 = EDGE_LOOP('',(#4330,#4331,#4340,#4348));
#4330 = ORIENTED_EDGE('',*,*,#4309,.T.);
#4331 = ORIENTED_EDGE('',*,*,#4332,.T.);
#4332 = EDGE_CURVE('',#4302,#4333,#4335,.T.);
#4333 = VERTEX_POINT('',#4334);
#4334 = CARTESIAN_POINT('',(570.,4.1,10.765564437075));
#4335 = CIRCLE('',#4336,1.4);
#4336 = AXIS2_PLACEMENT_3D('',#4337,#4338,#4339);
#4337 = CARTESIAN_POINT('',(570.,5.5,10.765564437075));
#4338 = DIRECTION('',(-1.,0.,0.));
#4339 = DIRECTION('',(-0.,-0.868243142124,-0.496138938357));
#4340 = ORIENTED_EDGE('',*,*,#4341,.F.);
#4341 = EDGE_CURVE('',#4342,#4333,#4344,.T.);
#4342 = VERTEX_POINT('',#4343);
#4343 = CARTESIAN_POINT('',(0.,4.1,10.765564437075));
#4344 = LINE('',#4345,#4346);
#4345 = CARTESIAN_POINT('',(0.,4.1,10.765564437075));
#4346 = VECTOR('',#4347,1.);
#4347 = DIRECTION('',(1.,0.,0.));
#4348 = ORIENTED_EDGE('',*,*,#4349,.F.);
#4349 = EDGE_CURVE('',#4310,#4342,#4350,.T.);
#4350 = CIRCLE('',#4351,1.4);
#4351 = AXIS2_PLACEMENT_3D('',#4352,#4353,#4354);
#4352 = CARTESIAN_POINT('',(0.,5.5,10.765564437075));
#4353 = DIRECTION('',(-1.,0.,0.));
#4354 = DIRECTION('',(-0.,-0.868243142124,-0.496138938357));
#4355 = CYLINDRICAL_SURFACE('',#4356,1.4);
#4356 = AXIS2_PLACEMENT_3D('',#4357,#4358,#4359);
#4357 = CARTESIAN_POINT('',(0.,5.5,10.765564437075));
#4358 = DIRECTION('',(-1.,0.,0.));
#4359 = DIRECTION('',(-0.,-0.868243142124,-0.496138938357));
#4360 = ADVANCED_FACE('',(#4361),#4386,.T.);
#4361 = FACE_BOUND('',#4362,.T.);
#4362 = EDGE_LOOP('',(#4363,#4364,#4372,#4380));
#4363 = ORIENTED_EDGE('',*,*,#4341,.T.);
#4364 = ORIENTED_EDGE('',*,*,#4365,.T.);
#4365 = EDGE_CURVE('',#4333,#4366,#4368,.T.);
#4366 = VERTEX_POINT('',#4367);
#4367 = CARTESIAN_POINT('',(570.,4.1,26.4));
#4368 = LINE('',#4369,#4370);
#4369 = CARTESIAN_POINT('',(570.,4.1,10.765564437075));
#4370 = VECTOR('',#4371,1.);
#4371 = DIRECTION('',(0.,0.,1.));
#4372 = ORIENTED_EDGE('',*,*,#4373,.F.);
#4373 = EDGE_CURVE('',#4374,#4366,#4376,.T.);
#4374 = VERTEX_POINT('',#4375);
#4375 = CARTESIAN_POINT('',(0.,4.1,26.4));
#4376 = LINE('',#4377,#4378);
#4377 = CARTESIAN_POINT('',(0.,4.1,26.4));
#4378 = VECTOR('',#4379,1.);
#4379 = DIRECTION('',(1.,0.,0.));
#4380 = ORIENTED_EDGE('',*,*,#4381,.F.);
#4381 = EDGE_CURVE('',#4342,#4374,#4382,.T.);
#4382 = LINE('',#4383,#4384);
#4383 = CARTESIAN_POINT('',(0.,4.1,10.765564437075));
#4384 = VECTOR('',#4385,1.);
#4385 = DIRECTION('',(0.,0.,1.));
#4386 = PLANE('',#4387);
#4387 = AXIS2_PLACEMENT_3D('',#4388,#4389,#4390);
#4388 = CARTESIAN_POINT('',(0.,4.1,10.765564437075));
#4389 = DIRECTION('',(0.,-1.,0.));
#4390 = DIRECTION('',(0.,0.,1.));
#4391 = ADVANCED_FACE('',(#4392),#4419,.T.);
#4392 = FACE_BOUND('',#4393,.T.);
#4393 = EDGE_LOOP('',(#4394,#4395,#4404,#4412));
#4394 = ORIENTED_EDGE('',*,*,#4373,.T.);
#4395 = ORIENTED_EDGE('',*,*,#4396,.T.);
#4396 = EDGE_CURVE('',#4366,#4397,#4399,.T.);
#4397 = VERTEX_POINT('',#4398);
#4398 = CARTESIAN_POINT('',(570.,5.5,27.8));
#4399 = CIRCLE('',#4400,1.4);
#4400 = AXIS2_PLACEMENT_3D('',#4401,#4402,#4403);
#4401 = CARTESIAN_POINT('',(570.,5.5,26.4));
#4402 = DIRECTION('',(-1.,0.,0.));
#4403 = DIRECTION('',(-0.,-1.,-2.537652627715E-15));
#4404 = ORIENTED_EDGE('',*,*,#4405,.F.);
#4405 = EDGE_CURVE('',#4406,#4397,#4408,.T.);
#4406 = VERTEX_POINT('',#4407);
#4407 = CARTESIAN_POINT('',(0.,5.5,27.8));
#4408 = LINE('',#4409,#4410);
#4409 = CARTESIAN_POINT('',(0.,5.5,27.8));
#4410 = VECTOR('',#4411,1.);
#4411 = DIRECTION('',(1.,0.,0.));
#4412 = ORIENTED_EDGE('',*,*,#4413,.F.);
#4413 = EDGE_CURVE('',#4374,#4406,#4414,.T.);
#4414 = CIRCLE('',#4415,1.4);
#4415 = AXIS2_PLACEMENT_3D('',#4416,#4417,#4418);
#4416 = CARTESIAN_POINT('',(0.,5.5,26.4));
#4417 = DIRECTION('',(-1.,0.,0.));
#4418 = DIRECTION('',(-0.,-1.,-2.537652627715E-15));
#4419 = CYLINDRICAL_SURFACE('',#4420,1.4);
#4420 = AXIS2_PLACEMENT_3D('',#4421,#4422,#4423);
#4421 = CARTESIAN_POINT('',(0.,5.5,26.4));
#4422 = DIRECTION('',(-1.,0.,0.));
#4423 = DIRECTION('',(-0.,-1.,-2.537652627715E-15));
#4424 = ADVANCED_FACE('',(#4425),#4450,.T.);
#4425 = FACE_BOUND('',#4426,.T.);
#4426 = EDGE_LOOP('',(#4427,#4428,#4436,#4444));
#4427 = ORIENTED_EDGE('',*,*,#4405,.T.);
#4428 = ORIENTED_EDGE('',*,*,#4429,.T.);
#4429 = EDGE_CURVE('',#4397,#4430,#4432,.T.);
#4430 = VERTEX_POINT('',#4431);
#4431 = CARTESIAN_POINT('',(570.,7.,27.8));
#4432 = LINE('',#4433,#4434);
#4433 = CARTESIAN_POINT('',(570.,5.5,27.8));
#4434 = VECTOR('',#4435,1.);
#4435 = DIRECTION('',(0.,1.,0.));
#4436 = ORIENTED_EDGE('',*,*,#4437,.F.);
#4437 = EDGE_CURVE('',#4438,#4430,#4440,.T.);
#4438 = VERTEX_POINT('',#4439);
#4439 = CARTESIAN_POINT('',(0.,7.,27.8));
#4440 = LINE('',#4441,#4442);
#4441 = CARTESIAN_POINT('',(0.,7.,27.8));
#4442 = VECTOR('',#4443,1.);
#4443 = DIRECTION('',(1.,0.,0.));
#4444 = ORIENTED_EDGE('',*,*,#4445,.F.);
#4445 = EDGE_CURVE('',#4406,#4438,#4446,.T.);
#4446 = LINE('',#4447,#4448);
#4447 = CARTESIAN_POINT('',(0.,5.5,27.8));
#4448 = VECTOR('',#4449,1.);
#4449 = DIRECTION('',(0.,1.,0.));
#4450 = PLANE('',#4451);
#4451 = AXIS2_PLACEMENT_3D('',#4452,#4453,#4454);
#4452 = CARTESIAN_POINT('',(0.,5.5,27.8));
#4453 = DIRECTION('',(0.,0.,1.));
#4454 = DIRECTION('',(0.,1.,0.));
#4455 = ADVANCED_FACE('',(#4456),#4483,.F.);
#4456 = FACE_BOUND('',#4457,.T.);
#4457 = EDGE_LOOP('',(#4458,#4459,#4468,#4476));
#4458 = ORIENTED_EDGE('',*,*,#4437,.T.);
#4459 = ORIENTED_EDGE('',*,*,#4460,.T.);
#4460 = EDGE_CURVE('',#4430,#4461,#4463,.T.);
#4461 = VERTEX_POINT('',#4462);
#4462 = CARTESIAN_POINT('',(570.,7.,29.2));
#4463 = CIRCLE('',#4464,0.7);
#4464 = AXIS2_PLACEMENT_3D('',#4465,#4466,#4467);
#4465 = CARTESIAN_POINT('',(570.,7.,28.5));
#4466 = DIRECTION('',(1.,0.,-0.));
#4467 = DIRECTION('',(-0.,2.537652627715E-15,-1.));
#4468 = ORIENTED_EDGE('',*,*,#4469,.F.);
#4469 = EDGE_CURVE('',#4470,#4461,#4472,.T.);
#4470 = VERTEX_POINT('',#4471);
#4471 = CARTESIAN_POINT('',(0.,7.,29.2));
#4472 = LINE('',#4473,#4474);
#4473 = CARTESIAN_POINT('',(0.,7.,29.2));
#4474 = VECTOR('',#4475,1.);
#4475 = DIRECTION('',(1.,0.,0.));
#4476 = ORIENTED_EDGE('',*,*,#4477,.F.);
#4477 = EDGE_CURVE('',#4438,#4470,#4478,.T.);
#4478 = CIRCLE('',#4479,0.7);
#4479 = AXIS2_PLACEMENT_3D('',#4480,#4481,#4482);
#4480 = CARTESIAN_POINT('',(0.,7.,28.5));
#4481 = DIRECTION('',(1.,0.,-0.));
#4482 = DIRECTION('',(-0.,2.537652627715E-15,-1.));
#4483 = CYLINDRICAL_SURFACE('',#4484,0.7);
#4484 = AXIS2_PLACEMENT_3D('',#4485,#4486,#4487);
#4485 = CARTESIAN_POINT('',(0.,7.,28.5));
#4486 = DIRECTION('',(-1.,-0.,0.));
#4487 = DIRECTION('',(-0.,2.537652627715E-15,-1.));
#4488 = ADVANCED_FACE('',(#4489),#4514,.T.);
#4489 = FACE_BOUND('',#4490,.T.);
#4490 = EDGE_LOOP('',(#4491,#4492,#4500,#4508));
#4491 = ORIENTED_EDGE('',*,*,#4469,.T.);
#4492 = ORIENTED_EDGE('',*,*,#4493,.T.);
#4493 = EDGE_CURVE('',#4461,#4494,#4496,.T.);
#4494 = VERTEX_POINT('',#4495);
#4495 = CARTESIAN_POINT('',(570.,2.,29.2));
#4496 = LINE('',#4497,#4498);
#4497 = CARTESIAN_POINT('',(570.,7.,29.2));
#4498 = VECTOR('',#4499,1.);
#4499 = DIRECTION('',(0.,-1.,0.));
#4500 = ORIENTED_EDGE('',*,*,#4501,.F.);
#4501 = EDGE_CURVE('',#4502,#4494,#4504,.T.);
#4502 = VERTEX_POINT('',#4503);
#4503 = CARTESIAN_POINT('',(0.,2.,29.2));
#4504 = LINE('',#4505,#4506);
#4505 = CARTESIAN_POINT('',(0.,2.,29.2));
#4506 = VECTOR('',#4507,1.);
#4507 = DIRECTION('',(1.,0.,0.));
#4508 = ORIENTED_EDGE('',*,*,#4509,.F.);
#4509 = EDGE_CURVE('',#4470,#4502,#4510,.T.);
#4510 = LINE('',#4511,#4512);
#4511 = CARTESIAN_POINT('',(0.,7.,29.2));
#4512 = VECTOR('',#4513,1.);
#4513 = DIRECTION('',(0.,-1.,0.));
#4514 = PLANE('',#4515);
#4515 = AXIS2_PLACEMENT_3D('',#4516,#4517,#4518);
#4516 = CARTESIAN_POINT('',(0.,7.,29.2));
#4517 = DIRECTION('',(0.,0.,-1.));
#4518 = DIRECTION('',(0.,-1.,0.));
#4519 = ADVANCED_FACE('',(#4520),#4547,.F.);
#4520 = FACE_BOUND('',#4521,.T.);
#4521 = EDGE_LOOP('',(#4522,#4523,#4532,#4540));
#4522 = ORIENTED_EDGE('',*,*,#4501,.T.);
#4523 = ORIENTED_EDGE('',*,*,#4524,.T.);
#4524 = EDGE_CURVE('',#4494,#4525,#4527,.T.);
#4525 = VERTEX_POINT('',#4526);
#4526 = CARTESIAN_POINT('',(570.,0.8,28.));
#4527 = CIRCLE('',#4528,1.2);
#4528 = AXIS2_PLACEMENT_3D('',#4529,#4530,#4531);
#4529 = CARTESIAN_POINT('',(570.,2.,28.));
#4530 = DIRECTION('',(1.,0.,0.));
#4531 = DIRECTION('',(-0.,2.590520390792E-15,1.));
#4532 = ORIENTED_EDGE('',*,*,#4533,.F.);
#4533 = EDGE_CURVE('',#4534,#4525,#4536,.T.);
#4534 = VERTEX_POINT('',#4535);
#4535 = CARTESIAN_POINT('',(0.,0.8,28.));
#4536 = LINE('',#4537,#4538);
#4537 = CARTESIAN_POINT('',(0.,0.8,28.));
#4538 = VECTOR('',#4539,1.);
#4539 = DIRECTION('',(1.,0.,0.));
#4540 = ORIENTED_EDGE('',*,*,#4541,.F.);
#4541 = EDGE_CURVE('',#4502,#4534,#4542,.T.);
#4542 = CIRCLE('',#4543,1.2);
#4543 = AXIS2_PLACEMENT_3D('',#4544,#4545,#4546);
#4544 = CARTESIAN_POINT('',(0.,2.,28.));
#4545 = DIRECTION('',(1.,0.,0.));
#4546 = DIRECTION('',(-0.,2.590520390792E-15,1.));
#4547 = CYLINDRICAL_SURFACE('',#4548,1.2);
#4548 = AXIS2_PLACEMENT_3D('',#4549,#4550,#4551);
#4549 = CARTESIAN_POINT('',(0.,2.,28.));
#4550 = DIRECTION('',(-1.,-0.,-0.));
#4551 = DIRECTION('',(-0.,2.590520390792E-15,1.));
#4552 = ADVANCED_FACE('',(#4553),#4578,.T.);
#4553 = FACE_BOUND('',#4554,.T.);
#4554 = EDGE_LOOP('',(#4555,#4556,#4564,#4572));
#4555 = ORIENTED_EDGE('',*,*,#4533,.T.);
#4556 = ORIENTED_EDGE('',*,*,#4557,.T.);
#4557 = EDGE_CURVE('',#4525,#4558,#4560,.T.);
#4558 = VERTEX_POINT('',#4559);
#4559 = CARTESIAN_POINT('',(570.,0.8,1.25));
#4560 = LINE('',#4561,#4562);
#4561 = CARTESIAN_POINT('',(570.,0.8,28.));
#4562 = VECTOR('',#4563,1.);
#4563 = DIRECTION('',(0.,0.,-1.));
#4564 = ORIENTED_EDGE('',*,*,#4565,.F.);
#4565 = EDGE_CURVE('',#4566,#4558,#4568,.T.);
#4566 = VERTEX_POINT('',#4567);
#4567 = CARTESIAN_POINT('',(0.,0.8,1.25));
#4568 = LINE('',#4569,#4570);
#4569 = CARTESIAN_POINT('',(0.,0.8,1.25));
#4570 = VECTOR('',#4571,1.);
#4571 = DIRECTION('',(1.,0.,0.));
#4572 = ORIENTED_EDGE('',*,*,#4573,.F.);
#4573 = EDGE_CURVE('',#4534,#4566,#4574,.T.);
#4574 = LINE('',#4575,#4576);
#4575 = CARTESIAN_POINT('',(0.,0.8,28.));
#4576 = VECTOR('',#4577,1.);
#4577 = DIRECTION('',(0.,0.,-1.));
#4578 = PLANE('',#4579);
#4579 = AXIS2_PLACEMENT_3D('',#4580,#4581,#4582);
#4580 = CARTESIAN_POINT('',(0.,0.8,28.));
#4581 = DIRECTION('',(-0.,1.,0.));
#4582 = DIRECTION('',(0.,0.,-1.));
#4583 = ADVANCED_FACE('',(#4584),#4611,.F.);
#4584 = FACE_BOUND('',#4585,.T.);
#4585 = EDGE_LOOP('',(#4586,#4587,#4596,#4604));
#4586 = ORIENTED_EDGE('',*,*,#4565,.T.);
#4587 = ORIENTED_EDGE('',*,*,#4588,.T.);
#4588 = EDGE_CURVE('',#4558,#4589,#4591,.T.);
#4589 = VERTEX_POINT('',#4590);
#4590 = CARTESIAN_POINT('',(570.,1.25,0.8));
#4591 = CIRCLE('',#4592,0.45);
#4592 = AXIS2_PLACEMENT_3D('',#4593,#4594,#4595);
#4593 = CARTESIAN_POINT('',(570.,1.25,1.25));
#4594 = DIRECTION('',(1.,0.,0.));
#4595 = DIRECTION('',(0.,-1.,0.));
#4596 = ORIENTED_EDGE('',*,*,#4597,.F.);
#4597 = EDGE_CURVE('',#4598,#4589,#4600,.T.);
#4598 = VERTEX_POINT('',#4599);
#4599 = CARTESIAN_POINT('',(0.,1.25,0.8));
#4600 = LINE('',#4601,#4602);
#4601 = CARTESIAN_POINT('',(0.,1.25,0.8));
#4602 = VECTOR('',#4603,1.);
#4603 = DIRECTION('',(1.,0.,0.));
#4604 = ORIENTED_EDGE('',*,*,#4605,.F.);
#4605 = EDGE_CURVE('',#4566,#4598,#4606,.T.);
#4606 = CIRCLE('',#4607,0.45);
#4607 = AXIS2_PLACEMENT_3D('',#4608,#4609,#4610);
#4608 = CARTESIAN_POINT('',(0.,1.25,1.25));
#4609 = DIRECTION('',(1.,0.,0.));
#4610 = DIRECTION('',(0.,-1.,0.));
#4611 = CYLINDRICAL_SURFACE('',#4612,0.45);
#4612 = AXIS2_PLACEMENT_3D('',#4613,#4614,#4615);
#4613 = CARTESIAN_POINT('',(0.,1.25,1.25));
#4614 = DIRECTION('',(-1.,-0.,-0.));
#4615 = DIRECTION('',(0.,-1.,0.));
#4616 = ADVANCED_FACE('',(#4617),#4642,.T.);
#4617 = FACE_BOUND('',#4618,.T.);
#4618 = EDGE_LOOP('',(#4619,#4620,#4628,#4636));
#4619 = ORIENTED_EDGE('',*,*,#4597,.T.);
#4620 = ORIENTED_EDGE('',*,*,#4621,.T.);
#4621 = EDGE_CURVE('',#4589,#4622,#4624,.T.);
#4622 = VERTEX_POINT('',#4623);
#4623 = CARTESIAN_POINT('',(570.,3.55,0.8));
#4624 = LINE('',#4625,#4626);
#4625 = CARTESIAN_POINT('',(570.,1.25,0.8));
#4626 = VECTOR('',#4627,1.);
#4627 = DIRECTION('',(0.,1.,0.));
#4628 = ORIENTED_EDGE('',*,*,#4629,.F.);
#4629 = EDGE_CURVE('',#4630,#4622,#4632,.T.);
#4630 = VERTEX_POINT('',#4631);
#4631 = CARTESIAN_POINT('',(0.,3.55,0.8));
#4632 = LINE('',#4633,#4634);
#4633 = CARTESIAN_POINT('',(0.,3.55,0.8));
#4634 = VECTOR('',#4635,1.);
#4635 = DIRECTION('',(1.,0.,0.));
#4636 = ORIENTED_EDGE('',*,*,#4637,.F.);
#4637 = EDGE_CURVE('',#4598,#4630,#4638,.T.);
#4638 = LINE('',#4639,#4640);
#4639 = CARTESIAN_POINT('',(0.,1.25,0.8));
#4640 = VECTOR('',#4641,1.);
#4641 = DIRECTION('',(0.,1.,0.));
#4642 = PLANE('',#4643);
#4643 = AXIS2_PLACEMENT_3D('',#4644,#4645,#4646);
#4644 = CARTESIAN_POINT('',(0.,1.25,0.8));
#4645 = DIRECTION('',(0.,0.,1.));
#4646 = DIRECTION('',(0.,1.,0.));
#4647 = ADVANCED_FACE('',(#4648),#4675,.F.);
#4648 = FACE_BOUND('',#4649,.T.);
#4649 = EDGE_LOOP('',(#4650,#4651,#4660,#4668));
#4650 = ORIENTED_EDGE('',*,*,#4629,.T.);
#4651 = ORIENTED_EDGE('',*,*,#4652,.T.);
#4652 = EDGE_CURVE('',#4622,#4653,#4655,.T.);
#4653 = VERTEX_POINT('',#4654);
#4654 = CARTESIAN_POINT('',(570.,4.,1.25));
#4655 = CIRCLE('',#4656,0.45);
#4656 = AXIS2_PLACEMENT_3D('',#4657,#4658,#4659);
#4657 = CARTESIAN_POINT('',(570.,3.55,1.25));
#4658 = DIRECTION('',(1.,0.,0.));
#4659 = DIRECTION('',(0.,-9.868649107779E-16,-1.));
#4660 = ORIENTED_EDGE('',*,*,#4661,.F.);
#4661 = EDGE_CURVE('',#4662,#4653,#4664,.T.);
#4662 = VERTEX_POINT('',#4663);
#4663 = CARTESIAN_POINT('',(0.,4.,1.25));
#4664 = LINE('',#4665,#4666);
#4665 = CARTESIAN_POINT('',(0.,4.,1.25));
#4666 = VECTOR('',#4667,1.);
#4667 = DIRECTION('',(1.,0.,0.));
#4668 = ORIENTED_EDGE('',*,*,#4669,.F.);
#4669 = EDGE_CURVE('',#4630,#4662,#4670,.T.);
#4670 = CIRCLE('',#4671,0.45);
#4671 = AXIS2_PLACEMENT_3D('',#4672,#4673,#4674);
#4672 = CARTESIAN_POINT('',(0.,3.55,1.25));
#4673 = DIRECTION('',(1.,0.,0.));
#4674 = DIRECTION('',(0.,-9.868649107779E-16,-1.));
#4675 = CYLINDRICAL_SURFACE('',#4676,0.45);
#4676 = AXIS2_PLACEMENT_3D('',#4677,#4678,#4679);
#4677 = CARTESIAN_POINT('',(0.,3.55,1.25));
#4678 = DIRECTION('',(-1.,-0.,-0.));
#4679 = DIRECTION('',(0.,-9.868649107779E-16,-1.));
#4680 = ADVANCED_FACE('',(#4681),#4706,.T.);
#4681 = FACE_BOUND('',#4682,.T.);
#4682 = EDGE_LOOP('',(#4683,#4684,#4692,#4700));
#4683 = ORIENTED_EDGE('',*,*,#4661,.T.);
#4684 = ORIENTED_EDGE('',*,*,#4685,.T.);
#4685 = EDGE_CURVE('',#4653,#4686,#4688,.T.);
#4686 = VERTEX_POINT('',#4687);
#4687 = CARTESIAN_POINT('',(570.,4.,3.65));
#4688 = LINE('',#4689,#4690);
#4689 = CARTESIAN_POINT('',(570.,4.,1.25));
#4690 = VECTOR('',#4691,1.);
#4691 = DIRECTION('',(0.,0.,1.));
#4692 = ORIENTED_EDGE('',*,*,#4693,.F.);
#4693 = EDGE_CURVE('',#4694,#4686,#4696,.T.);
#4694 = VERTEX_POINT('',#4695);
#4695 = CARTESIAN_POINT('',(0.,4.,3.65));
#4696 = LINE('',#4697,#4698);
#4697 = CARTESIAN_POINT('',(0.,4.,3.65));
#4698 = VECTOR('',#4699,1.);
#4699 = DIRECTION('',(1.,0.,0.));
#4700 = ORIENTED_EDGE('',*,*,#4701,.F.);
#4701 = EDGE_CURVE('',#4662,#4694,#4702,.T.);
#4702 = LINE('',#4703,#4704);
#4703 = CARTESIAN_POINT('',(0.,4.,1.25));
#4704 = VECTOR('',#4705,1.);
#4705 = DIRECTION('',(0.,0.,1.));
#4706 = PLANE('',#4707);
#4707 = AXIS2_PLACEMENT_3D('',#4708,#4709,#4710);
#4708 = CARTESIAN_POINT('',(0.,4.,1.25));
#4709 = DIRECTION('',(0.,-1.,0.));
#4710 = DIRECTION('',(0.,0.,1.));
#4711 = ADVANCED_FACE('',(#4712),#4739,.T.);
#4712 = FACE_BOUND('',#4713,.T.);
#4713 = EDGE_LOOP('',(#4714,#4715,#4724,#4732));
#4714 = ORIENTED_EDGE('',*,*,#4693,.T.);
#4715 = ORIENTED_EDGE('',*,*,#4716,.T.);
#4716 = EDGE_CURVE('',#4686,#4717,#4719,.T.);
#4717 = VERTEX_POINT('',#4718);
#4718 = CARTESIAN_POINT('',(570.,5.25,4.9));
#4719 = CIRCLE('',#4720,1.25);
#4720 = AXIS2_PLACEMENT_3D('',#4721,#4722,#4723);
#4721 = CARTESIAN_POINT('',(570.,5.25,3.65));
#4722 = DIRECTION('',(-1.,0.,0.));
#4723 = DIRECTION('',(-0.,-1.,-1.06581410364E-15));
#4724 = ORIENTED_EDGE('',*,*,#4725,.F.);
#4725 = EDGE_CURVE('',#4726,#4717,#4728,.T.);
#4726 = VERTEX_POINT('',#4727);
#4727 = CARTESIAN_POINT('',(0.,5.25,4.9));
#4728 = LINE('',#4729,#4730);
#4729 = CARTESIAN_POINT('',(0.,5.25,4.9));
#4730 = VECTOR('',#4731,1.);
#4731 = DIRECTION('',(1.,0.,0.));
#4732 = ORIENTED_EDGE('',*,*,#4733,.F.);
#4733 = EDGE_CURVE('',#4694,#4726,#4734,.T.);
#4734 = CIRCLE('',#4735,1.25);
#4735 = AXIS2_PLACEMENT_3D('',#4736,#4737,#4738);
#4736 = CARTESIAN_POINT('',(0.,5.25,3.65));
#4737 = DIRECTION('',(-1.,0.,0.));
#4738 = DIRECTION('',(-0.,-1.,-1.06581410364E-15));
#4739 = CYLINDRICAL_SURFACE('',#4740,1.25);
#4740 = AXIS2_PLACEMENT_3D('',#4741,#4742,#4743);
#4741 = CARTESIAN_POINT('',(0.,5.25,3.65));
#4742 = DIRECTION('',(-1.,0.,0.));
#4743 = DIRECTION('',(-0.,-1.,-1.06581410364E-15));
#4744 = ADVANCED_FACE('',(#4745),#4770,.T.);
#4745 = FACE_BOUND('',#4746,.T.);
#4746 = EDGE_LOOP('',(#4747,#4748,#4756,#4764));
#4747 = ORIENTED_EDGE('',*,*,#4725,.T.);
#4748 = ORIENTED_EDGE('',*,*,#4749,.T.);
#4749 = EDGE_CURVE('',#4717,#4750,#4752,.T.);
#4750 = VERTEX_POINT('',#4751);
#4751 = CARTESIAN_POINT('',(570.,5.55,4.9));
#4752 = LINE('',#4753,#4754);
#4753 = CARTESIAN_POINT('',(570.,5.25,4.9));
#4754 = VECTOR('',#4755,1.);
#4755 = DIRECTION('',(0.,1.,0.));
#4756 = ORIENTED_EDGE('',*,*,#4757,.F.);
#4757 = EDGE_CURVE('',#4758,#4750,#4760,.T.);
#4758 = VERTEX_POINT('',#4759);
#4759 = CARTESIAN_POINT('',(0.,5.55,4.9));
#4760 = LINE('',#4761,#4762);
#4761 = CARTESIAN_POINT('',(0.,5.55,4.9));
#4762 = VECTOR('',#4763,1.);
#4763 = DIRECTION('',(1.,0.,0.));
#4764 = ORIENTED_EDGE('',*,*,#4765,.F.);
#4765 = EDGE_CURVE('',#4726,#4758,#4766,.T.);
#4766 = LINE('',#4767,#4768);
#4767 = CARTESIAN_POINT('',(0.,5.25,4.9));
#4768 = VECTOR('',#4769,1.);
#4769 = DIRECTION('',(0.,1.,0.));
#4770 = PLANE('',#4771);
#4771 = AXIS2_PLACEMENT_3D('',#4772,#4773,#4774);
#4772 = CARTESIAN_POINT('',(0.,5.25,4.9));
#4773 = DIRECTION('',(0.,0.,1.));
#4774 = DIRECTION('',(0.,1.,0.));
#4775 = ADVANCED_FACE('',(#4776),#4803,.T.);
#4776 = FACE_BOUND('',#4777,.T.);
#4777 = EDGE_LOOP('',(#4778,#4779,#4788,#4796));
#4778 = ORIENTED_EDGE('',*,*,#4757,.T.);
#4779 = ORIENTED_EDGE('',*,*,#4780,.T.);
#4780 = EDGE_CURVE('',#4750,#4781,#4783,.T.);
#4781 = VERTEX_POINT('',#4782);
#4782 = CARTESIAN_POINT('',(570.,6.8,3.65));
#4783 = CIRCLE('',#4784,1.25);
#4784 = AXIS2_PLACEMENT_3D('',#4785,#4786,#4787);
#4785 = CARTESIAN_POINT('',(570.,5.55,3.65));
#4786 = DIRECTION('',(-1.,0.,0.));
#4787 = DIRECTION('',(0.,0.,1.));
#4788 = ORIENTED_EDGE('',*,*,#4789,.F.);
#4789 = EDGE_CURVE('',#4790,#4781,#4792,.T.);
#4790 = VERTEX_POINT('',#4791);
#4791 = CARTESIAN_POINT('',(0.,6.8,3.65));
#4792 = LINE('',#4793,#4794);
#4793 = CARTESIAN_POINT('',(0.,6.8,3.65));
#4794 = VECTOR('',#4795,1.);
#4795 = DIRECTION('',(1.,0.,0.));
#4796 = ORIENTED_EDGE('',*,*,#4797,.F.);
#4797 = EDGE_CURVE('',#4758,#4790,#4798,.T.);
#4798 = CIRCLE('',#4799,1.25);
#4799 = AXIS2_PLACEMENT_3D('',#4800,#4801,#4802);
#4800 = CARTESIAN_POINT('',(0.,5.55,3.65));
#4801 = DIRECTION('',(-1.,0.,0.));
#4802 = DIRECTION('',(0.,0.,1.));
#4803 = CYLINDRICAL_SURFACE('',#4804,1.25);
#4804 = AXIS2_PLACEMENT_3D('',#4805,#4806,#4807);
#4805 = CARTESIAN_POINT('',(0.,5.55,3.65));
#4806 = DIRECTION('',(-1.,0.,0.));
#4807 = DIRECTION('',(0.,0.,1.));
#4808 = ADVANCED_FACE('',(#4809),#4834,.T.);
#4809 = FACE_BOUND('',#4810,.T.);
#4810 = EDGE_LOOP('',(#4811,#4812,#4820,#4828));
#4811 = ORIENTED_EDGE('',*,*,#4789,.T.);
#4812 = ORIENTED_EDGE('',*,*,#4813,.T.);
#4813 = EDGE_CURVE('',#4781,#4814,#4816,.T.);
#4814 = VERTEX_POINT('',#4815);
#4815 = CARTESIAN_POINT('',(570.,6.8,1.25));
#4816 = LINE('',#4817,#4818);
#4817 = CARTESIAN_POINT('',(570.,6.8,3.65));
#4818 = VECTOR('',#4819,1.);
#4819 = DIRECTION('',(0.,0.,-1.));
#4820 = ORIENTED_EDGE('',*,*,#4821,.F.);
#4821 = EDGE_CURVE('',#4822,#4814,#4824,.T.);
#4822 = VERTEX_POINT('',#4823);
#4823 = CARTESIAN_POINT('',(0.,6.8,1.25));
#4824 = LINE('',#4825,#4826);
#4825 = CARTESIAN_POINT('',(0.,6.8,1.25));
#4826 = VECTOR('',#4827,1.);
#4827 = DIRECTION('',(1.,0.,0.));
#4828 = ORIENTED_EDGE('',*,*,#4829,.F.);
#4829 = EDGE_CURVE('',#4790,#4822,#4830,.T.);
#4830 = LINE('',#4831,#4832);
#4831 = CARTESIAN_POINT('',(0.,6.8,3.65));
#4832 = VECTOR('',#4833,1.);
#4833 = DIRECTION('',(0.,0.,-1.));
#4834 = PLANE('',#4835);
#4835 = AXIS2_PLACEMENT_3D('',#4836,#4837,#4838);
#4836 = CARTESIAN_POINT('',(0.,6.8,3.65));
#4837 = DIRECTION('',(-0.,1.,0.));
#4838 = DIRECTION('',(0.,0.,-1.));
#4839 = ADVANCED_FACE('',(#4840),#4867,.F.);
#4840 = FACE_BOUND('',#4841,.T.);
#4841 = EDGE_LOOP('',(#4842,#4843,#4852,#4860));
#4842 = ORIENTED_EDGE('',*,*,#4821,.T.);
#4843 = ORIENTED_EDGE('',*,*,#4844,.T.);
#4844 = EDGE_CURVE('',#4814,#4845,#4847,.T.);
#4845 = VERTEX_POINT('',#4846);
#4846 = CARTESIAN_POINT('',(570.,7.25,0.8));
#4847 = CIRCLE('',#4848,0.45);
#4848 = AXIS2_PLACEMENT_3D('',#4849,#4850,#4851);
#4849 = CARTESIAN_POINT('',(570.,7.25,1.25));
#4850 = DIRECTION('',(1.,0.,0.));
#4851 = DIRECTION('',(0.,-1.,9.868649107779E-16));
#4852 = ORIENTED_EDGE('',*,*,#4853,.F.);
#4853 = EDGE_CURVE('',#4854,#4845,#4856,.T.);
#4854 = VERTEX_POINT('',#4855);
#4855 = CARTESIAN_POINT('',(0.,7.25,0.8));
#4856 = LINE('',#4857,#4858);
#4857 = CARTESIAN_POINT('',(0.,7.25,0.8));
#4858 = VECTOR('',#4859,1.);
#4859 = DIRECTION('',(1.,0.,0.));
#4860 = ORIENTED_EDGE('',*,*,#4861,.F.);
#4861 = EDGE_CURVE('',#4822,#4854,#4862,.T.);
#4862 = CIRCLE('',#4863,0.45);
#4863 = AXIS2_PLACEMENT_3D('',#4864,#4865,#4866);
#4864 = CARTESIAN_POINT('',(0.,7.25,1.25));
#4865 = DIRECTION('',(1.,0.,0.));
#4866 = DIRECTION('',(0.,-1.,9.868649107779E-16));
#4867 = CYLINDRICAL_SURFACE('',#4868,0.45);
#4868 = AXIS2_PLACEMENT_3D('',#4869,#4870,#4871);
#4869 = CARTESIAN_POINT('',(0.,7.25,1.25));
#4870 = DIRECTION('',(-1.,-0.,-0.));
#4871 = DIRECTION('',(0.,-1.,9.868649107779E-16));
#4872 = ADVANCED_FACE('',(#4873),#4898,.T.);
#4873 = FACE_BOUND('',#4874,.T.);
#4874 = EDGE_LOOP('',(#4875,#4876,#4884,#4892));
#4875 = ORIENTED_EDGE('',*,*,#4853,.T.);
#4876 = ORIENTED_EDGE('',*,*,#4877,.T.);
#4877 = EDGE_CURVE('',#4845,#4878,#4880,.T.);
#4878 = VERTEX_POINT('',#4879);
#4879 = CARTESIAN_POINT('',(570.,27.,0.8));
#4880 = LINE('',#4881,#4882);
#4881 = CARTESIAN_POINT('',(570.,7.25,0.8));
#4882 = VECTOR('',#4883,1.);
#4883 = DIRECTION('',(0.,1.,0.));
#4884 = ORIENTED_EDGE('',*,*,#4885,.F.);
#4885 = EDGE_CURVE('',#4886,#4878,#4888,.T.);
#4886 = VERTEX_POINT('',#4887);
#4887 = CARTESIAN_POINT('',(0.,27.,0.8));
#4888 = LINE('',#4889,#4890);
#4889 = CARTESIAN_POINT('',(0.,27.,0.8));
#4890 = VECTOR('',#4891,1.);
#4891 = DIRECTION('',(1.,0.,0.));
#4892 = ORIENTED_EDGE('',*,*,#4893,.F.);
#4893 = EDGE_CURVE('',#4854,#4886,#4894,.T.);
#4894 = LINE('',#4895,#4896);
#4895 = CARTESIAN_POINT('',(0.,7.25,0.8));
#4896 = VECTOR('',#4897,1.);
#4897 = DIRECTION('',(0.,1.,0.));
#4898 = PLANE('',#4899);
#4899 = AXIS2_PLACEMENT_3D('',#4900,#4901,#4902);
#4900 = CARTESIAN_POINT('',(0.,7.25,0.8));
#4901 = DIRECTION('',(0.,0.,1.));
#4902 = DIRECTION('',(0.,1.,0.));
#4903 = ADVANCED_FACE('',(#4904),#4920,.T.);
#4904 = FACE_BOUND('',#4905,.T.);
#4905 = EDGE_LOOP('',(#4906,#4907,#4913,#4914));
#4906 = ORIENTED_EDGE('',*,*,#4885,.T.);
#4907 = ORIENTED_EDGE('',*,*,#4908,.T.);
#4908 = EDGE_CURVE('',#4878,#3400,#4909,.T.);
#4909 = LINE('',#4910,#4911);
#4910 = CARTESIAN_POINT('',(570.,27.,0.8));
#4911 = VECTOR('',#4912,1.);
#4912 = DIRECTION('',(0.,0.,-1.));
#4913 = ORIENTED_EDGE('',*,*,#3397,.F.);
#4914 = ORIENTED_EDGE('',*,*,#4915,.F.);
#4915 = EDGE_CURVE('',#4886,#3398,#4916,.T.);
#4916 = LINE('',#4917,#4918);
#4917 = CARTESIAN_POINT('',(0.,27.,0.8));
#4918 = VECTOR('',#4919,1.);
#4919 = DIRECTION('',(0.,0.,-1.));
#4920 = PLANE('',#4921);
#4921 = AXIS2_PLACEMENT_3D('',#4922,#4923,#4924);
#4922 = CARTESIAN_POINT('',(0.,27.,0.8));
#4923 = DIRECTION('',(-0.,1.,0.));
#4924 = DIRECTION('',(0.,0.,-1.));
#4925 = ADVANCED_FACE('',(#4926),#4976,.T.);
#4926 = FACE_BOUND('',#4927,.T.);
#4927 = EDGE_LOOP('',(#4928,#4929,#4930,#4931,#4932,#4933,#4934,#4935,
    #4936,#4937,#4938,#4939,#4940,#4941,#4942,#4943,#4944,#4945,#4946,
    #4947,#4948,#4949,#4950,#4951,#4952,#4953,#4954,#4955,#4956,#4957,
    #4958,#4959,#4960,#4961,#4962,#4963,#4964,#4965,#4966,#4967,#4968,
    #4969,#4970,#4971,#4972,#4973,#4974,#4975));
#4928 = ORIENTED_EDGE('',*,*,#3423,.T.);
#4929 = ORIENTED_EDGE('',*,*,#3455,.T.);
#4930 = ORIENTED_EDGE('',*,*,#3487,.T.);
#4931 = ORIENTED_EDGE('',*,*,#3519,.T.);
#4932 = ORIENTED_EDGE('',*,*,#3551,.T.);
#4933 = ORIENTED_EDGE('',*,*,#3583,.T.);
#4934 = ORIENTED_EDGE('',*,*,#3615,.T.);
#4935 = ORIENTED_EDGE('',*,*,#3647,.T.);
#4936 = ORIENTED_EDGE('',*,*,#3679,.T.);
#4937 = ORIENTED_EDGE('',*,*,#3711,.T.);
#4938 = ORIENTED_EDGE('',*,*,#3743,.T.);
#4939 = ORIENTED_EDGE('',*,*,#3775,.T.);
#4940 = ORIENTED_EDGE('',*,*,#3807,.T.);
#4941 = ORIENTED_EDGE('',*,*,#3839,.T.);
#4942 = ORIENTED_EDGE('',*,*,#3871,.T.);
#4943 = ORIENTED_EDGE('',*,*,#3903,.T.);
#4944 = ORIENTED_EDGE('',*,*,#3935,.T.);
#4945 = ORIENTED_EDGE('',*,*,#3967,.T.);
#4946 = ORIENTED_EDGE('',*,*,#3999,.T.);
#4947 = ORIENTED_EDGE('',*,*,#4031,.T.);
#4948 = ORIENTED_EDGE('',*,*,#4063,.T.);
#4949 = ORIENTED_EDGE('',*,*,#4095,.T.);
#4950 = ORIENTED_EDGE('',*,*,#4127,.T.);
#4951 = ORIENTED_EDGE('',*,*,#4158,.T.);
#4952 = ORIENTED_EDGE('',*,*,#4189,.T.);
#4953 = ORIENTED_EDGE('',*,*,#4221,.T.);
#4954 = ORIENTED_EDGE('',*,*,#4253,.T.);
#4955 = ORIENTED_EDGE('',*,*,#4285,.T.);
#4956 = ORIENTED_EDGE('',*,*,#4317,.T.);
#4957 = ORIENTED_EDGE('',*,*,#4349,.T.);
#4958 = ORIENTED_EDGE('',*,*,#4381,.T.);
#4959 = ORIENTED_EDGE('',*,*,#4413,.T.);
#4960 = ORIENTED_EDGE('',*,*,#4445,.T.);
#4961 = ORIENTED_EDGE('',*,*,#4477,.T.);
#4962 = ORIENTED_EDGE('',*,*,#4509,.T.);
#4963 = ORIENTED_EDGE('',*,*,#4541,.T.);
#4964 = ORIENTED_EDGE('',*,*,#4573,.T.);
#4965 = ORIENTED_EDGE('',*,*,#4605,.T.);
#4966 = ORIENTED_EDGE('',*,*,#4637,.T.);
#4967 = ORIENTED_EDGE('',*,*,#4669,.T.);
#4968 = ORIENTED_EDGE('',*,*,#4701,.T.);
#4969 = ORIENTED_EDGE('',*,*,#4733,.T.);
#4970 = ORIENTED_EDGE('',*,*,#4765,.T.);
#4971 = ORIENTED_EDGE('',*,*,#4797,.T.);
#4972 = ORIENTED_EDGE('',*,*,#4829,.T.);
#4973 = ORIENTED_EDGE('',*,*,#4861,.T.);
#4974 = ORIENTED_EDGE('',*,*,#4893,.T.);
#4975 = ORIENTED_EDGE('',*,*,#4915,.T.);
#4976 = PLANE('',#4977);
#4977 = AXIS2_PLACEMENT_3D('',#4978,#4979,#4980);
#4978 = CARTESIAN_POINT('',(0.,7.876785227791,10.503907347928));
#4979 = DIRECTION('',(-1.,-0.,-0.));
#4980 = DIRECTION('',(0.,0.,-1.));
#4981 = ADVANCED_FACE('',(#4982),#5032,.F.);
#4982 = FACE_BOUND('',#4983,.F.);
#4983 = EDGE_LOOP('',(#4984,#4985,#4986,#4987,#4988,#4989,#4990,#4991,
    #4992,#4993,#4994,#4995,#4996,#4997,#4998,#4999,#5000,#5001,#5002,
    #5003,#5004,#5005,#5006,#5007,#5008,#5009,#5010,#5011,#5012,#5013,
    #5014,#5015,#5016,#5017,#5018,#5019,#5020,#5021,#5022,#5023,#5024,
    #5025,#5026,#5027,#5028,#5029,#5030,#5031));
#4984 = ORIENTED_EDGE('',*,*,#3407,.T.);
#4985 = ORIENTED_EDGE('',*,*,#3438,.T.);
#4986 = ORIENTED_EDGE('',*,*,#3471,.T.);
#4987 = ORIENTED_EDGE('',*,*,#3502,.T.);
#4988 = ORIENTED_EDGE('',*,*,#3535,.T.);
#4989 = ORIENTED_EDGE('',*,*,#3566,.T.);
#4990 = ORIENTED_EDGE('',*,*,#3599,.T.);
#4991 = ORIENTED_EDGE('',*,*,#3630,.T.);
#4992 = ORIENTED_EDGE('',*,*,#3663,.T.);
#4993 = ORIENTED_EDGE('',*,*,#3694,.T.);
#4994 = ORIENTED_EDGE('',*,*,#3727,.T.);
#4995 = ORIENTED_EDGE('',*,*,#3758,.T.);
#4996 = ORIENTED_EDGE('',*,*,#3791,.T.);
#4997 = ORIENTED_EDGE('',*,*,#3822,.T.);
#4998 = ORIENTED_EDGE('',*,*,#3855,.T.);
#4999 = ORIENTED_EDGE('',*,*,#3886,.T.);
#5000 = ORIENTED_EDGE('',*,*,#3919,.T.);
#5001 = ORIENTED_EDGE('',*,*,#3950,.T.);
#5002 = ORIENTED_EDGE('',*,*,#3983,.T.);
#5003 = ORIENTED_EDGE('',*,*,#4014,.T.);
#5004 = ORIENTED_EDGE('',*,*,#4047,.T.);
#5005 = ORIENTED_EDGE('',*,*,#4078,.T.);
#5006 = ORIENTED_EDGE('',*,*,#4111,.T.);
#5007 = ORIENTED_EDGE('',*,*,#4142,.T.);
#5008 = ORIENTED_EDGE('',*,*,#4173,.T.);
#5009 = ORIENTED_EDGE('',*,*,#4204,.T.);
#5010 = ORIENTED_EDGE('',*,*,#4237,.T.);
#5011 = ORIENTED_EDGE('',*,*,#4268,.T.);
#5012 = ORIENTED_EDGE('',*,*,#4301,.T.);
#5013 = ORIENTED_EDGE('',*,*,#4332,.T.);
#5014 = ORIENTED_EDGE('',*,*,#4365,.T.);
#5015 = ORIENTED_EDGE('',*,*,#4396,.T.);
#5016 = ORIENTED_EDGE('',*,*,#4429,.T.);
#5017 = ORIENTED_EDGE('',*,*,#4460,.T.);
#5018 = ORIENTED_EDGE('',*,*,#4493,.T.);
#5019 = ORIENTED_EDGE('',*,*,#4524,.T.);
#5020 = ORIENTED_EDGE('',*,*,#4557,.T.);
#5021 = ORIENTED_EDGE('',*,*,#4588,.T.);
#5022 = ORIENTED_EDGE('',*,*,#4621,.T.);
#5023 = ORIENTED_EDGE('',*,*,#4652,.T.);
#5024 = ORIENTED_EDGE('',*,*,#4685,.T.);
#5025 = ORIENTED_EDGE('',*,*,#4716,.T.);
#5026 = ORIENTED_EDGE('',*,*,#4749,.T.);
#5027 = ORIENTED_EDGE('',*,*,#4780,.T.);
#5028 = ORIENTED_EDGE('',*,*,#4813,.T.);
#5029 = ORIENTED_EDGE('',*,*,#4844,.T.);
#5030 = ORIENTED_EDGE('',*,*,#4877,.T.);
#5031 = ORIENTED_EDGE('',*,*,#4908,.T.);
#5032 = PLANE('',#5033);
#5033 = AXIS2_PLACEMENT_3D('',#5034,#5035,#5036);
#5034 = CARTESIAN_POINT('',(570.,7.876785227791,10.503907347928));
#5035 = DIRECTION('',(-1.,-0.,-0.));
#5036 = DIRECTION('',(0.,0.,-1.));
#5037 = ( GEOMETRIC_REPRESENTATION_CONTEXT(3) 
GLOBAL_UNCERTAINTY_ASSIGNED_CONTEXT((#5041)) 
GLOBAL_UNIT_ASSIGNED_CONTEXT((#5038,#5039,#5040)) REPRESENTATION_CONTEXT
('Context #1','3D Context with UNIT and UNCERTAINTY') );
#5038 = ( LENGTH_UNIT() NAMED_UNIT(*) SI_UNIT(.MILLI.,.METRE.) );
#5039 = ( NAMED_UNIT(*) PLANE_ANGLE_UNIT() SI_UNIT($,.RADIAN.) );
#5040 = ( NAMED_UNIT(*) SI_UNIT($,.STERADIAN.) SOLID_ANGLE_UNIT() );
#5041 = UNCERTAINTY_MEASURE_WITH_UNIT(LENGTH_MEASURE(1.E-07),#5038,
  'distance_accuracy_value','confusion accuracy');
#5042 = CONTEXT_DEPENDENT_SHAPE_REPRESENTATION(#5043,#5045);
#5043 = ( REPRESENTATION_RELATIONSHIP('','',#3390,#10) 
REPRESENTATION_RELATIONSHIP_WITH_TRANSFORMATION(#5044) 
SHAPE_REPRESENTATION_RELATIONSHIP() );
#5044 = ITEM_DEFINED_TRANSFORMATION('','',#11,#23);
#5045 = PRODUCT_DEFINITION_SHAPE('Placement','Placement of an item',
  #5046);
#5046 = NEXT_ASSEMBLY_USAGE_OCCURRENCE('11','E30 | Profiel boven L570',
  '',#5,#3385,$);
#5047 = PRODUCT_RELATED_PRODUCT_CATEGORY('part',$,(#3387));
#5048 = SHAPE_DEFINITION_REPRESENTATION(#5049,#5055);
#5049 = PRODUCT_DEFINITION_SHAPE('','',#5050);
#5050 = PRODUCT_DEFINITION('design','',#5051,#5054);
#5051 = PRODUCT_DEFINITION_FORMATION('','',#5052);
#5052 = PRODUCT('E30 | Profiel links L570','E30 | Profiel links L570',''
  ,(#5053));
#5053 = PRODUCT_CONTEXT('',#2,'mechanical');
#5054 = PRODUCT_DEFINITION_CONTEXT('part definition',#2,'design');
#5055 = ADVANCED_BREP_SHAPE_REPRESENTATION('',(#11,#5056),#6702);
#5056 = MANIFOLD_SOLID_BREP('',#5057);
#5057 = CLOSED_SHELL('',(#5058,#5098,#5131,#5162,#5195,#5226,#5259,#5290
    ,#5323,#5354,#5387,#5418,#5451,#5482,#5515,#5546,#5579,#5610,#5643,
    #5674,#5707,#5738,#5771,#5802,#5833,#5864,#5897,#5928,#5961,#5992,
    #6025,#6056,#6089,#6120,#6153,#6184,#6217,#6248,#6281,#6312,#6345,
    #6376,#6409,#6440,#6473,#6504,#6537,#6568,#6590,#6646));
#5058 = ADVANCED_FACE('',(#5059),#5093,.T.);
#5059 = FACE_BOUND('',#5060,.T.);
#5060 = EDGE_LOOP('',(#5061,#5071,#5079,#5087));
#5061 = ORIENTED_EDGE('',*,*,#5062,.T.);
#5062 = EDGE_CURVE('',#5063,#5065,#5067,.T.);
#5063 = VERTEX_POINT('',#5064);
#5064 = CARTESIAN_POINT('',(0.,27.,0.));
#5065 = VERTEX_POINT('',#5066);
#5066 = CARTESIAN_POINT('',(570.,27.,0.));
#5067 = LINE('',#5068,#5069);
#5068 = CARTESIAN_POINT('',(0.,27.,0.));
#5069 = VECTOR('',#5070,1.);
#5070 = DIRECTION('',(1.,0.,0.));
#5071 = ORIENTED_EDGE('',*,*,#5072,.T.);
#5072 = EDGE_CURVE('',#5065,#5073,#5075,.T.);
#5073 = VERTEX_POINT('',#5074);
#5074 = CARTESIAN_POINT('',(570.,7.25,-1.110223024625E-16));
#5075 = LINE('',#5076,#5077);
#5076 = CARTESIAN_POINT('',(570.,27.,0.));
#5077 = VECTOR('',#5078,1.);
#5078 = DIRECTION('',(0.,-1.,0.));
#5079 = ORIENTED_EDGE('',*,*,#5080,.F.);
#5080 = EDGE_CURVE('',#5081,#5073,#5083,.T.);
#5081 = VERTEX_POINT('',#5082);
#5082 = CARTESIAN_POINT('',(0.,7.25,-1.110223024625E-16));
#5083 = LINE('',#5084,#5085);
#5084 = CARTESIAN_POINT('',(0.,7.25,-1.110223024625E-16));
#5085 = VECTOR('',#5086,1.);
#5086 = DIRECTION('',(1.,0.,0.));
#5087 = ORIENTED_EDGE('',*,*,#5088,.F.);
#5088 = EDGE_CURVE('',#5063,#5081,#5089,.T.);
#5089 = LINE('',#5090,#5091);
#5090 = CARTESIAN_POINT('',(0.,27.,0.));
#5091 = VECTOR('',#5092,1.);
#5092 = DIRECTION('',(0.,-1.,0.));
#5093 = PLANE('',#5094);
#5094 = AXIS2_PLACEMENT_3D('',#5095,#5096,#5097);
#5095 = CARTESIAN_POINT('',(0.,27.,0.));
#5096 = DIRECTION('',(0.,0.,-1.));
#5097 = DIRECTION('',(0.,-1.,0.));
#5098 = ADVANCED_FACE('',(#5099),#5126,.T.);
#5099 = FACE_BOUND('',#5100,.T.);
#5100 = EDGE_LOOP('',(#5101,#5102,#5111,#5119));
#5101 = ORIENTED_EDGE('',*,*,#5080,.T.);
#5102 = ORIENTED_EDGE('',*,*,#5103,.T.);
#5103 = EDGE_CURVE('',#5073,#5104,#5106,.T.);
#5104 = VERTEX_POINT('',#5105);
#5105 = CARTESIAN_POINT('',(570.,6.,1.25));
#5106 = CIRCLE('',#5107,1.25);
#5107 = AXIS2_PLACEMENT_3D('',#5108,#5109,#5110);
#5108 = CARTESIAN_POINT('',(570.,7.25,1.25));
#5109 = DIRECTION('',(-1.,0.,0.));
#5110 = DIRECTION('',(0.,0.,-1.));
#5111 = ORIENTED_EDGE('',*,*,#5112,.F.);
#5112 = EDGE_CURVE('',#5113,#5104,#5115,.T.);
#5113 = VERTEX_POINT('',#5114);
#5114 = CARTESIAN_POINT('',(0.,6.,1.25));
#5115 = LINE('',#5116,#5117);
#5116 = CARTESIAN_POINT('',(0.,6.,1.25));
#5117 = VECTOR('',#5118,1.);
#5118 = DIRECTION('',(1.,0.,0.));
#5119 = ORIENTED_EDGE('',*,*,#5120,.F.);
#5120 = EDGE_CURVE('',#5081,#5113,#5121,.T.);
#5121 = CIRCLE('',#5122,1.25);
#5122 = AXIS2_PLACEMENT_3D('',#5123,#5124,#5125);
#5123 = CARTESIAN_POINT('',(0.,7.25,1.25));
#5124 = DIRECTION('',(-1.,0.,0.));
#5125 = DIRECTION('',(0.,0.,-1.));
#5126 = CYLINDRICAL_SURFACE('',#5127,1.25);
#5127 = AXIS2_PLACEMENT_3D('',#5128,#5129,#5130);
#5128 = CARTESIAN_POINT('',(0.,7.25,1.25));
#5129 = DIRECTION('',(-1.,0.,0.));
#5130 = DIRECTION('',(0.,0.,-1.));
#5131 = ADVANCED_FACE('',(#5132),#5157,.T.);
#5132 = FACE_BOUND('',#5133,.T.);
#5133 = EDGE_LOOP('',(#5134,#5135,#5143,#5151));
#5134 = ORIENTED_EDGE('',*,*,#5112,.T.);
#5135 = ORIENTED_EDGE('',*,*,#5136,.T.);
#5136 = EDGE_CURVE('',#5104,#5137,#5139,.T.);
#5137 = VERTEX_POINT('',#5138);
#5138 = CARTESIAN_POINT('',(570.,6.,3.65));
#5139 = LINE('',#5140,#5141);
#5140 = CARTESIAN_POINT('',(570.,6.,1.25));
#5141 = VECTOR('',#5142,1.);
#5142 = DIRECTION('',(0.,0.,1.));
#5143 = ORIENTED_EDGE('',*,*,#5144,.F.);
#5144 = EDGE_CURVE('',#5145,#5137,#5147,.T.);
#5145 = VERTEX_POINT('',#5146);
#5146 = CARTESIAN_POINT('',(0.,6.,3.65));
#5147 = LINE('',#5148,#5149);
#5148 = CARTESIAN_POINT('',(0.,6.,3.65));
#5149 = VECTOR('',#5150,1.);
#5150 = DIRECTION('',(1.,0.,0.));
#5151 = ORIENTED_EDGE('',*,*,#5152,.F.);
#5152 = EDGE_CURVE('',#5113,#5145,#5153,.T.);
#5153 = LINE('',#5154,#5155);
#5154 = CARTESIAN_POINT('',(0.,6.,1.25));
#5155 = VECTOR('',#5156,1.);
#5156 = DIRECTION('',(0.,0.,1.));
#5157 = PLANE('',#5158);
#5158 = AXIS2_PLACEMENT_3D('',#5159,#5160,#5161);
#5159 = CARTESIAN_POINT('',(0.,6.,1.25));
#5160 = DIRECTION('',(0.,-1.,0.));
#5161 = DIRECTION('',(0.,0.,1.));
#5162 = ADVANCED_FACE('',(#5163),#5190,.F.);
#5163 = FACE_BOUND('',#5164,.T.);
#5164 = EDGE_LOOP('',(#5165,#5166,#5175,#5183));
#5165 = ORIENTED_EDGE('',*,*,#5144,.T.);
#5166 = ORIENTED_EDGE('',*,*,#5167,.T.);
#5167 = EDGE_CURVE('',#5137,#5168,#5170,.T.);
#5168 = VERTEX_POINT('',#5169);
#5169 = CARTESIAN_POINT('',(570.,5.55,4.1));
#5170 = CIRCLE('',#5171,0.45);
#5171 = AXIS2_PLACEMENT_3D('',#5172,#5173,#5174);
#5172 = CARTESIAN_POINT('',(570.,5.55,3.65));
#5173 = DIRECTION('',(1.,0.,0.));
#5174 = DIRECTION('',(-0.,1.,9.868649107779E-16));
#5175 = ORIENTED_EDGE('',*,*,#5176,.F.);
#5176 = EDGE_CURVE('',#5177,#5168,#5179,.T.);
#5177 = VERTEX_POINT('',#5178);
#5178 = CARTESIAN_POINT('',(0.,5.55,4.1));
#5179 = LINE('',#5180,#5181);
#5180 = CARTESIAN_POINT('',(0.,5.55,4.1));
#5181 = VECTOR('',#5182,1.);
#5182 = DIRECTION('',(1.,0.,0.));
#5183 = ORIENTED_EDGE('',*,*,#5184,.F.);
#5184 = EDGE_CURVE('',#5145,#5177,#5185,.T.);
#5185 = CIRCLE('',#5186,0.45);
#5186 = AXIS2_PLACEMENT_3D('',#5187,#5188,#5189);
#5187 = CARTESIAN_POINT('',(0.,5.55,3.65));
#5188 = DIRECTION('',(1.,0.,0.));
#5189 = DIRECTION('',(-0.,1.,9.868649107779E-16));
#5190 = CYLINDRICAL_SURFACE('',#5191,0.45);
#5191 = AXIS2_PLACEMENT_3D('',#5192,#5193,#5194);
#5192 = CARTESIAN_POINT('',(0.,5.55,3.65));
#5193 = DIRECTION('',(-1.,-0.,-0.));
#5194 = DIRECTION('',(-0.,1.,9.868649107779E-16));
#5195 = ADVANCED_FACE('',(#5196),#5221,.T.);
#5196 = FACE_BOUND('',#5197,.T.);
#5197 = EDGE_LOOP('',(#5198,#5199,#5207,#5215));
#5198 = ORIENTED_EDGE('',*,*,#5176,.T.);
#5199 = ORIENTED_EDGE('',*,*,#5200,.T.);
#5200 = EDGE_CURVE('',#5168,#5201,#5203,.T.);
#5201 = VERTEX_POINT('',#5202);
#5202 = CARTESIAN_POINT('',(570.,5.25,4.1));
#5203 = LINE('',#5204,#5205);
#5204 = CARTESIAN_POINT('',(570.,5.55,4.1));
#5205 = VECTOR('',#5206,1.);
#5206 = DIRECTION('',(0.,-1.,0.));
#5207 = ORIENTED_EDGE('',*,*,#5208,.F.);
#5208 = EDGE_CURVE('',#5209,#5201,#5211,.T.);
#5209 = VERTEX_POINT('',#5210);
#5210 = CARTESIAN_POINT('',(0.,5.25,4.1));
#5211 = LINE('',#5212,#5213);
#5212 = CARTESIAN_POINT('',(0.,5.25,4.1));
#5213 = VECTOR('',#5214,1.);
#5214 = DIRECTION('',(1.,0.,0.));
#5215 = ORIENTED_EDGE('',*,*,#5216,.F.);
#5216 = EDGE_CURVE('',#5177,#5209,#5217,.T.);
#5217 = LINE('',#5218,#5219);
#5218 = CARTESIAN_POINT('',(0.,5.55,4.1));
#5219 = VECTOR('',#5220,1.);
#5220 = DIRECTION('',(0.,-1.,0.));
#5221 = PLANE('',#5222);
#5222 = AXIS2_PLACEMENT_3D('',#5223,#5224,#5225);
#5223 = CARTESIAN_POINT('',(0.,5.55,4.1));
#5224 = DIRECTION('',(0.,0.,-1.));
#5225 = DIRECTION('',(0.,-1.,0.));
#5226 = ADVANCED_FACE('',(#5227),#5254,.F.);
#5227 = FACE_BOUND('',#5228,.T.);
#5228 = EDGE_LOOP('',(#5229,#5230,#5239,#5247));
#5229 = ORIENTED_EDGE('',*,*,#5208,.T.);
#5230 = ORIENTED_EDGE('',*,*,#5231,.T.);
#5231 = EDGE_CURVE('',#5201,#5232,#5234,.T.);
#5232 = VERTEX_POINT('',#5233);
#5233 = CARTESIAN_POINT('',(570.,4.8,3.65));
#5234 = CIRCLE('',#5235,0.45);
#5235 = AXIS2_PLACEMENT_3D('',#5236,#5237,#5238);
#5236 = CARTESIAN_POINT('',(570.,5.25,3.65));
#5237 = DIRECTION('',(1.,0.,0.));
#5238 = DIRECTION('',(-0.,1.973729821556E-15,1.));
#5239 = ORIENTED_EDGE('',*,*,#5240,.F.);
#5240 = EDGE_CURVE('',#5241,#5232,#5243,.T.);
#5241 = VERTEX_POINT('',#5242);
#5242 = CARTESIAN_POINT('',(0.,4.8,3.65));
#5243 = LINE('',#5244,#5245);
#5244 = CARTESIAN_POINT('',(0.,4.8,3.65));
#5245 = VECTOR('',#5246,1.);
#5246 = DIRECTION('',(1.,0.,0.));
#5247 = ORIENTED_EDGE('',*,*,#5248,.F.);
#5248 = EDGE_CURVE('',#5209,#5241,#5249,.T.);
#5249 = CIRCLE('',#5250,0.45);
#5250 = AXIS2_PLACEMENT_3D('',#5251,#5252,#5253);
#5251 = CARTESIAN_POINT('',(0.,5.25,3.65));
#5252 = DIRECTION('',(1.,0.,0.));
#5253 = DIRECTION('',(-0.,1.973729821556E-15,1.));
#5254 = CYLINDRICAL_SURFACE('',#5255,0.45);
#5255 = AXIS2_PLACEMENT_3D('',#5256,#5257,#5258);
#5256 = CARTESIAN_POINT('',(0.,5.25,3.65));
#5257 = DIRECTION('',(-1.,-0.,-0.));
#5258 = DIRECTION('',(-0.,1.973729821556E-15,1.));
#5259 = ADVANCED_FACE('',(#5260),#5285,.T.);
#5260 = FACE_BOUND('',#5261,.T.);
#5261 = EDGE_LOOP('',(#5262,#5263,#5271,#5279));
#5262 = ORIENTED_EDGE('',*,*,#5240,.T.);
#5263 = ORIENTED_EDGE('',*,*,#5264,.T.);
#5264 = EDGE_CURVE('',#5232,#5265,#5267,.T.);
#5265 = VERTEX_POINT('',#5266);
#5266 = CARTESIAN_POINT('',(570.,4.8,1.25));
#5267 = LINE('',#5268,#5269);
#5268 = CARTESIAN_POINT('',(570.,4.8,3.65));
#5269 = VECTOR('',#5270,1.);
#5270 = DIRECTION('',(0.,0.,-1.));
#5271 = ORIENTED_EDGE('',*,*,#5272,.F.);
#5272 = EDGE_CURVE('',#5273,#5265,#5275,.T.);
#5273 = VERTEX_POINT('',#5274);
#5274 = CARTESIAN_POINT('',(0.,4.8,1.25));
#5275 = LINE('',#5276,#5277);
#5276 = CARTESIAN_POINT('',(0.,4.8,1.25));
#5277 = VECTOR('',#5278,1.);
#5278 = DIRECTION('',(1.,0.,0.));
#5279 = ORIENTED_EDGE('',*,*,#5280,.F.);
#5280 = EDGE_CURVE('',#5241,#5273,#5281,.T.);
#5281 = LINE('',#5282,#5283);
#5282 = CARTESIAN_POINT('',(0.,4.8,3.65));
#5283 = VECTOR('',#5284,1.);
#5284 = DIRECTION('',(0.,0.,-1.));
#5285 = PLANE('',#5286);
#5286 = AXIS2_PLACEMENT_3D('',#5287,#5288,#5289);
#5287 = CARTESIAN_POINT('',(0.,4.8,3.65));
#5288 = DIRECTION('',(-0.,1.,0.));
#5289 = DIRECTION('',(0.,0.,-1.));
#5290 = ADVANCED_FACE('',(#5291),#5318,.T.);
#5291 = FACE_BOUND('',#5292,.T.);
#5292 = EDGE_LOOP('',(#5293,#5294,#5303,#5311));
#5293 = ORIENTED_EDGE('',*,*,#5272,.T.);
#5294 = ORIENTED_EDGE('',*,*,#5295,.T.);
#5295 = EDGE_CURVE('',#5265,#5296,#5298,.T.);
#5296 = VERTEX_POINT('',#5297);
#5297 = CARTESIAN_POINT('',(570.,3.55,1.110223040926E-16));
#5298 = CIRCLE('',#5299,1.25);
#5299 = AXIS2_PLACEMENT_3D('',#5300,#5301,#5302);
#5300 = CARTESIAN_POINT('',(570.,3.55,1.25));
#5301 = DIRECTION('',(-1.,0.,0.));
#5302 = DIRECTION('',(0.,1.,5.329070518201E-16));
#5303 = ORIENTED_EDGE('',*,*,#5304,.F.);
#5304 = EDGE_CURVE('',#5305,#5296,#5307,.T.);
#5305 = VERTEX_POINT('',#5306);
#5306 = CARTESIAN_POINT('',(0.,3.55,1.110223040926E-16));
#5307 = LINE('',#5308,#5309);
#5308 = CARTESIAN_POINT('',(0.,3.55,1.110223040926E-16));
#5309 = VECTOR('',#5310,1.);
#5310 = DIRECTION('',(1.,0.,0.));
#5311 = ORIENTED_EDGE('',*,*,#5312,.F.);
#5312 = EDGE_CURVE('',#5273,#5305,#5313,.T.);
#5313 = CIRCLE('',#5314,1.25);
#5314 = AXIS2_PLACEMENT_3D('',#5315,#5316,#5317);
#5315 = CARTESIAN_POINT('',(0.,3.55,1.25));
#5316 = DIRECTION('',(-1.,0.,0.));
#5317 = DIRECTION('',(0.,1.,5.329070518201E-16));
#5318 = CYLINDRICAL_SURFACE('',#5319,1.25);
#5319 = AXIS2_PLACEMENT_3D('',#5320,#5321,#5322);
#5320 = CARTESIAN_POINT('',(0.,3.55,1.25));
#5321 = DIRECTION('',(-1.,0.,0.));
#5322 = DIRECTION('',(0.,1.,5.329070518201E-16));
#5323 = ADVANCED_FACE('',(#5324),#5349,.T.);
#5324 = FACE_BOUND('',#5325,.T.);
#5325 = EDGE_LOOP('',(#5326,#5327,#5335,#5343));
#5326 = ORIENTED_EDGE('',*,*,#5304,.T.);
#5327 = ORIENTED_EDGE('',*,*,#5328,.T.);
#5328 = EDGE_CURVE('',#5296,#5329,#5331,.T.);
#5329 = VERTEX_POINT('',#5330);
#5330 = CARTESIAN_POINT('',(570.,1.25,0.));
#5331 = LINE('',#5332,#5333);
#5332 = CARTESIAN_POINT('',(570.,3.55,0.));
#5333 = VECTOR('',#5334,1.);
#5334 = DIRECTION('',(0.,-1.,0.));
#5335 = ORIENTED_EDGE('',*,*,#5336,.F.);
#5336 = EDGE_CURVE('',#5337,#5329,#5339,.T.);
#5337 = VERTEX_POINT('',#5338);
#5338 = CARTESIAN_POINT('',(0.,1.25,0.));
#5339 = LINE('',#5340,#5341);
#5340 = CARTESIAN_POINT('',(0.,1.25,0.));
#5341 = VECTOR('',#5342,1.);
#5342 = DIRECTION('',(1.,0.,0.));
#5343 = ORIENTED_EDGE('',*,*,#5344,.F.);
#5344 = EDGE_CURVE('',#5305,#5337,#5345,.T.);
#5345 = LINE('',#5346,#5347);
#5346 = CARTESIAN_POINT('',(0.,3.55,0.));
#5347 = VECTOR('',#5348,1.);
#5348 = DIRECTION('',(0.,-1.,0.));
#5349 = PLANE('',#5350);
#5350 = AXIS2_PLACEMENT_3D('',#5351,#5352,#5353);
#5351 = CARTESIAN_POINT('',(0.,3.55,0.));
#5352 = DIRECTION('',(0.,0.,-1.));
#5353 = DIRECTION('',(0.,-1.,0.));
#5354 = ADVANCED_FACE('',(#5355),#5382,.T.);
#5355 = FACE_BOUND('',#5356,.T.);
#5356 = EDGE_LOOP('',(#5357,#5358,#5367,#5375));
#5357 = ORIENTED_EDGE('',*,*,#5336,.T.);
#5358 = ORIENTED_EDGE('',*,*,#5359,.T.);
#5359 = EDGE_CURVE('',#5329,#5360,#5362,.T.);
#5360 = VERTEX_POINT('',#5361);
#5361 = CARTESIAN_POINT('',(570.,-1.110223005624E-16,1.25));
#5362 = CIRCLE('',#5363,1.25);
#5363 = AXIS2_PLACEMENT_3D('',#5364,#5365,#5366);
#5364 = CARTESIAN_POINT('',(570.,1.25,1.25));
#5365 = DIRECTION('',(-1.,0.,0.));
#5366 = DIRECTION('',(0.,0.,-1.));
#5367 = ORIENTED_EDGE('',*,*,#5368,.F.);
#5368 = EDGE_CURVE('',#5369,#5360,#5371,.T.);
#5369 = VERTEX_POINT('',#5370);
#5370 = CARTESIAN_POINT('',(0.,-1.110223005624E-16,1.25));
#5371 = LINE('',#5372,#5373);
#5372 = CARTESIAN_POINT('',(0.,-1.110223005624E-16,1.25));
#5373 = VECTOR('',#5374,1.);
#5374 = DIRECTION('',(1.,0.,0.));
#5375 = ORIENTED_EDGE('',*,*,#5376,.F.);
#5376 = EDGE_CURVE('',#5337,#5369,#5377,.T.);
#5377 = CIRCLE('',#5378,1.25);
#5378 = AXIS2_PLACEMENT_3D('',#5379,#5380,#5381);
#5379 = CARTESIAN_POINT('',(0.,1.25,1.25));
#5380 = DIRECTION('',(-1.,0.,0.));
#5381 = DIRECTION('',(0.,0.,-1.));
#5382 = CYLINDRICAL_SURFACE('',#5383,1.25);
#5383 = AXIS2_PLACEMENT_3D('',#5384,#5385,#5386);
#5384 = CARTESIAN_POINT('',(0.,1.25,1.25));
#5385 = DIRECTION('',(-1.,0.,0.));
#5386 = DIRECTION('',(0.,0.,-1.));
#5387 = ADVANCED_FACE('',(#5388),#5413,.T.);
#5388 = FACE_BOUND('',#5389,.T.);
#5389 = EDGE_LOOP('',(#5390,#5391,#5399,#5407));
#5390 = ORIENTED_EDGE('',*,*,#5368,.T.);
#5391 = ORIENTED_EDGE('',*,*,#5392,.T.);
#5392 = EDGE_CURVE('',#5360,#5393,#5395,.T.);
#5393 = VERTEX_POINT('',#5394);
#5394 = CARTESIAN_POINT('',(570.,-2.22044604925E-16,28.));
#5395 = LINE('',#5396,#5397);
#5396 = CARTESIAN_POINT('',(570.,0.,1.25));
#5397 = VECTOR('',#5398,1.);
#5398 = DIRECTION('',(0.,0.,1.));
#5399 = ORIENTED_EDGE('',*,*,#5400,.F.);
#5400 = EDGE_CURVE('',#5401,#5393,#5403,.T.);
#5401 = VERTEX_POINT('',#5402);
#5402 = CARTESIAN_POINT('',(0.,-2.22044604925E-16,28.));
#5403 = LINE('',#5404,#5405);
#5404 = CARTESIAN_POINT('',(0.,-2.22044604925E-16,28.));
#5405 = VECTOR('',#5406,1.);
#5406 = DIRECTION('',(1.,0.,0.));
#5407 = ORIENTED_EDGE('',*,*,#5408,.F.);
#5408 = EDGE_CURVE('',#5369,#5401,#5409,.T.);
#5409 = LINE('',#5410,#5411);
#5410 = CARTESIAN_POINT('',(0.,0.,1.25));
#5411 = VECTOR('',#5412,1.);
#5412 = DIRECTION('',(0.,0.,1.));
#5413 = PLANE('',#5414);
#5414 = AXIS2_PLACEMENT_3D('',#5415,#5416,#5417);
#5415 = CARTESIAN_POINT('',(0.,0.,1.25));
#5416 = DIRECTION('',(0.,-1.,0.));
#5417 = DIRECTION('',(0.,0.,1.));
#5418 = ADVANCED_FACE('',(#5419),#5446,.T.);
#5419 = FACE_BOUND('',#5420,.T.);
#5420 = EDGE_LOOP('',(#5421,#5422,#5431,#5439));
#5421 = ORIENTED_EDGE('',*,*,#5400,.T.);
#5422 = ORIENTED_EDGE('',*,*,#5423,.T.);
#5423 = EDGE_CURVE('',#5393,#5424,#5426,.T.);
#5424 = VERTEX_POINT('',#5425);
#5425 = CARTESIAN_POINT('',(570.,2.,30.));
#5426 = CIRCLE('',#5427,2.);
#5427 = AXIS2_PLACEMENT_3D('',#5428,#5429,#5430);
#5428 = CARTESIAN_POINT('',(570.,2.,28.));
#5429 = DIRECTION('',(-1.,0.,0.));
#5430 = DIRECTION('',(0.,-1.,0.));
#5431 = ORIENTED_EDGE('',*,*,#5432,.F.);
#5432 = EDGE_CURVE('',#5433,#5424,#5435,.T.);
#5433 = VERTEX_POINT('',#5434);
#5434 = CARTESIAN_POINT('',(0.,2.,30.));
#5435 = LINE('',#5436,#5437);
#5436 = CARTESIAN_POINT('',(0.,2.,30.));
#5437 = VECTOR('',#5438,1.);
#5438 = DIRECTION('',(1.,0.,0.));
#5439 = ORIENTED_EDGE('',*,*,#5440,.F.);
#5440 = EDGE_CURVE('',#5401,#5433,#5441,.T.);
#5441 = CIRCLE('',#5442,2.);
#5442 = AXIS2_PLACEMENT_3D('',#5443,#5444,#5445);
#5443 = CARTESIAN_POINT('',(0.,2.,28.));
#5444 = DIRECTION('',(-1.,0.,0.));
#5445 = DIRECTION('',(0.,-1.,0.));
#5446 = CYLINDRICAL_SURFACE('',#5447,2.);
#5447 = AXIS2_PLACEMENT_3D('',#5448,#5449,#5450);
#5448 = CARTESIAN_POINT('',(0.,2.,28.));
#5449 = DIRECTION('',(-1.,0.,0.));
#5450 = DIRECTION('',(0.,-1.,0.));
#5451 = ADVANCED_FACE('',(#5452),#5477,.T.);
#5452 = FACE_BOUND('',#5453,.T.);
#5453 = EDGE_LOOP('',(#5454,#5455,#5463,#5471));
#5454 = ORIENTED_EDGE('',*,*,#5432,.T.);
#5455 = ORIENTED_EDGE('',*,*,#5456,.T.);
#5456 = EDGE_CURVE('',#5424,#5457,#5459,.T.);
#5457 = VERTEX_POINT('',#5458);
#5458 = CARTESIAN_POINT('',(570.,7.,30.));
#5459 = LINE('',#5460,#5461);
#5460 = CARTESIAN_POINT('',(570.,2.,30.));
#5461 = VECTOR('',#5462,1.);
#5462 = DIRECTION('',(0.,1.,0.));
#5463 = ORIENTED_EDGE('',*,*,#5464,.F.);
#5464 = EDGE_CURVE('',#5465,#5457,#5467,.T.);
#5465 = VERTEX_POINT('',#5466);
#5466 = CARTESIAN_POINT('',(0.,7.,30.));
#5467 = LINE('',#5468,#5469);
#5468 = CARTESIAN_POINT('',(0.,7.,30.));
#5469 = VECTOR('',#5470,1.);
#5470 = DIRECTION('',(1.,0.,0.));
#5471 = ORIENTED_EDGE('',*,*,#5472,.F.);
#5472 = EDGE_CURVE('',#5433,#5465,#5473,.T.);
#5473 = LINE('',#5474,#5475);
#5474 = CARTESIAN_POINT('',(0.,2.,30.));
#5475 = VECTOR('',#5476,1.);
#5476 = DIRECTION('',(0.,1.,0.));
#5477 = PLANE('',#5478);
#5478 = AXIS2_PLACEMENT_3D('',#5479,#5480,#5481);
#5479 = CARTESIAN_POINT('',(0.,2.,30.));
#5480 = DIRECTION('',(0.,0.,1.));
#5481 = DIRECTION('',(0.,1.,0.));
#5482 = ADVANCED_FACE('',(#5483),#5510,.T.);
#5483 = FACE_BOUND('',#5484,.T.);
#5484 = EDGE_LOOP('',(#5485,#5486,#5495,#5503));
#5485 = ORIENTED_EDGE('',*,*,#5464,.T.);
#5486 = ORIENTED_EDGE('',*,*,#5487,.T.);
#5487 = EDGE_CURVE('',#5457,#5488,#5490,.T.);
#5488 = VERTEX_POINT('',#5489);
#5489 = CARTESIAN_POINT('',(570.,7.,27.));
#5490 = CIRCLE('',#5491,1.5);
#5491 = AXIS2_PLACEMENT_3D('',#5492,#5493,#5494);
#5492 = CARTESIAN_POINT('',(570.,7.,28.5));
#5493 = DIRECTION('',(-1.,0.,0.));
#5494 = DIRECTION('',(0.,0.,1.));
#5495 = ORIENTED_EDGE('',*,*,#5496,.F.);
#5496 = EDGE_CURVE('',#5497,#5488,#5499,.T.);
#5497 = VERTEX_POINT('',#5498);
#5498 = CARTESIAN_POINT('',(0.,7.,27.));
#5499 = LINE('',#5500,#5501);
#5500 = CARTESIAN_POINT('',(0.,7.,27.));
#5501 = VECTOR('',#5502,1.);
#5502 = DIRECTION('',(1.,0.,0.));
#5503 = ORIENTED_EDGE('',*,*,#5504,.F.);
#5504 = EDGE_CURVE('',#5465,#5497,#5505,.T.);
#5505 = CIRCLE('',#5506,1.5);
#5506 = AXIS2_PLACEMENT_3D('',#5507,#5508,#5509);
#5507 = CARTESIAN_POINT('',(0.,7.,28.5));
#5508 = DIRECTION('',(-1.,0.,0.));
#5509 = DIRECTION('',(0.,0.,1.));
#5510 = CYLINDRICAL_SURFACE('',#5511,1.5);
#5511 = AXIS2_PLACEMENT_3D('',#5512,#5513,#5514);
#5512 = CARTESIAN_POINT('',(0.,7.,28.5));
#5513 = DIRECTION('',(-1.,0.,0.));
#5514 = DIRECTION('',(0.,0.,1.));
#5515 = ADVANCED_FACE('',(#5516),#5541,.T.);
#5516 = FACE_BOUND('',#5517,.T.);
#5517 = EDGE_LOOP('',(#5518,#5519,#5527,#5535));
#5518 = ORIENTED_EDGE('',*,*,#5496,.T.);
#5519 = ORIENTED_EDGE('',*,*,#5520,.T.);
#5520 = EDGE_CURVE('',#5488,#5521,#5523,.T.);
#5521 = VERTEX_POINT('',#5522);
#5522 = CARTESIAN_POINT('',(570.,5.5,27.));
#5523 = LINE('',#5524,#5525);
#5524 = CARTESIAN_POINT('',(570.,7.,27.));
#5525 = VECTOR('',#5526,1.);
#5526 = DIRECTION('',(0.,-1.,0.));
#5527 = ORIENTED_EDGE('',*,*,#5528,.F.);
#5528 = EDGE_CURVE('',#5529,#5521,#5531,.T.);
#5529 = VERTEX_POINT('',#5530);
#5530 = CARTESIAN_POINT('',(0.,5.5,27.));
#5531 = LINE('',#5532,#5533);
#5532 = CARTESIAN_POINT('',(0.,5.5,27.));
#5533 = VECTOR('',#5534,1.);
#5534 = DIRECTION('',(1.,0.,0.));
#5535 = ORIENTED_EDGE('',*,*,#5536,.F.);
#5536 = EDGE_CURVE('',#5497,#5529,#5537,.T.);
#5537 = LINE('',#5538,#5539);
#5538 = CARTESIAN_POINT('',(0.,7.,27.));
#5539 = VECTOR('',#5540,1.);
#5540 = DIRECTION('',(0.,-1.,0.));
#5541 = PLANE('',#5542);
#5542 = AXIS2_PLACEMENT_3D('',#5543,#5544,#5545);
#5543 = CARTESIAN_POINT('',(0.,7.,27.));
#5544 = DIRECTION('',(0.,0.,-1.));
#5545 = DIRECTION('',(0.,-1.,0.));
#5546 = ADVANCED_FACE('',(#5547),#5574,.F.);
#5547 = FACE_BOUND('',#5548,.T.);
#5548 = EDGE_LOOP('',(#5549,#5550,#5559,#5567));
#5549 = ORIENTED_EDGE('',*,*,#5528,.T.);
#5550 = ORIENTED_EDGE('',*,*,#5551,.T.);
#5551 = EDGE_CURVE('',#5521,#5552,#5554,.T.);
#5552 = VERTEX_POINT('',#5553);
#5553 = CARTESIAN_POINT('',(570.,4.9,26.4));
#5554 = CIRCLE('',#5555,0.6);
#5555 = AXIS2_PLACEMENT_3D('',#5556,#5557,#5558);
#5556 = CARTESIAN_POINT('',(570.,5.5,26.4));
#5557 = DIRECTION('',(1.,0.,0.));
#5558 = DIRECTION('',(0.,-7.401486830834E-15,1.));
#5559 = ORIENTED_EDGE('',*,*,#5560,.F.);
#5560 = EDGE_CURVE('',#5561,#5552,#5563,.T.);
#5561 = VERTEX_POINT('',#5562);
#5562 = CARTESIAN_POINT('',(0.,4.9,26.4));
#5563 = LINE('',#5564,#5565);
#5564 = CARTESIAN_POINT('',(0.,4.9,26.4));
#5565 = VECTOR('',#5566,1.);
#5566 = DIRECTION('',(1.,0.,0.));
#5567 = ORIENTED_EDGE('',*,*,#5568,.F.);
#5568 = EDGE_CURVE('',#5529,#5561,#5569,.T.);
#5569 = CIRCLE('',#5570,0.6);
#5570 = AXIS2_PLACEMENT_3D('',#5571,#5572,#5573);
#5571 = CARTESIAN_POINT('',(0.,5.5,26.4));
#5572 = DIRECTION('',(1.,0.,0.));
#5573 = DIRECTION('',(0.,-7.401486830834E-15,1.));
#5574 = CYLINDRICAL_SURFACE('',#5575,0.6);
#5575 = AXIS2_PLACEMENT_3D('',#5576,#5577,#5578);
#5576 = CARTESIAN_POINT('',(0.,5.5,26.4));
#5577 = DIRECTION('',(-1.,-0.,-0.));
#5578 = DIRECTION('',(0.,-7.401486830834E-15,1.));
#5579 = ADVANCED_FACE('',(#5580),#5605,.T.);
#5580 = FACE_BOUND('',#5581,.T.);
#5581 = EDGE_LOOP('',(#5582,#5583,#5591,#5599));
#5582 = ORIENTED_EDGE('',*,*,#5560,.T.);
#5583 = ORIENTED_EDGE('',*,*,#5584,.T.);
#5584 = EDGE_CURVE('',#5552,#5585,#5587,.T.);
#5585 = VERTEX_POINT('',#5586);
#5586 = CARTESIAN_POINT('',(570.,4.9,10.765564437075));
#5587 = LINE('',#5588,#5589);
#5588 = CARTESIAN_POINT('',(570.,4.9,26.4));
#5589 = VECTOR('',#5590,1.);
#5590 = DIRECTION('',(0.,0.,-1.));
#5591 = ORIENTED_EDGE('',*,*,#5592,.F.);
#5592 = EDGE_CURVE('',#5593,#5585,#5595,.T.);
#5593 = VERTEX_POINT('',#5594);
#5594 = CARTESIAN_POINT('',(0.,4.9,10.765564437075));
#5595 = LINE('',#5596,#5597);
#5596 = CARTESIAN_POINT('',(0.,4.9,10.765564437075));
#5597 = VECTOR('',#5598,1.);
#5598 = DIRECTION('',(1.,0.,0.));
#5599 = ORIENTED_EDGE('',*,*,#5600,.F.);
#5600 = EDGE_CURVE('',#5561,#5593,#5601,.T.);
#5601 = LINE('',#5602,#5603);
#5602 = CARTESIAN_POINT('',(0.,4.9,26.4));
#5603 = VECTOR('',#5604,1.);
#5604 = DIRECTION('',(0.,0.,-1.));
#5605 = PLANE('',#5606);
#5606 = AXIS2_PLACEMENT_3D('',#5607,#5608,#5609);
#5607 = CARTESIAN_POINT('',(0.,4.9,26.4));
#5608 = DIRECTION('',(-0.,1.,0.));
#5609 = DIRECTION('',(0.,0.,-1.));
#5610 = ADVANCED_FACE('',(#5611),#5638,.F.);
#5611 = FACE_BOUND('',#5612,.T.);
#5612 = EDGE_LOOP('',(#5613,#5614,#5623,#5631));
#5613 = ORIENTED_EDGE('',*,*,#5592,.T.);
#5614 = ORIENTED_EDGE('',*,*,#5615,.T.);
#5615 = EDGE_CURVE('',#5585,#5616,#5618,.T.);
#5616 = VERTEX_POINT('',#5617);
#5617 = CARTESIAN_POINT('',(570.,4.979054114725,10.467881074061));
#5618 = CIRCLE('',#5619,0.6);
#5619 = AXIS2_PLACEMENT_3D('',#5620,#5621,#5622);
#5620 = CARTESIAN_POINT('',(570.,5.5,10.765564437075));
#5621 = DIRECTION('',(1.,0.,0.));
#5622 = DIRECTION('',(0.,-1.,8.881784197002E-15));
#5623 = ORIENTED_EDGE('',*,*,#5624,.F.);
#5624 = EDGE_CURVE('',#5625,#5616,#5627,.T.);
#5625 = VERTEX_POINT('',#5626);
#5626 = CARTESIAN_POINT('',(0.,4.979054114725,10.467881074061));
#5627 = LINE('',#5628,#5629);
#5628 = CARTESIAN_POINT('',(0.,4.979054114725,10.467881074061));
#5629 = VECTOR('',#5630,1.);
#5630 = DIRECTION('',(1.,0.,0.));
#5631 = ORIENTED_EDGE('',*,*,#5632,.F.);
#5632 = EDGE_CURVE('',#5593,#5625,#5633,.T.);
#5633 = CIRCLE('',#5634,0.6);
#5634 = AXIS2_PLACEMENT_3D('',#5635,#5636,#5637);
#5635 = CARTESIAN_POINT('',(0.,5.5,10.765564437075));
#5636 = DIRECTION('',(1.,0.,0.));
#5637 = DIRECTION('',(0.,-1.,8.881784197002E-15));
#5638 = CYLINDRICAL_SURFACE('',#5639,0.6);
#5639 = AXIS2_PLACEMENT_3D('',#5640,#5641,#5642);
#5640 = CARTESIAN_POINT('',(0.,5.5,10.765564437075));
#5641 = DIRECTION('',(-1.,-0.,-0.));
#5642 = DIRECTION('',(0.,-1.,8.881784197002E-15));
#5643 = ADVANCED_FACE('',(#5644),#5669,.T.);
#5644 = FACE_BOUND('',#5645,.T.);
#5645 = EDGE_LOOP('',(#5646,#5647,#5655,#5663));
#5646 = ORIENTED_EDGE('',*,*,#5624,.T.);
#5647 = ORIENTED_EDGE('',*,*,#5648,.T.);
#5648 = EDGE_CURVE('',#5616,#5649,#5651,.T.);
#5649 = VERTEX_POINT('',#5650);
#5650 = CARTESIAN_POINT('',(570.,8.571807676486,4.180562340979));
#5651 = LINE('',#5652,#5653);
#5652 = CARTESIAN_POINT('',(570.,4.979054114725,10.467881074061));
#5653 = VECTOR('',#5654,1.);
#5654 = DIRECTION('',(0.,0.496138938357,-0.868243142124));
#5655 = ORIENTED_EDGE('',*,*,#5656,.F.);
#5656 = EDGE_CURVE('',#5657,#5649,#5659,.T.);
#5657 = VERTEX_POINT('',#5658);
#5658 = CARTESIAN_POINT('',(0.,8.571807676486,4.180562340979));
#5659 = LINE('',#5660,#5661);
#5660 = CARTESIAN_POINT('',(0.,8.571807676486,4.180562340979));
#5661 = VECTOR('',#5662,1.);
#5662 = DIRECTION('',(1.,0.,0.));
#5663 = ORIENTED_EDGE('',*,*,#5664,.F.);
#5664 = EDGE_CURVE('',#5625,#5657,#5665,.T.);
#5665 = LINE('',#5666,#5667);
#5666 = CARTESIAN_POINT('',(0.,4.979054114725,10.467881074061));
#5667 = VECTOR('',#5668,1.);
#5668 = DIRECTION('',(0.,0.496138938357,-0.868243142124));
#5669 = PLANE('',#5670);
#5670 = AXIS2_PLACEMENT_3D('',#5671,#5672,#5673);
#5671 = CARTESIAN_POINT('',(0.,4.979054114725,10.467881074061));
#5672 = DIRECTION('',(-0.,0.868243142124,0.496138938357));
#5673 = DIRECTION('',(0.,0.496138938357,-0.868243142124));
#5674 = ADVANCED_FACE('',(#5675),#5702,.F.);
#5675 = FACE_BOUND('',#5676,.T.);
#5676 = EDGE_LOOP('',(#5677,#5678,#5687,#5695));
#5677 = ORIENTED_EDGE('',*,*,#5656,.T.);
#5678 = ORIENTED_EDGE('',*,*,#5679,.T.);
#5679 = EDGE_CURVE('',#5649,#5680,#5682,.T.);
#5680 = VERTEX_POINT('',#5681);
#5681 = CARTESIAN_POINT('',(570.,9.098067202649,3.832621501825));
#5682 = CIRCLE('',#5683,0.7);
#5683 = AXIS2_PLACEMENT_3D('',#5684,#5685,#5686);
#5684 = CARTESIAN_POINT('',(570.,9.179577875973,4.527859597829));
#5685 = DIRECTION('',(1.,0.,0.));
#5686 = DIRECTION('',(0.,-0.868243142124,-0.496138938357));
#5687 = ORIENTED_EDGE('',*,*,#5688,.F.);
#5688 = EDGE_CURVE('',#5689,#5680,#5691,.T.);
#5689 = VERTEX_POINT('',#5690);
#5690 = CARTESIAN_POINT('',(0.,9.098067202649,3.832621501825));
#5691 = LINE('',#5692,#5693);
#5692 = CARTESIAN_POINT('',(0.,9.098067202649,3.832621501825));
#5693 = VECTOR('',#5694,1.);
#5694 = DIRECTION('',(1.,0.,0.));
#5695 = ORIENTED_EDGE('',*,*,#5696,.F.);
#5696 = EDGE_CURVE('',#5657,#5689,#5697,.T.);
#5697 = CIRCLE('',#5698,0.7);
#5698 = AXIS2_PLACEMENT_3D('',#5699,#5700,#5701);
#5699 = CARTESIAN_POINT('',(0.,9.179577875973,4.527859597829));
#5700 = DIRECTION('',(1.,0.,0.));
#5701 = DIRECTION('',(0.,-0.868243142124,-0.496138938357));
#5702 = CYLINDRICAL_SURFACE('',#5703,0.7);
#5703 = AXIS2_PLACEMENT_3D('',#5704,#5705,#5706);
#5704 = CARTESIAN_POINT('',(0.,9.179577875973,4.527859597829));
#5705 = DIRECTION('',(-1.,-0.,-0.));
#5706 = DIRECTION('',(0.,-0.868243142124,-0.496138938357));
#5707 = ADVANCED_FACE('',(#5708),#5733,.T.);
#5708 = FACE_BOUND('',#5709,.T.);
#5709 = EDGE_LOOP('',(#5710,#5711,#5719,#5727));
#5710 = ORIENTED_EDGE('',*,*,#5688,.T.);
#5711 = ORIENTED_EDGE('',*,*,#5712,.T.);
#5712 = EDGE_CURVE('',#5680,#5713,#5715,.T.);
#5713 = VERTEX_POINT('',#5714);
#5714 = CARTESIAN_POINT('',(570.,22.642280067822,2.24467930384));
#5715 = LINE('',#5716,#5717);
#5716 = CARTESIAN_POINT('',(570.,9.098067202649,3.832621501825));
#5717 = VECTOR('',#5718,1.);
#5718 = DIRECTION('',(0.,0.993197280005,-0.116443819035));
#5719 = ORIENTED_EDGE('',*,*,#5720,.F.);
#5720 = EDGE_CURVE('',#5721,#5713,#5723,.T.);
#5721 = VERTEX_POINT('',#5722);
#5722 = CARTESIAN_POINT('',(0.,22.642280067822,2.24467930384));
#5723 = LINE('',#5724,#5725);
#5724 = CARTESIAN_POINT('',(0.,22.642280067822,2.24467930384));
#5725 = VECTOR('',#5726,1.);
#5726 = DIRECTION('',(1.,0.,0.));
#5727 = ORIENTED_EDGE('',*,*,#5728,.F.);
#5728 = EDGE_CURVE('',#5689,#5721,#5729,.T.);
#5729 = LINE('',#5730,#5731);
#5730 = CARTESIAN_POINT('',(0.,9.098067202649,3.832621501825));
#5731 = VECTOR('',#5732,1.);
#5732 = DIRECTION('',(0.,0.993197280005,-0.116443819035));
#5733 = PLANE('',#5734);
#5734 = AXIS2_PLACEMENT_3D('',#5735,#5736,#5737);
#5735 = CARTESIAN_POINT('',(0.,9.098067202649,3.832621501825));
#5736 = DIRECTION('',(-0.,0.116443819035,0.993197280005));
#5737 = DIRECTION('',(0.,0.993197280005,-0.116443819035));
#5738 = ADVANCED_FACE('',(#5739),#5766,.F.);
#5739 = FACE_BOUND('',#5740,.T.);
#5740 = EDGE_LOOP('',(#5741,#5742,#5751,#5759));
#5741 = ORIENTED_EDGE('',*,*,#5720,.T.);
#5742 = ORIENTED_EDGE('',*,*,#5743,.T.);
#5743 = EDGE_CURVE('',#5713,#5744,#5746,.T.);
#5744 = VERTEX_POINT('',#5745);
#5745 = CARTESIAN_POINT('',(570.,23.03498434315,2.369630870718));
#5746 = CIRCLE('',#5747,0.5);
#5747 = AXIS2_PLACEMENT_3D('',#5748,#5749,#5750);
#5748 = CARTESIAN_POINT('',(570.,22.700501977339,2.741277943842));
#5749 = DIRECTION('',(1.,0.,0.));
#5750 = DIRECTION('',(0.,-0.116443819035,-0.993197280005));
#5751 = ORIENTED_EDGE('',*,*,#5752,.F.);
#5752 = EDGE_CURVE('',#5753,#5744,#5755,.T.);
#5753 = VERTEX_POINT('',#5754);
#5754 = CARTESIAN_POINT('',(0.,23.03498434315,2.369630870718));
#5755 = LINE('',#5756,#5757);
#5756 = CARTESIAN_POINT('',(0.,23.03498434315,2.369630870718));
#5757 = VECTOR('',#5758,1.);
#5758 = DIRECTION('',(1.,0.,0.));
#5759 = ORIENTED_EDGE('',*,*,#5760,.F.);
#5760 = EDGE_CURVE('',#5721,#5753,#5761,.T.);
#5761 = CIRCLE('',#5762,0.5);
#5762 = AXIS2_PLACEMENT_3D('',#5763,#5764,#5765);
#5763 = CARTESIAN_POINT('',(0.,22.700501977339,2.741277943842));
#5764 = DIRECTION('',(1.,0.,0.));
#5765 = DIRECTION('',(0.,-0.116443819035,-0.993197280005));
#5766 = CYLINDRICAL_SURFACE('',#5767,0.5);
#5767 = AXIS2_PLACEMENT_3D('',#5768,#5769,#5770);
#5768 = CARTESIAN_POINT('',(0.,22.700501977339,2.741277943842));
#5769 = DIRECTION('',(-1.,-0.,-0.));
#5770 = DIRECTION('',(0.,-0.116443819035,-0.993197280005));
#5771 = ADVANCED_FACE('',(#5772),#5797,.T.);
#5772 = FACE_BOUND('',#5773,.T.);
#5773 = EDGE_LOOP('',(#5774,#5775,#5783,#5791));
#5774 = ORIENTED_EDGE('',*,*,#5752,.T.);
#5775 = ORIENTED_EDGE('',*,*,#5776,.T.);
#5776 = EDGE_CURVE('',#5744,#5777,#5779,.T.);
#5777 = VERTEX_POINT('',#5778);
#5778 = CARTESIAN_POINT('',(570.,24.732414107351,3.897317658499));
#5779 = LINE('',#5780,#5781);
#5780 = CARTESIAN_POINT('',(570.,23.03498434315,2.369630870718));
#5781 = VECTOR('',#5782,1.);
#5782 = DIRECTION('',(0.,0.743294146247,0.668964731622));
#5783 = ORIENTED_EDGE('',*,*,#5784,.F.);
#5784 = EDGE_CURVE('',#5785,#5777,#5787,.T.);
#5785 = VERTEX_POINT('',#5786);
#5786 = CARTESIAN_POINT('',(0.,24.732414107351,3.897317658499));
#5787 = LINE('',#5788,#5789);
#5788 = CARTESIAN_POINT('',(0.,24.732414107351,3.897317658499));
#5789 = VECTOR('',#5790,1.);
#5790 = DIRECTION('',(1.,0.,0.));
#5791 = ORIENTED_EDGE('',*,*,#5792,.F.);
#5792 = EDGE_CURVE('',#5753,#5785,#5793,.T.);
#5793 = LINE('',#5794,#5795);
#5794 = CARTESIAN_POINT('',(0.,23.03498434315,2.369630870718));
#5795 = VECTOR('',#5796,1.);
#5796 = DIRECTION('',(0.,0.743294146247,0.668964731622));
#5797 = PLANE('',#5798);
#5798 = AXIS2_PLACEMENT_3D('',#5799,#5800,#5801);
#5799 = CARTESIAN_POINT('',(0.,23.03498434315,2.369630870718));
#5800 = DIRECTION('',(0.,-0.668964731622,0.743294146247));
#5801 = DIRECTION('',(0.,0.743294146247,0.668964731622));
#5802 = ADVANCED_FACE('',(#5803),#5828,.T.);
#5803 = FACE_BOUND('',#5804,.T.);
#5804 = EDGE_LOOP('',(#5805,#5806,#5814,#5822));
#5805 = ORIENTED_EDGE('',*,*,#5784,.T.);
#5806 = ORIENTED_EDGE('',*,*,#5807,.T.);
#5807 = EDGE_CURVE('',#5777,#5808,#5810,.T.);
#5808 = VERTEX_POINT('',#5809);
#5809 = CARTESIAN_POINT('',(570.,25.267585892649,3.302682341501));
#5810 = LINE('',#5811,#5812);
#5811 = CARTESIAN_POINT('',(570.,24.732414107351,3.897317658499));
#5812 = VECTOR('',#5813,1.);
#5813 = DIRECTION('',(0.,0.668964731622,-0.743294146247));
#5814 = ORIENTED_EDGE('',*,*,#5815,.F.);
#5815 = EDGE_CURVE('',#5816,#5808,#5818,.T.);
#5816 = VERTEX_POINT('',#5817);
#5817 = CARTESIAN_POINT('',(0.,25.267585892649,3.302682341501));
#5818 = LINE('',#5819,#5820);
#5819 = CARTESIAN_POINT('',(0.,25.267585892649,3.302682341501));
#5820 = VECTOR('',#5821,1.);
#5821 = DIRECTION('',(1.,0.,0.));
#5822 = ORIENTED_EDGE('',*,*,#5823,.F.);
#5823 = EDGE_CURVE('',#5785,#5816,#5824,.T.);
#5824 = LINE('',#5825,#5826);
#5825 = CARTESIAN_POINT('',(0.,24.732414107351,3.897317658499));
#5826 = VECTOR('',#5827,1.);
#5827 = DIRECTION('',(0.,0.668964731622,-0.743294146247));
#5828 = PLANE('',#5829);
#5829 = AXIS2_PLACEMENT_3D('',#5830,#5831,#5832);
#5830 = CARTESIAN_POINT('',(0.,24.732414107351,3.897317658499));
#5831 = DIRECTION('',(-0.,0.743294146247,0.668964731622));
#5832 = DIRECTION('',(0.,0.668964731622,-0.743294146247));
#5833 = ADVANCED_FACE('',(#5834),#5859,.T.);
#5834 = FACE_BOUND('',#5835,.T.);
#5835 = EDGE_LOOP('',(#5836,#5837,#5845,#5853));
#5836 = ORIENTED_EDGE('',*,*,#5815,.T.);
#5837 = ORIENTED_EDGE('',*,*,#5838,.T.);
#5838 = EDGE_CURVE('',#5808,#5839,#5841,.T.);
#5839 = VERTEX_POINT('',#5840);
#5840 = CARTESIAN_POINT('',(570.,23.570156128448,1.774995553721));
#5841 = LINE('',#5842,#5843);
#5842 = CARTESIAN_POINT('',(570.,25.267585892649,3.302682341501));
#5843 = VECTOR('',#5844,1.);
#5844 = DIRECTION('',(0.,-0.743294146247,-0.668964731622));
#5845 = ORIENTED_EDGE('',*,*,#5846,.F.);
#5846 = EDGE_CURVE('',#5847,#5839,#5849,.T.);
#5847 = VERTEX_POINT('',#5848);
#5848 = CARTESIAN_POINT('',(0.,23.570156128448,1.774995553721));
#5849 = LINE('',#5850,#5851);
#5850 = CARTESIAN_POINT('',(0.,23.570156128448,1.774995553721));
#5851 = VECTOR('',#5852,1.);
#5852 = DIRECTION('',(1.,0.,0.));
#5853 = ORIENTED_EDGE('',*,*,#5854,.F.);
#5854 = EDGE_CURVE('',#5816,#5847,#5855,.T.);
#5855 = LINE('',#5856,#5857);
#5856 = CARTESIAN_POINT('',(0.,25.267585892649,3.302682341501));
#5857 = VECTOR('',#5858,1.);
#5858 = DIRECTION('',(0.,-0.743294146247,-0.668964731622));
#5859 = PLANE('',#5860);
#5860 = AXIS2_PLACEMENT_3D('',#5861,#5862,#5863);
#5861 = CARTESIAN_POINT('',(0.,25.267585892649,3.302682341501));
#5862 = DIRECTION('',(0.,0.668964731622,-0.743294146247));
#5863 = DIRECTION('',(0.,-0.743294146247,-0.668964731622));
#5864 = ADVANCED_FACE('',(#5865),#5892,.T.);
#5865 = FACE_BOUND('',#5866,.T.);
#5866 = EDGE_LOOP('',(#5867,#5868,#5877,#5885));
#5867 = ORIENTED_EDGE('',*,*,#5846,.T.);
#5868 = ORIENTED_EDGE('',*,*,#5869,.T.);
#5869 = EDGE_CURVE('',#5839,#5870,#5872,.T.);
#5870 = VERTEX_POINT('',#5871);
#5871 = CARTESIAN_POINT('',(570.,22.549125012594,1.450121479836));
#5872 = CIRCLE('',#5873,1.3);
#5873 = AXIS2_PLACEMENT_3D('',#5874,#5875,#5876);
#5874 = CARTESIAN_POINT('',(570.,22.700501977339,2.741277943842));
#5875 = DIRECTION('',(-1.,0.,0.));
#5876 = DIRECTION('',(0.,0.668964731622,-0.743294146247));
#5877 = ORIENTED_EDGE('',*,*,#5878,.F.);
#5878 = EDGE_CURVE('',#5879,#5870,#5881,.T.);
#5879 = VERTEX_POINT('',#5880);
#5880 = CARTESIAN_POINT('',(0.,22.549125012594,1.450121479836));
#5881 = LINE('',#5882,#5883);
#5882 = CARTESIAN_POINT('',(0.,22.549125012594,1.450121479836));
#5883 = VECTOR('',#5884,1.);
#5884 = DIRECTION('',(1.,0.,0.));
#5885 = ORIENTED_EDGE('',*,*,#5886,.F.);
#5886 = EDGE_CURVE('',#5847,#5879,#5887,.T.);
#5887 = CIRCLE('',#5888,1.3);
#5888 = AXIS2_PLACEMENT_3D('',#5889,#5890,#5891);
#5889 = CARTESIAN_POINT('',(0.,22.700501977339,2.741277943842));
#5890 = DIRECTION('',(-1.,0.,0.));
#5891 = DIRECTION('',(0.,0.668964731622,-0.743294146247));
#5892 = CYLINDRICAL_SURFACE('',#5893,1.3);
#5893 = AXIS2_PLACEMENT_3D('',#5894,#5895,#5896);
#5894 = CARTESIAN_POINT('',(0.,22.700501977339,2.741277943842));
#5895 = DIRECTION('',(-1.,0.,0.));
#5896 = DIRECTION('',(0.,0.668964731622,-0.743294146247));
#5897 = ADVANCED_FACE('',(#5898),#5923,.T.);
#5898 = FACE_BOUND('',#5899,.T.);
#5899 = EDGE_LOOP('',(#5900,#5901,#5909,#5917));
#5900 = ORIENTED_EDGE('',*,*,#5878,.T.);
#5901 = ORIENTED_EDGE('',*,*,#5902,.T.);
#5902 = EDGE_CURVE('',#5870,#5903,#5905,.T.);
#5903 = VERTEX_POINT('',#5904);
#5904 = CARTESIAN_POINT('',(570.,9.004912147421,3.038063677822));
#5905 = LINE('',#5906,#5907);
#5906 = CARTESIAN_POINT('',(570.,22.549125012594,1.450121479836));
#5907 = VECTOR('',#5908,1.);
#5908 = DIRECTION('',(0.,-0.993197280005,0.116443819035));
#5909 = ORIENTED_EDGE('',*,*,#5910,.F.);
#5910 = EDGE_CURVE('',#5911,#5903,#5913,.T.);
#5911 = VERTEX_POINT('',#5912);
#5912 = CARTESIAN_POINT('',(0.,9.004912147421,3.038063677822));
#5913 = LINE('',#5914,#5915);
#5914 = CARTESIAN_POINT('',(0.,9.004912147421,3.038063677822));
#5915 = VECTOR('',#5916,1.);
#5916 = DIRECTION('',(1.,0.,0.));
#5917 = ORIENTED_EDGE('',*,*,#5918,.F.);
#5918 = EDGE_CURVE('',#5879,#5911,#5919,.T.);
#5919 = LINE('',#5920,#5921);
#5920 = CARTESIAN_POINT('',(0.,22.549125012594,1.450121479836));
#5921 = VECTOR('',#5922,1.);
#5922 = DIRECTION('',(0.,-0.993197280005,0.116443819035));
#5923 = PLANE('',#5924);
#5924 = AXIS2_PLACEMENT_3D('',#5925,#5926,#5927);
#5925 = CARTESIAN_POINT('',(0.,22.549125012594,1.450121479836));
#5926 = DIRECTION('',(0.,-0.116443819035,-0.993197280005));
#5927 = DIRECTION('',(0.,-0.993197280005,0.116443819035));
#5928 = ADVANCED_FACE('',(#5929),#5956,.T.);
#5929 = FACE_BOUND('',#5930,.T.);
#5930 = EDGE_LOOP('',(#5931,#5932,#5941,#5949));
#5931 = ORIENTED_EDGE('',*,*,#5910,.T.);
#5932 = ORIENTED_EDGE('',*,*,#5933,.T.);
#5933 = EDGE_CURVE('',#5903,#5934,#5936,.T.);
#5934 = VERTEX_POINT('',#5935);
#5935 = CARTESIAN_POINT('',(570.,7.877213162787,3.783651190293));
#5936 = CIRCLE('',#5937,1.5);
#5937 = AXIS2_PLACEMENT_3D('',#5938,#5939,#5940);
#5938 = CARTESIAN_POINT('',(570.,9.179577875973,4.527859597829));
#5939 = DIRECTION('',(-1.,0.,0.));
#5940 = DIRECTION('',(-0.,-0.116443819035,-0.993197280005));
#5941 = ORIENTED_EDGE('',*,*,#5942,.F.);
#5942 = EDGE_CURVE('',#5943,#5934,#5945,.T.);
#5943 = VERTEX_POINT('',#5944);
#5944 = CARTESIAN_POINT('',(0.,7.877213162787,3.783651190293));
#5945 = LINE('',#5946,#5947);
#5946 = CARTESIAN_POINT('',(0.,7.877213162787,3.783651190293));
#5947 = VECTOR('',#5948,1.);
#5948 = DIRECTION('',(1.,0.,0.));
#5949 = ORIENTED_EDGE('',*,*,#5950,.F.);
#5950 = EDGE_CURVE('',#5911,#5943,#5951,.T.);
#5951 = CIRCLE('',#5952,1.5);
#5952 = AXIS2_PLACEMENT_3D('',#5953,#5954,#5955);
#5953 = CARTESIAN_POINT('',(0.,9.179577875973,4.527859597829));
#5954 = DIRECTION('',(-1.,0.,0.));
#5955 = DIRECTION('',(-0.,-0.116443819035,-0.993197280005));
#5956 = CYLINDRICAL_SURFACE('',#5957,1.5);
#5957 = AXIS2_PLACEMENT_3D('',#5958,#5959,#5960);
#5958 = CARTESIAN_POINT('',(0.,9.179577875973,4.527859597829));
#5959 = DIRECTION('',(-1.,0.,0.));
#5960 = DIRECTION('',(-0.,-0.116443819035,-0.993197280005));
#5961 = ADVANCED_FACE('',(#5962),#5987,.T.);
#5962 = FACE_BOUND('',#5963,.T.);
#5963 = EDGE_LOOP('',(#5964,#5965,#5973,#5981));
#5964 = ORIENTED_EDGE('',*,*,#5942,.T.);
#5965 = ORIENTED_EDGE('',*,*,#5966,.T.);
#5966 = EDGE_CURVE('',#5934,#5967,#5969,.T.);
#5967 = VERTEX_POINT('',#5968);
#5968 = CARTESIAN_POINT('',(570.,4.284459601026,10.070969923375));
#5969 = LINE('',#5970,#5971);
#5970 = CARTESIAN_POINT('',(570.,7.877213162787,3.783651190293));
#5971 = VECTOR('',#5972,1.);
#5972 = DIRECTION('',(0.,-0.496138938357,0.868243142124));
#5973 = ORIENTED_EDGE('',*,*,#5974,.F.);
#5974 = EDGE_CURVE('',#5975,#5967,#5977,.T.);
#5975 = VERTEX_POINT('',#5976);
#5976 = CARTESIAN_POINT('',(0.,4.284459601026,10.070969923375));
#5977 = LINE('',#5978,#5979);
#5978 = CARTESIAN_POINT('',(0.,4.284459601026,10.070969923375));
#5979 = VECTOR('',#5980,1.);
#5980 = DIRECTION('',(1.,0.,0.));
#5981 = ORIENTED_EDGE('',*,*,#5982,.F.);
#5982 = EDGE_CURVE('',#5943,#5975,#5983,.T.);
#5983 = LINE('',#5984,#5985);
#5984 = CARTESIAN_POINT('',(0.,7.877213162787,3.783651190293));
#5985 = VECTOR('',#5986,1.);
#5986 = DIRECTION('',(0.,-0.496138938357,0.868243142124));
#5987 = PLANE('',#5988);
#5988 = AXIS2_PLACEMENT_3D('',#5989,#5990,#5991);
#5989 = CARTESIAN_POINT('',(0.,7.877213162787,3.783651190293));
#5990 = DIRECTION('',(0.,-0.868243142124,-0.496138938357));
#5991 = DIRECTION('',(0.,-0.496138938357,0.868243142124));
#5992 = ADVANCED_FACE('',(#5993),#6020,.T.);
#5993 = FACE_BOUND('',#5994,.T.);
#5994 = EDGE_LOOP('',(#5995,#5996,#6005,#6013));
#5995 = ORIENTED_EDGE('',*,*,#5974,.T.);
#5996 = ORIENTED_EDGE('',*,*,#5997,.T.);
#5997 = EDGE_CURVE('',#5967,#5998,#6000,.T.);
#5998 = VERTEX_POINT('',#5999);
#5999 = CARTESIAN_POINT('',(570.,4.1,10.765564437075));
#6000 = CIRCLE('',#6001,1.4);
#6001 = AXIS2_PLACEMENT_3D('',#6002,#6003,#6004);
#6002 = CARTESIAN_POINT('',(570.,5.5,10.765564437075));
#6003 = DIRECTION('',(-1.,0.,0.));
#6004 = DIRECTION('',(-0.,-0.868243142124,-0.496138938357));
#6005 = ORIENTED_EDGE('',*,*,#6006,.F.);
#6006 = EDGE_CURVE('',#6007,#5998,#6009,.T.);
#6007 = VERTEX_POINT('',#6008);
#6008 = CARTESIAN_POINT('',(0.,4.1,10.765564437075));
#6009 = LINE('',#6010,#6011);
#6010 = CARTESIAN_POINT('',(0.,4.1,10.765564437075));
#6011 = VECTOR('',#6012,1.);
#6012 = DIRECTION('',(1.,0.,0.));
#6013 = ORIENTED_EDGE('',*,*,#6014,.F.);
#6014 = EDGE_CURVE('',#5975,#6007,#6015,.T.);
#6015 = CIRCLE('',#6016,1.4);
#6016 = AXIS2_PLACEMENT_3D('',#6017,#6018,#6019);
#6017 = CARTESIAN_POINT('',(0.,5.5,10.765564437075));
#6018 = DIRECTION('',(-1.,0.,0.));
#6019 = DIRECTION('',(-0.,-0.868243142124,-0.496138938357));
#6020 = CYLINDRICAL_SURFACE('',#6021,1.4);
#6021 = AXIS2_PLACEMENT_3D('',#6022,#6023,#6024);
#6022 = CARTESIAN_POINT('',(0.,5.5,10.765564437075));
#6023 = DIRECTION('',(-1.,0.,0.));
#6024 = DIRECTION('',(-0.,-0.868243142124,-0.496138938357));
#6025 = ADVANCED_FACE('',(#6026),#6051,.T.);
#6026 = FACE_BOUND('',#6027,.T.);
#6027 = EDGE_LOOP('',(#6028,#6029,#6037,#6045));
#6028 = ORIENTED_EDGE('',*,*,#6006,.T.);
#6029 = ORIENTED_EDGE('',*,*,#6030,.T.);
#6030 = EDGE_CURVE('',#5998,#6031,#6033,.T.);
#6031 = VERTEX_POINT('',#6032);
#6032 = CARTESIAN_POINT('',(570.,4.1,26.4));
#6033 = LINE('',#6034,#6035);
#6034 = CARTESIAN_POINT('',(570.,4.1,10.765564437075));
#6035 = VECTOR('',#6036,1.);
#6036 = DIRECTION('',(0.,0.,1.));
#6037 = ORIENTED_EDGE('',*,*,#6038,.F.);
#6038 = EDGE_CURVE('',#6039,#6031,#6041,.T.);
#6039 = VERTEX_POINT('',#6040);
#6040 = CARTESIAN_POINT('',(0.,4.1,26.4));
#6041 = LINE('',#6042,#6043);
#6042 = CARTESIAN_POINT('',(0.,4.1,26.4));
#6043 = VECTOR('',#6044,1.);
#6044 = DIRECTION('',(1.,0.,0.));
#6045 = ORIENTED_EDGE('',*,*,#6046,.F.);
#6046 = EDGE_CURVE('',#6007,#6039,#6047,.T.);
#6047 = LINE('',#6048,#6049);
#6048 = CARTESIAN_POINT('',(0.,4.1,10.765564437075));
#6049 = VECTOR('',#6050,1.);
#6050 = DIRECTION('',(0.,0.,1.));
#6051 = PLANE('',#6052);
#6052 = AXIS2_PLACEMENT_3D('',#6053,#6054,#6055);
#6053 = CARTESIAN_POINT('',(0.,4.1,10.765564437075));
#6054 = DIRECTION('',(0.,-1.,0.));
#6055 = DIRECTION('',(0.,0.,1.));
#6056 = ADVANCED_FACE('',(#6057),#6084,.T.);
#6057 = FACE_BOUND('',#6058,.T.);
#6058 = EDGE_LOOP('',(#6059,#6060,#6069,#6077));
#6059 = ORIENTED_EDGE('',*,*,#6038,.T.);
#6060 = ORIENTED_EDGE('',*,*,#6061,.T.);
#6061 = EDGE_CURVE('',#6031,#6062,#6064,.T.);
#6062 = VERTEX_POINT('',#6063);
#6063 = CARTESIAN_POINT('',(570.,5.5,27.8));
#6064 = CIRCLE('',#6065,1.4);
#6065 = AXIS2_PLACEMENT_3D('',#6066,#6067,#6068);
#6066 = CARTESIAN_POINT('',(570.,5.5,26.4));
#6067 = DIRECTION('',(-1.,0.,0.));
#6068 = DIRECTION('',(-0.,-1.,-2.537652627715E-15));
#6069 = ORIENTED_EDGE('',*,*,#6070,.F.);
#6070 = EDGE_CURVE('',#6071,#6062,#6073,.T.);
#6071 = VERTEX_POINT('',#6072);
#6072 = CARTESIAN_POINT('',(0.,5.5,27.8));
#6073 = LINE('',#6074,#6075);
#6074 = CARTESIAN_POINT('',(0.,5.5,27.8));
#6075 = VECTOR('',#6076,1.);
#6076 = DIRECTION('',(1.,0.,0.));
#6077 = ORIENTED_EDGE('',*,*,#6078,.F.);
#6078 = EDGE_CURVE('',#6039,#6071,#6079,.T.);
#6079 = CIRCLE('',#6080,1.4);
#6080 = AXIS2_PLACEMENT_3D('',#6081,#6082,#6083);
#6081 = CARTESIAN_POINT('',(0.,5.5,26.4));
#6082 = DIRECTION('',(-1.,0.,0.));
#6083 = DIRECTION('',(-0.,-1.,-2.537652627715E-15));
#6084 = CYLINDRICAL_SURFACE('',#6085,1.4);
#6085 = AXIS2_PLACEMENT_3D('',#6086,#6087,#6088);
#6086 = CARTESIAN_POINT('',(0.,5.5,26.4));
#6087 = DIRECTION('',(-1.,0.,0.));
#6088 = DIRECTION('',(-0.,-1.,-2.537652627715E-15));
#6089 = ADVANCED_FACE('',(#6090),#6115,.T.);
#6090 = FACE_BOUND('',#6091,.T.);
#6091 = EDGE_LOOP('',(#6092,#6093,#6101,#6109));
#6092 = ORIENTED_EDGE('',*,*,#6070,.T.);
#6093 = ORIENTED_EDGE('',*,*,#6094,.T.);
#6094 = EDGE_CURVE('',#6062,#6095,#6097,.T.);
#6095 = VERTEX_POINT('',#6096);
#6096 = CARTESIAN_POINT('',(570.,7.,27.8));
#6097 = LINE('',#6098,#6099);
#6098 = CARTESIAN_POINT('',(570.,5.5,27.8));
#6099 = VECTOR('',#6100,1.);
#6100 = DIRECTION('',(0.,1.,0.));
#6101 = ORIENTED_EDGE('',*,*,#6102,.F.);
#6102 = EDGE_CURVE('',#6103,#6095,#6105,.T.);
#6103 = VERTEX_POINT('',#6104);
#6104 = CARTESIAN_POINT('',(0.,7.,27.8));
#6105 = LINE('',#6106,#6107);
#6106 = CARTESIAN_POINT('',(0.,7.,27.8));
#6107 = VECTOR('',#6108,1.);
#6108 = DIRECTION('',(1.,0.,0.));
#6109 = ORIENTED_EDGE('',*,*,#6110,.F.);
#6110 = EDGE_CURVE('',#6071,#6103,#6111,.T.);
#6111 = LINE('',#6112,#6113);
#6112 = CARTESIAN_POINT('',(0.,5.5,27.8));
#6113 = VECTOR('',#6114,1.);
#6114 = DIRECTION('',(0.,1.,0.));
#6115 = PLANE('',#6116);
#6116 = AXIS2_PLACEMENT_3D('',#6117,#6118,#6119);
#6117 = CARTESIAN_POINT('',(0.,5.5,27.8));
#6118 = DIRECTION('',(0.,0.,1.));
#6119 = DIRECTION('',(0.,1.,0.));
#6120 = ADVANCED_FACE('',(#6121),#6148,.F.);
#6121 = FACE_BOUND('',#6122,.T.);
#6122 = EDGE_LOOP('',(#6123,#6124,#6133,#6141));
#6123 = ORIENTED_EDGE('',*,*,#6102,.T.);
#6124 = ORIENTED_EDGE('',*,*,#6125,.T.);
#6125 = EDGE_CURVE('',#6095,#6126,#6128,.T.);
#6126 = VERTEX_POINT('',#6127);
#6127 = CARTESIAN_POINT('',(570.,7.,29.2));
#6128 = CIRCLE('',#6129,0.7);
#6129 = AXIS2_PLACEMENT_3D('',#6130,#6131,#6132);
#6130 = CARTESIAN_POINT('',(570.,7.,28.5));
#6131 = DIRECTION('',(1.,0.,-0.));
#6132 = DIRECTION('',(-0.,2.537652627715E-15,-1.));
#6133 = ORIENTED_EDGE('',*,*,#6134,.F.);
#6134 = EDGE_CURVE('',#6135,#6126,#6137,.T.);
#6135 = VERTEX_POINT('',#6136);
#6136 = CARTESIAN_POINT('',(0.,7.,29.2));
#6137 = LINE('',#6138,#6139);
#6138 = CARTESIAN_POINT('',(0.,7.,29.2));
#6139 = VECTOR('',#6140,1.);
#6140 = DIRECTION('',(1.,0.,0.));
#6141 = ORIENTED_EDGE('',*,*,#6142,.F.);
#6142 = EDGE_CURVE('',#6103,#6135,#6143,.T.);
#6143 = CIRCLE('',#6144,0.7);
#6144 = AXIS2_PLACEMENT_3D('',#6145,#6146,#6147);
#6145 = CARTESIAN_POINT('',(0.,7.,28.5));
#6146 = DIRECTION('',(1.,0.,-0.));
#6147 = DIRECTION('',(-0.,2.537652627715E-15,-1.));
#6148 = CYLINDRICAL_SURFACE('',#6149,0.7);
#6149 = AXIS2_PLACEMENT_3D('',#6150,#6151,#6152);
#6150 = CARTESIAN_POINT('',(0.,7.,28.5));
#6151 = DIRECTION('',(-1.,-0.,0.));
#6152 = DIRECTION('',(-0.,2.537652627715E-15,-1.));
#6153 = ADVANCED_FACE('',(#6154),#6179,.T.);
#6154 = FACE_BOUND('',#6155,.T.);
#6155 = EDGE_LOOP('',(#6156,#6157,#6165,#6173));
#6156 = ORIENTED_EDGE('',*,*,#6134,.T.);
#6157 = ORIENTED_EDGE('',*,*,#6158,.T.);
#6158 = EDGE_CURVE('',#6126,#6159,#6161,.T.);
#6159 = VERTEX_POINT('',#6160);
#6160 = CARTESIAN_POINT('',(570.,2.,29.2));
#6161 = LINE('',#6162,#6163);
#6162 = CARTESIAN_POINT('',(570.,7.,29.2));
#6163 = VECTOR('',#6164,1.);
#6164 = DIRECTION('',(0.,-1.,0.));
#6165 = ORIENTED_EDGE('',*,*,#6166,.F.);
#6166 = EDGE_CURVE('',#6167,#6159,#6169,.T.);
#6167 = VERTEX_POINT('',#6168);
#6168 = CARTESIAN_POINT('',(0.,2.,29.2));
#6169 = LINE('',#6170,#6171);
#6170 = CARTESIAN_POINT('',(0.,2.,29.2));
#6171 = VECTOR('',#6172,1.);
#6172 = DIRECTION('',(1.,0.,0.));
#6173 = ORIENTED_EDGE('',*,*,#6174,.F.);
#6174 = EDGE_CURVE('',#6135,#6167,#6175,.T.);
#6175 = LINE('',#6176,#6177);
#6176 = CARTESIAN_POINT('',(0.,7.,29.2));
#6177 = VECTOR('',#6178,1.);
#6178 = DIRECTION('',(0.,-1.,0.));
#6179 = PLANE('',#6180);
#6180 = AXIS2_PLACEMENT_3D('',#6181,#6182,#6183);
#6181 = CARTESIAN_POINT('',(0.,7.,29.2));
#6182 = DIRECTION('',(0.,0.,-1.));
#6183 = DIRECTION('',(0.,-1.,0.));
#6184 = ADVANCED_FACE('',(#6185),#6212,.F.);
#6185 = FACE_BOUND('',#6186,.T.);
#6186 = EDGE_LOOP('',(#6187,#6188,#6197,#6205));
#6187 = ORIENTED_EDGE('',*,*,#6166,.T.);
#6188 = ORIENTED_EDGE('',*,*,#6189,.T.);
#6189 = EDGE_CURVE('',#6159,#6190,#6192,.T.);
#6190 = VERTEX_POINT('',#6191);
#6191 = CARTESIAN_POINT('',(570.,0.8,28.));
#6192 = CIRCLE('',#6193,1.2);
#6193 = AXIS2_PLACEMENT_3D('',#6194,#6195,#6196);
#6194 = CARTESIAN_POINT('',(570.,2.,28.));
#6195 = DIRECTION('',(1.,0.,0.));
#6196 = DIRECTION('',(-0.,2.590520390792E-15,1.));
#6197 = ORIENTED_EDGE('',*,*,#6198,.F.);
#6198 = EDGE_CURVE('',#6199,#6190,#6201,.T.);
#6199 = VERTEX_POINT('',#6200);
#6200 = CARTESIAN_POINT('',(0.,0.8,28.));
#6201 = LINE('',#6202,#6203);
#6202 = CARTESIAN_POINT('',(0.,0.8,28.));
#6203 = VECTOR('',#6204,1.);
#6204 = DIRECTION('',(1.,0.,0.));
#6205 = ORIENTED_EDGE('',*,*,#6206,.F.);
#6206 = EDGE_CURVE('',#6167,#6199,#6207,.T.);
#6207 = CIRCLE('',#6208,1.2);
#6208 = AXIS2_PLACEMENT_3D('',#6209,#6210,#6211);
#6209 = CARTESIAN_POINT('',(0.,2.,28.));
#6210 = DIRECTION('',(1.,0.,0.));
#6211 = DIRECTION('',(-0.,2.590520390792E-15,1.));
#6212 = CYLINDRICAL_SURFACE('',#6213,1.2);
#6213 = AXIS2_PLACEMENT_3D('',#6214,#6215,#6216);
#6214 = CARTESIAN_POINT('',(0.,2.,28.));
#6215 = DIRECTION('',(-1.,-0.,-0.));
#6216 = DIRECTION('',(-0.,2.590520390792E-15,1.));
#6217 = ADVANCED_FACE('',(#6218),#6243,.T.);
#6218 = FACE_BOUND('',#6219,.T.);
#6219 = EDGE_LOOP('',(#6220,#6221,#6229,#6237));
#6220 = ORIENTED_EDGE('',*,*,#6198,.T.);
#6221 = ORIENTED_EDGE('',*,*,#6222,.T.);
#6222 = EDGE_CURVE('',#6190,#6223,#6225,.T.);
#6223 = VERTEX_POINT('',#6224);
#6224 = CARTESIAN_POINT('',(570.,0.8,1.25));
#6225 = LINE('',#6226,#6227);
#6226 = CARTESIAN_POINT('',(570.,0.8,28.));
#6227 = VECTOR('',#6228,1.);
#6228 = DIRECTION('',(0.,0.,-1.));
#6229 = ORIENTED_EDGE('',*,*,#6230,.F.);
#6230 = EDGE_CURVE('',#6231,#6223,#6233,.T.);
#6231 = VERTEX_POINT('',#6232);
#6232 = CARTESIAN_POINT('',(0.,0.8,1.25));
#6233 = LINE('',#6234,#6235);
#6234 = CARTESIAN_POINT('',(0.,0.8,1.25));
#6235 = VECTOR('',#6236,1.);
#6236 = DIRECTION('',(1.,0.,0.));
#6237 = ORIENTED_EDGE('',*,*,#6238,.F.);
#6238 = EDGE_CURVE('',#6199,#6231,#6239,.T.);
#6239 = LINE('',#6240,#6241);
#6240 = CARTESIAN_POINT('',(0.,0.8,28.));
#6241 = VECTOR('',#6242,1.);
#6242 = DIRECTION('',(0.,0.,-1.));
#6243 = PLANE('',#6244);
#6244 = AXIS2_PLACEMENT_3D('',#6245,#6246,#6247);
#6245 = CARTESIAN_POINT('',(0.,0.8,28.));
#6246 = DIRECTION('',(-0.,1.,0.));
#6247 = DIRECTION('',(0.,0.,-1.));
#6248 = ADVANCED_FACE('',(#6249),#6276,.F.);
#6249 = FACE_BOUND('',#6250,.T.);
#6250 = EDGE_LOOP('',(#6251,#6252,#6261,#6269));
#6251 = ORIENTED_EDGE('',*,*,#6230,.T.);
#6252 = ORIENTED_EDGE('',*,*,#6253,.T.);
#6253 = EDGE_CURVE('',#6223,#6254,#6256,.T.);
#6254 = VERTEX_POINT('',#6255);
#6255 = CARTESIAN_POINT('',(570.,1.25,0.8));
#6256 = CIRCLE('',#6257,0.45);
#6257 = AXIS2_PLACEMENT_3D('',#6258,#6259,#6260);
#6258 = CARTESIAN_POINT('',(570.,1.25,1.25));
#6259 = DIRECTION('',(1.,0.,0.));
#6260 = DIRECTION('',(0.,-1.,0.));
#6261 = ORIENTED_EDGE('',*,*,#6262,.F.);
#6262 = EDGE_CURVE('',#6263,#6254,#6265,.T.);
#6263 = VERTEX_POINT('',#6264);
#6264 = CARTESIAN_POINT('',(0.,1.25,0.8));
#6265 = LINE('',#6266,#6267);
#6266 = CARTESIAN_POINT('',(0.,1.25,0.8));
#6267 = VECTOR('',#6268,1.);
#6268 = DIRECTION('',(1.,0.,0.));
#6269 = ORIENTED_EDGE('',*,*,#6270,.F.);
#6270 = EDGE_CURVE('',#6231,#6263,#6271,.T.);
#6271 = CIRCLE('',#6272,0.45);
#6272 = AXIS2_PLACEMENT_3D('',#6273,#6274,#6275);
#6273 = CARTESIAN_POINT('',(0.,1.25,1.25));
#6274 = DIRECTION('',(1.,0.,0.));
#6275 = DIRECTION('',(0.,-1.,0.));
#6276 = CYLINDRICAL_SURFACE('',#6277,0.45);
#6277 = AXIS2_PLACEMENT_3D('',#6278,#6279,#6280);
#6278 = CARTESIAN_POINT('',(0.,1.25,1.25));
#6279 = DIRECTION('',(-1.,-0.,-0.));
#6280 = DIRECTION('',(0.,-1.,0.));
#6281 = ADVANCED_FACE('',(#6282),#6307,.T.);
#6282 = FACE_BOUND('',#6283,.T.);
#6283 = EDGE_LOOP('',(#6284,#6285,#6293,#6301));
#6284 = ORIENTED_EDGE('',*,*,#6262,.T.);
#6285 = ORIENTED_EDGE('',*,*,#6286,.T.);
#6286 = EDGE_CURVE('',#6254,#6287,#6289,.T.);
#6287 = VERTEX_POINT('',#6288);
#6288 = CARTESIAN_POINT('',(570.,3.55,0.8));
#6289 = LINE('',#6290,#6291);
#6290 = CARTESIAN_POINT('',(570.,1.25,0.8));
#6291 = VECTOR('',#6292,1.);
#6292 = DIRECTION('',(0.,1.,0.));
#6293 = ORIENTED_EDGE('',*,*,#6294,.F.);
#6294 = EDGE_CURVE('',#6295,#6287,#6297,.T.);
#6295 = VERTEX_POINT('',#6296);
#6296 = CARTESIAN_POINT('',(0.,3.55,0.8));
#6297 = LINE('',#6298,#6299);
#6298 = CARTESIAN_POINT('',(0.,3.55,0.8));
#6299 = VECTOR('',#6300,1.);
#6300 = DIRECTION('',(1.,0.,0.));
#6301 = ORIENTED_EDGE('',*,*,#6302,.F.);
#6302 = EDGE_CURVE('',#6263,#6295,#6303,.T.);
#6303 = LINE('',#6304,#6305);
#6304 = CARTESIAN_POINT('',(0.,1.25,0.8));
#6305 = VECTOR('',#6306,1.);
#6306 = DIRECTION('',(0.,1.,0.));
#6307 = PLANE('',#6308);
#6308 = AXIS2_PLACEMENT_3D('',#6309,#6310,#6311);
#6309 = CARTESIAN_POINT('',(0.,1.25,0.8));
#6310 = DIRECTION('',(0.,0.,1.));
#6311 = DIRECTION('',(0.,1.,0.));
#6312 = ADVANCED_FACE('',(#6313),#6340,.F.);
#6313 = FACE_BOUND('',#6314,.T.);
#6314 = EDGE_LOOP('',(#6315,#6316,#6325,#6333));
#6315 = ORIENTED_EDGE('',*,*,#6294,.T.);
#6316 = ORIENTED_EDGE('',*,*,#6317,.T.);
#6317 = EDGE_CURVE('',#6287,#6318,#6320,.T.);
#6318 = VERTEX_POINT('',#6319);
#6319 = CARTESIAN_POINT('',(570.,4.,1.25));
#6320 = CIRCLE('',#6321,0.45);
#6321 = AXIS2_PLACEMENT_3D('',#6322,#6323,#6324);
#6322 = CARTESIAN_POINT('',(570.,3.55,1.25));
#6323 = DIRECTION('',(1.,0.,0.));
#6324 = DIRECTION('',(0.,-9.868649107779E-16,-1.));
#6325 = ORIENTED_EDGE('',*,*,#6326,.F.);
#6326 = EDGE_CURVE('',#6327,#6318,#6329,.T.);
#6327 = VERTEX_POINT('',#6328);
#6328 = CARTESIAN_POINT('',(0.,4.,1.25));
#6329 = LINE('',#6330,#6331);
#6330 = CARTESIAN_POINT('',(0.,4.,1.25));
#6331 = VECTOR('',#6332,1.);
#6332 = DIRECTION('',(1.,0.,0.));
#6333 = ORIENTED_EDGE('',*,*,#6334,.F.);
#6334 = EDGE_CURVE('',#6295,#6327,#6335,.T.);
#6335 = CIRCLE('',#6336,0.45);
#6336 = AXIS2_PLACEMENT_3D('',#6337,#6338,#6339);
#6337 = CARTESIAN_POINT('',(0.,3.55,1.25));
#6338 = DIRECTION('',(1.,0.,0.));
#6339 = DIRECTION('',(0.,-9.868649107779E-16,-1.));
#6340 = CYLINDRICAL_SURFACE('',#6341,0.45);
#6341 = AXIS2_PLACEMENT_3D('',#6342,#6343,#6344);
#6342 = CARTESIAN_POINT('',(0.,3.55,1.25));
#6343 = DIRECTION('',(-1.,-0.,-0.));
#6344 = DIRECTION('',(0.,-9.868649107779E-16,-1.));
#6345 = ADVANCED_FACE('',(#6346),#6371,.T.);
#6346 = FACE_BOUND('',#6347,.T.);
#6347 = EDGE_LOOP('',(#6348,#6349,#6357,#6365));
#6348 = ORIENTED_EDGE('',*,*,#6326,.T.);
#6349 = ORIENTED_EDGE('',*,*,#6350,.T.);
#6350 = EDGE_CURVE('',#6318,#6351,#6353,.T.);
#6351 = VERTEX_POINT('',#6352);
#6352 = CARTESIAN_POINT('',(570.,4.,3.65));
#6353 = LINE('',#6354,#6355);
#6354 = CARTESIAN_POINT('',(570.,4.,1.25));
#6355 = VECTOR('',#6356,1.);
#6356 = DIRECTION('',(0.,0.,1.));
#6357 = ORIENTED_EDGE('',*,*,#6358,.F.);
#6358 = EDGE_CURVE('',#6359,#6351,#6361,.T.);
#6359 = VERTEX_POINT('',#6360);
#6360 = CARTESIAN_POINT('',(0.,4.,3.65));
#6361 = LINE('',#6362,#6363);
#6362 = CARTESIAN_POINT('',(0.,4.,3.65));
#6363 = VECTOR('',#6364,1.);
#6364 = DIRECTION('',(1.,0.,0.));
#6365 = ORIENTED_EDGE('',*,*,#6366,.F.);
#6366 = EDGE_CURVE('',#6327,#6359,#6367,.T.);
#6367 = LINE('',#6368,#6369);
#6368 = CARTESIAN_POINT('',(0.,4.,1.25));
#6369 = VECTOR('',#6370,1.);
#6370 = DIRECTION('',(0.,0.,1.));
#6371 = PLANE('',#6372);
#6372 = AXIS2_PLACEMENT_3D('',#6373,#6374,#6375);
#6373 = CARTESIAN_POINT('',(0.,4.,1.25));
#6374 = DIRECTION('',(0.,-1.,0.));
#6375 = DIRECTION('',(0.,0.,1.));
#6376 = ADVANCED_FACE('',(#6377),#6404,.T.);
#6377 = FACE_BOUND('',#6378,.T.);
#6378 = EDGE_LOOP('',(#6379,#6380,#6389,#6397));
#6379 = ORIENTED_EDGE('',*,*,#6358,.T.);
#6380 = ORIENTED_EDGE('',*,*,#6381,.T.);
#6381 = EDGE_CURVE('',#6351,#6382,#6384,.T.);
#6382 = VERTEX_POINT('',#6383);
#6383 = CARTESIAN_POINT('',(570.,5.25,4.9));
#6384 = CIRCLE('',#6385,1.25);
#6385 = AXIS2_PLACEMENT_3D('',#6386,#6387,#6388);
#6386 = CARTESIAN_POINT('',(570.,5.25,3.65));
#6387 = DIRECTION('',(-1.,0.,0.));
#6388 = DIRECTION('',(-0.,-1.,-1.06581410364E-15));
#6389 = ORIENTED_EDGE('',*,*,#6390,.F.);
#6390 = EDGE_CURVE('',#6391,#6382,#6393,.T.);
#6391 = VERTEX_POINT('',#6392);
#6392 = CARTESIAN_POINT('',(0.,5.25,4.9));
#6393 = LINE('',#6394,#6395);
#6394 = CARTESIAN_POINT('',(0.,5.25,4.9));
#6395 = VECTOR('',#6396,1.);
#6396 = DIRECTION('',(1.,0.,0.));
#6397 = ORIENTED_EDGE('',*,*,#6398,.F.);
#6398 = EDGE_CURVE('',#6359,#6391,#6399,.T.);
#6399 = CIRCLE('',#6400,1.25);
#6400 = AXIS2_PLACEMENT_3D('',#6401,#6402,#6403);
#6401 = CARTESIAN_POINT('',(0.,5.25,3.65));
#6402 = DIRECTION('',(-1.,0.,0.));
#6403 = DIRECTION('',(-0.,-1.,-1.06581410364E-15));
#6404 = CYLINDRICAL_SURFACE('',#6405,1.25);
#6405 = AXIS2_PLACEMENT_3D('',#6406,#6407,#6408);
#6406 = CARTESIAN_POINT('',(0.,5.25,3.65));
#6407 = DIRECTION('',(-1.,0.,0.));
#6408 = DIRECTION('',(-0.,-1.,-1.06581410364E-15));
#6409 = ADVANCED_FACE('',(#6410),#6435,.T.);
#6410 = FACE_BOUND('',#6411,.T.);
#6411 = EDGE_LOOP('',(#6412,#6413,#6421,#6429));
#6412 = ORIENTED_EDGE('',*,*,#6390,.T.);
#6413 = ORIENTED_EDGE('',*,*,#6414,.T.);
#6414 = EDGE_CURVE('',#6382,#6415,#6417,.T.);
#6415 = VERTEX_POINT('',#6416);
#6416 = CARTESIAN_POINT('',(570.,5.55,4.9));
#6417 = LINE('',#6418,#6419);
#6418 = CARTESIAN_POINT('',(570.,5.25,4.9));
#6419 = VECTOR('',#6420,1.);
#6420 = DIRECTION('',(0.,1.,0.));
#6421 = ORIENTED_EDGE('',*,*,#6422,.F.);
#6422 = EDGE_CURVE('',#6423,#6415,#6425,.T.);
#6423 = VERTEX_POINT('',#6424);
#6424 = CARTESIAN_POINT('',(0.,5.55,4.9));
#6425 = LINE('',#6426,#6427);
#6426 = CARTESIAN_POINT('',(0.,5.55,4.9));
#6427 = VECTOR('',#6428,1.);
#6428 = DIRECTION('',(1.,0.,0.));
#6429 = ORIENTED_EDGE('',*,*,#6430,.F.);
#6430 = EDGE_CURVE('',#6391,#6423,#6431,.T.);
#6431 = LINE('',#6432,#6433);
#6432 = CARTESIAN_POINT('',(0.,5.25,4.9));
#6433 = VECTOR('',#6434,1.);
#6434 = DIRECTION('',(0.,1.,0.));
#6435 = PLANE('',#6436);
#6436 = AXIS2_PLACEMENT_3D('',#6437,#6438,#6439);
#6437 = CARTESIAN_POINT('',(0.,5.25,4.9));
#6438 = DIRECTION('',(0.,0.,1.));
#6439 = DIRECTION('',(0.,1.,0.));
#6440 = ADVANCED_FACE('',(#6441),#6468,.T.);
#6441 = FACE_BOUND('',#6442,.T.);
#6442 = EDGE_LOOP('',(#6443,#6444,#6453,#6461));
#6443 = ORIENTED_EDGE('',*,*,#6422,.T.);
#6444 = ORIENTED_EDGE('',*,*,#6445,.T.);
#6445 = EDGE_CURVE('',#6415,#6446,#6448,.T.);
#6446 = VERTEX_POINT('',#6447);
#6447 = CARTESIAN_POINT('',(570.,6.8,3.65));
#6448 = CIRCLE('',#6449,1.25);
#6449 = AXIS2_PLACEMENT_3D('',#6450,#6451,#6452);
#6450 = CARTESIAN_POINT('',(570.,5.55,3.65));
#6451 = DIRECTION('',(-1.,0.,0.));
#6452 = DIRECTION('',(0.,0.,1.));
#6453 = ORIENTED_EDGE('',*,*,#6454,.F.);
#6454 = EDGE_CURVE('',#6455,#6446,#6457,.T.);
#6455 = VERTEX_POINT('',#6456);
#6456 = CARTESIAN_POINT('',(0.,6.8,3.65));
#6457 = LINE('',#6458,#6459);
#6458 = CARTESIAN_POINT('',(0.,6.8,3.65));
#6459 = VECTOR('',#6460,1.);
#6460 = DIRECTION('',(1.,0.,0.));
#6461 = ORIENTED_EDGE('',*,*,#6462,.F.);
#6462 = EDGE_CURVE('',#6423,#6455,#6463,.T.);
#6463 = CIRCLE('',#6464,1.25);
#6464 = AXIS2_PLACEMENT_3D('',#6465,#6466,#6467);
#6465 = CARTESIAN_POINT('',(0.,5.55,3.65));
#6466 = DIRECTION('',(-1.,0.,0.));
#6467 = DIRECTION('',(0.,0.,1.));
#6468 = CYLINDRICAL_SURFACE('',#6469,1.25);
#6469 = AXIS2_PLACEMENT_3D('',#6470,#6471,#6472);
#6470 = CARTESIAN_POINT('',(0.,5.55,3.65));
#6471 = DIRECTION('',(-1.,0.,0.));
#6472 = DIRECTION('',(0.,0.,1.));
#6473 = ADVANCED_FACE('',(#6474),#6499,.T.);
#6474 = FACE_BOUND('',#6475,.T.);
#6475 = EDGE_LOOP('',(#6476,#6477,#6485,#6493));
#6476 = ORIENTED_EDGE('',*,*,#6454,.T.);
#6477 = ORIENTED_EDGE('',*,*,#6478,.T.);
#6478 = EDGE_CURVE('',#6446,#6479,#6481,.T.);
#6479 = VERTEX_POINT('',#6480);
#6480 = CARTESIAN_POINT('',(570.,6.8,1.25));
#6481 = LINE('',#6482,#6483);
#6482 = CARTESIAN_POINT('',(570.,6.8,3.65));
#6483 = VECTOR('',#6484,1.);
#6484 = DIRECTION('',(0.,0.,-1.));
#6485 = ORIENTED_EDGE('',*,*,#6486,.F.);
#6486 = EDGE_CURVE('',#6487,#6479,#6489,.T.);
#6487 = VERTEX_POINT('',#6488);
#6488 = CARTESIAN_POINT('',(0.,6.8,1.25));
#6489 = LINE('',#6490,#6491);
#6490 = CARTESIAN_POINT('',(0.,6.8,1.25));
#6491 = VECTOR('',#6492,1.);
#6492 = DIRECTION('',(1.,0.,0.));
#6493 = ORIENTED_EDGE('',*,*,#6494,.F.);
#6494 = EDGE_CURVE('',#6455,#6487,#6495,.T.);
#6495 = LINE('',#6496,#6497);
#6496 = CARTESIAN_POINT('',(0.,6.8,3.65));
#6497 = VECTOR('',#6498,1.);
#6498 = DIRECTION('',(0.,0.,-1.));
#6499 = PLANE('',#6500);
#6500 = AXIS2_PLACEMENT_3D('',#6501,#6502,#6503);
#6501 = CARTESIAN_POINT('',(0.,6.8,3.65));
#6502 = DIRECTION('',(-0.,1.,0.));
#6503 = DIRECTION('',(0.,0.,-1.));
#6504 = ADVANCED_FACE('',(#6505),#6532,.F.);
#6505 = FACE_BOUND('',#6506,.T.);
#6506 = EDGE_LOOP('',(#6507,#6508,#6517,#6525));
#6507 = ORIENTED_EDGE('',*,*,#6486,.T.);
#6508 = ORIENTED_EDGE('',*,*,#6509,.T.);
#6509 = EDGE_CURVE('',#6479,#6510,#6512,.T.);
#6510 = VERTEX_POINT('',#6511);
#6511 = CARTESIAN_POINT('',(570.,7.25,0.8));
#6512 = CIRCLE('',#6513,0.45);
#6513 = AXIS2_PLACEMENT_3D('',#6514,#6515,#6516);
#6514 = CARTESIAN_POINT('',(570.,7.25,1.25));
#6515 = DIRECTION('',(1.,0.,0.));
#6516 = DIRECTION('',(0.,-1.,9.868649107779E-16));
#6517 = ORIENTED_EDGE('',*,*,#6518,.F.);
#6518 = EDGE_CURVE('',#6519,#6510,#6521,.T.);
#6519 = VERTEX_POINT('',#6520);
#6520 = CARTESIAN_POINT('',(0.,7.25,0.8));
#6521 = LINE('',#6522,#6523);
#6522 = CARTESIAN_POINT('',(0.,7.25,0.8));
#6523 = VECTOR('',#6524,1.);
#6524 = DIRECTION('',(1.,0.,0.));
#6525 = ORIENTED_EDGE('',*,*,#6526,.F.);
#6526 = EDGE_CURVE('',#6487,#6519,#6527,.T.);
#6527 = CIRCLE('',#6528,0.45);
#6528 = AXIS2_PLACEMENT_3D('',#6529,#6530,#6531);
#6529 = CARTESIAN_POINT('',(0.,7.25,1.25));
#6530 = DIRECTION('',(1.,0.,0.));
#6531 = DIRECTION('',(0.,-1.,9.868649107779E-16));
#6532 = CYLINDRICAL_SURFACE('',#6533,0.45);
#6533 = AXIS2_PLACEMENT_3D('',#6534,#6535,#6536);
#6534 = CARTESIAN_POINT('',(0.,7.25,1.25));
#6535 = DIRECTION('',(-1.,-0.,-0.));
#6536 = DIRECTION('',(0.,-1.,9.868649107779E-16));
#6537 = ADVANCED_FACE('',(#6538),#6563,.T.);
#6538 = FACE_BOUND('',#6539,.T.);
#6539 = EDGE_LOOP('',(#6540,#6541,#6549,#6557));
#6540 = ORIENTED_EDGE('',*,*,#6518,.T.);
#6541 = ORIENTED_EDGE('',*,*,#6542,.T.);
#6542 = EDGE_CURVE('',#6510,#6543,#6545,.T.);
#6543 = VERTEX_POINT('',#6544);
#6544 = CARTESIAN_POINT('',(570.,27.,0.8));
#6545 = LINE('',#6546,#6547);
#6546 = CARTESIAN_POINT('',(570.,7.25,0.8));
#6547 = VECTOR('',#6548,1.);
#6548 = DIRECTION('',(0.,1.,0.));
#6549 = ORIENTED_EDGE('',*,*,#6550,.F.);
#6550 = EDGE_CURVE('',#6551,#6543,#6553,.T.);
#6551 = VERTEX_POINT('',#6552);
#6552 = CARTESIAN_POINT('',(0.,27.,0.8));
#6553 = LINE('',#6554,#6555);
#6554 = CARTESIAN_POINT('',(0.,27.,0.8));
#6555 = VECTOR('',#6556,1.);
#6556 = DIRECTION('',(1.,0.,0.));
#6557 = ORIENTED_EDGE('',*,*,#6558,.F.);
#6558 = EDGE_CURVE('',#6519,#6551,#6559,.T.);
#6559 = LINE('',#6560,#6561);
#6560 = CARTESIAN_POINT('',(0.,7.25,0.8));
#6561 = VECTOR('',#6562,1.);
#6562 = DIRECTION('',(0.,1.,0.));
#6563 = PLANE('',#6564);
#6564 = AXIS2_PLACEMENT_3D('',#6565,#6566,#6567);
#6565 = CARTESIAN_POINT('',(0.,7.25,0.8));
#6566 = DIRECTION('',(0.,0.,1.));
#6567 = DIRECTION('',(0.,1.,0.));
#6568 = ADVANCED_FACE('',(#6569),#6585,.T.);
#6569 = FACE_BOUND('',#6570,.T.);
#6570 = EDGE_LOOP('',(#6571,#6572,#6578,#6579));
#6571 = ORIENTED_EDGE('',*,*,#6550,.T.);
#6572 = ORIENTED_EDGE('',*,*,#6573,.T.);
#6573 = EDGE_CURVE('',#6543,#5065,#6574,.T.);
#6574 = LINE('',#6575,#6576);
#6575 = CARTESIAN_POINT('',(570.,27.,0.8));
#6576 = VECTOR('',#6577,1.);
#6577 = DIRECTION('',(0.,0.,-1.));
#6578 = ORIENTED_EDGE('',*,*,#5062,.F.);
#6579 = ORIENTED_EDGE('',*,*,#6580,.F.);
#6580 = EDGE_CURVE('',#6551,#5063,#6581,.T.);
#6581 = LINE('',#6582,#6583);
#6582 = CARTESIAN_POINT('',(0.,27.,0.8));
#6583 = VECTOR('',#6584,1.);
#6584 = DIRECTION('',(0.,0.,-1.));
#6585 = PLANE('',#6586);
#6586 = AXIS2_PLACEMENT_3D('',#6587,#6588,#6589);
#6587 = CARTESIAN_POINT('',(0.,27.,0.8));
#6588 = DIRECTION('',(-0.,1.,0.));
#6589 = DIRECTION('',(0.,0.,-1.));
#6590 = ADVANCED_FACE('',(#6591),#6641,.T.);
#6591 = FACE_BOUND('',#6592,.T.);
#6592 = EDGE_LOOP('',(#6593,#6594,#6595,#6596,#6597,#6598,#6599,#6600,
    #6601,#6602,#6603,#6604,#6605,#6606,#6607,#6608,#6609,#6610,#6611,
    #6612,#6613,#6614,#6615,#6616,#6617,#6618,#6619,#6620,#6621,#6622,
    #6623,#6624,#6625,#6626,#6627,#6628,#6629,#6630,#6631,#6632,#6633,
    #6634,#6635,#6636,#6637,#6638,#6639,#6640));
#6593 = ORIENTED_EDGE('',*,*,#5088,.T.);
#6594 = ORIENTED_EDGE('',*,*,#5120,.T.);
#6595 = ORIENTED_EDGE('',*,*,#5152,.T.);
#6596 = ORIENTED_EDGE('',*,*,#5184,.T.);
#6597 = ORIENTED_EDGE('',*,*,#5216,.T.);
#6598 = ORIENTED_EDGE('',*,*,#5248,.T.);
#6599 = ORIENTED_EDGE('',*,*,#5280,.T.);
#6600 = ORIENTED_EDGE('',*,*,#5312,.T.);
#6601 = ORIENTED_EDGE('',*,*,#5344,.T.);
#6602 = ORIENTED_EDGE('',*,*,#5376,.T.);
#6603 = ORIENTED_EDGE('',*,*,#5408,.T.);
#6604 = ORIENTED_EDGE('',*,*,#5440,.T.);
#6605 = ORIENTED_EDGE('',*,*,#5472,.T.);
#6606 = ORIENTED_EDGE('',*,*,#5504,.T.);
#6607 = ORIENTED_EDGE('',*,*,#5536,.T.);
#6608 = ORIENTED_EDGE('',*,*,#5568,.T.);
#6609 = ORIENTED_EDGE('',*,*,#5600,.T.);
#6610 = ORIENTED_EDGE('',*,*,#5632,.T.);
#6611 = ORIENTED_EDGE('',*,*,#5664,.T.);
#6612 = ORIENTED_EDGE('',*,*,#5696,.T.);
#6613 = ORIENTED_EDGE('',*,*,#5728,.T.);
#6614 = ORIENTED_EDGE('',*,*,#5760,.T.);
#6615 = ORIENTED_EDGE('',*,*,#5792,.T.);
#6616 = ORIENTED_EDGE('',*,*,#5823,.T.);
#6617 = ORIENTED_EDGE('',*,*,#5854,.T.);
#6618 = ORIENTED_EDGE('',*,*,#5886,.T.);
#6619 = ORIENTED_EDGE('',*,*,#5918,.T.);
#6620 = ORIENTED_EDGE('',*,*,#5950,.T.);
#6621 = ORIENTED_EDGE('',*,*,#5982,.T.);
#6622 = ORIENTED_EDGE('',*,*,#6014,.T.);
#6623 = ORIENTED_EDGE('',*,*,#6046,.T.);
#6624 = ORIENTED_EDGE('',*,*,#6078,.T.);
#6625 = ORIENTED_EDGE('',*,*,#6110,.T.);
#6626 = ORIENTED_EDGE('',*,*,#6142,.T.);
#6627 = ORIENTED_EDGE('',*,*,#6174,.T.);
#6628 = ORIENTED_EDGE('',*,*,#6206,.T.);
#6629 = ORIENTED_EDGE('',*,*,#6238,.T.);
#6630 = ORIENTED_EDGE('',*,*,#6270,.T.);
#6631 = ORIENTED_EDGE('',*,*,#6302,.T.);
#6632 = ORIENTED_EDGE('',*,*,#6334,.T.);
#6633 = ORIENTED_EDGE('',*,*,#6366,.T.);
#6634 = ORIENTED_EDGE('',*,*,#6398,.T.);
#6635 = ORIENTED_EDGE('',*,*,#6430,.T.);
#6636 = ORIENTED_EDGE('',*,*,#6462,.T.);
#6637 = ORIENTED_EDGE('',*,*,#6494,.T.);
#6638 = ORIENTED_EDGE('',*,*,#6526,.T.);
#6639 = ORIENTED_EDGE('',*,*,#6558,.T.);
#6640 = ORIENTED_EDGE('',*,*,#6580,.T.);
#6641 = PLANE('',#6642);
#6642 = AXIS2_PLACEMENT_3D('',#6643,#6644,#6645);
#6643 = CARTESIAN_POINT('',(0.,7.876785227791,10.503907347928));
#6644 = DIRECTION('',(-1.,-0.,-0.));
#6645 = DIRECTION('',(0.,0.,-1.));
#6646 = ADVANCED_FACE('',(#6647),#6697,.F.);
#6647 = FACE_BOUND('',#6648,.F.);
#6648 = EDGE_LOOP('',(#6649,#6650,#6651,#6652,#6653,#6654,#6655,#6656,
    #6657,#6658,#6659,#6660,#6661,#6662,#6663,#6664,#6665,#6666,#6667,
    #6668,#6669,#6670,#6671,#6672,#6673,#6674,#6675,#6676,#6677,#6678,
    #6679,#6680,#6681,#6682,#6683,#6684,#6685,#6686,#6687,#6688,#6689,
    #6690,#6691,#6692,#6693,#6694,#6695,#6696));
#6649 = ORIENTED_EDGE('',*,*,#5072,.T.);
#6650 = ORIENTED_EDGE('',*,*,#5103,.T.);
#6651 = ORIENTED_EDGE('',*,*,#5136,.T.);
#6652 = ORIENTED_EDGE('',*,*,#5167,.T.);
#6653 = ORIENTED_EDGE('',*,*,#5200,.T.);
#6654 = ORIENTED_EDGE('',*,*,#5231,.T.);
#6655 = ORIENTED_EDGE('',*,*,#5264,.T.);
#6656 = ORIENTED_EDGE('',*,*,#5295,.T.);
#6657 = ORIENTED_EDGE('',*,*,#5328,.T.);
#6658 = ORIENTED_EDGE('',*,*,#5359,.T.);
#6659 = ORIENTED_EDGE('',*,*,#5392,.T.);
#6660 = ORIENTED_EDGE('',*,*,#5423,.T.);
#6661 = ORIENTED_EDGE('',*,*,#5456,.T.);
#6662 = ORIENTED_EDGE('',*,*,#5487,.T.);
#6663 = ORIENTED_EDGE('',*,*,#5520,.T.);
#6664 = ORIENTED_EDGE('',*,*,#5551,.T.);
#6665 = ORIENTED_EDGE('',*,*,#5584,.T.);
#6666 = ORIENTED_EDGE('',*,*,#5615,.T.);
#6667 = ORIENTED_EDGE('',*,*,#5648,.T.);
#6668 = ORIENTED_EDGE('',*,*,#5679,.T.);
#6669 = ORIENTED_EDGE('',*,*,#5712,.T.);
#6670 = ORIENTED_EDGE('',*,*,#5743,.T.);
#6671 = ORIENTED_EDGE('',*,*,#5776,.T.);
#6672 = ORIENTED_EDGE('',*,*,#5807,.T.);
#6673 = ORIENTED_EDGE('',*,*,#5838,.T.);
#6674 = ORIENTED_EDGE('',*,*,#5869,.T.);
#6675 = ORIENTED_EDGE('',*,*,#5902,.T.);
#6676 = ORIENTED_EDGE('',*,*,#5933,.T.);
#6677 = ORIENTED_EDGE('',*,*,#5966,.T.);
#6678 = ORIENTED_EDGE('',*,*,#5997,.T.);
#6679 = ORIENTED_EDGE('',*,*,#6030,.T.);
#6680 = ORIENTED_EDGE('',*,*,#6061,.T.);
#6681 = ORIENTED_EDGE('',*,*,#6094,.T.);
#6682 = ORIENTED_EDGE('',*,*,#6125,.T.);
#6683 = ORIENTED_EDGE('',*,*,#6158,.T.);
#6684 = ORIENTED_EDGE('',*,*,#6189,.T.);
#6685 = ORIENTED_EDGE('',*,*,#6222,.T.);
#6686 = ORIENTED_EDGE('',*,*,#6253,.T.);
#6687 = ORIENTED_EDGE('',*,*,#6286,.T.);
#6688 = ORIENTED_EDGE('',*,*,#6317,.T.);
#6689 = ORIENTED_EDGE('',*,*,#6350,.T.);
#6690 = ORIENTED_EDGE('',*,*,#6381,.T.);
#6691 = ORIENTED_EDGE('',*,*,#6414,.T.);
#6692 = ORIENTED_EDGE('',*,*,#6445,.T.);
#6693 = ORIENTED_EDGE('',*,*,#6478,.T.);
#6694 = ORIENTED_EDGE('',*,*,#6509,.T.);
#6695 = ORIENTED_EDGE('',*,*,#6542,.T.);
#6696 = ORIENTED_EDGE('',*,*,#6573,.T.);
#6697 = PLANE('',#6698);
#6698 = AXIS2_PLACEMENT_3D('',#6699,#6700,#6701);
#6699 = CARTESIAN_POINT('',(570.,7.876785227791,10.503907347928));
#6700 = DIRECTION('',(-1.,-0.,-0.));
#6701 = DIRECTION('',(0.,0.,-1.));
#6702 = ( GEOMETRIC_REPRESENTATION_CONTEXT(3) 
GLOBAL_UNCERTAINTY_ASSIGNED_CONTEXT((#6706)) 
GLOBAL_UNIT_ASSIGNED_CONTEXT((#6703,#6704,#6705)) REPRESENTATION_CONTEXT
('Context #1','3D Context with UNIT and UNCERTAINTY') );
#6703 = ( LENGTH_UNIT() NAMED_UNIT(*) SI_UNIT(.MILLI.,.METRE.) );
#6704 = ( NAMED_UNIT(*) PLANE_ANGLE_UNIT() SI_UNIT($,.RADIAN.) );
#6705 = ( NAMED_UNIT(*) SI_UNIT($,.STERADIAN.) SOLID_ANGLE_UNIT() );
#6706 = UNCERTAINTY_MEASURE_WITH_UNIT(LENGTH_MEASURE(1.E-07),#6703,
  'distance_accuracy_value','confusion accuracy');
#6707 = CONTEXT_DEPENDENT_SHAPE_REPRESENTATION(#6708,#6710);
#6708 = ( REPRESENTATION_RELATIONSHIP('','',#5055,#10) 
REPRESENTATION_RELATIONSHIP_WITH_TRANSFORMATION(#6709) 
SHAPE_REPRESENTATION_RELATIONSHIP() );
#6709 = ITEM_DEFINED_TRANSFORMATION('','',#11,#27);
#6710 = PRODUCT_DEFINITION_SHAPE('Placement','Placement of an item',
  #6711);
#6711 = NEXT_ASSEMBLY_USAGE_OCCURRENCE('12','E30 | Profiel links L570',
  '',#5,#5050,$);
#6712 = PRODUCT_RELATED_PRODUCT_CATEGORY('part',$,(#5052));
#6713 = SHAPE_DEFINITION_REPRESENTATION(#6714,#6720);
#6714 = PRODUCT_DEFINITION_SHAPE('','',#6715);
#6715 = PRODUCT_DEFINITION('design','',#6716,#6719);
#6716 = PRODUCT_DEFINITION_FORMATION('','',#6717);
#6717 = PRODUCT('H30 | Hoek linksonder','H30 | Hoek linksonder','',(
    #6718));
#6718 = PRODUCT_CONTEXT('',#2,'mechanical');
#6719 = PRODUCT_DEFINITION_CONTEXT('part definition',#2,'design');
#6720 = ADVANCED_BREP_SHAPE_REPRESENTATION('',(#11,#6721),#8360);
#6721 = MANIFOLD_SOLID_BREP('',#6722);
#6722 = CLOSED_SHELL('',(#6723,#6763,#6796,#6829,#7042,#7436,#7476,#7516
    ,#7533,#7550,#7567,#7584,#7601,#7618,#7635,#7652,#7669,#7686,#7703,
    #7720,#7756,#7773,#7790,#7807,#7824,#7841,#7858,#7875,#7899,#7923,
    #7940,#7980,#8005,#8029,#8053,#8077,#8101,#8125,#8150,#8167,#8191,
    #8216,#8240,#8264,#8288,#8306,#8318,#8330,#8340));
#6723 = ADVANCED_FACE('',(#6724),#6758,.T.);
#6724 = FACE_BOUND('',#6725,.T.);
#6725 = EDGE_LOOP('',(#6726,#6736,#6744,#6752));
#6726 = ORIENTED_EDGE('',*,*,#6727,.T.);
#6727 = EDGE_CURVE('',#6728,#6730,#6732,.T.);
#6728 = VERTEX_POINT('',#6729);
#6729 = CARTESIAN_POINT('',(2.414213562373,0.585786437627,0.));
#6730 = VERTEX_POINT('',#6731);
#6731 = CARTESIAN_POINT('',(2.414213562373,0.585786437627,2.5));
#6732 = LINE('',#6733,#6734);
#6733 = CARTESIAN_POINT('',(2.414213562373,0.585786437627,0.));
#6734 = VECTOR('',#6735,1.);
#6735 = DIRECTION('',(0.,0.,1.));
#6736 = ORIENTED_EDGE('',*,*,#6737,.T.);
#6737 = EDGE_CURVE('',#6730,#6738,#6740,.T.);
#6738 = VERTEX_POINT('',#6739);
#6739 = CARTESIAN_POINT('',(0.585786437627,2.414213562373,2.5));
#6740 = LINE('',#6741,#6742);
#6741 = CARTESIAN_POINT('',(2.414213562373,0.585786437627,2.5));
#6742 = VECTOR('',#6743,1.);
#6743 = DIRECTION('',(-0.707106781187,0.707106781187,0.));
#6744 = ORIENTED_EDGE('',*,*,#6745,.F.);
#6745 = EDGE_CURVE('',#6746,#6738,#6748,.T.);
#6746 = VERTEX_POINT('',#6747);
#6747 = CARTESIAN_POINT('',(0.585786437627,2.414213562373,0.));
#6748 = LINE('',#6749,#6750);
#6749 = CARTESIAN_POINT('',(0.585786437627,2.414213562373,0.));
#6750 = VECTOR('',#6751,1.);
#6751 = DIRECTION('',(0.,0.,1.));
#6752 = ORIENTED_EDGE('',*,*,#6753,.F.);
#6753 = EDGE_CURVE('',#6728,#6746,#6754,.T.);
#6754 = LINE('',#6755,#6756);
#6755 = CARTESIAN_POINT('',(2.414213562373,0.585786437627,0.));
#6756 = VECTOR('',#6757,1.);
#6757 = DIRECTION('',(-0.707106781187,0.707106781187,0.));
#6758 = PLANE('',#6759);
#6759 = AXIS2_PLACEMENT_3D('',#6760,#6761,#6762);
#6760 = CARTESIAN_POINT('',(2.414213562373,0.585786437627,0.));
#6761 = DIRECTION('',(-0.707106781187,-0.707106781187,0.));
#6762 = DIRECTION('',(-0.707106781187,0.707106781187,0.));
#6763 = ADVANCED_FACE('',(#6764),#6791,.T.);
#6764 = FACE_BOUND('',#6765,.T.);
#6765 = EDGE_LOOP('',(#6766,#6776,#6783,#6784));
#6766 = ORIENTED_EDGE('',*,*,#6767,.T.);
#6767 = EDGE_CURVE('',#6768,#6770,#6772,.T.);
#6768 = VERTEX_POINT('',#6769);
#6769 = CARTESIAN_POINT('',(3.828427124746,0.,0.));
#6770 = VERTEX_POINT('',#6771);
#6771 = CARTESIAN_POINT('',(3.828427124746,0.,2.5));
#6772 = LINE('',#6773,#6774);
#6773 = CARTESIAN_POINT('',(3.828427124746,0.,0.));
#6774 = VECTOR('',#6775,1.);
#6775 = DIRECTION('',(0.,0.,1.));
#6776 = ORIENTED_EDGE('',*,*,#6777,.T.);
#6777 = EDGE_CURVE('',#6770,#6730,#6778,.T.);
#6778 = CIRCLE('',#6779,2.);
#6779 = AXIS2_PLACEMENT_3D('',#6780,#6781,#6782);
#6780 = CARTESIAN_POINT('',(3.828427124746,2.,2.5));
#6781 = DIRECTION('',(0.,0.,-1.));
#6782 = DIRECTION('',(0.,-1.,0.));
#6783 = ORIENTED_EDGE('',*,*,#6727,.F.);
#6784 = ORIENTED_EDGE('',*,*,#6785,.F.);
#6785 = EDGE_CURVE('',#6768,#6728,#6786,.T.);
#6786 = CIRCLE('',#6787,2.);
#6787 = AXIS2_PLACEMENT_3D('',#6788,#6789,#6790);
#6788 = CARTESIAN_POINT('',(3.828427124746,2.,0.));
#6789 = DIRECTION('',(0.,0.,-1.));
#6790 = DIRECTION('',(0.,-1.,0.));
#6791 = CYLINDRICAL_SURFACE('',#6792,2.);
#6792 = AXIS2_PLACEMENT_3D('',#6793,#6794,#6795);
#6793 = CARTESIAN_POINT('',(3.828427124746,2.,0.));
#6794 = DIRECTION('',(0.,0.,-1.));
#6795 = DIRECTION('',(0.,-1.,0.));
#6796 = ADVANCED_FACE('',(#6797),#6824,.T.);
#6797 = FACE_BOUND('',#6798,.T.);
#6798 = EDGE_LOOP('',(#6799,#6800,#6809,#6817));
#6799 = ORIENTED_EDGE('',*,*,#6745,.T.);
#6800 = ORIENTED_EDGE('',*,*,#6801,.T.);
#6801 = EDGE_CURVE('',#6738,#6802,#6804,.T.);
#6802 = VERTEX_POINT('',#6803);
#6803 = CARTESIAN_POINT('',(0.,3.828427124746,2.5));
#6804 = CIRCLE('',#6805,2.);
#6805 = AXIS2_PLACEMENT_3D('',#6806,#6807,#6808);
#6806 = CARTESIAN_POINT('',(2.,3.828427124746,2.5));
#6807 = DIRECTION('',(0.,0.,-1.));
#6808 = DIRECTION('',(-0.707106781187,-0.707106781187,-0.));
#6809 = ORIENTED_EDGE('',*,*,#6810,.F.);
#6810 = EDGE_CURVE('',#6811,#6802,#6813,.T.);
#6811 = VERTEX_POINT('',#6812);
#6812 = CARTESIAN_POINT('',(0.,3.828427124746,0.));
#6813 = LINE('',#6814,#6815);
#6814 = CARTESIAN_POINT('',(0.,3.828427124746,0.));
#6815 = VECTOR('',#6816,1.);
#6816 = DIRECTION('',(0.,0.,1.));
#6817 = ORIENTED_EDGE('',*,*,#6818,.F.);
#6818 = EDGE_CURVE('',#6746,#6811,#6819,.T.);
#6819 = CIRCLE('',#6820,2.);
#6820 = AXIS2_PLACEMENT_3D('',#6821,#6822,#6823);
#6821 = CARTESIAN_POINT('',(2.,3.828427124746,0.));
#6822 = DIRECTION('',(0.,0.,-1.));
#6823 = DIRECTION('',(-0.707106781187,-0.707106781187,-0.));
#6824 = CYLINDRICAL_SURFACE('',#6825,2.);
#6825 = AXIS2_PLACEMENT_3D('',#6826,#6827,#6828);
#6826 = CARTESIAN_POINT('',(2.,3.828427124746,0.));
#6827 = DIRECTION('',(0.,0.,-1.));
#6828 = DIRECTION('',(-0.707106781187,-0.707106781187,-0.));
#6829 = ADVANCED_FACE('',(#6830,#6960,#6971,#6982,#6993,#7004,#7015,
    #7026),#7037,.T.);
#6830 = FACE_BOUND('',#6831,.T.);
#6831 = EDGE_LOOP('',(#6832,#6833,#6834,#6842,#6851,#6859,#6868,#6876,
    #6885,#6893,#6902,#6910,#6919,#6927,#6936,#6944,#6953,#6959));
#6832 = ORIENTED_EDGE('',*,*,#6753,.T.);
#6833 = ORIENTED_EDGE('',*,*,#6818,.T.);
#6834 = ORIENTED_EDGE('',*,*,#6835,.T.);
#6835 = EDGE_CURVE('',#6811,#6836,#6838,.T.);
#6836 = VERTEX_POINT('',#6837);
#6837 = CARTESIAN_POINT('',(4.440892098501E-16,82.865565114351,0.));
#6838 = LINE('',#6839,#6840);
#6839 = CARTESIAN_POINT('',(0.,3.828427124746,0.));
#6840 = VECTOR('',#6841,1.);
#6841 = DIRECTION('',(0.,1.,0.));
#6842 = ORIENTED_EDGE('',*,*,#6843,.T.);
#6843 = EDGE_CURVE('',#6836,#6844,#6846,.T.);
#6844 = VERTEX_POINT('',#6845);
#6845 = CARTESIAN_POINT('',(0.397242322053,83.757518089848,0.));
#6846 = CIRCLE('',#6847,1.2);
#6847 = AXIS2_PLACEMENT_3D('',#6848,#6849,#6850);
#6848 = CARTESIAN_POINT('',(1.2,82.865565114351,0.));
#6849 = DIRECTION('',(0.,0.,-1.));
#6850 = DIRECTION('',(-1.,0.,0.));
#6851 = ORIENTED_EDGE('',*,*,#6852,.T.);
#6852 = EDGE_CURVE('',#6844,#6853,#6855,.T.);
#6853 = VERTEX_POINT('',#6854);
#6854 = CARTESIAN_POINT('',(23.62920265569,104.66628239012,0.));
#6855 = LINE('',#6856,#6857);
#6856 = CARTESIAN_POINT('',(0.397242322053,83.757518089848,0.));
#6857 = VECTOR('',#6858,1.);
#6858 = DIRECTION('',(0.743294146247,0.668964731622,0.));
#6859 = ORIENTED_EDGE('',*,*,#6860,.T.);
#6860 = EDGE_CURVE('',#6853,#6861,#6863,.T.);
#6861 = VERTEX_POINT('',#6862);
#6862 = CARTESIAN_POINT('',(24.4988568068,105.,0.));
#6863 = CIRCLE('',#6864,1.3);
#6864 = AXIS2_PLACEMENT_3D('',#6865,#6866,#6867);
#6865 = CARTESIAN_POINT('',(24.4988568068,103.7,0.));
#6866 = DIRECTION('',(0.,0.,-1.));
#6867 = DIRECTION('',(-0.668964731622,0.743294146247,0.));
#6868 = ORIENTED_EDGE('',*,*,#6869,.T.);
#6869 = EDGE_CURVE('',#6861,#6870,#6872,.T.);
#6870 = VERTEX_POINT('',#6871);
#6871 = CARTESIAN_POINT('',(25.68,105.,0.));
#6872 = LINE('',#6873,#6874);
#6873 = CARTESIAN_POINT('',(24.4988568068,105.,0.));
#6874 = VECTOR('',#6875,1.);
#6875 = DIRECTION('',(1.,0.,0.));
#6876 = ORIENTED_EDGE('',*,*,#6877,.T.);
#6877 = EDGE_CURVE('',#6870,#6878,#6880,.T.);
#6878 = VERTEX_POINT('',#6879);
#6879 = CARTESIAN_POINT('',(27.,103.68,0.));
#6880 = CIRCLE('',#6881,1.32);
#6881 = AXIS2_PLACEMENT_3D('',#6882,#6883,#6884);
#6882 = CARTESIAN_POINT('',(25.68,103.68,0.));
#6883 = DIRECTION('',(0.,0.,-1.));
#6884 = DIRECTION('',(-8.074349270001E-15,1.,0.));
#6885 = ORIENTED_EDGE('',*,*,#6886,.T.);
#6886 = EDGE_CURVE('',#6878,#6887,#6889,.T.);
#6887 = VERTEX_POINT('',#6888);
#6888 = CARTESIAN_POINT('',(27.,29.,0.));
#6889 = LINE('',#6890,#6891);
#6890 = CARTESIAN_POINT('',(27.,103.68,0.));
#6891 = VECTOR('',#6892,1.);
#6892 = DIRECTION('',(0.,-1.,0.));
#6893 = ORIENTED_EDGE('',*,*,#6894,.T.);
#6894 = EDGE_CURVE('',#6887,#6895,#6897,.T.);
#6895 = VERTEX_POINT('',#6896);
#6896 = CARTESIAN_POINT('',(29.,27.,0.));
#6897 = CIRCLE('',#6898,2.);
#6898 = AXIS2_PLACEMENT_3D('',#6899,#6900,#6901);
#6899 = CARTESIAN_POINT('',(29.,29.,0.));
#6900 = DIRECTION('',(0.,0.,1.));
#6901 = DIRECTION('',(-1.,0.,0.));
#6902 = ORIENTED_EDGE('',*,*,#6903,.T.);
#6903 = EDGE_CURVE('',#6895,#6904,#6906,.T.);
#6904 = VERTEX_POINT('',#6905);
#6905 = CARTESIAN_POINT('',(103.68,27.,0.));
#6906 = LINE('',#6907,#6908);
#6907 = CARTESIAN_POINT('',(29.,27.,0.));
#6908 = VECTOR('',#6909,1.);
#6909 = DIRECTION('',(1.,0.,0.));
#6910 = ORIENTED_EDGE('',*,*,#6911,.T.);
#6911 = EDGE_CURVE('',#6904,#6912,#6914,.T.);
#6912 = VERTEX_POINT('',#6913);
#6913 = CARTESIAN_POINT('',(105.,25.68,0.));
#6914 = CIRCLE('',#6915,1.32);
#6915 = AXIS2_PLACEMENT_3D('',#6916,#6917,#6918);
#6916 = CARTESIAN_POINT('',(103.68,25.68,0.));
#6917 = DIRECTION('',(0.,0.,-1.));
#6918 = DIRECTION('',(0.,1.,0.));
#6919 = ORIENTED_EDGE('',*,*,#6920,.T.);
#6920 = EDGE_CURVE('',#6912,#6921,#6923,.T.);
#6921 = VERTEX_POINT('',#6922);
#6922 = CARTESIAN_POINT('',(105.,24.460483206276,0.));
#6923 = LINE('',#6924,#6925);
#6924 = CARTESIAN_POINT('',(105.,25.68,0.));
#6925 = VECTOR('',#6926,1.);
#6926 = DIRECTION('',(0.,-1.,0.));
#6927 = ORIENTED_EDGE('',*,*,#6928,.T.);
#6928 = EDGE_CURVE('',#6921,#6929,#6931,.T.);
#6929 = VERTEX_POINT('',#6930);
#6930 = CARTESIAN_POINT('',(104.69195297549,23.65772552833,0.));
#6931 = CIRCLE('',#6932,1.2);
#6932 = AXIS2_PLACEMENT_3D('',#6933,#6934,#6935);
#6933 = CARTESIAN_POINT('',(103.8,24.460483206276,0.));
#6934 = DIRECTION('',(0.,0.,-1.));
#6935 = DIRECTION('',(1.,2.368475785867E-14,0.));
#6936 = ORIENTED_EDGE('',*,*,#6937,.T.);
#6937 = EDGE_CURVE('',#6929,#6938,#6940,.T.);
#6938 = VERTEX_POINT('',#6939);
#6939 = CARTESIAN_POINT('',(83.757518089848,0.397242322053,0.));
#6940 = LINE('',#6941,#6942);
#6941 = CARTESIAN_POINT('',(104.69195297549,23.65772552833,0.));
#6942 = VECTOR('',#6943,1.);
#6943 = DIRECTION('',(-0.668964731622,-0.743294146247,0.));
#6944 = ORIENTED_EDGE('',*,*,#6945,.T.);
#6945 = EDGE_CURVE('',#6938,#6946,#6948,.T.);
#6946 = VERTEX_POINT('',#6947);
#6947 = CARTESIAN_POINT('',(82.865565114351,1.332267630204E-15,0.));
#6948 = CIRCLE('',#6949,1.2);
#6949 = AXIS2_PLACEMENT_3D('',#6950,#6951,#6952);
#6950 = CARTESIAN_POINT('',(82.865565114351,1.2,0.));
#6951 = DIRECTION('',(0.,0.,-1.));
#6952 = DIRECTION('',(0.743294146247,-0.668964731622,0.));
#6953 = ORIENTED_EDGE('',*,*,#6954,.T.);
#6954 = EDGE_CURVE('',#6946,#6768,#6955,.T.);
#6955 = LINE('',#6956,#6957);
#6956 = CARTESIAN_POINT('',(82.865565114351,0.,0.));
#6957 = VECTOR('',#6958,1.);
#6958 = DIRECTION('',(-1.,0.,0.));
#6959 = ORIENTED_EDGE('',*,*,#6785,.T.);
#6960 = FACE_BOUND('',#6961,.T.);
#6961 = EDGE_LOOP('',(#6962));
#6962 = ORIENTED_EDGE('',*,*,#6963,.T.);
#6963 = EDGE_CURVE('',#6964,#6964,#6966,.T.);
#6964 = VERTEX_POINT('',#6965);
#6965 = CARTESIAN_POINT('',(89.,10.,0.));
#6966 = CIRCLE('',#6967,3.);
#6967 = AXIS2_PLACEMENT_3D('',#6968,#6969,#6970);
#6968 = CARTESIAN_POINT('',(86.,10.,0.));
#6969 = DIRECTION('',(0.,0.,1.));
#6970 = DIRECTION('',(1.,0.,-0.));
#6971 = FACE_BOUND('',#6972,.T.);
#6972 = EDGE_LOOP('',(#6973));
#6973 = ORIENTED_EDGE('',*,*,#6974,.T.);
#6974 = EDGE_CURVE('',#6975,#6975,#6977,.T.);
#6975 = VERTEX_POINT('',#6976);
#6976 = CARTESIAN_POINT('',(52.,10.,0.));
#6977 = CIRCLE('',#6978,3.);
#6978 = AXIS2_PLACEMENT_3D('',#6979,#6980,#6981);
#6979 = CARTESIAN_POINT('',(49.,10.,0.));
#6980 = DIRECTION('',(0.,0.,1.));
#6981 = DIRECTION('',(1.,0.,-0.));
#6982 = FACE_BOUND('',#6983,.T.);
#6983 = EDGE_LOOP('',(#6984));
#6984 = ORIENTED_EDGE('',*,*,#6985,.T.);
#6985 = EDGE_CURVE('',#6986,#6986,#6988,.T.);
#6986 = VERTEX_POINT('',#6987);
#6987 = CARTESIAN_POINT('',(33.,10.,0.));
#6988 = CIRCLE('',#6989,3.);
#6989 = AXIS2_PLACEMENT_3D('',#6990,#6991,#6992);
#6990 = CARTESIAN_POINT('',(30.,10.,0.));
#6991 = DIRECTION('',(0.,0.,1.));
#6992 = DIRECTION('',(1.,0.,-0.));
#6993 = FACE_BOUND('',#6994,.T.);
#6994 = EDGE_LOOP('',(#6995));
#6995 = ORIENTED_EDGE('',*,*,#6996,.T.);
#6996 = EDGE_CURVE('',#6997,#6997,#6999,.T.);
#6997 = VERTEX_POINT('',#6998);
#6998 = CARTESIAN_POINT('',(18.5,13.,0.));
#6999 = CIRCLE('',#7000,5.5);
#7000 = AXIS2_PLACEMENT_3D('',#7001,#7002,#7003);
#7001 = CARTESIAN_POINT('',(13.,13.,0.));
#7002 = DIRECTION('',(0.,0.,1.));
#7003 = DIRECTION('',(1.,0.,-0.));
#7004 = FACE_BOUND('',#7005,.T.);
#7005 = EDGE_LOOP('',(#7006));
#7006 = ORIENTED_EDGE('',*,*,#7007,.T.);
#7007 = EDGE_CURVE('',#7008,#7008,#7010,.T.);
#7008 = VERTEX_POINT('',#7009);
#7009 = CARTESIAN_POINT('',(13.,30.,0.));
#7010 = CIRCLE('',#7011,3.);
#7011 = AXIS2_PLACEMENT_3D('',#7012,#7013,#7014);
#7012 = CARTESIAN_POINT('',(10.,30.,0.));
#7013 = DIRECTION('',(0.,0.,1.));
#7014 = DIRECTION('',(1.,0.,-0.));
#7015 = FACE_BOUND('',#7016,.T.);
#7016 = EDGE_LOOP('',(#7017));
#7017 = ORIENTED_EDGE('',*,*,#7018,.T.);
#7018 = EDGE_CURVE('',#7019,#7019,#7021,.T.);
#7019 = VERTEX_POINT('',#7020);
#7020 = CARTESIAN_POINT('',(13.,49.,0.));
#7021 = CIRCLE('',#7022,3.);
#7022 = AXIS2_PLACEMENT_3D('',#7023,#7024,#7025);
#7023 = CARTESIAN_POINT('',(10.,49.,0.));
#7024 = DIRECTION('',(0.,0.,1.));
#7025 = DIRECTION('',(1.,0.,-0.));
#7026 = FACE_BOUND('',#7027,.T.);
#7027 = EDGE_LOOP('',(#7028));
#7028 = ORIENTED_EDGE('',*,*,#7029,.T.);
#7029 = EDGE_CURVE('',#7030,#7030,#7032,.T.);
#7030 = VERTEX_POINT('',#7031);
#7031 = CARTESIAN_POINT('',(13.,86.,0.));
#7032 = CIRCLE('',#7033,3.);
#7033 = AXIS2_PLACEMENT_3D('',#7034,#7035,#7036);
#7034 = CARTESIAN_POINT('',(10.,86.,0.));
#7035 = DIRECTION('',(0.,0.,1.));
#7036 = DIRECTION('',(1.,0.,-0.));
#7037 = PLANE('',#7038);
#7038 = AXIS2_PLACEMENT_3D('',#7039,#7040,#7041);
#7039 = CARTESIAN_POINT('',(37.109446800804,37.108671730138,0.));
#7040 = DIRECTION('',(-0.,-0.,-1.));
#7041 = DIRECTION('',(-1.,0.,0.));
#7042 = ADVANCED_FACE('',(#7043,#7354,#7365,#7376,#7387,#7398,#7409,
    #7420),#7431,.F.);
#7043 = FACE_BOUND('',#7044,.F.);
#7044 = EDGE_LOOP('',(#7045,#7056,#7064,#7072,#7080,#7088,#7094,#7095,
    #7096,#7097,#7105,#7113,#7121,#7129,#7137,#7146,#7154,#7163,#7171,
    #7180,#7188,#7197,#7205,#7214,#7222,#7230,#7238,#7247,#7255,#7264,
    #7272,#7280,#7288,#7297,#7305,#7314,#7322,#7331,#7339,#7348));
#7045 = ORIENTED_EDGE('',*,*,#7046,.T.);
#7046 = EDGE_CURVE('',#7047,#7049,#7051,.T.);
#7047 = VERTEX_POINT('',#7048);
#7048 = CARTESIAN_POINT('',(83.757518089848,0.397242322053,2.5));
#7049 = VERTEX_POINT('',#7050);
#7050 = CARTESIAN_POINT('',(82.865565114351,1.332267630204E-15,2.5));
#7051 = CIRCLE('',#7052,1.2);
#7052 = AXIS2_PLACEMENT_3D('',#7053,#7054,#7055);
#7053 = CARTESIAN_POINT('',(82.865565114351,1.2,2.5));
#7054 = DIRECTION('',(0.,0.,-1.));
#7055 = DIRECTION('',(0.743294146247,-0.668964731622,0.));
#7056 = ORIENTED_EDGE('',*,*,#7057,.T.);
#7057 = EDGE_CURVE('',#7049,#7058,#7060,.T.);
#7058 = VERTEX_POINT('',#7059);
#7059 = CARTESIAN_POINT('',(36.225,0.,2.5));
#7060 = LINE('',#7061,#7062);
#7061 = CARTESIAN_POINT('',(82.865565114351,0.,2.5));
#7062 = VECTOR('',#7063,1.);
#7063 = DIRECTION('',(-1.,0.,0.));
#7064 = ORIENTED_EDGE('',*,*,#7065,.F.);
#7065 = EDGE_CURVE('',#7066,#7058,#7068,.T.);
#7066 = VERTEX_POINT('',#7067);
#7067 = CARTESIAN_POINT('',(36.225,23.,2.5));
#7068 = LINE('',#7069,#7070);
#7069 = CARTESIAN_POINT('',(36.225,30.054335865069,2.5));
#7070 = VECTOR('',#7071,1.);
#7071 = DIRECTION('',(0.,-1.,0.));
#7072 = ORIENTED_EDGE('',*,*,#7073,.F.);
#7073 = EDGE_CURVE('',#7074,#7066,#7076,.T.);
#7074 = VERTEX_POINT('',#7075);
#7075 = CARTESIAN_POINT('',(35.775,23.,2.5));
#7076 = LINE('',#7077,#7078);
#7077 = CARTESIAN_POINT('',(36.442223400402,23.,2.5));
#7078 = VECTOR('',#7079,1.);
#7079 = DIRECTION('',(1.,0.,0.));
#7080 = ORIENTED_EDGE('',*,*,#7081,.F.);
#7081 = EDGE_CURVE('',#7082,#7074,#7084,.T.);
#7082 = VERTEX_POINT('',#7083);
#7083 = CARTESIAN_POINT('',(35.775,0.,2.5));
#7084 = LINE('',#7085,#7086);
#7085 = CARTESIAN_POINT('',(35.775,18.554335865069,2.5));
#7086 = VECTOR('',#7087,1.);
#7087 = DIRECTION('',(0.,1.,-0.));
#7088 = ORIENTED_EDGE('',*,*,#7089,.T.);
#7089 = EDGE_CURVE('',#7082,#6770,#7090,.T.);
#7090 = LINE('',#7091,#7092);
#7091 = CARTESIAN_POINT('',(82.865565114351,0.,2.5));
#7092 = VECTOR('',#7093,1.);
#7093 = DIRECTION('',(-1.,0.,0.));
#7094 = ORIENTED_EDGE('',*,*,#6777,.T.);
#7095 = ORIENTED_EDGE('',*,*,#6737,.T.);
#7096 = ORIENTED_EDGE('',*,*,#6801,.T.);
#7097 = ORIENTED_EDGE('',*,*,#7098,.T.);
#7098 = EDGE_CURVE('',#6802,#7099,#7101,.T.);
#7099 = VERTEX_POINT('',#7100);
#7100 = CARTESIAN_POINT('',(0.,35.775,2.5));
#7101 = LINE('',#7102,#7103);
#7102 = CARTESIAN_POINT('',(0.,3.828427124746,2.5));
#7103 = VECTOR('',#7104,1.);
#7104 = DIRECTION('',(0.,1.,0.));
#7105 = ORIENTED_EDGE('',*,*,#7106,.F.);
#7106 = EDGE_CURVE('',#7107,#7099,#7109,.T.);
#7107 = VERTEX_POINT('',#7108);
#7108 = CARTESIAN_POINT('',(23.,35.775,2.5));
#7109 = LINE('',#7110,#7111);
#7110 = CARTESIAN_POINT('',(30.054723400402,35.775,2.5));
#7111 = VECTOR('',#7112,1.);
#7112 = DIRECTION('',(-1.,0.,0.));
#7113 = ORIENTED_EDGE('',*,*,#7114,.F.);
#7114 = EDGE_CURVE('',#7115,#7107,#7117,.T.);
#7115 = VERTEX_POINT('',#7116);
#7116 = CARTESIAN_POINT('',(23.,36.225,2.5));
#7117 = LINE('',#7118,#7119);
#7118 = CARTESIAN_POINT('',(23.,36.666835865069,2.5));
#7119 = VECTOR('',#7120,1.);
#7120 = DIRECTION('',(0.,-1.,0.));
#7121 = ORIENTED_EDGE('',*,*,#7122,.F.);
#7122 = EDGE_CURVE('',#7123,#7115,#7125,.T.);
#7123 = VERTEX_POINT('',#7124);
#7124 = CARTESIAN_POINT('',(0.,36.225,2.5));
#7125 = LINE('',#7126,#7127);
#7126 = CARTESIAN_POINT('',(18.554723400402,36.225,2.5));
#7127 = VECTOR('',#7128,1.);
#7128 = DIRECTION('',(1.,0.,0.));
#7129 = ORIENTED_EDGE('',*,*,#7130,.T.);
#7130 = EDGE_CURVE('',#7123,#7131,#7133,.T.);
#7131 = VERTEX_POINT('',#7132);
#7132 = CARTESIAN_POINT('',(4.440892098501E-16,82.865565114351,2.5));
#7133 = LINE('',#7134,#7135);
#7134 = CARTESIAN_POINT('',(0.,3.828427124746,2.5));
#7135 = VECTOR('',#7136,1.);
#7136 = DIRECTION('',(0.,1.,0.));
#7137 = ORIENTED_EDGE('',*,*,#7138,.T.);
#7138 = EDGE_CURVE('',#7131,#7139,#7141,.T.);
#7139 = VERTEX_POINT('',#7140);
#7140 = CARTESIAN_POINT('',(0.397242322053,83.757518089848,2.5));
#7141 = CIRCLE('',#7142,1.2);
#7142 = AXIS2_PLACEMENT_3D('',#7143,#7144,#7145);
#7143 = CARTESIAN_POINT('',(1.2,82.865565114351,2.5));
#7144 = DIRECTION('',(0.,0.,-1.));
#7145 = DIRECTION('',(-1.,0.,0.));
#7146 = ORIENTED_EDGE('',*,*,#7147,.T.);
#7147 = EDGE_CURVE('',#7139,#7148,#7150,.T.);
#7148 = VERTEX_POINT('',#7149);
#7149 = CARTESIAN_POINT('',(23.62920265569,104.66628239012,2.5));
#7150 = LINE('',#7151,#7152);
#7151 = CARTESIAN_POINT('',(0.397242322053,83.757518089848,2.5));
#7152 = VECTOR('',#7153,1.);
#7153 = DIRECTION('',(0.743294146247,0.668964731622,0.));
#7154 = ORIENTED_EDGE('',*,*,#7155,.T.);
#7155 = EDGE_CURVE('',#7148,#7156,#7158,.T.);
#7156 = VERTEX_POINT('',#7157);
#7157 = CARTESIAN_POINT('',(24.4988568068,105.,2.5));
#7158 = CIRCLE('',#7159,1.3);
#7159 = AXIS2_PLACEMENT_3D('',#7160,#7161,#7162);
#7160 = CARTESIAN_POINT('',(24.4988568068,103.7,2.5));
#7161 = DIRECTION('',(0.,0.,-1.));
#7162 = DIRECTION('',(-0.668964731622,0.743294146247,0.));
#7163 = ORIENTED_EDGE('',*,*,#7164,.T.);
#7164 = EDGE_CURVE('',#7156,#7165,#7167,.T.);
#7165 = VERTEX_POINT('',#7166);
#7166 = CARTESIAN_POINT('',(25.68,105.,2.5));
#7167 = LINE('',#7168,#7169);
#7168 = CARTESIAN_POINT('',(24.4988568068,105.,2.5));
#7169 = VECTOR('',#7170,1.);
#7170 = DIRECTION('',(1.,0.,0.));
#7171 = ORIENTED_EDGE('',*,*,#7172,.T.);
#7172 = EDGE_CURVE('',#7165,#7173,#7175,.T.);
#7173 = VERTEX_POINT('',#7174);
#7174 = CARTESIAN_POINT('',(27.,103.68,2.5));
#7175 = CIRCLE('',#7176,1.32);
#7176 = AXIS2_PLACEMENT_3D('',#7177,#7178,#7179);
#7177 = CARTESIAN_POINT('',(25.68,103.68,2.5));
#7178 = DIRECTION('',(0.,0.,-1.));
#7179 = DIRECTION('',(-8.074349270001E-15,1.,0.));
#7180 = ORIENTED_EDGE('',*,*,#7181,.T.);
#7181 = EDGE_CURVE('',#7173,#7182,#7184,.T.);
#7182 = VERTEX_POINT('',#7183);
#7183 = CARTESIAN_POINT('',(27.,29.,2.5));
#7184 = LINE('',#7185,#7186);
#7185 = CARTESIAN_POINT('',(27.,103.68,2.5));
#7186 = VECTOR('',#7187,1.);
#7187 = DIRECTION('',(0.,-1.,0.));
#7188 = ORIENTED_EDGE('',*,*,#7189,.T.);
#7189 = EDGE_CURVE('',#7182,#7190,#7192,.T.);
#7190 = VERTEX_POINT('',#7191);
#7191 = CARTESIAN_POINT('',(27.032638694987,28.640153511148,2.5));
#7192 = CIRCLE('',#7193,2.);
#7193 = AXIS2_PLACEMENT_3D('',#7194,#7195,#7196);
#7194 = CARTESIAN_POINT('',(29.,29.,2.5));
#7195 = DIRECTION('',(0.,0.,1.));
#7196 = DIRECTION('',(-1.,0.,0.));
#7197 = ORIENTED_EDGE('',*,*,#7198,.F.);
#7198 = EDGE_CURVE('',#7199,#7190,#7201,.T.);
#7199 = VERTEX_POINT('',#7200);
#7200 = CARTESIAN_POINT('',(26.563603896932,29.109188309204,2.5));
#7201 = LINE('',#7202,#7203);
#7202 = CARTESIAN_POINT('',(27.200193767666,28.472598438469,2.5));
#7203 = VECTOR('',#7204,1.);
#7204 = DIRECTION('',(0.707106781187,-0.707106781187,0.));
#7205 = ORIENTED_EDGE('',*,*,#7206,.T.);
#7206 = EDGE_CURVE('',#7199,#7207,#7209,.T.);
#7207 = VERTEX_POINT('',#7208);
#7208 = CARTESIAN_POINT('',(26.3,29.745584412272,2.5));
#7209 = CIRCLE('',#7210,0.9);
#7210 = AXIS2_PLACEMENT_3D('',#7211,#7212,#7213);
#7211 = CARTESIAN_POINT('',(27.2,29.745584412272,2.5));
#7212 = DIRECTION('',(-0.,0.,-1.));
#7213 = DIRECTION('',(-1.,1.578983857245E-14,0.));
#7214 = ORIENTED_EDGE('',*,*,#7215,.F.);
#7215 = EDGE_CURVE('',#7216,#7207,#7218,.T.);
#7216 = VERTEX_POINT('',#7217);
#7217 = CARTESIAN_POINT('',(26.3,40.,2.5));
#7218 = LINE('',#7219,#7220);
#7219 = CARTESIAN_POINT('',(26.3,38.554335865069,2.5));
#7220 = VECTOR('',#7221,1.);
#7221 = DIRECTION('',(0.,-1.,0.));
#7222 = ORIENTED_EDGE('',*,*,#7223,.F.);
#7223 = EDGE_CURVE('',#7224,#7216,#7226,.T.);
#7224 = VERTEX_POINT('',#7225);
#7225 = CARTESIAN_POINT('',(24.5,40.,2.5));
#7226 = LINE('',#7227,#7228);
#7227 = CARTESIAN_POINT('',(30.804723400402,40.,2.5));
#7228 = VECTOR('',#7229,1.);
#7229 = DIRECTION('',(1.,0.,0.));
#7230 = ORIENTED_EDGE('',*,*,#7231,.F.);
#7231 = EDGE_CURVE('',#7232,#7224,#7234,.T.);
#7232 = VERTEX_POINT('',#7233);
#7233 = CARTESIAN_POINT('',(24.5,29.745584412272,2.5));
#7234 = LINE('',#7235,#7236);
#7235 = CARTESIAN_POINT('',(24.5,33.427128071205,2.5));
#7236 = VECTOR('',#7237,1.);
#7237 = DIRECTION('',(0.,1.,-0.));
#7238 = ORIENTED_EDGE('',*,*,#7239,.F.);
#7239 = EDGE_CURVE('',#7240,#7232,#7242,.T.);
#7240 = VERTEX_POINT('',#7241);
#7241 = CARTESIAN_POINT('',(25.290811690796,27.836396103068,2.5));
#7242 = CIRCLE('',#7243,2.7);
#7243 = AXIS2_PLACEMENT_3D('',#7244,#7245,#7246);
#7244 = CARTESIAN_POINT('',(27.2,29.745584412272,2.5));
#7245 = DIRECTION('',(0.,0.,-1.));
#7246 = DIRECTION('',(-0.707106781187,-0.707106781187,-0.));
#7247 = ORIENTED_EDGE('',*,*,#7248,.F.);
#7248 = EDGE_CURVE('',#7249,#7240,#7251,.T.);
#7249 = VERTEX_POINT('',#7250);
#7250 = CARTESIAN_POINT('',(27.836396103068,25.290811690796,2.5));
#7251 = LINE('',#7252,#7253);
#7252 = CARTESIAN_POINT('',(27.200193767666,25.927014026198,2.5));
#7253 = VECTOR('',#7254,1.);
#7254 = DIRECTION('',(-0.707106781187,0.707106781187,0.));
#7255 = ORIENTED_EDGE('',*,*,#7256,.F.);
#7256 = EDGE_CURVE('',#7257,#7249,#7259,.T.);
#7257 = VERTEX_POINT('',#7258);
#7258 = CARTESIAN_POINT('',(29.745584412272,24.5,2.5));
#7259 = CIRCLE('',#7260,2.7);
#7260 = AXIS2_PLACEMENT_3D('',#7261,#7262,#7263);
#7261 = CARTESIAN_POINT('',(29.745584412272,27.2,2.5));
#7262 = DIRECTION('',(0.,0.,-1.));
#7263 = DIRECTION('',(2.631639762074E-15,-1.,0.));
#7264 = ORIENTED_EDGE('',*,*,#7265,.F.);
#7265 = EDGE_CURVE('',#7266,#7257,#7268,.T.);
#7266 = VERTEX_POINT('',#7267);
#7267 = CARTESIAN_POINT('',(40.,24.5,2.5));
#7268 = LINE('',#7269,#7270);
#7269 = CARTESIAN_POINT('',(38.554723400402,24.5,2.5));
#7270 = VECTOR('',#7271,1.);
#7271 = DIRECTION('',(-1.,0.,0.));
#7272 = ORIENTED_EDGE('',*,*,#7273,.F.);
#7273 = EDGE_CURVE('',#7274,#7266,#7276,.T.);
#7274 = VERTEX_POINT('',#7275);
#7275 = CARTESIAN_POINT('',(40.,26.3,2.5));
#7276 = LINE('',#7277,#7278);
#7277 = CARTESIAN_POINT('',(40.,31.704335865069,2.5));
#7278 = VECTOR('',#7279,1.);
#7279 = DIRECTION('',(0.,-1.,0.));
#7280 = ORIENTED_EDGE('',*,*,#7281,.F.);
#7281 = EDGE_CURVE('',#7282,#7274,#7284,.T.);
#7282 = VERTEX_POINT('',#7283);
#7283 = CARTESIAN_POINT('',(29.745584412272,26.3,2.5));
#7284 = LINE('',#7285,#7286);
#7285 = CARTESIAN_POINT('',(33.427515606538,26.3,2.5));
#7286 = VECTOR('',#7287,1.);
#7287 = DIRECTION('',(1.,0.,0.));
#7288 = ORIENTED_EDGE('',*,*,#7289,.T.);
#7289 = EDGE_CURVE('',#7282,#7290,#7292,.T.);
#7290 = VERTEX_POINT('',#7291);
#7291 = CARTESIAN_POINT('',(29.109188309204,26.563603896932,2.5));
#7292 = CIRCLE('',#7293,0.9);
#7293 = AXIS2_PLACEMENT_3D('',#7294,#7295,#7296);
#7294 = CARTESIAN_POINT('',(29.745584412272,27.2,2.5));
#7295 = DIRECTION('',(-0.,0.,-1.));
#7296 = DIRECTION('',(-0.707106781187,-0.707106781187,0.));
#7297 = ORIENTED_EDGE('',*,*,#7298,.F.);
#7298 = EDGE_CURVE('',#7299,#7290,#7301,.T.);
#7299 = VERTEX_POINT('',#7300);
#7300 = CARTESIAN_POINT('',(28.640153511148,27.032638694987,2.5));
#7301 = LINE('',#7302,#7303);
#7302 = CARTESIAN_POINT('',(27.200193767666,28.472598438469,2.5));
#7303 = VECTOR('',#7304,1.);
#7304 = DIRECTION('',(0.707106781187,-0.707106781187,0.));
#7305 = ORIENTED_EDGE('',*,*,#7306,.T.);
#7306 = EDGE_CURVE('',#7299,#7307,#7309,.T.);
#7307 = VERTEX_POINT('',#7308);
#7308 = CARTESIAN_POINT('',(29.,27.,2.5));
#7309 = CIRCLE('',#7310,2.);
#7310 = AXIS2_PLACEMENT_3D('',#7311,#7312,#7313);
#7311 = CARTESIAN_POINT('',(29.,29.,2.5));
#7312 = DIRECTION('',(0.,0.,1.));
#7313 = DIRECTION('',(-1.,0.,0.));
#7314 = ORIENTED_EDGE('',*,*,#7315,.T.);
#7315 = EDGE_CURVE('',#7307,#7316,#7318,.T.);
#7316 = VERTEX_POINT('',#7317);
#7317 = CARTESIAN_POINT('',(103.68,27.,2.5));
#7318 = LINE('',#7319,#7320);
#7319 = CARTESIAN_POINT('',(29.,27.,2.5));
#7320 = VECTOR('',#7321,1.);
#7321 = DIRECTION('',(1.,0.,0.));
#7322 = ORIENTED_EDGE('',*,*,#7323,.T.);
#7323 = EDGE_CURVE('',#7316,#7324,#7326,.T.);
#7324 = VERTEX_POINT('',#7325);
#7325 = CARTESIAN_POINT('',(105.,25.68,2.5));
#7326 = CIRCLE('',#7327,1.32);
#7327 = AXIS2_PLACEMENT_3D('',#7328,#7329,#7330);
#7328 = CARTESIAN_POINT('',(103.68,25.68,2.5));
#7329 = DIRECTION('',(0.,0.,-1.));
#7330 = DIRECTION('',(0.,1.,0.));
#7331 = ORIENTED_EDGE('',*,*,#7332,.T.);
#7332 = EDGE_CURVE('',#7324,#7333,#7335,.T.);
#7333 = VERTEX_POINT('',#7334);
#7334 = CARTESIAN_POINT('',(105.,24.460483206276,2.5));
#7335 = LINE('',#7336,#7337);
#7336 = CARTESIAN_POINT('',(105.,25.68,2.5));
#7337 = VECTOR('',#7338,1.);
#7338 = DIRECTION('',(0.,-1.,0.));
#7339 = ORIENTED_EDGE('',*,*,#7340,.T.);
#7340 = EDGE_CURVE('',#7333,#7341,#7343,.T.);
#7341 = VERTEX_POINT('',#7342);
#7342 = CARTESIAN_POINT('',(104.69195297549,23.65772552833,2.5));
#7343 = CIRCLE('',#7344,1.2);
#7344 = AXIS2_PLACEMENT_3D('',#7345,#7346,#7347);
#7345 = CARTESIAN_POINT('',(103.8,24.460483206276,2.5));
#7346 = DIRECTION('',(0.,0.,-1.));
#7347 = DIRECTION('',(1.,2.368475785867E-14,0.));
#7348 = ORIENTED_EDGE('',*,*,#7349,.T.);
#7349 = EDGE_CURVE('',#7341,#7047,#7350,.T.);
#7350 = LINE('',#7351,#7352);
#7351 = CARTESIAN_POINT('',(104.69195297549,23.65772552833,2.5));
#7352 = VECTOR('',#7353,1.);
#7353 = DIRECTION('',(-0.668964731622,-0.743294146247,0.));
#7354 = FACE_BOUND('',#7355,.F.);
#7355 = EDGE_LOOP('',(#7356));
#7356 = ORIENTED_EDGE('',*,*,#7357,.T.);
#7357 = EDGE_CURVE('',#7358,#7358,#7360,.T.);
#7358 = VERTEX_POINT('',#7359);
#7359 = CARTESIAN_POINT('',(89.,10.,2.5));
#7360 = CIRCLE('',#7361,3.);
#7361 = AXIS2_PLACEMENT_3D('',#7362,#7363,#7364);
#7362 = CARTESIAN_POINT('',(86.,10.,2.5));
#7363 = DIRECTION('',(0.,0.,1.));
#7364 = DIRECTION('',(1.,0.,-0.));
#7365 = FACE_BOUND('',#7366,.F.);
#7366 = EDGE_LOOP('',(#7367));
#7367 = ORIENTED_EDGE('',*,*,#7368,.T.);
#7368 = EDGE_CURVE('',#7369,#7369,#7371,.T.);
#7369 = VERTEX_POINT('',#7370);
#7370 = CARTESIAN_POINT('',(52.,10.,2.5));
#7371 = CIRCLE('',#7372,3.);
#7372 = AXIS2_PLACEMENT_3D('',#7373,#7374,#7375);
#7373 = CARTESIAN_POINT('',(49.,10.,2.5));
#7374 = DIRECTION('',(0.,0.,1.));
#7375 = DIRECTION('',(1.,0.,-0.));
#7376 = FACE_BOUND('',#7377,.F.);
#7377 = EDGE_LOOP('',(#7378));
#7378 = ORIENTED_EDGE('',*,*,#7379,.T.);
#7379 = EDGE_CURVE('',#7380,#7380,#7382,.T.);
#7380 = VERTEX_POINT('',#7381);
#7381 = CARTESIAN_POINT('',(33.,10.,2.5));
#7382 = CIRCLE('',#7383,3.);
#7383 = AXIS2_PLACEMENT_3D('',#7384,#7385,#7386);
#7384 = CARTESIAN_POINT('',(30.,10.,2.5));
#7385 = DIRECTION('',(0.,0.,1.));
#7386 = DIRECTION('',(1.,0.,-0.));
#7387 = FACE_BOUND('',#7388,.F.);
#7388 = EDGE_LOOP('',(#7389));
#7389 = ORIENTED_EDGE('',*,*,#7390,.T.);
#7390 = EDGE_CURVE('',#7391,#7391,#7393,.T.);
#7391 = VERTEX_POINT('',#7392);
#7392 = CARTESIAN_POINT('',(18.5,13.,2.5));
#7393 = CIRCLE('',#7394,5.5);
#7394 = AXIS2_PLACEMENT_3D('',#7395,#7396,#7397);
#7395 = CARTESIAN_POINT('',(13.,13.,2.5));
#7396 = DIRECTION('',(0.,0.,1.));
#7397 = DIRECTION('',(1.,0.,-0.));
#7398 = FACE_BOUND('',#7399,.F.);
#7399 = EDGE_LOOP('',(#7400));
#7400 = ORIENTED_EDGE('',*,*,#7401,.T.);
#7401 = EDGE_CURVE('',#7402,#7402,#7404,.T.);
#7402 = VERTEX_POINT('',#7403);
#7403 = CARTESIAN_POINT('',(13.,30.,2.5));
#7404 = CIRCLE('',#7405,3.);
#7405 = AXIS2_PLACEMENT_3D('',#7406,#7407,#7408);
#7406 = CARTESIAN_POINT('',(10.,30.,2.5));
#7407 = DIRECTION('',(0.,0.,1.));
#7408 = DIRECTION('',(1.,0.,-0.));
#7409 = FACE_BOUND('',#7410,.F.);
#7410 = EDGE_LOOP('',(#7411));
#7411 = ORIENTED_EDGE('',*,*,#7412,.T.);
#7412 = EDGE_CURVE('',#7413,#7413,#7415,.T.);
#7413 = VERTEX_POINT('',#7414);
#7414 = CARTESIAN_POINT('',(13.,49.,2.5));
#7415 = CIRCLE('',#7416,3.);
#7416 = AXIS2_PLACEMENT_3D('',#7417,#7418,#7419);
#7417 = CARTESIAN_POINT('',(10.,49.,2.5));
#7418 = DIRECTION('',(0.,0.,1.));
#7419 = DIRECTION('',(1.,0.,-0.));
#7420 = FACE_BOUND('',#7421,.F.);
#7421 = EDGE_LOOP('',(#7422));
#7422 = ORIENTED_EDGE('',*,*,#7423,.T.);
#7423 = EDGE_CURVE('',#7424,#7424,#7426,.T.);
#7424 = VERTEX_POINT('',#7425);
#7425 = CARTESIAN_POINT('',(13.,86.,2.5));
#7426 = CIRCLE('',#7427,3.);
#7427 = AXIS2_PLACEMENT_3D('',#7428,#7429,#7430);
#7428 = CARTESIAN_POINT('',(10.,86.,2.5));
#7429 = DIRECTION('',(0.,0.,1.));
#7430 = DIRECTION('',(1.,0.,-0.));
#7431 = PLANE('',#7432);
#7432 = AXIS2_PLACEMENT_3D('',#7433,#7434,#7435);
#7433 = CARTESIAN_POINT('',(37.109446800804,37.108671730138,2.5));
#7434 = DIRECTION('',(-0.,-0.,-1.));
#7435 = DIRECTION('',(-1.,0.,0.));
#7436 = ADVANCED_FACE('',(#7437),#7471,.T.);
#7437 = FACE_BOUND('',#7438,.T.);
#7438 = EDGE_LOOP('',(#7439,#7440,#7446,#7447,#7455,#7463,#7469,#7470));
#7439 = ORIENTED_EDGE('',*,*,#6954,.F.);
#7440 = ORIENTED_EDGE('',*,*,#7441,.T.);
#7441 = EDGE_CURVE('',#6946,#7049,#7442,.T.);
#7442 = LINE('',#7443,#7444);
#7443 = CARTESIAN_POINT('',(82.865565114351,1.332267630204E-15,0.));
#7444 = VECTOR('',#7445,1.);
#7445 = DIRECTION('',(0.,0.,1.));
#7446 = ORIENTED_EDGE('',*,*,#7057,.T.);
#7447 = ORIENTED_EDGE('',*,*,#7448,.F.);
#7448 = EDGE_CURVE('',#7449,#7058,#7451,.T.);
#7449 = VERTEX_POINT('',#7450);
#7450 = CARTESIAN_POINT('',(36.225,0.,2.28));
#7451 = LINE('',#7452,#7453);
#7452 = CARTESIAN_POINT('',(36.225,0.,2.28));
#7453 = VECTOR('',#7454,1.);
#7454 = DIRECTION('',(0.,0.,1.));
#7455 = ORIENTED_EDGE('',*,*,#7456,.T.);
#7456 = EDGE_CURVE('',#7449,#7457,#7459,.T.);
#7457 = VERTEX_POINT('',#7458);
#7458 = CARTESIAN_POINT('',(35.775,0.,2.28));
#7459 = LINE('',#7460,#7461);
#7460 = CARTESIAN_POINT('',(36.225,0.,2.28));
#7461 = VECTOR('',#7462,1.);
#7462 = DIRECTION('',(-1.,0.,0.));
#7463 = ORIENTED_EDGE('',*,*,#7464,.T.);
#7464 = EDGE_CURVE('',#7457,#7082,#7465,.T.);
#7465 = LINE('',#7466,#7467);
#7466 = CARTESIAN_POINT('',(35.775,0.,2.28));
#7467 = VECTOR('',#7468,1.);
#7468 = DIRECTION('',(0.,0.,1.));
#7469 = ORIENTED_EDGE('',*,*,#7089,.T.);
#7470 = ORIENTED_EDGE('',*,*,#6767,.F.);
#7471 = PLANE('',#7472);
#7472 = AXIS2_PLACEMENT_3D('',#7473,#7474,#7475);
#7473 = CARTESIAN_POINT('',(82.865565114351,0.,0.));
#7474 = DIRECTION('',(0.,-1.,0.));
#7475 = DIRECTION('',(-1.,0.,0.));
#7476 = ADVANCED_FACE('',(#7477),#7511,.T.);
#7477 = FACE_BOUND('',#7478,.T.);
#7478 = EDGE_LOOP('',(#7479,#7480,#7481,#7482,#7490,#7498,#7504,#7505));
#7479 = ORIENTED_EDGE('',*,*,#6835,.F.);
#7480 = ORIENTED_EDGE('',*,*,#6810,.T.);
#7481 = ORIENTED_EDGE('',*,*,#7098,.T.);
#7482 = ORIENTED_EDGE('',*,*,#7483,.F.);
#7483 = EDGE_CURVE('',#7484,#7099,#7486,.T.);
#7484 = VERTEX_POINT('',#7485);
#7485 = CARTESIAN_POINT('',(0.,35.775,2.28));
#7486 = LINE('',#7487,#7488);
#7487 = CARTESIAN_POINT('',(0.,35.775,2.28));
#7488 = VECTOR('',#7489,1.);
#7489 = DIRECTION('',(0.,0.,1.));
#7490 = ORIENTED_EDGE('',*,*,#7491,.T.);
#7491 = EDGE_CURVE('',#7484,#7492,#7494,.T.);
#7492 = VERTEX_POINT('',#7493);
#7493 = CARTESIAN_POINT('',(0.,36.225,2.28));
#7494 = LINE('',#7495,#7496);
#7495 = CARTESIAN_POINT('',(0.,35.775,2.28));
#7496 = VECTOR('',#7497,1.);
#7497 = DIRECTION('',(0.,1.,0.));
#7498 = ORIENTED_EDGE('',*,*,#7499,.T.);
#7499 = EDGE_CURVE('',#7492,#7123,#7500,.T.);
#7500 = LINE('',#7501,#7502);
#7501 = CARTESIAN_POINT('',(0.,36.225,2.28));
#7502 = VECTOR('',#7503,1.);
#7503 = DIRECTION('',(0.,0.,1.));
#7504 = ORIENTED_EDGE('',*,*,#7130,.T.);
#7505 = ORIENTED_EDGE('',*,*,#7506,.F.);
#7506 = EDGE_CURVE('',#6836,#7131,#7507,.T.);
#7507 = LINE('',#7508,#7509);
#7508 = CARTESIAN_POINT('',(4.440892098501E-16,82.865565114351,0.));
#7509 = VECTOR('',#7510,1.);
#7510 = DIRECTION('',(0.,0.,1.));
#7511 = PLANE('',#7512);
#7512 = AXIS2_PLACEMENT_3D('',#7513,#7514,#7515);
#7513 = CARTESIAN_POINT('',(0.,3.828427124746,0.));
#7514 = DIRECTION('',(-1.,0.,0.));
#7515 = DIRECTION('',(0.,1.,0.));
#7516 = ADVANCED_FACE('',(#7517),#7528,.T.);
#7517 = FACE_BOUND('',#7518,.T.);
#7518 = EDGE_LOOP('',(#7519,#7525,#7526,#7527));
#7519 = ORIENTED_EDGE('',*,*,#7520,.T.);
#7520 = EDGE_CURVE('',#6938,#7047,#7521,.T.);
#7521 = LINE('',#7522,#7523);
#7522 = CARTESIAN_POINT('',(83.757518089848,0.397242322053,0.));
#7523 = VECTOR('',#7524,1.);
#7524 = DIRECTION('',(0.,0.,1.));
#7525 = ORIENTED_EDGE('',*,*,#7046,.T.);
#7526 = ORIENTED_EDGE('',*,*,#7441,.F.);
#7527 = ORIENTED_EDGE('',*,*,#6945,.F.);
#7528 = CYLINDRICAL_SURFACE('',#7529,1.2);
#7529 = AXIS2_PLACEMENT_3D('',#7530,#7531,#7532);
#7530 = CARTESIAN_POINT('',(82.865565114351,1.2,0.));
#7531 = DIRECTION('',(0.,0.,-1.));
#7532 = DIRECTION('',(0.743294146247,-0.668964731622,0.));
#7533 = ADVANCED_FACE('',(#7534),#7545,.T.);
#7534 = FACE_BOUND('',#7535,.T.);
#7535 = EDGE_LOOP('',(#7536,#7537,#7538,#7544));
#7536 = ORIENTED_EDGE('',*,*,#7506,.T.);
#7537 = ORIENTED_EDGE('',*,*,#7138,.T.);
#7538 = ORIENTED_EDGE('',*,*,#7539,.F.);
#7539 = EDGE_CURVE('',#6844,#7139,#7540,.T.);
#7540 = LINE('',#7541,#7542);
#7541 = CARTESIAN_POINT('',(0.397242322053,83.757518089848,0.));
#7542 = VECTOR('',#7543,1.);
#7543 = DIRECTION('',(0.,0.,1.));
#7544 = ORIENTED_EDGE('',*,*,#6843,.F.);
#7545 = CYLINDRICAL_SURFACE('',#7546,1.2);
#7546 = AXIS2_PLACEMENT_3D('',#7547,#7548,#7549);
#7547 = CARTESIAN_POINT('',(1.2,82.865565114351,0.));
#7548 = DIRECTION('',(0.,0.,-1.));
#7549 = DIRECTION('',(-1.,0.,0.));
#7550 = ADVANCED_FACE('',(#7551),#7562,.T.);
#7551 = FACE_BOUND('',#7552,.T.);
#7552 = EDGE_LOOP('',(#7553,#7559,#7560,#7561));
#7553 = ORIENTED_EDGE('',*,*,#7554,.T.);
#7554 = EDGE_CURVE('',#6929,#7341,#7555,.T.);
#7555 = LINE('',#7556,#7557);
#7556 = CARTESIAN_POINT('',(104.69195297549,23.65772552833,0.));
#7557 = VECTOR('',#7558,1.);
#7558 = DIRECTION('',(0.,0.,1.));
#7559 = ORIENTED_EDGE('',*,*,#7349,.T.);
#7560 = ORIENTED_EDGE('',*,*,#7520,.F.);
#7561 = ORIENTED_EDGE('',*,*,#6937,.F.);
#7562 = PLANE('',#7563);
#7563 = AXIS2_PLACEMENT_3D('',#7564,#7565,#7566);
#7564 = CARTESIAN_POINT('',(104.69195297549,23.65772552833,0.));
#7565 = DIRECTION('',(0.743294146247,-0.668964731622,0.));
#7566 = DIRECTION('',(-0.668964731622,-0.743294146247,0.));
#7567 = ADVANCED_FACE('',(#7568),#7579,.T.);
#7568 = FACE_BOUND('',#7569,.T.);
#7569 = EDGE_LOOP('',(#7570,#7571,#7572,#7578));
#7570 = ORIENTED_EDGE('',*,*,#7539,.T.);
#7571 = ORIENTED_EDGE('',*,*,#7147,.T.);
#7572 = ORIENTED_EDGE('',*,*,#7573,.F.);
#7573 = EDGE_CURVE('',#6853,#7148,#7574,.T.);
#7574 = LINE('',#7575,#7576);
#7575 = CARTESIAN_POINT('',(23.62920265569,104.66628239012,0.));
#7576 = VECTOR('',#7577,1.);
#7577 = DIRECTION('',(0.,0.,1.));
#7578 = ORIENTED_EDGE('',*,*,#6852,.F.);
#7579 = PLANE('',#7580);
#7580 = AXIS2_PLACEMENT_3D('',#7581,#7582,#7583);
#7581 = CARTESIAN_POINT('',(0.397242322053,83.757518089848,0.));
#7582 = DIRECTION('',(-0.668964731622,0.743294146247,0.));
#7583 = DIRECTION('',(0.743294146247,0.668964731622,0.));
#7584 = ADVANCED_FACE('',(#7585),#7596,.T.);
#7585 = FACE_BOUND('',#7586,.T.);
#7586 = EDGE_LOOP('',(#7587,#7593,#7594,#7595));
#7587 = ORIENTED_EDGE('',*,*,#7588,.T.);
#7588 = EDGE_CURVE('',#6921,#7333,#7589,.T.);
#7589 = LINE('',#7590,#7591);
#7590 = CARTESIAN_POINT('',(105.,24.460483206276,0.));
#7591 = VECTOR('',#7592,1.);
#7592 = DIRECTION('',(0.,0.,1.));
#7593 = ORIENTED_EDGE('',*,*,#7340,.T.);
#7594 = ORIENTED_EDGE('',*,*,#7554,.F.);
#7595 = ORIENTED_EDGE('',*,*,#6928,.F.);
#7596 = CYLINDRICAL_SURFACE('',#7597,1.2);
#7597 = AXIS2_PLACEMENT_3D('',#7598,#7599,#7600);
#7598 = CARTESIAN_POINT('',(103.8,24.460483206276,0.));
#7599 = DIRECTION('',(0.,0.,-1.));
#7600 = DIRECTION('',(1.,2.368475785867E-14,0.));
#7601 = ADVANCED_FACE('',(#7602),#7613,.T.);
#7602 = FACE_BOUND('',#7603,.T.);
#7603 = EDGE_LOOP('',(#7604,#7605,#7606,#7612));
#7604 = ORIENTED_EDGE('',*,*,#7573,.T.);
#7605 = ORIENTED_EDGE('',*,*,#7155,.T.);
#7606 = ORIENTED_EDGE('',*,*,#7607,.F.);
#7607 = EDGE_CURVE('',#6861,#7156,#7608,.T.);
#7608 = LINE('',#7609,#7610);
#7609 = CARTESIAN_POINT('',(24.4988568068,105.,0.));
#7610 = VECTOR('',#7611,1.);
#7611 = DIRECTION('',(0.,0.,1.));
#7612 = ORIENTED_EDGE('',*,*,#6860,.F.);
#7613 = CYLINDRICAL_SURFACE('',#7614,1.3);
#7614 = AXIS2_PLACEMENT_3D('',#7615,#7616,#7617);
#7615 = CARTESIAN_POINT('',(24.4988568068,103.7,0.));
#7616 = DIRECTION('',(0.,0.,-1.));
#7617 = DIRECTION('',(-0.668964731622,0.743294146247,0.));
#7618 = ADVANCED_FACE('',(#7619),#7630,.T.);
#7619 = FACE_BOUND('',#7620,.T.);
#7620 = EDGE_LOOP('',(#7621,#7627,#7628,#7629));
#7621 = ORIENTED_EDGE('',*,*,#7622,.T.);
#7622 = EDGE_CURVE('',#6912,#7324,#7623,.T.);
#7623 = LINE('',#7624,#7625);
#7624 = CARTESIAN_POINT('',(105.,25.68,0.));
#7625 = VECTOR('',#7626,1.);
#7626 = DIRECTION('',(0.,0.,1.));
#7627 = ORIENTED_EDGE('',*,*,#7332,.T.);
#7628 = ORIENTED_EDGE('',*,*,#7588,.F.);
#7629 = ORIENTED_EDGE('',*,*,#6920,.F.);
#7630 = PLANE('',#7631);
#7631 = AXIS2_PLACEMENT_3D('',#7632,#7633,#7634);
#7632 = CARTESIAN_POINT('',(105.,25.68,0.));
#7633 = DIRECTION('',(1.,0.,-0.));
#7634 = DIRECTION('',(0.,-1.,0.));
#7635 = ADVANCED_FACE('',(#7636),#7647,.T.);
#7636 = FACE_BOUND('',#7637,.T.);
#7637 = EDGE_LOOP('',(#7638,#7639,#7640,#7646));
#7638 = ORIENTED_EDGE('',*,*,#7607,.T.);
#7639 = ORIENTED_EDGE('',*,*,#7164,.T.);
#7640 = ORIENTED_EDGE('',*,*,#7641,.F.);
#7641 = EDGE_CURVE('',#6870,#7165,#7642,.T.);
#7642 = LINE('',#7643,#7644);
#7643 = CARTESIAN_POINT('',(25.68,105.,0.));
#7644 = VECTOR('',#7645,1.);
#7645 = DIRECTION('',(0.,0.,1.));
#7646 = ORIENTED_EDGE('',*,*,#6869,.F.);
#7647 = PLANE('',#7648);
#7648 = AXIS2_PLACEMENT_3D('',#7649,#7650,#7651);
#7649 = CARTESIAN_POINT('',(24.4988568068,105.,0.));
#7650 = DIRECTION('',(0.,1.,0.));
#7651 = DIRECTION('',(1.,0.,0.));
#7652 = ADVANCED_FACE('',(#7653),#7664,.T.);
#7653 = FACE_BOUND('',#7654,.T.);
#7654 = EDGE_LOOP('',(#7655,#7661,#7662,#7663));
#7655 = ORIENTED_EDGE('',*,*,#7656,.T.);
#7656 = EDGE_CURVE('',#6904,#7316,#7657,.T.);
#7657 = LINE('',#7658,#7659);
#7658 = CARTESIAN_POINT('',(103.68,27.,0.));
#7659 = VECTOR('',#7660,1.);
#7660 = DIRECTION('',(0.,0.,1.));
#7661 = ORIENTED_EDGE('',*,*,#7323,.T.);
#7662 = ORIENTED_EDGE('',*,*,#7622,.F.);
#7663 = ORIENTED_EDGE('',*,*,#6911,.F.);
#7664 = CYLINDRICAL_SURFACE('',#7665,1.32);
#7665 = AXIS2_PLACEMENT_3D('',#7666,#7667,#7668);
#7666 = CARTESIAN_POINT('',(103.68,25.68,0.));
#7667 = DIRECTION('',(0.,0.,-1.));
#7668 = DIRECTION('',(0.,1.,0.));
#7669 = ADVANCED_FACE('',(#7670),#7681,.T.);
#7670 = FACE_BOUND('',#7671,.T.);
#7671 = EDGE_LOOP('',(#7672,#7673,#7674,#7680));
#7672 = ORIENTED_EDGE('',*,*,#7641,.T.);
#7673 = ORIENTED_EDGE('',*,*,#7172,.T.);
#7674 = ORIENTED_EDGE('',*,*,#7675,.F.);
#7675 = EDGE_CURVE('',#6878,#7173,#7676,.T.);
#7676 = LINE('',#7677,#7678);
#7677 = CARTESIAN_POINT('',(27.,103.68,0.));
#7678 = VECTOR('',#7679,1.);
#7679 = DIRECTION('',(0.,0.,1.));
#7680 = ORIENTED_EDGE('',*,*,#6877,.F.);
#7681 = CYLINDRICAL_SURFACE('',#7682,1.32);
#7682 = AXIS2_PLACEMENT_3D('',#7683,#7684,#7685);
#7683 = CARTESIAN_POINT('',(25.68,103.68,0.));
#7684 = DIRECTION('',(0.,0.,-1.));
#7685 = DIRECTION('',(-8.074349270001E-15,1.,0.));
#7686 = ADVANCED_FACE('',(#7687),#7698,.T.);
#7687 = FACE_BOUND('',#7688,.T.);
#7688 = EDGE_LOOP('',(#7689,#7695,#7696,#7697));
#7689 = ORIENTED_EDGE('',*,*,#7690,.T.);
#7690 = EDGE_CURVE('',#6895,#7307,#7691,.T.);
#7691 = LINE('',#7692,#7693);
#7692 = CARTESIAN_POINT('',(29.,27.,0.));
#7693 = VECTOR('',#7694,1.);
#7694 = DIRECTION('',(0.,0.,1.));
#7695 = ORIENTED_EDGE('',*,*,#7315,.T.);
#7696 = ORIENTED_EDGE('',*,*,#7656,.F.);
#7697 = ORIENTED_EDGE('',*,*,#6903,.F.);
#7698 = PLANE('',#7699);
#7699 = AXIS2_PLACEMENT_3D('',#7700,#7701,#7702);
#7700 = CARTESIAN_POINT('',(29.,27.,0.));
#7701 = DIRECTION('',(0.,1.,0.));
#7702 = DIRECTION('',(1.,0.,0.));
#7703 = ADVANCED_FACE('',(#7704),#7715,.T.);
#7704 = FACE_BOUND('',#7705,.T.);
#7705 = EDGE_LOOP('',(#7706,#7707,#7708,#7714));
#7706 = ORIENTED_EDGE('',*,*,#7675,.T.);
#7707 = ORIENTED_EDGE('',*,*,#7181,.T.);
#7708 = ORIENTED_EDGE('',*,*,#7709,.F.);
#7709 = EDGE_CURVE('',#6887,#7182,#7710,.T.);
#7710 = LINE('',#7711,#7712);
#7711 = CARTESIAN_POINT('',(27.,29.,0.));
#7712 = VECTOR('',#7713,1.);
#7713 = DIRECTION('',(0.,0.,1.));
#7714 = ORIENTED_EDGE('',*,*,#6886,.F.);
#7715 = PLANE('',#7716);
#7716 = AXIS2_PLACEMENT_3D('',#7717,#7718,#7719);
#7717 = CARTESIAN_POINT('',(27.,103.68,0.));
#7718 = DIRECTION('',(1.,0.,-0.));
#7719 = DIRECTION('',(0.,-1.,0.));
#7720 = ADVANCED_FACE('',(#7721),#7751,.F.);
#7721 = FACE_BOUND('',#7722,.T.);
#7722 = EDGE_LOOP('',(#7723,#7724,#7725,#7726,#7734,#7743,#7749,#7750));
#7723 = ORIENTED_EDGE('',*,*,#6894,.F.);
#7724 = ORIENTED_EDGE('',*,*,#7709,.T.);
#7725 = ORIENTED_EDGE('',*,*,#7189,.T.);
#7726 = ORIENTED_EDGE('',*,*,#7727,.T.);
#7727 = EDGE_CURVE('',#7190,#7728,#7730,.T.);
#7728 = VERTEX_POINT('',#7729);
#7729 = CARTESIAN_POINT('',(27.032638694987,28.640153511148,2.45));
#7730 = LINE('',#7731,#7732);
#7731 = CARTESIAN_POINT('',(27.032638694987,28.640153511148,0.));
#7732 = VECTOR('',#7733,1.);
#7733 = DIRECTION('',(-0.,-0.,-1.));
#7734 = ORIENTED_EDGE('',*,*,#7735,.F.);
#7735 = EDGE_CURVE('',#7736,#7728,#7738,.T.);
#7736 = VERTEX_POINT('',#7737);
#7737 = CARTESIAN_POINT('',(28.640153511148,27.032638694987,2.45));
#7738 = CIRCLE('',#7739,2.);
#7739 = AXIS2_PLACEMENT_3D('',#7740,#7741,#7742);
#7740 = CARTESIAN_POINT('',(29.,29.,2.45));
#7741 = DIRECTION('',(-0.,0.,-1.));
#7742 = DIRECTION('',(-1.,0.,0.));
#7743 = ORIENTED_EDGE('',*,*,#7744,.F.);
#7744 = EDGE_CURVE('',#7299,#7736,#7745,.T.);
#7745 = LINE('',#7746,#7747);
#7746 = CARTESIAN_POINT('',(28.640153511148,27.032638694987,0.));
#7747 = VECTOR('',#7748,1.);
#7748 = DIRECTION('',(-0.,-0.,-1.));
#7749 = ORIENTED_EDGE('',*,*,#7306,.T.);
#7750 = ORIENTED_EDGE('',*,*,#7690,.F.);
#7751 = CYLINDRICAL_SURFACE('',#7752,2.);
#7752 = AXIS2_PLACEMENT_3D('',#7753,#7754,#7755);
#7753 = CARTESIAN_POINT('',(29.,29.,0.));
#7754 = DIRECTION('',(-0.,-0.,-1.));
#7755 = DIRECTION('',(-1.,0.,0.));
#7756 = ADVANCED_FACE('',(#7757),#7768,.F.);
#7757 = FACE_BOUND('',#7758,.F.);
#7758 = EDGE_LOOP('',(#7759,#7760,#7766,#7767));
#7759 = ORIENTED_EDGE('',*,*,#7357,.F.);
#7760 = ORIENTED_EDGE('',*,*,#7761,.F.);
#7761 = EDGE_CURVE('',#6964,#7358,#7762,.T.);
#7762 = LINE('',#7763,#7764);
#7763 = CARTESIAN_POINT('',(89.,10.,-1.));
#7764 = VECTOR('',#7765,1.);
#7765 = DIRECTION('',(0.,0.,1.));
#7766 = ORIENTED_EDGE('',*,*,#6963,.T.);
#7767 = ORIENTED_EDGE('',*,*,#7761,.T.);
#7768 = CYLINDRICAL_SURFACE('',#7769,3.);
#7769 = AXIS2_PLACEMENT_3D('',#7770,#7771,#7772);
#7770 = CARTESIAN_POINT('',(86.,10.,-1.));
#7771 = DIRECTION('',(0.,0.,1.));
#7772 = DIRECTION('',(1.,0.,-0.));
#7773 = ADVANCED_FACE('',(#7774),#7785,.F.);
#7774 = FACE_BOUND('',#7775,.F.);
#7775 = EDGE_LOOP('',(#7776,#7777,#7783,#7784));
#7776 = ORIENTED_EDGE('',*,*,#7368,.F.);
#7777 = ORIENTED_EDGE('',*,*,#7778,.F.);
#7778 = EDGE_CURVE('',#6975,#7369,#7779,.T.);
#7779 = LINE('',#7780,#7781);
#7780 = CARTESIAN_POINT('',(52.,10.,-1.));
#7781 = VECTOR('',#7782,1.);
#7782 = DIRECTION('',(0.,0.,1.));
#7783 = ORIENTED_EDGE('',*,*,#6974,.T.);
#7784 = ORIENTED_EDGE('',*,*,#7778,.T.);
#7785 = CYLINDRICAL_SURFACE('',#7786,3.);
#7786 = AXIS2_PLACEMENT_3D('',#7787,#7788,#7789);
#7787 = CARTESIAN_POINT('',(49.,10.,-1.));
#7788 = DIRECTION('',(0.,0.,1.));
#7789 = DIRECTION('',(1.,0.,-0.));
#7790 = ADVANCED_FACE('',(#7791),#7802,.F.);
#7791 = FACE_BOUND('',#7792,.F.);
#7792 = EDGE_LOOP('',(#7793,#7794,#7800,#7801));
#7793 = ORIENTED_EDGE('',*,*,#7379,.F.);
#7794 = ORIENTED_EDGE('',*,*,#7795,.F.);
#7795 = EDGE_CURVE('',#6986,#7380,#7796,.T.);
#7796 = LINE('',#7797,#7798);
#7797 = CARTESIAN_POINT('',(33.,10.,-1.));
#7798 = VECTOR('',#7799,1.);
#7799 = DIRECTION('',(0.,0.,1.));
#7800 = ORIENTED_EDGE('',*,*,#6985,.T.);
#7801 = ORIENTED_EDGE('',*,*,#7795,.T.);
#7802 = CYLINDRICAL_SURFACE('',#7803,3.);
#7803 = AXIS2_PLACEMENT_3D('',#7804,#7805,#7806);
#7804 = CARTESIAN_POINT('',(30.,10.,-1.));
#7805 = DIRECTION('',(0.,0.,1.));
#7806 = DIRECTION('',(1.,0.,-0.));
#7807 = ADVANCED_FACE('',(#7808),#7819,.F.);
#7808 = FACE_BOUND('',#7809,.F.);
#7809 = EDGE_LOOP('',(#7810,#7811,#7817,#7818));
#7810 = ORIENTED_EDGE('',*,*,#7390,.F.);
#7811 = ORIENTED_EDGE('',*,*,#7812,.F.);
#7812 = EDGE_CURVE('',#6997,#7391,#7813,.T.);
#7813 = LINE('',#7814,#7815);
#7814 = CARTESIAN_POINT('',(18.5,13.,-1.));
#7815 = VECTOR('',#7816,1.);
#7816 = DIRECTION('',(0.,0.,1.));
#7817 = ORIENTED_EDGE('',*,*,#6996,.T.);
#7818 = ORIENTED_EDGE('',*,*,#7812,.T.);
#7819 = CYLINDRICAL_SURFACE('',#7820,5.5);
#7820 = AXIS2_PLACEMENT_3D('',#7821,#7822,#7823);
#7821 = CARTESIAN_POINT('',(13.,13.,-1.));
#7822 = DIRECTION('',(0.,0.,1.));
#7823 = DIRECTION('',(1.,0.,-0.));
#7824 = ADVANCED_FACE('',(#7825),#7836,.F.);
#7825 = FACE_BOUND('',#7826,.F.);
#7826 = EDGE_LOOP('',(#7827,#7828,#7834,#7835));
#7827 = ORIENTED_EDGE('',*,*,#7401,.F.);
#7828 = ORIENTED_EDGE('',*,*,#7829,.F.);
#7829 = EDGE_CURVE('',#7008,#7402,#7830,.T.);
#7830 = LINE('',#7831,#7832);
#7831 = CARTESIAN_POINT('',(13.,30.,-1.));
#7832 = VECTOR('',#7833,1.);
#7833 = DIRECTION('',(0.,0.,1.));
#7834 = ORIENTED_EDGE('',*,*,#7007,.T.);
#7835 = ORIENTED_EDGE('',*,*,#7829,.T.);
#7836 = CYLINDRICAL_SURFACE('',#7837,3.);
#7837 = AXIS2_PLACEMENT_3D('',#7838,#7839,#7840);
#7838 = CARTESIAN_POINT('',(10.,30.,-1.));
#7839 = DIRECTION('',(0.,0.,1.));
#7840 = DIRECTION('',(1.,0.,-0.));
#7841 = ADVANCED_FACE('',(#7842),#7853,.F.);
#7842 = FACE_BOUND('',#7843,.F.);
#7843 = EDGE_LOOP('',(#7844,#7845,#7851,#7852));
#7844 = ORIENTED_EDGE('',*,*,#7412,.F.);
#7845 = ORIENTED_EDGE('',*,*,#7846,.F.);
#7846 = EDGE_CURVE('',#7019,#7413,#7847,.T.);
#7847 = LINE('',#7848,#7849);
#7848 = CARTESIAN_POINT('',(13.,49.,-1.));
#7849 = VECTOR('',#7850,1.);
#7850 = DIRECTION('',(0.,0.,1.));
#7851 = ORIENTED_EDGE('',*,*,#7018,.T.);
#7852 = ORIENTED_EDGE('',*,*,#7846,.T.);
#7853 = CYLINDRICAL_SURFACE('',#7854,3.);
#7854 = AXIS2_PLACEMENT_3D('',#7855,#7856,#7857);
#7855 = CARTESIAN_POINT('',(10.,49.,-1.));
#7856 = DIRECTION('',(0.,0.,1.));
#7857 = DIRECTION('',(1.,0.,-0.));
#7858 = ADVANCED_FACE('',(#7859),#7870,.F.);
#7859 = FACE_BOUND('',#7860,.F.);
#7860 = EDGE_LOOP('',(#7861,#7862,#7868,#7869));
#7861 = ORIENTED_EDGE('',*,*,#7423,.F.);
#7862 = ORIENTED_EDGE('',*,*,#7863,.F.);
#7863 = EDGE_CURVE('',#7030,#7424,#7864,.T.);
#7864 = LINE('',#7865,#7866);
#7865 = CARTESIAN_POINT('',(13.,86.,-1.));
#7866 = VECTOR('',#7867,1.);
#7867 = DIRECTION('',(0.,0.,1.));
#7868 = ORIENTED_EDGE('',*,*,#7029,.T.);
#7869 = ORIENTED_EDGE('',*,*,#7863,.T.);
#7870 = CYLINDRICAL_SURFACE('',#7871,3.);
#7871 = AXIS2_PLACEMENT_3D('',#7872,#7873,#7874);
#7872 = CARTESIAN_POINT('',(10.,86.,-1.));
#7873 = DIRECTION('',(0.,0.,1.));
#7874 = DIRECTION('',(1.,0.,-0.));
#7875 = ADVANCED_FACE('',(#7876),#7894,.F.);
#7876 = FACE_BOUND('',#7877,.F.);
#7877 = EDGE_LOOP('',(#7878,#7886,#7892,#7893));
#7878 = ORIENTED_EDGE('',*,*,#7879,.F.);
#7879 = EDGE_CURVE('',#7880,#7449,#7882,.T.);
#7880 = VERTEX_POINT('',#7881);
#7881 = CARTESIAN_POINT('',(36.225,23.,2.28));
#7882 = LINE('',#7883,#7884);
#7883 = CARTESIAN_POINT('',(36.225,23.,2.28));
#7884 = VECTOR('',#7885,1.);
#7885 = DIRECTION('',(0.,-1.,0.));
#7886 = ORIENTED_EDGE('',*,*,#7887,.T.);
#7887 = EDGE_CURVE('',#7880,#7066,#7888,.T.);
#7888 = LINE('',#7889,#7890);
#7889 = CARTESIAN_POINT('',(36.225,23.,2.28));
#7890 = VECTOR('',#7891,1.);
#7891 = DIRECTION('',(0.,0.,1.));
#7892 = ORIENTED_EDGE('',*,*,#7065,.T.);
#7893 = ORIENTED_EDGE('',*,*,#7448,.F.);
#7894 = PLANE('',#7895);
#7895 = AXIS2_PLACEMENT_3D('',#7896,#7897,#7898);
#7896 = CARTESIAN_POINT('',(36.225,23.,2.28));
#7897 = DIRECTION('',(1.,0.,-0.));
#7898 = DIRECTION('',(0.,-1.,0.));
#7899 = ADVANCED_FACE('',(#7900),#7918,.F.);
#7900 = FACE_BOUND('',#7901,.F.);
#7901 = EDGE_LOOP('',(#7902,#7910,#7916,#7917));
#7902 = ORIENTED_EDGE('',*,*,#7903,.F.);
#7903 = EDGE_CURVE('',#7904,#7880,#7906,.T.);
#7904 = VERTEX_POINT('',#7905);
#7905 = CARTESIAN_POINT('',(35.775,23.,2.28));
#7906 = LINE('',#7907,#7908);
#7907 = CARTESIAN_POINT('',(35.775,23.,2.28));
#7908 = VECTOR('',#7909,1.);
#7909 = DIRECTION('',(1.,0.,0.));
#7910 = ORIENTED_EDGE('',*,*,#7911,.T.);
#7911 = EDGE_CURVE('',#7904,#7074,#7912,.T.);
#7912 = LINE('',#7913,#7914);
#7913 = CARTESIAN_POINT('',(35.775,23.,2.28));
#7914 = VECTOR('',#7915,1.);
#7915 = DIRECTION('',(0.,0.,1.));
#7916 = ORIENTED_EDGE('',*,*,#7073,.T.);
#7917 = ORIENTED_EDGE('',*,*,#7887,.F.);
#7918 = PLANE('',#7919);
#7919 = AXIS2_PLACEMENT_3D('',#7920,#7921,#7922);
#7920 = CARTESIAN_POINT('',(35.775,23.,2.28));
#7921 = DIRECTION('',(0.,1.,0.));
#7922 = DIRECTION('',(1.,0.,0.));
#7923 = ADVANCED_FACE('',(#7924),#7935,.F.);
#7924 = FACE_BOUND('',#7925,.F.);
#7925 = EDGE_LOOP('',(#7926,#7932,#7933,#7934));
#7926 = ORIENTED_EDGE('',*,*,#7927,.F.);
#7927 = EDGE_CURVE('',#7457,#7904,#7928,.T.);
#7928 = LINE('',#7929,#7930);
#7929 = CARTESIAN_POINT('',(35.775,0.,2.28));
#7930 = VECTOR('',#7931,1.);
#7931 = DIRECTION('',(0.,1.,0.));
#7932 = ORIENTED_EDGE('',*,*,#7464,.T.);
#7933 = ORIENTED_EDGE('',*,*,#7081,.T.);
#7934 = ORIENTED_EDGE('',*,*,#7911,.F.);
#7935 = PLANE('',#7936);
#7936 = AXIS2_PLACEMENT_3D('',#7937,#7938,#7939);
#7937 = CARTESIAN_POINT('',(35.775,0.,2.28));
#7938 = DIRECTION('',(-1.,0.,0.));
#7939 = DIRECTION('',(0.,1.,0.));
#7940 = ADVANCED_FACE('',(#7941),#7975,.T.);
#7941 = FACE_BOUND('',#7942,.T.);
#7942 = EDGE_LOOP('',(#7943,#7944,#7952,#7960,#7966,#7967,#7968,#7974));
#7943 = ORIENTED_EDGE('',*,*,#7198,.F.);
#7944 = ORIENTED_EDGE('',*,*,#7945,.T.);
#7945 = EDGE_CURVE('',#7199,#7946,#7948,.T.);
#7946 = VERTEX_POINT('',#7947);
#7947 = CARTESIAN_POINT('',(26.563603896932,29.109188309204,3.45));
#7948 = LINE('',#7949,#7950);
#7949 = CARTESIAN_POINT('',(26.563603896932,29.109188309204,2.45));
#7950 = VECTOR('',#7951,1.);
#7951 = DIRECTION('',(0.,0.,1.));
#7952 = ORIENTED_EDGE('',*,*,#7953,.T.);
#7953 = EDGE_CURVE('',#7946,#7954,#7956,.T.);
#7954 = VERTEX_POINT('',#7955);
#7955 = CARTESIAN_POINT('',(29.109188309204,26.563603896932,3.45));
#7956 = LINE('',#7957,#7958);
#7957 = CARTESIAN_POINT('',(26.563603896932,29.109188309204,3.45));
#7958 = VECTOR('',#7959,1.);
#7959 = DIRECTION('',(0.707106781187,-0.707106781187,0.));
#7960 = ORIENTED_EDGE('',*,*,#7961,.F.);
#7961 = EDGE_CURVE('',#7290,#7954,#7962,.T.);
#7962 = LINE('',#7963,#7964);
#7963 = CARTESIAN_POINT('',(29.109188309204,26.563603896932,2.45));
#7964 = VECTOR('',#7965,1.);
#7965 = DIRECTION('',(0.,0.,1.));
#7966 = ORIENTED_EDGE('',*,*,#7298,.F.);
#7967 = ORIENTED_EDGE('',*,*,#7744,.T.);
#7968 = ORIENTED_EDGE('',*,*,#7969,.F.);
#7969 = EDGE_CURVE('',#7728,#7736,#7970,.T.);
#7970 = LINE('',#7971,#7972);
#7971 = CARTESIAN_POINT('',(26.563603896932,29.109188309204,2.45));
#7972 = VECTOR('',#7973,1.);
#7973 = DIRECTION('',(0.707106781187,-0.707106781187,0.));
#7974 = ORIENTED_EDGE('',*,*,#7727,.F.);
#7975 = PLANE('',#7976);
#7976 = AXIS2_PLACEMENT_3D('',#7977,#7978,#7979);
#7977 = CARTESIAN_POINT('',(26.563603896932,29.109188309204,2.45));
#7978 = DIRECTION('',(0.707106781187,0.707106781187,-0.));
#7979 = DIRECTION('',(0.707106781187,-0.707106781187,0.));
#7980 = ADVANCED_FACE('',(#7981),#8000,.F.);
#7981 = FACE_BOUND('',#7982,.T.);
#7982 = EDGE_LOOP('',(#7983,#7984,#7985,#7994));
#7983 = ORIENTED_EDGE('',*,*,#7289,.T.);
#7984 = ORIENTED_EDGE('',*,*,#7961,.T.);
#7985 = ORIENTED_EDGE('',*,*,#7986,.T.);
#7986 = EDGE_CURVE('',#7954,#7987,#7989,.T.);
#7987 = VERTEX_POINT('',#7988);
#7988 = CARTESIAN_POINT('',(29.745584412272,26.3,3.45));
#7989 = CIRCLE('',#7990,0.9);
#7990 = AXIS2_PLACEMENT_3D('',#7991,#7992,#7993);
#7991 = CARTESIAN_POINT('',(29.745584412272,27.2,3.45));
#7992 = DIRECTION('',(0.,0.,1.));
#7993 = DIRECTION('',(-0.707106781187,-0.707106781187,0.));
#7994 = ORIENTED_EDGE('',*,*,#7995,.F.);
#7995 = EDGE_CURVE('',#7282,#7987,#7996,.T.);
#7996 = LINE('',#7997,#7998);
#7997 = CARTESIAN_POINT('',(29.745584412272,26.3,2.45));
#7998 = VECTOR('',#7999,1.);
#7999 = DIRECTION('',(0.,0.,1.));
#8000 = CYLINDRICAL_SURFACE('',#8001,0.9);
#8001 = AXIS2_PLACEMENT_3D('',#8002,#8003,#8004);
#8002 = CARTESIAN_POINT('',(29.745584412272,27.2,2.45));
#8003 = DIRECTION('',(-0.,-0.,-1.));
#8004 = DIRECTION('',(-0.707106781187,-0.707106781187,0.));
#8005 = ADVANCED_FACE('',(#8006),#8024,.T.);
#8006 = FACE_BOUND('',#8007,.T.);
#8007 = EDGE_LOOP('',(#8008,#8009,#8010,#8018));
#8008 = ORIENTED_EDGE('',*,*,#7281,.F.);
#8009 = ORIENTED_EDGE('',*,*,#7995,.T.);
#8010 = ORIENTED_EDGE('',*,*,#8011,.T.);
#8011 = EDGE_CURVE('',#7987,#8012,#8014,.T.);
#8012 = VERTEX_POINT('',#8013);
#8013 = CARTESIAN_POINT('',(40.,26.3,3.45));
#8014 = LINE('',#8015,#8016);
#8015 = CARTESIAN_POINT('',(29.745584412272,26.3,3.45));
#8016 = VECTOR('',#8017,1.);
#8017 = DIRECTION('',(1.,0.,0.));
#8018 = ORIENTED_EDGE('',*,*,#8019,.F.);
#8019 = EDGE_CURVE('',#7274,#8012,#8020,.T.);
#8020 = LINE('',#8021,#8022);
#8021 = CARTESIAN_POINT('',(40.,26.3,2.45));
#8022 = VECTOR('',#8023,1.);
#8023 = DIRECTION('',(0.,0.,1.));
#8024 = PLANE('',#8025);
#8025 = AXIS2_PLACEMENT_3D('',#8026,#8027,#8028);
#8026 = CARTESIAN_POINT('',(29.745584412272,26.3,2.45));
#8027 = DIRECTION('',(0.,1.,0.));
#8028 = DIRECTION('',(1.,0.,0.));
#8029 = ADVANCED_FACE('',(#8030),#8048,.T.);
#8030 = FACE_BOUND('',#8031,.T.);
#8031 = EDGE_LOOP('',(#8032,#8033,#8034,#8042));
#8032 = ORIENTED_EDGE('',*,*,#7273,.F.);
#8033 = ORIENTED_EDGE('',*,*,#8019,.T.);
#8034 = ORIENTED_EDGE('',*,*,#8035,.T.);
#8035 = EDGE_CURVE('',#8012,#8036,#8038,.T.);
#8036 = VERTEX_POINT('',#8037);
#8037 = CARTESIAN_POINT('',(40.,24.5,3.45));
#8038 = LINE('',#8039,#8040);
#8039 = CARTESIAN_POINT('',(40.,26.3,3.45));
#8040 = VECTOR('',#8041,1.);
#8041 = DIRECTION('',(0.,-1.,0.));
#8042 = ORIENTED_EDGE('',*,*,#8043,.F.);
#8043 = EDGE_CURVE('',#7266,#8036,#8044,.T.);
#8044 = LINE('',#8045,#8046);
#8045 = CARTESIAN_POINT('',(40.,24.5,2.45));
#8046 = VECTOR('',#8047,1.);
#8047 = DIRECTION('',(0.,0.,1.));
#8048 = PLANE('',#8049);
#8049 = AXIS2_PLACEMENT_3D('',#8050,#8051,#8052);
#8050 = CARTESIAN_POINT('',(40.,26.3,2.45));
#8051 = DIRECTION('',(1.,0.,-0.));
#8052 = DIRECTION('',(0.,-1.,0.));
#8053 = ADVANCED_FACE('',(#8054),#8072,.F.);
#8054 = FACE_BOUND('',#8055,.F.);
#8055 = EDGE_LOOP('',(#8056,#8064,#8070,#8071));
#8056 = ORIENTED_EDGE('',*,*,#8057,.F.);
#8057 = EDGE_CURVE('',#8058,#7484,#8060,.T.);
#8058 = VERTEX_POINT('',#8059);
#8059 = CARTESIAN_POINT('',(23.,35.775,2.28));
#8060 = LINE('',#8061,#8062);
#8061 = CARTESIAN_POINT('',(23.,35.775,2.28));
#8062 = VECTOR('',#8063,1.);
#8063 = DIRECTION('',(-1.,0.,0.));
#8064 = ORIENTED_EDGE('',*,*,#8065,.T.);
#8065 = EDGE_CURVE('',#8058,#7107,#8066,.T.);
#8066 = LINE('',#8067,#8068);
#8067 = CARTESIAN_POINT('',(23.,35.775,2.28));
#8068 = VECTOR('',#8069,1.);
#8069 = DIRECTION('',(0.,0.,1.));
#8070 = ORIENTED_EDGE('',*,*,#7106,.T.);
#8071 = ORIENTED_EDGE('',*,*,#7483,.F.);
#8072 = PLANE('',#8073);
#8073 = AXIS2_PLACEMENT_3D('',#8074,#8075,#8076);
#8074 = CARTESIAN_POINT('',(23.,35.775,2.28));
#8075 = DIRECTION('',(0.,-1.,0.));
#8076 = DIRECTION('',(-1.,0.,0.));
#8077 = ADVANCED_FACE('',(#8078),#8096,.T.);
#8078 = FACE_BOUND('',#8079,.T.);
#8079 = EDGE_LOOP('',(#8080,#8081,#8082,#8090));
#8080 = ORIENTED_EDGE('',*,*,#7265,.F.);
#8081 = ORIENTED_EDGE('',*,*,#8043,.T.);
#8082 = ORIENTED_EDGE('',*,*,#8083,.T.);
#8083 = EDGE_CURVE('',#8036,#8084,#8086,.T.);
#8084 = VERTEX_POINT('',#8085);
#8085 = CARTESIAN_POINT('',(29.745584412272,24.5,3.45));
#8086 = LINE('',#8087,#8088);
#8087 = CARTESIAN_POINT('',(40.,24.5,3.45));
#8088 = VECTOR('',#8089,1.);
#8089 = DIRECTION('',(-1.,0.,0.));
#8090 = ORIENTED_EDGE('',*,*,#8091,.F.);
#8091 = EDGE_CURVE('',#7257,#8084,#8092,.T.);
#8092 = LINE('',#8093,#8094);
#8093 = CARTESIAN_POINT('',(29.745584412272,24.5,2.45));
#8094 = VECTOR('',#8095,1.);
#8095 = DIRECTION('',(0.,0.,1.));
#8096 = PLANE('',#8097);
#8097 = AXIS2_PLACEMENT_3D('',#8098,#8099,#8100);
#8098 = CARTESIAN_POINT('',(40.,24.5,2.45));
#8099 = DIRECTION('',(0.,-1.,0.));
#8100 = DIRECTION('',(-1.,0.,0.));
#8101 = ADVANCED_FACE('',(#8102),#8120,.F.);
#8102 = FACE_BOUND('',#8103,.F.);
#8103 = EDGE_LOOP('',(#8104,#8112,#8118,#8119));
#8104 = ORIENTED_EDGE('',*,*,#8105,.F.);
#8105 = EDGE_CURVE('',#8106,#8058,#8108,.T.);
#8106 = VERTEX_POINT('',#8107);
#8107 = CARTESIAN_POINT('',(23.,36.225,2.28));
#8108 = LINE('',#8109,#8110);
#8109 = CARTESIAN_POINT('',(23.,36.225,2.28));
#8110 = VECTOR('',#8111,1.);
#8111 = DIRECTION('',(0.,-1.,0.));
#8112 = ORIENTED_EDGE('',*,*,#8113,.T.);
#8113 = EDGE_CURVE('',#8106,#7115,#8114,.T.);
#8114 = LINE('',#8115,#8116);
#8115 = CARTESIAN_POINT('',(23.,36.225,2.28));
#8116 = VECTOR('',#8117,1.);
#8117 = DIRECTION('',(0.,0.,1.));
#8118 = ORIENTED_EDGE('',*,*,#7114,.T.);
#8119 = ORIENTED_EDGE('',*,*,#8065,.F.);
#8120 = PLANE('',#8121);
#8121 = AXIS2_PLACEMENT_3D('',#8122,#8123,#8124);
#8122 = CARTESIAN_POINT('',(23.,36.225,2.28));
#8123 = DIRECTION('',(1.,0.,-0.));
#8124 = DIRECTION('',(0.,-1.,0.));
#8125 = ADVANCED_FACE('',(#8126),#8145,.T.);
#8126 = FACE_BOUND('',#8127,.T.);
#8127 = EDGE_LOOP('',(#8128,#8129,#8130,#8139));
#8128 = ORIENTED_EDGE('',*,*,#7256,.F.);
#8129 = ORIENTED_EDGE('',*,*,#8091,.T.);
#8130 = ORIENTED_EDGE('',*,*,#8131,.T.);
#8131 = EDGE_CURVE('',#8084,#8132,#8134,.T.);
#8132 = VERTEX_POINT('',#8133);
#8133 = CARTESIAN_POINT('',(27.836396103068,25.290811690796,3.45));
#8134 = CIRCLE('',#8135,2.7);
#8135 = AXIS2_PLACEMENT_3D('',#8136,#8137,#8138);
#8136 = CARTESIAN_POINT('',(29.745584412272,27.2,3.45));
#8137 = DIRECTION('',(0.,0.,-1.));
#8138 = DIRECTION('',(2.631639762074E-15,-1.,0.));
#8139 = ORIENTED_EDGE('',*,*,#8140,.F.);
#8140 = EDGE_CURVE('',#7249,#8132,#8141,.T.);
#8141 = LINE('',#8142,#8143);
#8142 = CARTESIAN_POINT('',(27.836396103068,25.290811690796,2.45));
#8143 = VECTOR('',#8144,1.);
#8144 = DIRECTION('',(0.,0.,1.));
#8145 = CYLINDRICAL_SURFACE('',#8146,2.7);
#8146 = AXIS2_PLACEMENT_3D('',#8147,#8148,#8149);
#8147 = CARTESIAN_POINT('',(29.745584412272,27.2,2.45));
#8148 = DIRECTION('',(0.,0.,-1.));
#8149 = DIRECTION('',(2.631639762074E-15,-1.,0.));
#8150 = ADVANCED_FACE('',(#8151),#8162,.F.);
#8151 = FACE_BOUND('',#8152,.F.);
#8152 = EDGE_LOOP('',(#8153,#8159,#8160,#8161));
#8153 = ORIENTED_EDGE('',*,*,#8154,.F.);
#8154 = EDGE_CURVE('',#7492,#8106,#8155,.T.);
#8155 = LINE('',#8156,#8157);
#8156 = CARTESIAN_POINT('',(0.,36.225,2.28));
#8157 = VECTOR('',#8158,1.);
#8158 = DIRECTION('',(1.,0.,0.));
#8159 = ORIENTED_EDGE('',*,*,#7499,.T.);
#8160 = ORIENTED_EDGE('',*,*,#7122,.T.);
#8161 = ORIENTED_EDGE('',*,*,#8113,.F.);
#8162 = PLANE('',#8163);
#8163 = AXIS2_PLACEMENT_3D('',#8164,#8165,#8166);
#8164 = CARTESIAN_POINT('',(0.,36.225,2.28));
#8165 = DIRECTION('',(0.,1.,0.));
#8166 = DIRECTION('',(1.,0.,0.));
#8167 = ADVANCED_FACE('',(#8168),#8186,.T.);
#8168 = FACE_BOUND('',#8169,.T.);
#8169 = EDGE_LOOP('',(#8170,#8171,#8172,#8180));
#8170 = ORIENTED_EDGE('',*,*,#7248,.F.);
#8171 = ORIENTED_EDGE('',*,*,#8140,.T.);
#8172 = ORIENTED_EDGE('',*,*,#8173,.T.);
#8173 = EDGE_CURVE('',#8132,#8174,#8176,.T.);
#8174 = VERTEX_POINT('',#8175);
#8175 = CARTESIAN_POINT('',(25.290811690796,27.836396103068,3.45));
#8176 = LINE('',#8177,#8178);
#8177 = CARTESIAN_POINT('',(27.836396103068,25.290811690796,3.45));
#8178 = VECTOR('',#8179,1.);
#8179 = DIRECTION('',(-0.707106781187,0.707106781187,0.));
#8180 = ORIENTED_EDGE('',*,*,#8181,.F.);
#8181 = EDGE_CURVE('',#7240,#8174,#8182,.T.);
#8182 = LINE('',#8183,#8184);
#8183 = CARTESIAN_POINT('',(25.290811690796,27.836396103068,2.45));
#8184 = VECTOR('',#8185,1.);
#8185 = DIRECTION('',(0.,0.,1.));
#8186 = PLANE('',#8187);
#8187 = AXIS2_PLACEMENT_3D('',#8188,#8189,#8190);
#8188 = CARTESIAN_POINT('',(27.836396103068,25.290811690796,2.45));
#8189 = DIRECTION('',(-0.707106781187,-0.707106781187,0.));
#8190 = DIRECTION('',(-0.707106781187,0.707106781187,0.));
#8191 = ADVANCED_FACE('',(#8192),#8211,.T.);
#8192 = FACE_BOUND('',#8193,.T.);
#8193 = EDGE_LOOP('',(#8194,#8195,#8196,#8205));
#8194 = ORIENTED_EDGE('',*,*,#7239,.F.);
#8195 = ORIENTED_EDGE('',*,*,#8181,.T.);
#8196 = ORIENTED_EDGE('',*,*,#8197,.T.);
#8197 = EDGE_CURVE('',#8174,#8198,#8200,.T.);
#8198 = VERTEX_POINT('',#8199);
#8199 = CARTESIAN_POINT('',(24.5,29.745584412272,3.45));
#8200 = CIRCLE('',#8201,2.7);
#8201 = AXIS2_PLACEMENT_3D('',#8202,#8203,#8204);
#8202 = CARTESIAN_POINT('',(27.2,29.745584412272,3.45));
#8203 = DIRECTION('',(0.,0.,-1.));
#8204 = DIRECTION('',(-0.707106781187,-0.707106781187,-0.));
#8205 = ORIENTED_EDGE('',*,*,#8206,.F.);
#8206 = EDGE_CURVE('',#7232,#8198,#8207,.T.);
#8207 = LINE('',#8208,#8209);
#8208 = CARTESIAN_POINT('',(24.5,29.745584412272,2.45));
#8209 = VECTOR('',#8210,1.);
#8210 = DIRECTION('',(0.,0.,1.));
#8211 = CYLINDRICAL_SURFACE('',#8212,2.7);
#8212 = AXIS2_PLACEMENT_3D('',#8213,#8214,#8215);
#8213 = CARTESIAN_POINT('',(27.2,29.745584412272,2.45));
#8214 = DIRECTION('',(0.,0.,-1.));
#8215 = DIRECTION('',(-0.707106781187,-0.707106781187,-0.));
#8216 = ADVANCED_FACE('',(#8217),#8235,.T.);
#8217 = FACE_BOUND('',#8218,.T.);
#8218 = EDGE_LOOP('',(#8219,#8220,#8221,#8229));
#8219 = ORIENTED_EDGE('',*,*,#7231,.F.);
#8220 = ORIENTED_EDGE('',*,*,#8206,.T.);
#8221 = ORIENTED_EDGE('',*,*,#8222,.T.);
#8222 = EDGE_CURVE('',#8198,#8223,#8225,.T.);
#8223 = VERTEX_POINT('',#8224);
#8224 = CARTESIAN_POINT('',(24.5,40.,3.45));
#8225 = LINE('',#8226,#8227);
#8226 = CARTESIAN_POINT('',(24.5,29.745584412272,3.45));
#8227 = VECTOR('',#8228,1.);
#8228 = DIRECTION('',(0.,1.,0.));
#8229 = ORIENTED_EDGE('',*,*,#8230,.F.);
#8230 = EDGE_CURVE('',#7224,#8223,#8231,.T.);
#8231 = LINE('',#8232,#8233);
#8232 = CARTESIAN_POINT('',(24.5,40.,2.45));
#8233 = VECTOR('',#8234,1.);
#8234 = DIRECTION('',(0.,0.,1.));
#8235 = PLANE('',#8236);
#8236 = AXIS2_PLACEMENT_3D('',#8237,#8238,#8239);
#8237 = CARTESIAN_POINT('',(24.5,29.745584412272,2.45));
#8238 = DIRECTION('',(-1.,0.,0.));
#8239 = DIRECTION('',(0.,1.,0.));
#8240 = ADVANCED_FACE('',(#8241),#8259,.T.);
#8241 = FACE_BOUND('',#8242,.T.);
#8242 = EDGE_LOOP('',(#8243,#8244,#8245,#8253));
#8243 = ORIENTED_EDGE('',*,*,#7223,.F.);
#8244 = ORIENTED_EDGE('',*,*,#8230,.T.);
#8245 = ORIENTED_EDGE('',*,*,#8246,.T.);
#8246 = EDGE_CURVE('',#8223,#8247,#8249,.T.);
#8247 = VERTEX_POINT('',#8248);
#8248 = CARTESIAN_POINT('',(26.3,40.,3.45));
#8249 = LINE('',#8250,#8251);
#8250 = CARTESIAN_POINT('',(24.5,40.,3.45));
#8251 = VECTOR('',#8252,1.);
#8252 = DIRECTION('',(1.,0.,0.));
#8253 = ORIENTED_EDGE('',*,*,#8254,.F.);
#8254 = EDGE_CURVE('',#7216,#8247,#8255,.T.);
#8255 = LINE('',#8256,#8257);
#8256 = CARTESIAN_POINT('',(26.3,40.,2.45));
#8257 = VECTOR('',#8258,1.);
#8258 = DIRECTION('',(0.,0.,1.));
#8259 = PLANE('',#8260);
#8260 = AXIS2_PLACEMENT_3D('',#8261,#8262,#8263);
#8261 = CARTESIAN_POINT('',(24.5,40.,2.45));
#8262 = DIRECTION('',(0.,1.,0.));
#8263 = DIRECTION('',(1.,0.,0.));
#8264 = ADVANCED_FACE('',(#8265),#8283,.T.);
#8265 = FACE_BOUND('',#8266,.T.);
#8266 = EDGE_LOOP('',(#8267,#8268,#8269,#8277));
#8267 = ORIENTED_EDGE('',*,*,#7215,.F.);
#8268 = ORIENTED_EDGE('',*,*,#8254,.T.);
#8269 = ORIENTED_EDGE('',*,*,#8270,.T.);
#8270 = EDGE_CURVE('',#8247,#8271,#8273,.T.);
#8271 = VERTEX_POINT('',#8272);
#8272 = CARTESIAN_POINT('',(26.3,29.745584412272,3.45));
#8273 = LINE('',#8274,#8275);
#8274 = CARTESIAN_POINT('',(26.3,40.,3.45));
#8275 = VECTOR('',#8276,1.);
#8276 = DIRECTION('',(0.,-1.,0.));
#8277 = ORIENTED_EDGE('',*,*,#8278,.F.);
#8278 = EDGE_CURVE('',#7207,#8271,#8279,.T.);
#8279 = LINE('',#8280,#8281);
#8280 = CARTESIAN_POINT('',(26.3,29.745584412272,2.45));
#8281 = VECTOR('',#8282,1.);
#8282 = DIRECTION('',(0.,0.,1.));
#8283 = PLANE('',#8284);
#8284 = AXIS2_PLACEMENT_3D('',#8285,#8286,#8287);
#8285 = CARTESIAN_POINT('',(26.3,40.,2.45));
#8286 = DIRECTION('',(1.,0.,-0.));
#8287 = DIRECTION('',(0.,-1.,0.));
#8288 = ADVANCED_FACE('',(#8289),#8301,.F.);
#8289 = FACE_BOUND('',#8290,.T.);
#8290 = EDGE_LOOP('',(#8291,#8292,#8293,#8300));
#8291 = ORIENTED_EDGE('',*,*,#7206,.T.);
#8292 = ORIENTED_EDGE('',*,*,#8278,.T.);
#8293 = ORIENTED_EDGE('',*,*,#8294,.T.);
#8294 = EDGE_CURVE('',#8271,#7946,#8295,.T.);
#8295 = CIRCLE('',#8296,0.9);
#8296 = AXIS2_PLACEMENT_3D('',#8297,#8298,#8299);
#8297 = CARTESIAN_POINT('',(27.2,29.745584412272,3.45));
#8298 = DIRECTION('',(0.,0.,1.));
#8299 = DIRECTION('',(-1.,1.578983857245E-14,0.));
#8300 = ORIENTED_EDGE('',*,*,#7945,.F.);
#8301 = CYLINDRICAL_SURFACE('',#8302,0.9);
#8302 = AXIS2_PLACEMENT_3D('',#8303,#8304,#8305);
#8303 = CARTESIAN_POINT('',(27.2,29.745584412272,2.45));
#8304 = DIRECTION('',(-0.,-0.,-1.));
#8305 = DIRECTION('',(-1.,1.578983857245E-14,0.));
#8306 = ADVANCED_FACE('',(#8307),#8313,.F.);
#8307 = FACE_BOUND('',#8308,.F.);
#8308 = EDGE_LOOP('',(#8309,#8310,#8311,#8312));
#8309 = ORIENTED_EDGE('',*,*,#7927,.T.);
#8310 = ORIENTED_EDGE('',*,*,#7903,.T.);
#8311 = ORIENTED_EDGE('',*,*,#7879,.T.);
#8312 = ORIENTED_EDGE('',*,*,#7456,.T.);
#8313 = PLANE('',#8314);
#8314 = AXIS2_PLACEMENT_3D('',#8315,#8316,#8317);
#8315 = CARTESIAN_POINT('',(36.,11.5,2.28));
#8316 = DIRECTION('',(-0.,-0.,-1.));
#8317 = DIRECTION('',(-1.,0.,0.));
#8318 = ADVANCED_FACE('',(#8319),#8325,.F.);
#8319 = FACE_BOUND('',#8320,.F.);
#8320 = EDGE_LOOP('',(#8321,#8322,#8323,#8324));
#8321 = ORIENTED_EDGE('',*,*,#8154,.T.);
#8322 = ORIENTED_EDGE('',*,*,#8105,.T.);
#8323 = ORIENTED_EDGE('',*,*,#8057,.T.);
#8324 = ORIENTED_EDGE('',*,*,#7491,.T.);
#8325 = PLANE('',#8326);
#8326 = AXIS2_PLACEMENT_3D('',#8327,#8328,#8329);
#8327 = CARTESIAN_POINT('',(11.5,36.,2.28));
#8328 = DIRECTION('',(-0.,-0.,-1.));
#8329 = DIRECTION('',(-1.,0.,0.));
#8330 = ADVANCED_FACE('',(#8331),#8335,.T.);
#8331 = FACE_BOUND('',#8332,.T.);
#8332 = EDGE_LOOP('',(#8333,#8334));
#8333 = ORIENTED_EDGE('',*,*,#7735,.T.);
#8334 = ORIENTED_EDGE('',*,*,#7969,.T.);
#8335 = PLANE('',#8336);
#8336 = AXIS2_PLACEMENT_3D('',#8337,#8338,#8339);
#8337 = CARTESIAN_POINT('',(29.626019537006,29.626019537006,2.45));
#8338 = DIRECTION('',(-0.,-0.,-1.));
#8339 = DIRECTION('',(-1.,0.,0.));
#8340 = ADVANCED_FACE('',(#8341),#8355,.F.);
#8341 = FACE_BOUND('',#8342,.F.);
#8342 = EDGE_LOOP('',(#8343,#8344,#8345,#8346,#8347,#8348,#8349,#8350,
    #8351,#8352,#8353,#8354));
#8343 = ORIENTED_EDGE('',*,*,#8270,.T.);
#8344 = ORIENTED_EDGE('',*,*,#8294,.T.);
#8345 = ORIENTED_EDGE('',*,*,#7953,.T.);
#8346 = ORIENTED_EDGE('',*,*,#7986,.T.);
#8347 = ORIENTED_EDGE('',*,*,#8011,.T.);
#8348 = ORIENTED_EDGE('',*,*,#8035,.T.);
#8349 = ORIENTED_EDGE('',*,*,#8083,.T.);
#8350 = ORIENTED_EDGE('',*,*,#8131,.T.);
#8351 = ORIENTED_EDGE('',*,*,#8173,.T.);
#8352 = ORIENTED_EDGE('',*,*,#8197,.T.);
#8353 = ORIENTED_EDGE('',*,*,#8222,.T.);
#8354 = ORIENTED_EDGE('',*,*,#8246,.T.);
#8355 = PLANE('',#8356);
#8356 = AXIS2_PLACEMENT_3D('',#8357,#8358,#8359);
#8357 = CARTESIAN_POINT('',(29.626019537006,29.626019537006,3.45));
#8358 = DIRECTION('',(-0.,-0.,-1.));
#8359 = DIRECTION('',(-1.,0.,0.));
#8360 = ( GEOMETRIC_REPRESENTATION_CONTEXT(3) 
GLOBAL_UNCERTAINTY_ASSIGNED_CONTEXT((#8364)) 
GLOBAL_UNIT_ASSIGNED_CONTEXT((#8361,#8362,#8363)) REPRESENTATION_CONTEXT
('Context #1','3D Context with UNIT and UNCERTAINTY') );
#8361 = ( LENGTH_UNIT() NAMED_UNIT(*) SI_UNIT(.MILLI.,.METRE.) );
#8362 = ( NAMED_UNIT(*) PLANE_ANGLE_UNIT() SI_UNIT($,.RADIAN.) );
#8363 = ( NAMED_UNIT(*) SI_UNIT($,.STERADIAN.) SOLID_ANGLE_UNIT() );
#8364 = UNCERTAINTY_MEASURE_WITH_UNIT(LENGTH_MEASURE(1.E-07),#8361,
  'distance_accuracy_value','confusion accuracy');
#8365 = CONTEXT_DEPENDENT_SHAPE_REPRESENTATION(#8366,#8368);
#8366 = ( REPRESENTATION_RELATIONSHIP('','',#6720,#10) 
REPRESENTATION_RELATIONSHIP_WITH_TRANSFORMATION(#8367) 
SHAPE_REPRESENTATION_RELATIONSHIP() );
#8367 = ITEM_DEFINED_TRANSFORMATION('','',#11,#31);
#8368 = PRODUCT_DEFINITION_SHAPE('Placement','Placement of an item',
  #8369);
#8369 = NEXT_ASSEMBLY_USAGE_OCCURRENCE('13','H30 | Hoek linksonder','',
  #5,#6715,$);
#8370 = PRODUCT_RELATED_PRODUCT_CATEGORY('part',$,(#6717));
#8371 = SHAPE_DEFINITION_REPRESENTATION(#8372,#8378);
#8372 = PRODUCT_DEFINITION_SHAPE('','',#8373);
#8373 = PRODUCT_DEFINITION('design','',#8374,#8377);
#8374 = PRODUCT_DEFINITION_FORMATION('','',#8375);
#8375 = PRODUCT('H30 | Hoek rechtsonder','H30 | Hoek rechtsonder','',(
    #8376));
#8376 = PRODUCT_CONTEXT('',#2,'mechanical');
#8377 = PRODUCT_DEFINITION_CONTEXT('part definition',#2,'design');
#8378 = ADVANCED_BREP_SHAPE_REPRESENTATION('',(#11,#8379),#10018);
#8379 = MANIFOLD_SOLID_BREP('',#8380);
#8380 = CLOSED_SHELL('',(#8381,#8421,#8454,#8487,#8700,#9094,#9134,#9174
    ,#9191,#9208,#9225,#9242,#9259,#9276,#9293,#9310,#9327,#9344,#9361,
    #9378,#9414,#9431,#9448,#9465,#9482,#9499,#9516,#9533,#9557,#9581,
    #9598,#9638,#9663,#9687,#9711,#9735,#9759,#9783,#9808,#9825,#9849,
    #9874,#9898,#9922,#9946,#9964,#9976,#9988,#9998));
#8381 = ADVANCED_FACE('',(#8382),#8416,.T.);
#8382 = FACE_BOUND('',#8383,.T.);
#8383 = EDGE_LOOP('',(#8384,#8394,#8402,#8410));
#8384 = ORIENTED_EDGE('',*,*,#8385,.T.);
#8385 = EDGE_CURVE('',#8386,#8388,#8390,.T.);
#8386 = VERTEX_POINT('',#8387);
#8387 = CARTESIAN_POINT('',(2.414213562373,0.585786437627,0.));
#8388 = VERTEX_POINT('',#8389);
#8389 = CARTESIAN_POINT('',(2.414213562373,0.585786437627,2.5));
#8390 = LINE('',#8391,#8392);
#8391 = CARTESIAN_POINT('',(2.414213562373,0.585786437627,0.));
#8392 = VECTOR('',#8393,1.);
#8393 = DIRECTION('',(0.,0.,1.));
#8394 = ORIENTED_EDGE('',*,*,#8395,.T.);
#8395 = EDGE_CURVE('',#8388,#8396,#8398,.T.);
#8396 = VERTEX_POINT('',#8397);
#8397 = CARTESIAN_POINT('',(0.585786437627,2.414213562373,2.5));
#8398 = LINE('',#8399,#8400);
#8399 = CARTESIAN_POINT('',(2.414213562373,0.585786437627,2.5));
#8400 = VECTOR('',#8401,1.);
#8401 = DIRECTION('',(-0.707106781187,0.707106781187,0.));
#8402 = ORIENTED_EDGE('',*,*,#8403,.F.);
#8403 = EDGE_CURVE('',#8404,#8396,#8406,.T.);
#8404 = VERTEX_POINT('',#8405);
#8405 = CARTESIAN_POINT('',(0.585786437627,2.414213562373,0.));
#8406 = LINE('',#8407,#8408);
#8407 = CARTESIAN_POINT('',(0.585786437627,2.414213562373,0.));
#8408 = VECTOR('',#8409,1.);
#8409 = DIRECTION('',(0.,0.,1.));
#8410 = ORIENTED_EDGE('',*,*,#8411,.F.);
#8411 = EDGE_CURVE('',#8386,#8404,#8412,.T.);
#8412 = LINE('',#8413,#8414);
#8413 = CARTESIAN_POINT('',(2.414213562373,0.585786437627,0.));
#8414 = VECTOR('',#8415,1.);
#8415 = DIRECTION('',(-0.707106781187,0.707106781187,0.));
#8416 = PLANE('',#8417);
#8417 = AXIS2_PLACEMENT_3D('',#8418,#8419,#8420);
#8418 = CARTESIAN_POINT('',(2.414213562373,0.585786437627,0.));
#8419 = DIRECTION('',(-0.707106781187,-0.707106781187,0.));
#8420 = DIRECTION('',(-0.707106781187,0.707106781187,0.));
#8421 = ADVANCED_FACE('',(#8422),#8449,.T.);
#8422 = FACE_BOUND('',#8423,.T.);
#8423 = EDGE_LOOP('',(#8424,#8434,#8441,#8442));
#8424 = ORIENTED_EDGE('',*,*,#8425,.T.);
#8425 = EDGE_CURVE('',#8426,#8428,#8430,.T.);
#8426 = VERTEX_POINT('',#8427);
#8427 = CARTESIAN_POINT('',(3.828427124746,0.,0.));
#8428 = VERTEX_POINT('',#8429);
#8429 = CARTESIAN_POINT('',(3.828427124746,0.,2.5));
#8430 = LINE('',#8431,#8432);
#8431 = CARTESIAN_POINT('',(3.828427124746,0.,0.));
#8432 = VECTOR('',#8433,1.);
#8433 = DIRECTION('',(0.,0.,1.));
#8434 = ORIENTED_EDGE('',*,*,#8435,.T.);
#8435 = EDGE_CURVE('',#8428,#8388,#8436,.T.);
#8436 = CIRCLE('',#8437,2.);
#8437 = AXIS2_PLACEMENT_3D('',#8438,#8439,#8440);
#8438 = CARTESIAN_POINT('',(3.828427124746,2.,2.5));
#8439 = DIRECTION('',(0.,0.,-1.));
#8440 = DIRECTION('',(0.,-1.,0.));
#8441 = ORIENTED_EDGE('',*,*,#8385,.F.);
#8442 = ORIENTED_EDGE('',*,*,#8443,.F.);
#8443 = EDGE_CURVE('',#8426,#8386,#8444,.T.);
#8444 = CIRCLE('',#8445,2.);
#8445 = AXIS2_PLACEMENT_3D('',#8446,#8447,#8448);
#8446 = CARTESIAN_POINT('',(3.828427124746,2.,0.));
#8447 = DIRECTION('',(0.,0.,-1.));
#8448 = DIRECTION('',(0.,-1.,0.));
#8449 = CYLINDRICAL_SURFACE('',#8450,2.);
#8450 = AXIS2_PLACEMENT_3D('',#8451,#8452,#8453);
#8451 = CARTESIAN_POINT('',(3.828427124746,2.,0.));
#8452 = DIRECTION('',(0.,0.,-1.));
#8453 = DIRECTION('',(0.,-1.,0.));
#8454 = ADVANCED_FACE('',(#8455),#8482,.T.);
#8455 = FACE_BOUND('',#8456,.T.);
#8456 = EDGE_LOOP('',(#8457,#8458,#8467,#8475));
#8457 = ORIENTED_EDGE('',*,*,#8403,.T.);
#8458 = ORIENTED_EDGE('',*,*,#8459,.T.);
#8459 = EDGE_CURVE('',#8396,#8460,#8462,.T.);
#8460 = VERTEX_POINT('',#8461);
#8461 = CARTESIAN_POINT('',(0.,3.828427124746,2.5));
#8462 = CIRCLE('',#8463,2.);
#8463 = AXIS2_PLACEMENT_3D('',#8464,#8465,#8466);
#8464 = CARTESIAN_POINT('',(2.,3.828427124746,2.5));
#8465 = DIRECTION('',(0.,0.,-1.));
#8466 = DIRECTION('',(-0.707106781187,-0.707106781187,-0.));
#8467 = ORIENTED_EDGE('',*,*,#8468,.F.);
#8468 = EDGE_CURVE('',#8469,#8460,#8471,.T.);
#8469 = VERTEX_POINT('',#8470);
#8470 = CARTESIAN_POINT('',(0.,3.828427124746,0.));
#8471 = LINE('',#8472,#8473);
#8472 = CARTESIAN_POINT('',(0.,3.828427124746,0.));
#8473 = VECTOR('',#8474,1.);
#8474 = DIRECTION('',(0.,0.,1.));
#8475 = ORIENTED_EDGE('',*,*,#8476,.F.);
#8476 = EDGE_CURVE('',#8404,#8469,#8477,.T.);
#8477 = CIRCLE('',#8478,2.);
#8478 = AXIS2_PLACEMENT_3D('',#8479,#8480,#8481);
#8479 = CARTESIAN_POINT('',(2.,3.828427124746,0.));
#8480 = DIRECTION('',(0.,0.,-1.));
#8481 = DIRECTION('',(-0.707106781187,-0.707106781187,-0.));
#8482 = CYLINDRICAL_SURFACE('',#8483,2.);
#8483 = AXIS2_PLACEMENT_3D('',#8484,#8485,#8486);
#8484 = CARTESIAN_POINT('',(2.,3.828427124746,0.));
#8485 = DIRECTION('',(0.,0.,-1.));
#8486 = DIRECTION('',(-0.707106781187,-0.707106781187,-0.));
#8487 = ADVANCED_FACE('',(#8488,#8618,#8629,#8640,#8651,#8662,#8673,
    #8684),#8695,.T.);
#8488 = FACE_BOUND('',#8489,.T.);
#8489 = EDGE_LOOP('',(#8490,#8491,#8492,#8500,#8509,#8517,#8526,#8534,
    #8543,#8551,#8560,#8568,#8577,#8585,#8594,#8602,#8611,#8617));
#8490 = ORIENTED_EDGE('',*,*,#8411,.T.);
#8491 = ORIENTED_EDGE('',*,*,#8476,.T.);
#8492 = ORIENTED_EDGE('',*,*,#8493,.T.);
#8493 = EDGE_CURVE('',#8469,#8494,#8496,.T.);
#8494 = VERTEX_POINT('',#8495);
#8495 = CARTESIAN_POINT('',(4.440892098501E-16,82.865565114351,0.));
#8496 = LINE('',#8497,#8498);
#8497 = CARTESIAN_POINT('',(0.,3.828427124746,0.));
#8498 = VECTOR('',#8499,1.);
#8499 = DIRECTION('',(0.,1.,0.));
#8500 = ORIENTED_EDGE('',*,*,#8501,.T.);
#8501 = EDGE_CURVE('',#8494,#8502,#8504,.T.);
#8502 = VERTEX_POINT('',#8503);
#8503 = CARTESIAN_POINT('',(0.397242322053,83.757518089848,0.));
#8504 = CIRCLE('',#8505,1.2);
#8505 = AXIS2_PLACEMENT_3D('',#8506,#8507,#8508);
#8506 = CARTESIAN_POINT('',(1.2,82.865565114351,0.));
#8507 = DIRECTION('',(0.,0.,-1.));
#8508 = DIRECTION('',(-1.,0.,0.));
#8509 = ORIENTED_EDGE('',*,*,#8510,.T.);
#8510 = EDGE_CURVE('',#8502,#8511,#8513,.T.);
#8511 = VERTEX_POINT('',#8512);
#8512 = CARTESIAN_POINT('',(23.62920265569,104.66628239012,0.));
#8513 = LINE('',#8514,#8515);
#8514 = CARTESIAN_POINT('',(0.397242322053,83.757518089848,0.));
#8515 = VECTOR('',#8516,1.);
#8516 = DIRECTION('',(0.743294146247,0.668964731622,0.));
#8517 = ORIENTED_EDGE('',*,*,#8518,.T.);
#8518 = EDGE_CURVE('',#8511,#8519,#8521,.T.);
#8519 = VERTEX_POINT('',#8520);
#8520 = CARTESIAN_POINT('',(24.4988568068,105.,0.));
#8521 = CIRCLE('',#8522,1.3);
#8522 = AXIS2_PLACEMENT_3D('',#8523,#8524,#8525);
#8523 = CARTESIAN_POINT('',(24.4988568068,103.7,0.));
#8524 = DIRECTION('',(0.,0.,-1.));
#8525 = DIRECTION('',(-0.668964731622,0.743294146247,0.));
#8526 = ORIENTED_EDGE('',*,*,#8527,.T.);
#8527 = EDGE_CURVE('',#8519,#8528,#8530,.T.);
#8528 = VERTEX_POINT('',#8529);
#8529 = CARTESIAN_POINT('',(25.68,105.,0.));
#8530 = LINE('',#8531,#8532);
#8531 = CARTESIAN_POINT('',(24.4988568068,105.,0.));
#8532 = VECTOR('',#8533,1.);
#8533 = DIRECTION('',(1.,0.,0.));
#8534 = ORIENTED_EDGE('',*,*,#8535,.T.);
#8535 = EDGE_CURVE('',#8528,#8536,#8538,.T.);
#8536 = VERTEX_POINT('',#8537);
#8537 = CARTESIAN_POINT('',(27.,103.68,0.));
#8538 = CIRCLE('',#8539,1.32);
#8539 = AXIS2_PLACEMENT_3D('',#8540,#8541,#8542);
#8540 = CARTESIAN_POINT('',(25.68,103.68,0.));
#8541 = DIRECTION('',(0.,0.,-1.));
#8542 = DIRECTION('',(-8.074349270001E-15,1.,0.));
#8543 = ORIENTED_EDGE('',*,*,#8544,.T.);
#8544 = EDGE_CURVE('',#8536,#8545,#8547,.T.);
#8545 = VERTEX_POINT('',#8546);
#8546 = CARTESIAN_POINT('',(27.,29.,0.));
#8547 = LINE('',#8548,#8549);
#8548 = CARTESIAN_POINT('',(27.,103.68,0.));
#8549 = VECTOR('',#8550,1.);
#8550 = DIRECTION('',(0.,-1.,0.));
#8551 = ORIENTED_EDGE('',*,*,#8552,.T.);
#8552 = EDGE_CURVE('',#8545,#8553,#8555,.T.);
#8553 = VERTEX_POINT('',#8554);
#8554 = CARTESIAN_POINT('',(29.,27.,0.));
#8555 = CIRCLE('',#8556,2.);
#8556 = AXIS2_PLACEMENT_3D('',#8557,#8558,#8559);
#8557 = CARTESIAN_POINT('',(29.,29.,0.));
#8558 = DIRECTION('',(0.,0.,1.));
#8559 = DIRECTION('',(-1.,0.,0.));
#8560 = ORIENTED_EDGE('',*,*,#8561,.T.);
#8561 = EDGE_CURVE('',#8553,#8562,#8564,.T.);
#8562 = VERTEX_POINT('',#8563);
#8563 = CARTESIAN_POINT('',(103.68,27.,0.));
#8564 = LINE('',#8565,#8566);
#8565 = CARTESIAN_POINT('',(29.,27.,0.));
#8566 = VECTOR('',#8567,1.);
#8567 = DIRECTION('',(1.,0.,0.));
#8568 = ORIENTED_EDGE('',*,*,#8569,.T.);
#8569 = EDGE_CURVE('',#8562,#8570,#8572,.T.);
#8570 = VERTEX_POINT('',#8571);
#8571 = CARTESIAN_POINT('',(105.,25.68,0.));
#8572 = CIRCLE('',#8573,1.32);
#8573 = AXIS2_PLACEMENT_3D('',#8574,#8575,#8576);
#8574 = CARTESIAN_POINT('',(103.68,25.68,0.));
#8575 = DIRECTION('',(0.,0.,-1.));
#8576 = DIRECTION('',(0.,1.,0.));
#8577 = ORIENTED_EDGE('',*,*,#8578,.T.);
#8578 = EDGE_CURVE('',#8570,#8579,#8581,.T.);
#8579 = VERTEX_POINT('',#8580);
#8580 = CARTESIAN_POINT('',(105.,24.460483206276,0.));
#8581 = LINE('',#8582,#8583);
#8582 = CARTESIAN_POINT('',(105.,25.68,0.));
#8583 = VECTOR('',#8584,1.);
#8584 = DIRECTION('',(0.,-1.,0.));
#8585 = ORIENTED_EDGE('',*,*,#8586,.T.);
#8586 = EDGE_CURVE('',#8579,#8587,#8589,.T.);
#8587 = VERTEX_POINT('',#8588);
#8588 = CARTESIAN_POINT('',(104.69195297549,23.65772552833,0.));
#8589 = CIRCLE('',#8590,1.2);
#8590 = AXIS2_PLACEMENT_3D('',#8591,#8592,#8593);
#8591 = CARTESIAN_POINT('',(103.8,24.460483206276,0.));
#8592 = DIRECTION('',(0.,0.,-1.));
#8593 = DIRECTION('',(1.,2.368475785867E-14,0.));
#8594 = ORIENTED_EDGE('',*,*,#8595,.T.);
#8595 = EDGE_CURVE('',#8587,#8596,#8598,.T.);
#8596 = VERTEX_POINT('',#8597);
#8597 = CARTESIAN_POINT('',(83.757518089848,0.397242322053,0.));
#8598 = LINE('',#8599,#8600);
#8599 = CARTESIAN_POINT('',(104.69195297549,23.65772552833,0.));
#8600 = VECTOR('',#8601,1.);
#8601 = DIRECTION('',(-0.668964731622,-0.743294146247,0.));
#8602 = ORIENTED_EDGE('',*,*,#8603,.T.);
#8603 = EDGE_CURVE('',#8596,#8604,#8606,.T.);
#8604 = VERTEX_POINT('',#8605);
#8605 = CARTESIAN_POINT('',(82.865565114351,1.332267630204E-15,0.));
#8606 = CIRCLE('',#8607,1.2);
#8607 = AXIS2_PLACEMENT_3D('',#8608,#8609,#8610);
#8608 = CARTESIAN_POINT('',(82.865565114351,1.2,0.));
#8609 = DIRECTION('',(0.,0.,-1.));
#8610 = DIRECTION('',(0.743294146247,-0.668964731622,0.));
#8611 = ORIENTED_EDGE('',*,*,#8612,.T.);
#8612 = EDGE_CURVE('',#8604,#8426,#8613,.T.);
#8613 = LINE('',#8614,#8615);
#8614 = CARTESIAN_POINT('',(82.865565114351,0.,0.));
#8615 = VECTOR('',#8616,1.);
#8616 = DIRECTION('',(-1.,0.,0.));
#8617 = ORIENTED_EDGE('',*,*,#8443,.T.);
#8618 = FACE_BOUND('',#8619,.T.);
#8619 = EDGE_LOOP('',(#8620));
#8620 = ORIENTED_EDGE('',*,*,#8621,.T.);
#8621 = EDGE_CURVE('',#8622,#8622,#8624,.T.);
#8622 = VERTEX_POINT('',#8623);
#8623 = CARTESIAN_POINT('',(89.,10.,0.));
#8624 = CIRCLE('',#8625,3.);
#8625 = AXIS2_PLACEMENT_3D('',#8626,#8627,#8628);
#8626 = CARTESIAN_POINT('',(86.,10.,0.));
#8627 = DIRECTION('',(0.,0.,1.));
#8628 = DIRECTION('',(1.,0.,-0.));
#8629 = FACE_BOUND('',#8630,.T.);
#8630 = EDGE_LOOP('',(#8631));
#8631 = ORIENTED_EDGE('',*,*,#8632,.T.);
#8632 = EDGE_CURVE('',#8633,#8633,#8635,.T.);
#8633 = VERTEX_POINT('',#8634);
#8634 = CARTESIAN_POINT('',(52.,10.,0.));
#8635 = CIRCLE('',#8636,3.);
#8636 = AXIS2_PLACEMENT_3D('',#8637,#8638,#8639);
#8637 = CARTESIAN_POINT('',(49.,10.,0.));
#8638 = DIRECTION('',(0.,0.,1.));
#8639 = DIRECTION('',(1.,0.,-0.));
#8640 = FACE_BOUND('',#8641,.T.);
#8641 = EDGE_LOOP('',(#8642));
#8642 = ORIENTED_EDGE('',*,*,#8643,.T.);
#8643 = EDGE_CURVE('',#8644,#8644,#8646,.T.);
#8644 = VERTEX_POINT('',#8645);
#8645 = CARTESIAN_POINT('',(33.,10.,0.));
#8646 = CIRCLE('',#8647,3.);
#8647 = AXIS2_PLACEMENT_3D('',#8648,#8649,#8650);
#8648 = CARTESIAN_POINT('',(30.,10.,0.));
#8649 = DIRECTION('',(0.,0.,1.));
#8650 = DIRECTION('',(1.,0.,-0.));
#8651 = FACE_BOUND('',#8652,.T.);
#8652 = EDGE_LOOP('',(#8653));
#8653 = ORIENTED_EDGE('',*,*,#8654,.T.);
#8654 = EDGE_CURVE('',#8655,#8655,#8657,.T.);
#8655 = VERTEX_POINT('',#8656);
#8656 = CARTESIAN_POINT('',(18.5,13.,0.));
#8657 = CIRCLE('',#8658,5.5);
#8658 = AXIS2_PLACEMENT_3D('',#8659,#8660,#8661);
#8659 = CARTESIAN_POINT('',(13.,13.,0.));
#8660 = DIRECTION('',(0.,0.,1.));
#8661 = DIRECTION('',(1.,0.,-0.));
#8662 = FACE_BOUND('',#8663,.T.);
#8663 = EDGE_LOOP('',(#8664));
#8664 = ORIENTED_EDGE('',*,*,#8665,.T.);
#8665 = EDGE_CURVE('',#8666,#8666,#8668,.T.);
#8666 = VERTEX_POINT('',#8667);
#8667 = CARTESIAN_POINT('',(13.,30.,0.));
#8668 = CIRCLE('',#8669,3.);
#8669 = AXIS2_PLACEMENT_3D('',#8670,#8671,#8672);
#8670 = CARTESIAN_POINT('',(10.,30.,0.));
#8671 = DIRECTION('',(0.,0.,1.));
#8672 = DIRECTION('',(1.,0.,-0.));
#8673 = FACE_BOUND('',#8674,.T.);
#8674 = EDGE_LOOP('',(#8675));
#8675 = ORIENTED_EDGE('',*,*,#8676,.T.);
#8676 = EDGE_CURVE('',#8677,#8677,#8679,.T.);
#8677 = VERTEX_POINT('',#8678);
#8678 = CARTESIAN_POINT('',(13.,49.,0.));
#8679 = CIRCLE('',#8680,3.);
#8680 = AXIS2_PLACEMENT_3D('',#8681,#8682,#8683);
#8681 = CARTESIAN_POINT('',(10.,49.,0.));
#8682 = DIRECTION('',(0.,0.,1.));
#8683 = DIRECTION('',(1.,0.,-0.));
#8684 = FACE_BOUND('',#8685,.T.);
#8685 = EDGE_LOOP('',(#8686));
#8686 = ORIENTED_EDGE('',*,*,#8687,.T.);
#8687 = EDGE_CURVE('',#8688,#8688,#8690,.T.);
#8688 = VERTEX_POINT('',#8689);
#8689 = CARTESIAN_POINT('',(13.,86.,0.));
#8690 = CIRCLE('',#8691,3.);
#8691 = AXIS2_PLACEMENT_3D('',#8692,#8693,#8694);
#8692 = CARTESIAN_POINT('',(10.,86.,0.));
#8693 = DIRECTION('',(0.,0.,1.));
#8694 = DIRECTION('',(1.,0.,-0.));
#8695 = PLANE('',#8696);
#8696 = AXIS2_PLACEMENT_3D('',#8697,#8698,#8699);
#8697 = CARTESIAN_POINT('',(37.109446800804,37.108671730138,0.));
#8698 = DIRECTION('',(-0.,-0.,-1.));
#8699 = DIRECTION('',(-1.,0.,0.));
#8700 = ADVANCED_FACE('',(#8701,#9012,#9023,#9034,#9045,#9056,#9067,
    #9078),#9089,.F.);
#8701 = FACE_BOUND('',#8702,.F.);
#8702 = EDGE_LOOP('',(#8703,#8714,#8722,#8730,#8738,#8746,#8752,#8753,
    #8754,#8755,#8763,#8771,#8779,#8787,#8795,#8804,#8812,#8821,#8829,
    #8838,#8846,#8855,#8863,#8872,#8880,#8888,#8896,#8905,#8913,#8922,
    #8930,#8938,#8946,#8955,#8963,#8972,#8980,#8989,#8997,#9006));
#8703 = ORIENTED_EDGE('',*,*,#8704,.T.);
#8704 = EDGE_CURVE('',#8705,#8707,#8709,.T.);
#8705 = VERTEX_POINT('',#8706);
#8706 = CARTESIAN_POINT('',(83.757518089848,0.397242322053,2.5));
#8707 = VERTEX_POINT('',#8708);
#8708 = CARTESIAN_POINT('',(82.865565114351,1.332267630204E-15,2.5));
#8709 = CIRCLE('',#8710,1.2);
#8710 = AXIS2_PLACEMENT_3D('',#8711,#8712,#8713);
#8711 = CARTESIAN_POINT('',(82.865565114351,1.2,2.5));
#8712 = DIRECTION('',(0.,0.,-1.));
#8713 = DIRECTION('',(0.743294146247,-0.668964731622,0.));
#8714 = ORIENTED_EDGE('',*,*,#8715,.T.);
#8715 = EDGE_CURVE('',#8707,#8716,#8718,.T.);
#8716 = VERTEX_POINT('',#8717);
#8717 = CARTESIAN_POINT('',(36.225,0.,2.5));
#8718 = LINE('',#8719,#8720);
#8719 = CARTESIAN_POINT('',(82.865565114351,0.,2.5));
#8720 = VECTOR('',#8721,1.);
#8721 = DIRECTION('',(-1.,0.,0.));
#8722 = ORIENTED_EDGE('',*,*,#8723,.F.);
#8723 = EDGE_CURVE('',#8724,#8716,#8726,.T.);
#8724 = VERTEX_POINT('',#8725);
#8725 = CARTESIAN_POINT('',(36.225,23.,2.5));
#8726 = LINE('',#8727,#8728);
#8727 = CARTESIAN_POINT('',(36.225,30.054335865069,2.5));
#8728 = VECTOR('',#8729,1.);
#8729 = DIRECTION('',(0.,-1.,0.));
#8730 = ORIENTED_EDGE('',*,*,#8731,.F.);
#8731 = EDGE_CURVE('',#8732,#8724,#8734,.T.);
#8732 = VERTEX_POINT('',#8733);
#8733 = CARTESIAN_POINT('',(35.775,23.,2.5));
#8734 = LINE('',#8735,#8736);
#8735 = CARTESIAN_POINT('',(36.442223400402,23.,2.5));
#8736 = VECTOR('',#8737,1.);
#8737 = DIRECTION('',(1.,0.,0.));
#8738 = ORIENTED_EDGE('',*,*,#8739,.F.);
#8739 = EDGE_CURVE('',#8740,#8732,#8742,.T.);
#8740 = VERTEX_POINT('',#8741);
#8741 = CARTESIAN_POINT('',(35.775,0.,2.5));
#8742 = LINE('',#8743,#8744);
#8743 = CARTESIAN_POINT('',(35.775,18.554335865069,2.5));
#8744 = VECTOR('',#8745,1.);
#8745 = DIRECTION('',(0.,1.,-0.));
#8746 = ORIENTED_EDGE('',*,*,#8747,.T.);
#8747 = EDGE_CURVE('',#8740,#8428,#8748,.T.);
#8748 = LINE('',#8749,#8750);
#8749 = CARTESIAN_POINT('',(82.865565114351,0.,2.5));
#8750 = VECTOR('',#8751,1.);
#8751 = DIRECTION('',(-1.,0.,0.));
#8752 = ORIENTED_EDGE('',*,*,#8435,.T.);
#8753 = ORIENTED_EDGE('',*,*,#8395,.T.);
#8754 = ORIENTED_EDGE('',*,*,#8459,.T.);
#8755 = ORIENTED_EDGE('',*,*,#8756,.T.);
#8756 = EDGE_CURVE('',#8460,#8757,#8759,.T.);
#8757 = VERTEX_POINT('',#8758);
#8758 = CARTESIAN_POINT('',(0.,35.775,2.5));
#8759 = LINE('',#8760,#8761);
#8760 = CARTESIAN_POINT('',(0.,3.828427124746,2.5));
#8761 = VECTOR('',#8762,1.);
#8762 = DIRECTION('',(0.,1.,0.));
#8763 = ORIENTED_EDGE('',*,*,#8764,.F.);
#8764 = EDGE_CURVE('',#8765,#8757,#8767,.T.);
#8765 = VERTEX_POINT('',#8766);
#8766 = CARTESIAN_POINT('',(23.,35.775,2.5));
#8767 = LINE('',#8768,#8769);
#8768 = CARTESIAN_POINT('',(30.054723400402,35.775,2.5));
#8769 = VECTOR('',#8770,1.);
#8770 = DIRECTION('',(-1.,0.,0.));
#8771 = ORIENTED_EDGE('',*,*,#8772,.F.);
#8772 = EDGE_CURVE('',#8773,#8765,#8775,.T.);
#8773 = VERTEX_POINT('',#8774);
#8774 = CARTESIAN_POINT('',(23.,36.225,2.5));
#8775 = LINE('',#8776,#8777);
#8776 = CARTESIAN_POINT('',(23.,36.666835865069,2.5));
#8777 = VECTOR('',#8778,1.);
#8778 = DIRECTION('',(0.,-1.,0.));
#8779 = ORIENTED_EDGE('',*,*,#8780,.F.);
#8780 = EDGE_CURVE('',#8781,#8773,#8783,.T.);
#8781 = VERTEX_POINT('',#8782);
#8782 = CARTESIAN_POINT('',(0.,36.225,2.5));
#8783 = LINE('',#8784,#8785);
#8784 = CARTESIAN_POINT('',(18.554723400402,36.225,2.5));
#8785 = VECTOR('',#8786,1.);
#8786 = DIRECTION('',(1.,0.,0.));
#8787 = ORIENTED_EDGE('',*,*,#8788,.T.);
#8788 = EDGE_CURVE('',#8781,#8789,#8791,.T.);
#8789 = VERTEX_POINT('',#8790);
#8790 = CARTESIAN_POINT('',(4.440892098501E-16,82.865565114351,2.5));
#8791 = LINE('',#8792,#8793);
#8792 = CARTESIAN_POINT('',(0.,3.828427124746,2.5));
#8793 = VECTOR('',#8794,1.);
#8794 = DIRECTION('',(0.,1.,0.));
#8795 = ORIENTED_EDGE('',*,*,#8796,.T.);
#8796 = EDGE_CURVE('',#8789,#8797,#8799,.T.);
#8797 = VERTEX_POINT('',#8798);
#8798 = CARTESIAN_POINT('',(0.397242322053,83.757518089848,2.5));
#8799 = CIRCLE('',#8800,1.2);
#8800 = AXIS2_PLACEMENT_3D('',#8801,#8802,#8803);
#8801 = CARTESIAN_POINT('',(1.2,82.865565114351,2.5));
#8802 = DIRECTION('',(0.,0.,-1.));
#8803 = DIRECTION('',(-1.,0.,0.));
#8804 = ORIENTED_EDGE('',*,*,#8805,.T.);
#8805 = EDGE_CURVE('',#8797,#8806,#8808,.T.);
#8806 = VERTEX_POINT('',#8807);
#8807 = CARTESIAN_POINT('',(23.62920265569,104.66628239012,2.5));
#8808 = LINE('',#8809,#8810);
#8809 = CARTESIAN_POINT('',(0.397242322053,83.757518089848,2.5));
#8810 = VECTOR('',#8811,1.);
#8811 = DIRECTION('',(0.743294146247,0.668964731622,0.));
#8812 = ORIENTED_EDGE('',*,*,#8813,.T.);
#8813 = EDGE_CURVE('',#8806,#8814,#8816,.T.);
#8814 = VERTEX_POINT('',#8815);
#8815 = CARTESIAN_POINT('',(24.4988568068,105.,2.5));
#8816 = CIRCLE('',#8817,1.3);
#8817 = AXIS2_PLACEMENT_3D('',#8818,#8819,#8820);
#8818 = CARTESIAN_POINT('',(24.4988568068,103.7,2.5));
#8819 = DIRECTION('',(0.,0.,-1.));
#8820 = DIRECTION('',(-0.668964731622,0.743294146247,0.));
#8821 = ORIENTED_EDGE('',*,*,#8822,.T.);
#8822 = EDGE_CURVE('',#8814,#8823,#8825,.T.);
#8823 = VERTEX_POINT('',#8824);
#8824 = CARTESIAN_POINT('',(25.68,105.,2.5));
#8825 = LINE('',#8826,#8827);
#8826 = CARTESIAN_POINT('',(24.4988568068,105.,2.5));
#8827 = VECTOR('',#8828,1.);
#8828 = DIRECTION('',(1.,0.,0.));
#8829 = ORIENTED_EDGE('',*,*,#8830,.T.);
#8830 = EDGE_CURVE('',#8823,#8831,#8833,.T.);
#8831 = VERTEX_POINT('',#8832);
#8832 = CARTESIAN_POINT('',(27.,103.68,2.5));
#8833 = CIRCLE('',#8834,1.32);
#8834 = AXIS2_PLACEMENT_3D('',#8835,#8836,#8837);
#8835 = CARTESIAN_POINT('',(25.68,103.68,2.5));
#8836 = DIRECTION('',(0.,0.,-1.));
#8837 = DIRECTION('',(-8.074349270001E-15,1.,0.));
#8838 = ORIENTED_EDGE('',*,*,#8839,.T.);
#8839 = EDGE_CURVE('',#8831,#8840,#8842,.T.);
#8840 = VERTEX_POINT('',#8841);
#8841 = CARTESIAN_POINT('',(27.,29.,2.5));
#8842 = LINE('',#8843,#8844);
#8843 = CARTESIAN_POINT('',(27.,103.68,2.5));
#8844 = VECTOR('',#8845,1.);
#8845 = DIRECTION('',(0.,-1.,0.));
#8846 = ORIENTED_EDGE('',*,*,#8847,.T.);
#8847 = EDGE_CURVE('',#8840,#8848,#8850,.T.);
#8848 = VERTEX_POINT('',#8849);
#8849 = CARTESIAN_POINT('',(27.032638694987,28.640153511148,2.5));
#8850 = CIRCLE('',#8851,2.);
#8851 = AXIS2_PLACEMENT_3D('',#8852,#8853,#8854);
#8852 = CARTESIAN_POINT('',(29.,29.,2.5));
#8853 = DIRECTION('',(0.,0.,1.));
#8854 = DIRECTION('',(-1.,0.,0.));
#8855 = ORIENTED_EDGE('',*,*,#8856,.F.);
#8856 = EDGE_CURVE('',#8857,#8848,#8859,.T.);
#8857 = VERTEX_POINT('',#8858);
#8858 = CARTESIAN_POINT('',(26.563603896932,29.109188309204,2.5));
#8859 = LINE('',#8860,#8861);
#8860 = CARTESIAN_POINT('',(27.200193767666,28.472598438469,2.5));
#8861 = VECTOR('',#8862,1.);
#8862 = DIRECTION('',(0.707106781187,-0.707106781187,0.));
#8863 = ORIENTED_EDGE('',*,*,#8864,.T.);
#8864 = EDGE_CURVE('',#8857,#8865,#8867,.T.);
#8865 = VERTEX_POINT('',#8866);
#8866 = CARTESIAN_POINT('',(26.3,29.745584412272,2.5));
#8867 = CIRCLE('',#8868,0.9);
#8868 = AXIS2_PLACEMENT_3D('',#8869,#8870,#8871);
#8869 = CARTESIAN_POINT('',(27.2,29.745584412272,2.5));
#8870 = DIRECTION('',(-0.,0.,-1.));
#8871 = DIRECTION('',(-1.,1.578983857245E-14,0.));
#8872 = ORIENTED_EDGE('',*,*,#8873,.F.);
#8873 = EDGE_CURVE('',#8874,#8865,#8876,.T.);
#8874 = VERTEX_POINT('',#8875);
#8875 = CARTESIAN_POINT('',(26.3,40.,2.5));
#8876 = LINE('',#8877,#8878);
#8877 = CARTESIAN_POINT('',(26.3,38.554335865069,2.5));
#8878 = VECTOR('',#8879,1.);
#8879 = DIRECTION('',(0.,-1.,0.));
#8880 = ORIENTED_EDGE('',*,*,#8881,.F.);
#8881 = EDGE_CURVE('',#8882,#8874,#8884,.T.);
#8882 = VERTEX_POINT('',#8883);
#8883 = CARTESIAN_POINT('',(24.5,40.,2.5));
#8884 = LINE('',#8885,#8886);
#8885 = CARTESIAN_POINT('',(30.804723400402,40.,2.5));
#8886 = VECTOR('',#8887,1.);
#8887 = DIRECTION('',(1.,0.,0.));
#8888 = ORIENTED_EDGE('',*,*,#8889,.F.);
#8889 = EDGE_CURVE('',#8890,#8882,#8892,.T.);
#8890 = VERTEX_POINT('',#8891);
#8891 = CARTESIAN_POINT('',(24.5,29.745584412272,2.5));
#8892 = LINE('',#8893,#8894);
#8893 = CARTESIAN_POINT('',(24.5,33.427128071205,2.5));
#8894 = VECTOR('',#8895,1.);
#8895 = DIRECTION('',(0.,1.,-0.));
#8896 = ORIENTED_EDGE('',*,*,#8897,.F.);
#8897 = EDGE_CURVE('',#8898,#8890,#8900,.T.);
#8898 = VERTEX_POINT('',#8899);
#8899 = CARTESIAN_POINT('',(25.290811690796,27.836396103068,2.5));
#8900 = CIRCLE('',#8901,2.7);
#8901 = AXIS2_PLACEMENT_3D('',#8902,#8903,#8904);
#8902 = CARTESIAN_POINT('',(27.2,29.745584412272,2.5));
#8903 = DIRECTION('',(0.,0.,-1.));
#8904 = DIRECTION('',(-0.707106781187,-0.707106781187,-0.));
#8905 = ORIENTED_EDGE('',*,*,#8906,.F.);
#8906 = EDGE_CURVE('',#8907,#8898,#8909,.T.);
#8907 = VERTEX_POINT('',#8908);
#8908 = CARTESIAN_POINT('',(27.836396103068,25.290811690796,2.5));
#8909 = LINE('',#8910,#8911);
#8910 = CARTESIAN_POINT('',(27.200193767666,25.927014026198,2.5));
#8911 = VECTOR('',#8912,1.);
#8912 = DIRECTION('',(-0.707106781187,0.707106781187,0.));
#8913 = ORIENTED_EDGE('',*,*,#8914,.F.);
#8914 = EDGE_CURVE('',#8915,#8907,#8917,.T.);
#8915 = VERTEX_POINT('',#8916);
#8916 = CARTESIAN_POINT('',(29.745584412272,24.5,2.5));
#8917 = CIRCLE('',#8918,2.7);
#8918 = AXIS2_PLACEMENT_3D('',#8919,#8920,#8921);
#8919 = CARTESIAN_POINT('',(29.745584412272,27.2,2.5));
#8920 = DIRECTION('',(0.,0.,-1.));
#8921 = DIRECTION('',(2.631639762074E-15,-1.,0.));
#8922 = ORIENTED_EDGE('',*,*,#8923,.F.);
#8923 = EDGE_CURVE('',#8924,#8915,#8926,.T.);
#8924 = VERTEX_POINT('',#8925);
#8925 = CARTESIAN_POINT('',(40.,24.5,2.5));
#8926 = LINE('',#8927,#8928);
#8927 = CARTESIAN_POINT('',(38.554723400402,24.5,2.5));
#8928 = VECTOR('',#8929,1.);
#8929 = DIRECTION('',(-1.,0.,0.));
#8930 = ORIENTED_EDGE('',*,*,#8931,.F.);
#8931 = EDGE_CURVE('',#8932,#8924,#8934,.T.);
#8932 = VERTEX_POINT('',#8933);
#8933 = CARTESIAN_POINT('',(40.,26.3,2.5));
#8934 = LINE('',#8935,#8936);
#8935 = CARTESIAN_POINT('',(40.,31.704335865069,2.5));
#8936 = VECTOR('',#8937,1.);
#8937 = DIRECTION('',(0.,-1.,0.));
#8938 = ORIENTED_EDGE('',*,*,#8939,.F.);
#8939 = EDGE_CURVE('',#8940,#8932,#8942,.T.);
#8940 = VERTEX_POINT('',#8941);
#8941 = CARTESIAN_POINT('',(29.745584412272,26.3,2.5));
#8942 = LINE('',#8943,#8944);
#8943 = CARTESIAN_POINT('',(33.427515606538,26.3,2.5));
#8944 = VECTOR('',#8945,1.);
#8945 = DIRECTION('',(1.,0.,0.));
#8946 = ORIENTED_EDGE('',*,*,#8947,.T.);
#8947 = EDGE_CURVE('',#8940,#8948,#8950,.T.);
#8948 = VERTEX_POINT('',#8949);
#8949 = CARTESIAN_POINT('',(29.109188309204,26.563603896932,2.5));
#8950 = CIRCLE('',#8951,0.9);
#8951 = AXIS2_PLACEMENT_3D('',#8952,#8953,#8954);
#8952 = CARTESIAN_POINT('',(29.745584412272,27.2,2.5));
#8953 = DIRECTION('',(-0.,0.,-1.));
#8954 = DIRECTION('',(-0.707106781187,-0.707106781187,0.));
#8955 = ORIENTED_EDGE('',*,*,#8956,.F.);
#8956 = EDGE_CURVE('',#8957,#8948,#8959,.T.);
#8957 = VERTEX_POINT('',#8958);
#8958 = CARTESIAN_POINT('',(28.640153511148,27.032638694987,2.5));
#8959 = LINE('',#8960,#8961);
#8960 = CARTESIAN_POINT('',(27.200193767666,28.472598438469,2.5));
#8961 = VECTOR('',#8962,1.);
#8962 = DIRECTION('',(0.707106781187,-0.707106781187,0.));
#8963 = ORIENTED_EDGE('',*,*,#8964,.T.);
#8964 = EDGE_CURVE('',#8957,#8965,#8967,.T.);
#8965 = VERTEX_POINT('',#8966);
#8966 = CARTESIAN_POINT('',(29.,27.,2.5));
#8967 = CIRCLE('',#8968,2.);
#8968 = AXIS2_PLACEMENT_3D('',#8969,#8970,#8971);
#8969 = CARTESIAN_POINT('',(29.,29.,2.5));
#8970 = DIRECTION('',(0.,0.,1.));
#8971 = DIRECTION('',(-1.,0.,0.));
#8972 = ORIENTED_EDGE('',*,*,#8973,.T.);
#8973 = EDGE_CURVE('',#8965,#8974,#8976,.T.);
#8974 = VERTEX_POINT('',#8975);
#8975 = CARTESIAN_POINT('',(103.68,27.,2.5));
#8976 = LINE('',#8977,#8978);
#8977 = CARTESIAN_POINT('',(29.,27.,2.5));
#8978 = VECTOR('',#8979,1.);
#8979 = DIRECTION('',(1.,0.,0.));
#8980 = ORIENTED_EDGE('',*,*,#8981,.T.);
#8981 = EDGE_CURVE('',#8974,#8982,#8984,.T.);
#8982 = VERTEX_POINT('',#8983);
#8983 = CARTESIAN_POINT('',(105.,25.68,2.5));
#8984 = CIRCLE('',#8985,1.32);
#8985 = AXIS2_PLACEMENT_3D('',#8986,#8987,#8988);
#8986 = CARTESIAN_POINT('',(103.68,25.68,2.5));
#8987 = DIRECTION('',(0.,0.,-1.));
#8988 = DIRECTION('',(0.,1.,0.));
#8989 = ORIENTED_EDGE('',*,*,#8990,.T.);
#8990 = EDGE_CURVE('',#8982,#8991,#8993,.T.);
#8991 = VERTEX_POINT('',#8992);
#8992 = CARTESIAN_POINT('',(105.,24.460483206276,2.5));
#8993 = LINE('',#8994,#8995);
#8994 = CARTESIAN_POINT('',(105.,25.68,2.5));
#8995 = VECTOR('',#8996,1.);
#8996 = DIRECTION('',(0.,-1.,0.));
#8997 = ORIENTED_EDGE('',*,*,#8998,.T.);
#8998 = EDGE_CURVE('',#8991,#8999,#9001,.T.);
#8999 = VERTEX_POINT('',#9000);
#9000 = CARTESIAN_POINT('',(104.69195297549,23.65772552833,2.5));
#9001 = CIRCLE('',#9002,1.2);
#9002 = AXIS2_PLACEMENT_3D('',#9003,#9004,#9005);
#9003 = CARTESIAN_POINT('',(103.8,24.460483206276,2.5));
#9004 = DIRECTION('',(0.,0.,-1.));
#9005 = DIRECTION('',(1.,2.368475785867E-14,0.));
#9006 = ORIENTED_EDGE('',*,*,#9007,.T.);
#9007 = EDGE_CURVE('',#8999,#8705,#9008,.T.);
#9008 = LINE('',#9009,#9010);
#9009 = CARTESIAN_POINT('',(104.69195297549,23.65772552833,2.5));
#9010 = VECTOR('',#9011,1.);
#9011 = DIRECTION('',(-0.668964731622,-0.743294146247,0.));
#9012 = FACE_BOUND('',#9013,.F.);
#9013 = EDGE_LOOP('',(#9014));
#9014 = ORIENTED_EDGE('',*,*,#9015,.T.);
#9015 = EDGE_CURVE('',#9016,#9016,#9018,.T.);
#9016 = VERTEX_POINT('',#9017);
#9017 = CARTESIAN_POINT('',(89.,10.,2.5));
#9018 = CIRCLE('',#9019,3.);
#9019 = AXIS2_PLACEMENT_3D('',#9020,#9021,#9022);
#9020 = CARTESIAN_POINT('',(86.,10.,2.5));
#9021 = DIRECTION('',(0.,0.,1.));
#9022 = DIRECTION('',(1.,0.,-0.));
#9023 = FACE_BOUND('',#9024,.F.);
#9024 = EDGE_LOOP('',(#9025));
#9025 = ORIENTED_EDGE('',*,*,#9026,.T.);
#9026 = EDGE_CURVE('',#9027,#9027,#9029,.T.);
#9027 = VERTEX_POINT('',#9028);
#9028 = CARTESIAN_POINT('',(52.,10.,2.5));
#9029 = CIRCLE('',#9030,3.);
#9030 = AXIS2_PLACEMENT_3D('',#9031,#9032,#9033);
#9031 = CARTESIAN_POINT('',(49.,10.,2.5));
#9032 = DIRECTION('',(0.,0.,1.));
#9033 = DIRECTION('',(1.,0.,-0.));
#9034 = FACE_BOUND('',#9035,.F.);
#9035 = EDGE_LOOP('',(#9036));
#9036 = ORIENTED_EDGE('',*,*,#9037,.T.);
#9037 = EDGE_CURVE('',#9038,#9038,#9040,.T.);
#9038 = VERTEX_POINT('',#9039);
#9039 = CARTESIAN_POINT('',(33.,10.,2.5));
#9040 = CIRCLE('',#9041,3.);
#9041 = AXIS2_PLACEMENT_3D('',#9042,#9043,#9044);
#9042 = CARTESIAN_POINT('',(30.,10.,2.5));
#9043 = DIRECTION('',(0.,0.,1.));
#9044 = DIRECTION('',(1.,0.,-0.));
#9045 = FACE_BOUND('',#9046,.F.);
#9046 = EDGE_LOOP('',(#9047));
#9047 = ORIENTED_EDGE('',*,*,#9048,.T.);
#9048 = EDGE_CURVE('',#9049,#9049,#9051,.T.);
#9049 = VERTEX_POINT('',#9050);
#9050 = CARTESIAN_POINT('',(18.5,13.,2.5));
#9051 = CIRCLE('',#9052,5.5);
#9052 = AXIS2_PLACEMENT_3D('',#9053,#9054,#9055);
#9053 = CARTESIAN_POINT('',(13.,13.,2.5));
#9054 = DIRECTION('',(0.,0.,1.));
#9055 = DIRECTION('',(1.,0.,-0.));
#9056 = FACE_BOUND('',#9057,.F.);
#9057 = EDGE_LOOP('',(#9058));
#9058 = ORIENTED_EDGE('',*,*,#9059,.T.);
#9059 = EDGE_CURVE('',#9060,#9060,#9062,.T.);
#9060 = VERTEX_POINT('',#9061);
#9061 = CARTESIAN_POINT('',(13.,30.,2.5));
#9062 = CIRCLE('',#9063,3.);
#9063 = AXIS2_PLACEMENT_3D('',#9064,#9065,#9066);
#9064 = CARTESIAN_POINT('',(10.,30.,2.5));
#9065 = DIRECTION('',(0.,0.,1.));
#9066 = DIRECTION('',(1.,0.,-0.));
#9067 = FACE_BOUND('',#9068,.F.);
#9068 = EDGE_LOOP('',(#9069));
#9069 = ORIENTED_EDGE('',*,*,#9070,.T.);
#9070 = EDGE_CURVE('',#9071,#9071,#9073,.T.);
#9071 = VERTEX_POINT('',#9072);
#9072 = CARTESIAN_POINT('',(13.,49.,2.5));
#9073 = CIRCLE('',#9074,3.);
#9074 = AXIS2_PLACEMENT_3D('',#9075,#9076,#9077);
#9075 = CARTESIAN_POINT('',(10.,49.,2.5));
#9076 = DIRECTION('',(0.,0.,1.));
#9077 = DIRECTION('',(1.,0.,-0.));
#9078 = FACE_BOUND('',#9079,.F.);
#9079 = EDGE_LOOP('',(#9080));
#9080 = ORIENTED_EDGE('',*,*,#9081,.T.);
#9081 = EDGE_CURVE('',#9082,#9082,#9084,.T.);
#9082 = VERTEX_POINT('',#9083);
#9083 = CARTESIAN_POINT('',(13.,86.,2.5));
#9084 = CIRCLE('',#9085,3.);
#9085 = AXIS2_PLACEMENT_3D('',#9086,#9087,#9088);
#9086 = CARTESIAN_POINT('',(10.,86.,2.5));
#9087 = DIRECTION('',(0.,0.,1.));
#9088 = DIRECTION('',(1.,0.,-0.));
#9089 = PLANE('',#9090);
#9090 = AXIS2_PLACEMENT_3D('',#9091,#9092,#9093);
#9091 = CARTESIAN_POINT('',(37.109446800804,37.108671730138,2.5));
#9092 = DIRECTION('',(-0.,-0.,-1.));
#9093 = DIRECTION('',(-1.,0.,0.));
#9094 = ADVANCED_FACE('',(#9095),#9129,.T.);
#9095 = FACE_BOUND('',#9096,.T.);
#9096 = EDGE_LOOP('',(#9097,#9098,#9104,#9105,#9113,#9121,#9127,#9128));
#9097 = ORIENTED_EDGE('',*,*,#8612,.F.);
#9098 = ORIENTED_EDGE('',*,*,#9099,.T.);
#9099 = EDGE_CURVE('',#8604,#8707,#9100,.T.);
#9100 = LINE('',#9101,#9102);
#9101 = CARTESIAN_POINT('',(82.865565114351,1.332267630204E-15,0.));
#9102 = VECTOR('',#9103,1.);
#9103 = DIRECTION('',(0.,0.,1.));
#9104 = ORIENTED_EDGE('',*,*,#8715,.T.);
#9105 = ORIENTED_EDGE('',*,*,#9106,.F.);
#9106 = EDGE_CURVE('',#9107,#8716,#9109,.T.);
#9107 = VERTEX_POINT('',#9108);
#9108 = CARTESIAN_POINT('',(36.225,0.,2.28));
#9109 = LINE('',#9110,#9111);
#9110 = CARTESIAN_POINT('',(36.225,0.,2.28));
#9111 = VECTOR('',#9112,1.);
#9112 = DIRECTION('',(0.,0.,1.));
#9113 = ORIENTED_EDGE('',*,*,#9114,.T.);
#9114 = EDGE_CURVE('',#9107,#9115,#9117,.T.);
#9115 = VERTEX_POINT('',#9116);
#9116 = CARTESIAN_POINT('',(35.775,0.,2.28));
#9117 = LINE('',#9118,#9119);
#9118 = CARTESIAN_POINT('',(36.225,0.,2.28));
#9119 = VECTOR('',#9120,1.);
#9120 = DIRECTION('',(-1.,0.,0.));
#9121 = ORIENTED_EDGE('',*,*,#9122,.T.);
#9122 = EDGE_CURVE('',#9115,#8740,#9123,.T.);
#9123 = LINE('',#9124,#9125);
#9124 = CARTESIAN_POINT('',(35.775,0.,2.28));
#9125 = VECTOR('',#9126,1.);
#9126 = DIRECTION('',(0.,0.,1.));
#9127 = ORIENTED_EDGE('',*,*,#8747,.T.);
#9128 = ORIENTED_EDGE('',*,*,#8425,.F.);
#9129 = PLANE('',#9130);
#9130 = AXIS2_PLACEMENT_3D('',#9131,#9132,#9133);
#9131 = CARTESIAN_POINT('',(82.865565114351,0.,0.));
#9132 = DIRECTION('',(0.,-1.,0.));
#9133 = DIRECTION('',(-1.,0.,0.));
#9134 = ADVANCED_FACE('',(#9135),#9169,.T.);
#9135 = FACE_BOUND('',#9136,.T.);
#9136 = EDGE_LOOP('',(#9137,#9138,#9139,#9140,#9148,#9156,#9162,#9163));
#9137 = ORIENTED_EDGE('',*,*,#8493,.F.);
#9138 = ORIENTED_EDGE('',*,*,#8468,.T.);
#9139 = ORIENTED_EDGE('',*,*,#8756,.T.);
#9140 = ORIENTED_EDGE('',*,*,#9141,.F.);
#9141 = EDGE_CURVE('',#9142,#8757,#9144,.T.);
#9142 = VERTEX_POINT('',#9143);
#9143 = CARTESIAN_POINT('',(0.,35.775,2.28));
#9144 = LINE('',#9145,#9146);
#9145 = CARTESIAN_POINT('',(0.,35.775,2.28));
#9146 = VECTOR('',#9147,1.);
#9147 = DIRECTION('',(0.,0.,1.));
#9148 = ORIENTED_EDGE('',*,*,#9149,.T.);
#9149 = EDGE_CURVE('',#9142,#9150,#9152,.T.);
#9150 = VERTEX_POINT('',#9151);
#9151 = CARTESIAN_POINT('',(0.,36.225,2.28));
#9152 = LINE('',#9153,#9154);
#9153 = CARTESIAN_POINT('',(0.,35.775,2.28));
#9154 = VECTOR('',#9155,1.);
#9155 = DIRECTION('',(0.,1.,0.));
#9156 = ORIENTED_EDGE('',*,*,#9157,.T.);
#9157 = EDGE_CURVE('',#9150,#8781,#9158,.T.);
#9158 = LINE('',#9159,#9160);
#9159 = CARTESIAN_POINT('',(0.,36.225,2.28));
#9160 = VECTOR('',#9161,1.);
#9161 = DIRECTION('',(0.,0.,1.));
#9162 = ORIENTED_EDGE('',*,*,#8788,.T.);
#9163 = ORIENTED_EDGE('',*,*,#9164,.F.);
#9164 = EDGE_CURVE('',#8494,#8789,#9165,.T.);
#9165 = LINE('',#9166,#9167);
#9166 = CARTESIAN_POINT('',(4.440892098501E-16,82.865565114351,0.));
#9167 = VECTOR('',#9168,1.);
#9168 = DIRECTION('',(0.,0.,1.));
#9169 = PLANE('',#9170);
#9170 = AXIS2_PLACEMENT_3D('',#9171,#9172,#9173);
#9171 = CARTESIAN_POINT('',(0.,3.828427124746,0.));
#9172 = DIRECTION('',(-1.,0.,0.));
#9173 = DIRECTION('',(0.,1.,0.));
#9174 = ADVANCED_FACE('',(#9175),#9186,.T.);
#9175 = FACE_BOUND('',#9176,.T.);
#9176 = EDGE_LOOP('',(#9177,#9183,#9184,#9185));
#9177 = ORIENTED_EDGE('',*,*,#9178,.T.);
#9178 = EDGE_CURVE('',#8596,#8705,#9179,.T.);
#9179 = LINE('',#9180,#9181);
#9180 = CARTESIAN_POINT('',(83.757518089848,0.397242322053,0.));
#9181 = VECTOR('',#9182,1.);
#9182 = DIRECTION('',(0.,0.,1.));
#9183 = ORIENTED_EDGE('',*,*,#8704,.T.);
#9184 = ORIENTED_EDGE('',*,*,#9099,.F.);
#9185 = ORIENTED_EDGE('',*,*,#8603,.F.);
#9186 = CYLINDRICAL_SURFACE('',#9187,1.2);
#9187 = AXIS2_PLACEMENT_3D('',#9188,#9189,#9190);
#9188 = CARTESIAN_POINT('',(82.865565114351,1.2,0.));
#9189 = DIRECTION('',(0.,0.,-1.));
#9190 = DIRECTION('',(0.743294146247,-0.668964731622,0.));
#9191 = ADVANCED_FACE('',(#9192),#9203,.T.);
#9192 = FACE_BOUND('',#9193,.T.);
#9193 = EDGE_LOOP('',(#9194,#9195,#9196,#9202));
#9194 = ORIENTED_EDGE('',*,*,#9164,.T.);
#9195 = ORIENTED_EDGE('',*,*,#8796,.T.);
#9196 = ORIENTED_EDGE('',*,*,#9197,.F.);
#9197 = EDGE_CURVE('',#8502,#8797,#9198,.T.);
#9198 = LINE('',#9199,#9200);
#9199 = CARTESIAN_POINT('',(0.397242322053,83.757518089848,0.));
#9200 = VECTOR('',#9201,1.);
#9201 = DIRECTION('',(0.,0.,1.));
#9202 = ORIENTED_EDGE('',*,*,#8501,.F.);
#9203 = CYLINDRICAL_SURFACE('',#9204,1.2);
#9204 = AXIS2_PLACEMENT_3D('',#9205,#9206,#9207);
#9205 = CARTESIAN_POINT('',(1.2,82.865565114351,0.));
#9206 = DIRECTION('',(0.,0.,-1.));
#9207 = DIRECTION('',(-1.,0.,0.));
#9208 = ADVANCED_FACE('',(#9209),#9220,.T.);
#9209 = FACE_BOUND('',#9210,.T.);
#9210 = EDGE_LOOP('',(#9211,#9217,#9218,#9219));
#9211 = ORIENTED_EDGE('',*,*,#9212,.T.);
#9212 = EDGE_CURVE('',#8587,#8999,#9213,.T.);
#9213 = LINE('',#9214,#9215);
#9214 = CARTESIAN_POINT('',(104.69195297549,23.65772552833,0.));
#9215 = VECTOR('',#9216,1.);
#9216 = DIRECTION('',(0.,0.,1.));
#9217 = ORIENTED_EDGE('',*,*,#9007,.T.);
#9218 = ORIENTED_EDGE('',*,*,#9178,.F.);
#9219 = ORIENTED_EDGE('',*,*,#8595,.F.);
#9220 = PLANE('',#9221);
#9221 = AXIS2_PLACEMENT_3D('',#9222,#9223,#9224);
#9222 = CARTESIAN_POINT('',(104.69195297549,23.65772552833,0.));
#9223 = DIRECTION('',(0.743294146247,-0.668964731622,0.));
#9224 = DIRECTION('',(-0.668964731622,-0.743294146247,0.));
#9225 = ADVANCED_FACE('',(#9226),#9237,.T.);
#9226 = FACE_BOUND('',#9227,.T.);
#9227 = EDGE_LOOP('',(#9228,#9229,#9230,#9236));
#9228 = ORIENTED_EDGE('',*,*,#9197,.T.);
#9229 = ORIENTED_EDGE('',*,*,#8805,.T.);
#9230 = ORIENTED_EDGE('',*,*,#9231,.F.);
#9231 = EDGE_CURVE('',#8511,#8806,#9232,.T.);
#9232 = LINE('',#9233,#9234);
#9233 = CARTESIAN_POINT('',(23.62920265569,104.66628239012,0.));
#9234 = VECTOR('',#9235,1.);
#9235 = DIRECTION('',(0.,0.,1.));
#9236 = ORIENTED_EDGE('',*,*,#8510,.F.);
#9237 = PLANE('',#9238);
#9238 = AXIS2_PLACEMENT_3D('',#9239,#9240,#9241);
#9239 = CARTESIAN_POINT('',(0.397242322053,83.757518089848,0.));
#9240 = DIRECTION('',(-0.668964731622,0.743294146247,0.));
#9241 = DIRECTION('',(0.743294146247,0.668964731622,0.));
#9242 = ADVANCED_FACE('',(#9243),#9254,.T.);
#9243 = FACE_BOUND('',#9244,.T.);
#9244 = EDGE_LOOP('',(#9245,#9251,#9252,#9253));
#9245 = ORIENTED_EDGE('',*,*,#9246,.T.);
#9246 = EDGE_CURVE('',#8579,#8991,#9247,.T.);
#9247 = LINE('',#9248,#9249);
#9248 = CARTESIAN_POINT('',(105.,24.460483206276,0.));
#9249 = VECTOR('',#9250,1.);
#9250 = DIRECTION('',(0.,0.,1.));
#9251 = ORIENTED_EDGE('',*,*,#8998,.T.);
#9252 = ORIENTED_EDGE('',*,*,#9212,.F.);
#9253 = ORIENTED_EDGE('',*,*,#8586,.F.);
#9254 = CYLINDRICAL_SURFACE('',#9255,1.2);
#9255 = AXIS2_PLACEMENT_3D('',#9256,#9257,#9258);
#9256 = CARTESIAN_POINT('',(103.8,24.460483206276,0.));
#9257 = DIRECTION('',(0.,0.,-1.));
#9258 = DIRECTION('',(1.,2.368475785867E-14,0.));
#9259 = ADVANCED_FACE('',(#9260),#9271,.T.);
#9260 = FACE_BOUND('',#9261,.T.);
#9261 = EDGE_LOOP('',(#9262,#9263,#9264,#9270));
#9262 = ORIENTED_EDGE('',*,*,#9231,.T.);
#9263 = ORIENTED_EDGE('',*,*,#8813,.T.);
#9264 = ORIENTED_EDGE('',*,*,#9265,.F.);
#9265 = EDGE_CURVE('',#8519,#8814,#9266,.T.);
#9266 = LINE('',#9267,#9268);
#9267 = CARTESIAN_POINT('',(24.4988568068,105.,0.));
#9268 = VECTOR('',#9269,1.);
#9269 = DIRECTION('',(0.,0.,1.));
#9270 = ORIENTED_EDGE('',*,*,#8518,.F.);
#9271 = CYLINDRICAL_SURFACE('',#9272,1.3);
#9272 = AXIS2_PLACEMENT_3D('',#9273,#9274,#9275);
#9273 = CARTESIAN_POINT('',(24.4988568068,103.7,0.));
#9274 = DIRECTION('',(0.,0.,-1.));
#9275 = DIRECTION('',(-0.668964731622,0.743294146247,0.));
#9276 = ADVANCED_FACE('',(#9277),#9288,.T.);
#9277 = FACE_BOUND('',#9278,.T.);
#9278 = EDGE_LOOP('',(#9279,#9285,#9286,#9287));
#9279 = ORIENTED_EDGE('',*,*,#9280,.T.);
#9280 = EDGE_CURVE('',#8570,#8982,#9281,.T.);
#9281 = LINE('',#9282,#9283);
#9282 = CARTESIAN_POINT('',(105.,25.68,0.));
#9283 = VECTOR('',#9284,1.);
#9284 = DIRECTION('',(0.,0.,1.));
#9285 = ORIENTED_EDGE('',*,*,#8990,.T.);
#9286 = ORIENTED_EDGE('',*,*,#9246,.F.);
#9287 = ORIENTED_EDGE('',*,*,#8578,.F.);
#9288 = PLANE('',#9289);
#9289 = AXIS2_PLACEMENT_3D('',#9290,#9291,#9292);
#9290 = CARTESIAN_POINT('',(105.,25.68,0.));
#9291 = DIRECTION('',(1.,0.,-0.));
#9292 = DIRECTION('',(0.,-1.,0.));
#9293 = ADVANCED_FACE('',(#9294),#9305,.T.);
#9294 = FACE_BOUND('',#9295,.T.);
#9295 = EDGE_LOOP('',(#9296,#9297,#9298,#9304));
#9296 = ORIENTED_EDGE('',*,*,#9265,.T.);
#9297 = ORIENTED_EDGE('',*,*,#8822,.T.);
#9298 = ORIENTED_EDGE('',*,*,#9299,.F.);
#9299 = EDGE_CURVE('',#8528,#8823,#9300,.T.);
#9300 = LINE('',#9301,#9302);
#9301 = CARTESIAN_POINT('',(25.68,105.,0.));
#9302 = VECTOR('',#9303,1.);
#9303 = DIRECTION('',(0.,0.,1.));
#9304 = ORIENTED_EDGE('',*,*,#8527,.F.);
#9305 = PLANE('',#9306);
#9306 = AXIS2_PLACEMENT_3D('',#9307,#9308,#9309);
#9307 = CARTESIAN_POINT('',(24.4988568068,105.,0.));
#9308 = DIRECTION('',(0.,1.,0.));
#9309 = DIRECTION('',(1.,0.,0.));
#9310 = ADVANCED_FACE('',(#9311),#9322,.T.);
#9311 = FACE_BOUND('',#9312,.T.);
#9312 = EDGE_LOOP('',(#9313,#9319,#9320,#9321));
#9313 = ORIENTED_EDGE('',*,*,#9314,.T.);
#9314 = EDGE_CURVE('',#8562,#8974,#9315,.T.);
#9315 = LINE('',#9316,#9317);
#9316 = CARTESIAN_POINT('',(103.68,27.,0.));
#9317 = VECTOR('',#9318,1.);
#9318 = DIRECTION('',(0.,0.,1.));
#9319 = ORIENTED_EDGE('',*,*,#8981,.T.);
#9320 = ORIENTED_EDGE('',*,*,#9280,.F.);
#9321 = ORIENTED_EDGE('',*,*,#8569,.F.);
#9322 = CYLINDRICAL_SURFACE('',#9323,1.32);
#9323 = AXIS2_PLACEMENT_3D('',#9324,#9325,#9326);
#9324 = CARTESIAN_POINT('',(103.68,25.68,0.));
#9325 = DIRECTION('',(0.,0.,-1.));
#9326 = DIRECTION('',(0.,1.,0.));
#9327 = ADVANCED_FACE('',(#9328),#9339,.T.);
#9328 = FACE_BOUND('',#9329,.T.);
#9329 = EDGE_LOOP('',(#9330,#9331,#9332,#9338));
#9330 = ORIENTED_EDGE('',*,*,#9299,.T.);
#9331 = ORIENTED_EDGE('',*,*,#8830,.T.);
#9332 = ORIENTED_EDGE('',*,*,#9333,.F.);
#9333 = EDGE_CURVE('',#8536,#8831,#9334,.T.);
#9334 = LINE('',#9335,#9336);
#9335 = CARTESIAN_POINT('',(27.,103.68,0.));
#9336 = VECTOR('',#9337,1.);
#9337 = DIRECTION('',(0.,0.,1.));
#9338 = ORIENTED_EDGE('',*,*,#8535,.F.);
#9339 = CYLINDRICAL_SURFACE('',#9340,1.32);
#9340 = AXIS2_PLACEMENT_3D('',#9341,#9342,#9343);
#9341 = CARTESIAN_POINT('',(25.68,103.68,0.));
#9342 = DIRECTION('',(0.,0.,-1.));
#9343 = DIRECTION('',(-8.074349270001E-15,1.,0.));
#9344 = ADVANCED_FACE('',(#9345),#9356,.T.);
#9345 = FACE_BOUND('',#9346,.T.);
#9346 = EDGE_LOOP('',(#9347,#9353,#9354,#9355));
#9347 = ORIENTED_EDGE('',*,*,#9348,.T.);
#9348 = EDGE_CURVE('',#8553,#8965,#9349,.T.);
#9349 = LINE('',#9350,#9351);
#9350 = CARTESIAN_POINT('',(29.,27.,0.));
#9351 = VECTOR('',#9352,1.);
#9352 = DIRECTION('',(0.,0.,1.));
#9353 = ORIENTED_EDGE('',*,*,#8973,.T.);
#9354 = ORIENTED_EDGE('',*,*,#9314,.F.);
#9355 = ORIENTED_EDGE('',*,*,#8561,.F.);
#9356 = PLANE('',#9357);
#9357 = AXIS2_PLACEMENT_3D('',#9358,#9359,#9360);
#9358 = CARTESIAN_POINT('',(29.,27.,0.));
#9359 = DIRECTION('',(0.,1.,0.));
#9360 = DIRECTION('',(1.,0.,0.));
#9361 = ADVANCED_FACE('',(#9362),#9373,.T.);
#9362 = FACE_BOUND('',#9363,.T.);
#9363 = EDGE_LOOP('',(#9364,#9365,#9366,#9372));
#9364 = ORIENTED_EDGE('',*,*,#9333,.T.);
#9365 = ORIENTED_EDGE('',*,*,#8839,.T.);
#9366 = ORIENTED_EDGE('',*,*,#9367,.F.);
#9367 = EDGE_CURVE('',#8545,#8840,#9368,.T.);
#9368 = LINE('',#9369,#9370);
#9369 = CARTESIAN_POINT('',(27.,29.,0.));
#9370 = VECTOR('',#9371,1.);
#9371 = DIRECTION('',(0.,0.,1.));
#9372 = ORIENTED_EDGE('',*,*,#8544,.F.);
#9373 = PLANE('',#9374);
#9374 = AXIS2_PLACEMENT_3D('',#9375,#9376,#9377);
#9375 = CARTESIAN_POINT('',(27.,103.68,0.));
#9376 = DIRECTION('',(1.,0.,-0.));
#9377 = DIRECTION('',(0.,-1.,0.));
#9378 = ADVANCED_FACE('',(#9379),#9409,.F.);
#9379 = FACE_BOUND('',#9380,.T.);
#9380 = EDGE_LOOP('',(#9381,#9382,#9383,#9384,#9392,#9401,#9407,#9408));
#9381 = ORIENTED_EDGE('',*,*,#8552,.F.);
#9382 = ORIENTED_EDGE('',*,*,#9367,.T.);
#9383 = ORIENTED_EDGE('',*,*,#8847,.T.);
#9384 = ORIENTED_EDGE('',*,*,#9385,.T.);
#9385 = EDGE_CURVE('',#8848,#9386,#9388,.T.);
#9386 = VERTEX_POINT('',#9387);
#9387 = CARTESIAN_POINT('',(27.032638694987,28.640153511148,2.45));
#9388 = LINE('',#9389,#9390);
#9389 = CARTESIAN_POINT('',(27.032638694987,28.640153511148,0.));
#9390 = VECTOR('',#9391,1.);
#9391 = DIRECTION('',(-0.,-0.,-1.));
#9392 = ORIENTED_EDGE('',*,*,#9393,.F.);
#9393 = EDGE_CURVE('',#9394,#9386,#9396,.T.);
#9394 = VERTEX_POINT('',#9395);
#9395 = CARTESIAN_POINT('',(28.640153511148,27.032638694987,2.45));
#9396 = CIRCLE('',#9397,2.);
#9397 = AXIS2_PLACEMENT_3D('',#9398,#9399,#9400);
#9398 = CARTESIAN_POINT('',(29.,29.,2.45));
#9399 = DIRECTION('',(-0.,0.,-1.));
#9400 = DIRECTION('',(-1.,0.,0.));
#9401 = ORIENTED_EDGE('',*,*,#9402,.F.);
#9402 = EDGE_CURVE('',#8957,#9394,#9403,.T.);
#9403 = LINE('',#9404,#9405);
#9404 = CARTESIAN_POINT('',(28.640153511148,27.032638694987,0.));
#9405 = VECTOR('',#9406,1.);
#9406 = DIRECTION('',(-0.,-0.,-1.));
#9407 = ORIENTED_EDGE('',*,*,#8964,.T.);
#9408 = ORIENTED_EDGE('',*,*,#9348,.F.);
#9409 = CYLINDRICAL_SURFACE('',#9410,2.);
#9410 = AXIS2_PLACEMENT_3D('',#9411,#9412,#9413);
#9411 = CARTESIAN_POINT('',(29.,29.,0.));
#9412 = DIRECTION('',(-0.,-0.,-1.));
#9413 = DIRECTION('',(-1.,0.,0.));
#9414 = ADVANCED_FACE('',(#9415),#9426,.F.);
#9415 = FACE_BOUND('',#9416,.F.);
#9416 = EDGE_LOOP('',(#9417,#9418,#9424,#9425));
#9417 = ORIENTED_EDGE('',*,*,#9015,.F.);
#9418 = ORIENTED_EDGE('',*,*,#9419,.F.);
#9419 = EDGE_CURVE('',#8622,#9016,#9420,.T.);
#9420 = LINE('',#9421,#9422);
#9421 = CARTESIAN_POINT('',(89.,10.,-1.));
#9422 = VECTOR('',#9423,1.);
#9423 = DIRECTION('',(0.,0.,1.));
#9424 = ORIENTED_EDGE('',*,*,#8621,.T.);
#9425 = ORIENTED_EDGE('',*,*,#9419,.T.);
#9426 = CYLINDRICAL_SURFACE('',#9427,3.);
#9427 = AXIS2_PLACEMENT_3D('',#9428,#9429,#9430);
#9428 = CARTESIAN_POINT('',(86.,10.,-1.));
#9429 = DIRECTION('',(0.,0.,1.));
#9430 = DIRECTION('',(1.,0.,-0.));
#9431 = ADVANCED_FACE('',(#9432),#9443,.F.);
#9432 = FACE_BOUND('',#9433,.F.);
#9433 = EDGE_LOOP('',(#9434,#9435,#9441,#9442));
#9434 = ORIENTED_EDGE('',*,*,#9026,.F.);
#9435 = ORIENTED_EDGE('',*,*,#9436,.F.);
#9436 = EDGE_CURVE('',#8633,#9027,#9437,.T.);
#9437 = LINE('',#9438,#9439);
#9438 = CARTESIAN_POINT('',(52.,10.,-1.));
#9439 = VECTOR('',#9440,1.);
#9440 = DIRECTION('',(0.,0.,1.));
#9441 = ORIENTED_EDGE('',*,*,#8632,.T.);
#9442 = ORIENTED_EDGE('',*,*,#9436,.T.);
#9443 = CYLINDRICAL_SURFACE('',#9444,3.);
#9444 = AXIS2_PLACEMENT_3D('',#9445,#9446,#9447);
#9445 = CARTESIAN_POINT('',(49.,10.,-1.));
#9446 = DIRECTION('',(0.,0.,1.));
#9447 = DIRECTION('',(1.,0.,-0.));
#9448 = ADVANCED_FACE('',(#9449),#9460,.F.);
#9449 = FACE_BOUND('',#9450,.F.);
#9450 = EDGE_LOOP('',(#9451,#9452,#9458,#9459));
#9451 = ORIENTED_EDGE('',*,*,#9037,.F.);
#9452 = ORIENTED_EDGE('',*,*,#9453,.F.);
#9453 = EDGE_CURVE('',#8644,#9038,#9454,.T.);
#9454 = LINE('',#9455,#9456);
#9455 = CARTESIAN_POINT('',(33.,10.,-1.));
#9456 = VECTOR('',#9457,1.);
#9457 = DIRECTION('',(0.,0.,1.));
#9458 = ORIENTED_EDGE('',*,*,#8643,.T.);
#9459 = ORIENTED_EDGE('',*,*,#9453,.T.);
#9460 = CYLINDRICAL_SURFACE('',#9461,3.);
#9461 = AXIS2_PLACEMENT_3D('',#9462,#9463,#9464);
#9462 = CARTESIAN_POINT('',(30.,10.,-1.));
#9463 = DIRECTION('',(0.,0.,1.));
#9464 = DIRECTION('',(1.,0.,-0.));
#9465 = ADVANCED_FACE('',(#9466),#9477,.F.);
#9466 = FACE_BOUND('',#9467,.F.);
#9467 = EDGE_LOOP('',(#9468,#9469,#9475,#9476));
#9468 = ORIENTED_EDGE('',*,*,#9048,.F.);
#9469 = ORIENTED_EDGE('',*,*,#9470,.F.);
#9470 = EDGE_CURVE('',#8655,#9049,#9471,.T.);
#9471 = LINE('',#9472,#9473);
#9472 = CARTESIAN_POINT('',(18.5,13.,-1.));
#9473 = VECTOR('',#9474,1.);
#9474 = DIRECTION('',(0.,0.,1.));
#9475 = ORIENTED_EDGE('',*,*,#8654,.T.);
#9476 = ORIENTED_EDGE('',*,*,#9470,.T.);
#9477 = CYLINDRICAL_SURFACE('',#9478,5.5);
#9478 = AXIS2_PLACEMENT_3D('',#9479,#9480,#9481);
#9479 = CARTESIAN_POINT('',(13.,13.,-1.));
#9480 = DIRECTION('',(0.,0.,1.));
#9481 = DIRECTION('',(1.,0.,-0.));
#9482 = ADVANCED_FACE('',(#9483),#9494,.F.);
#9483 = FACE_BOUND('',#9484,.F.);
#9484 = EDGE_LOOP('',(#9485,#9486,#9492,#9493));
#9485 = ORIENTED_EDGE('',*,*,#9059,.F.);
#9486 = ORIENTED_EDGE('',*,*,#9487,.F.);
#9487 = EDGE_CURVE('',#8666,#9060,#9488,.T.);
#9488 = LINE('',#9489,#9490);
#9489 = CARTESIAN_POINT('',(13.,30.,-1.));
#9490 = VECTOR('',#9491,1.);
#9491 = DIRECTION('',(0.,0.,1.));
#9492 = ORIENTED_EDGE('',*,*,#8665,.T.);
#9493 = ORIENTED_EDGE('',*,*,#9487,.T.);
#9494 = CYLINDRICAL_SURFACE('',#9495,3.);
#9495 = AXIS2_PLACEMENT_3D('',#9496,#9497,#9498);
#9496 = CARTESIAN_POINT('',(10.,30.,-1.));
#9497 = DIRECTION('',(0.,0.,1.));
#9498 = DIRECTION('',(1.,0.,-0.));
#9499 = ADVANCED_FACE('',(#9500),#9511,.F.);
#9500 = FACE_BOUND('',#9501,.F.);
#9501 = EDGE_LOOP('',(#9502,#9503,#9509,#9510));
#9502 = ORIENTED_EDGE('',*,*,#9070,.F.);
#9503 = ORIENTED_EDGE('',*,*,#9504,.F.);
#9504 = EDGE_CURVE('',#8677,#9071,#9505,.T.);
#9505 = LINE('',#9506,#9507);
#9506 = CARTESIAN_POINT('',(13.,49.,-1.));
#9507 = VECTOR('',#9508,1.);
#9508 = DIRECTION('',(0.,0.,1.));
#9509 = ORIENTED_EDGE('',*,*,#8676,.T.);
#9510 = ORIENTED_EDGE('',*,*,#9504,.T.);
#9511 = CYLINDRICAL_SURFACE('',#9512,3.);
#9512 = AXIS2_PLACEMENT_3D('',#9513,#9514,#9515);
#9513 = CARTESIAN_POINT('',(10.,49.,-1.));
#9514 = DIRECTION('',(0.,0.,1.));
#9515 = DIRECTION('',(1.,0.,-0.));
#9516 = ADVANCED_FACE('',(#9517),#9528,.F.);
#9517 = FACE_BOUND('',#9518,.F.);
#9518 = EDGE_LOOP('',(#9519,#9520,#9526,#9527));
#9519 = ORIENTED_EDGE('',*,*,#9081,.F.);
#9520 = ORIENTED_EDGE('',*,*,#9521,.F.);
#9521 = EDGE_CURVE('',#8688,#9082,#9522,.T.);
#9522 = LINE('',#9523,#9524);
#9523 = CARTESIAN_POINT('',(13.,86.,-1.));
#9524 = VECTOR('',#9525,1.);
#9525 = DIRECTION('',(0.,0.,1.));
#9526 = ORIENTED_EDGE('',*,*,#8687,.T.);
#9527 = ORIENTED_EDGE('',*,*,#9521,.T.);
#9528 = CYLINDRICAL_SURFACE('',#9529,3.);
#9529 = AXIS2_PLACEMENT_3D('',#9530,#9531,#9532);
#9530 = CARTESIAN_POINT('',(10.,86.,-1.));
#9531 = DIRECTION('',(0.,0.,1.));
#9532 = DIRECTION('',(1.,0.,-0.));
#9533 = ADVANCED_FACE('',(#9534),#9552,.F.);
#9534 = FACE_BOUND('',#9535,.F.);
#9535 = EDGE_LOOP('',(#9536,#9544,#9550,#9551));
#9536 = ORIENTED_EDGE('',*,*,#9537,.F.);
#9537 = EDGE_CURVE('',#9538,#9107,#9540,.T.);
#9538 = VERTEX_POINT('',#9539);
#9539 = CARTESIAN_POINT('',(36.225,23.,2.28));
#9540 = LINE('',#9541,#9542);
#9541 = CARTESIAN_POINT('',(36.225,23.,2.28));
#9542 = VECTOR('',#9543,1.);
#9543 = DIRECTION('',(0.,-1.,0.));
#9544 = ORIENTED_EDGE('',*,*,#9545,.T.);
#9545 = EDGE_CURVE('',#9538,#8724,#9546,.T.);
#9546 = LINE('',#9547,#9548);
#9547 = CARTESIAN_POINT('',(36.225,23.,2.28));
#9548 = VECTOR('',#9549,1.);
#9549 = DIRECTION('',(0.,0.,1.));
#9550 = ORIENTED_EDGE('',*,*,#8723,.T.);
#9551 = ORIENTED_EDGE('',*,*,#9106,.F.);
#9552 = PLANE('',#9553);
#9553 = AXIS2_PLACEMENT_3D('',#9554,#9555,#9556);
#9554 = CARTESIAN_POINT('',(36.225,23.,2.28));
#9555 = DIRECTION('',(1.,0.,-0.));
#9556 = DIRECTION('',(0.,-1.,0.));
#9557 = ADVANCED_FACE('',(#9558),#9576,.F.);
#9558 = FACE_BOUND('',#9559,.F.);
#9559 = EDGE_LOOP('',(#9560,#9568,#9574,#9575));
#9560 = ORIENTED_EDGE('',*,*,#9561,.F.);
#9561 = EDGE_CURVE('',#9562,#9538,#9564,.T.);
#9562 = VERTEX_POINT('',#9563);
#9563 = CARTESIAN_POINT('',(35.775,23.,2.28));
#9564 = LINE('',#9565,#9566);
#9565 = CARTESIAN_POINT('',(35.775,23.,2.28));
#9566 = VECTOR('',#9567,1.);
#9567 = DIRECTION('',(1.,0.,0.));
#9568 = ORIENTED_EDGE('',*,*,#9569,.T.);
#9569 = EDGE_CURVE('',#9562,#8732,#9570,.T.);
#9570 = LINE('',#9571,#9572);
#9571 = CARTESIAN_POINT('',(35.775,23.,2.28));
#9572 = VECTOR('',#9573,1.);
#9573 = DIRECTION('',(0.,0.,1.));
#9574 = ORIENTED_EDGE('',*,*,#8731,.T.);
#9575 = ORIENTED_EDGE('',*,*,#9545,.F.);
#9576 = PLANE('',#9577);
#9577 = AXIS2_PLACEMENT_3D('',#9578,#9579,#9580);
#9578 = CARTESIAN_POINT('',(35.775,23.,2.28));
#9579 = DIRECTION('',(0.,1.,0.));
#9580 = DIRECTION('',(1.,0.,0.));
#9581 = ADVANCED_FACE('',(#9582),#9593,.F.);
#9582 = FACE_BOUND('',#9583,.F.);
#9583 = EDGE_LOOP('',(#9584,#9590,#9591,#9592));
#9584 = ORIENTED_EDGE('',*,*,#9585,.F.);
#9585 = EDGE_CURVE('',#9115,#9562,#9586,.T.);
#9586 = LINE('',#9587,#9588);
#9587 = CARTESIAN_POINT('',(35.775,0.,2.28));
#9588 = VECTOR('',#9589,1.);
#9589 = DIRECTION('',(0.,1.,0.));
#9590 = ORIENTED_EDGE('',*,*,#9122,.T.);
#9591 = ORIENTED_EDGE('',*,*,#8739,.T.);
#9592 = ORIENTED_EDGE('',*,*,#9569,.F.);
#9593 = PLANE('',#9594);
#9594 = AXIS2_PLACEMENT_3D('',#9595,#9596,#9597);
#9595 = CARTESIAN_POINT('',(35.775,0.,2.28));
#9596 = DIRECTION('',(-1.,0.,0.));
#9597 = DIRECTION('',(0.,1.,0.));
#9598 = ADVANCED_FACE('',(#9599),#9633,.T.);
#9599 = FACE_BOUND('',#9600,.T.);
#9600 = EDGE_LOOP('',(#9601,#9602,#9610,#9618,#9624,#9625,#9626,#9632));
#9601 = ORIENTED_EDGE('',*,*,#8856,.F.);
#9602 = ORIENTED_EDGE('',*,*,#9603,.T.);
#9603 = EDGE_CURVE('',#8857,#9604,#9606,.T.);
#9604 = VERTEX_POINT('',#9605);
#9605 = CARTESIAN_POINT('',(26.563603896932,29.109188309204,3.45));
#9606 = LINE('',#9607,#9608);
#9607 = CARTESIAN_POINT('',(26.563603896932,29.109188309204,2.45));
#9608 = VECTOR('',#9609,1.);
#9609 = DIRECTION('',(0.,0.,1.));
#9610 = ORIENTED_EDGE('',*,*,#9611,.T.);
#9611 = EDGE_CURVE('',#9604,#9612,#9614,.T.);
#9612 = VERTEX_POINT('',#9613);
#9613 = CARTESIAN_POINT('',(29.109188309204,26.563603896932,3.45));
#9614 = LINE('',#9615,#9616);
#9615 = CARTESIAN_POINT('',(26.563603896932,29.109188309204,3.45));
#9616 = VECTOR('',#9617,1.);
#9617 = DIRECTION('',(0.707106781187,-0.707106781187,0.));
#9618 = ORIENTED_EDGE('',*,*,#9619,.F.);
#9619 = EDGE_CURVE('',#8948,#9612,#9620,.T.);
#9620 = LINE('',#9621,#9622);
#9621 = CARTESIAN_POINT('',(29.109188309204,26.563603896932,2.45));
#9622 = VECTOR('',#9623,1.);
#9623 = DIRECTION('',(0.,0.,1.));
#9624 = ORIENTED_EDGE('',*,*,#8956,.F.);
#9625 = ORIENTED_EDGE('',*,*,#9402,.T.);
#9626 = ORIENTED_EDGE('',*,*,#9627,.F.);
#9627 = EDGE_CURVE('',#9386,#9394,#9628,.T.);
#9628 = LINE('',#9629,#9630);
#9629 = CARTESIAN_POINT('',(26.563603896932,29.109188309204,2.45));
#9630 = VECTOR('',#9631,1.);
#9631 = DIRECTION('',(0.707106781187,-0.707106781187,0.));
#9632 = ORIENTED_EDGE('',*,*,#9385,.F.);
#9633 = PLANE('',#9634);
#9634 = AXIS2_PLACEMENT_3D('',#9635,#9636,#9637);
#9635 = CARTESIAN_POINT('',(26.563603896932,29.109188309204,2.45));
#9636 = DIRECTION('',(0.707106781187,0.707106781187,-0.));
#9637 = DIRECTION('',(0.707106781187,-0.707106781187,0.));
#9638 = ADVANCED_FACE('',(#9639),#9658,.F.);
#9639 = FACE_BOUND('',#9640,.T.);
#9640 = EDGE_LOOP('',(#9641,#9642,#9643,#9652));
#9641 = ORIENTED_EDGE('',*,*,#8947,.T.);
#9642 = ORIENTED_EDGE('',*,*,#9619,.T.);
#9643 = ORIENTED_EDGE('',*,*,#9644,.T.);
#9644 = EDGE_CURVE('',#9612,#9645,#9647,.T.);
#9645 = VERTEX_POINT('',#9646);
#9646 = CARTESIAN_POINT('',(29.745584412272,26.3,3.45));
#9647 = CIRCLE('',#9648,0.9);
#9648 = AXIS2_PLACEMENT_3D('',#9649,#9650,#9651);
#9649 = CARTESIAN_POINT('',(29.745584412272,27.2,3.45));
#9650 = DIRECTION('',(0.,0.,1.));
#9651 = DIRECTION('',(-0.707106781187,-0.707106781187,0.));
#9652 = ORIENTED_EDGE('',*,*,#9653,.F.);
#9653 = EDGE_CURVE('',#8940,#9645,#9654,.T.);
#9654 = LINE('',#9655,#9656);
#9655 = CARTESIAN_POINT('',(29.745584412272,26.3,2.45));
#9656 = VECTOR('',#9657,1.);
#9657 = DIRECTION('',(0.,0.,1.));
#9658 = CYLINDRICAL_SURFACE('',#9659,0.9);
#9659 = AXIS2_PLACEMENT_3D('',#9660,#9661,#9662);
#9660 = CARTESIAN_POINT('',(29.745584412272,27.2,2.45));
#9661 = DIRECTION('',(-0.,-0.,-1.));
#9662 = DIRECTION('',(-0.707106781187,-0.707106781187,0.));
#9663 = ADVANCED_FACE('',(#9664),#9682,.T.);
#9664 = FACE_BOUND('',#9665,.T.);
#9665 = EDGE_LOOP('',(#9666,#9667,#9668,#9676));
#9666 = ORIENTED_EDGE('',*,*,#8939,.F.);
#9667 = ORIENTED_EDGE('',*,*,#9653,.T.);
#9668 = ORIENTED_EDGE('',*,*,#9669,.T.);
#9669 = EDGE_CURVE('',#9645,#9670,#9672,.T.);
#9670 = VERTEX_POINT('',#9671);
#9671 = CARTESIAN_POINT('',(40.,26.3,3.45));
#9672 = LINE('',#9673,#9674);
#9673 = CARTESIAN_POINT('',(29.745584412272,26.3,3.45));
#9674 = VECTOR('',#9675,1.);
#9675 = DIRECTION('',(1.,0.,0.));
#9676 = ORIENTED_EDGE('',*,*,#9677,.F.);
#9677 = EDGE_CURVE('',#8932,#9670,#9678,.T.);
#9678 = LINE('',#9679,#9680);
#9679 = CARTESIAN_POINT('',(40.,26.3,2.45));
#9680 = VECTOR('',#9681,1.);
#9681 = DIRECTION('',(0.,0.,1.));
#9682 = PLANE('',#9683);
#9683 = AXIS2_PLACEMENT_3D('',#9684,#9685,#9686);
#9684 = CARTESIAN_POINT('',(29.745584412272,26.3,2.45));
#9685 = DIRECTION('',(0.,1.,0.));
#9686 = DIRECTION('',(1.,0.,0.));
#9687 = ADVANCED_FACE('',(#9688),#9706,.T.);
#9688 = FACE_BOUND('',#9689,.T.);
#9689 = EDGE_LOOP('',(#9690,#9691,#9692,#9700));
#9690 = ORIENTED_EDGE('',*,*,#8931,.F.);
#9691 = ORIENTED_EDGE('',*,*,#9677,.T.);
#9692 = ORIENTED_EDGE('',*,*,#9693,.T.);
#9693 = EDGE_CURVE('',#9670,#9694,#9696,.T.);
#9694 = VERTEX_POINT('',#9695);
#9695 = CARTESIAN_POINT('',(40.,24.5,3.45));
#9696 = LINE('',#9697,#9698);
#9697 = CARTESIAN_POINT('',(40.,26.3,3.45));
#9698 = VECTOR('',#9699,1.);
#9699 = DIRECTION('',(0.,-1.,0.));
#9700 = ORIENTED_EDGE('',*,*,#9701,.F.);
#9701 = EDGE_CURVE('',#8924,#9694,#9702,.T.);
#9702 = LINE('',#9703,#9704);
#9703 = CARTESIAN_POINT('',(40.,24.5,2.45));
#9704 = VECTOR('',#9705,1.);
#9705 = DIRECTION('',(0.,0.,1.));
#9706 = PLANE('',#9707);
#9707 = AXIS2_PLACEMENT_3D('',#9708,#9709,#9710);
#9708 = CARTESIAN_POINT('',(40.,26.3,2.45));
#9709 = DIRECTION('',(1.,0.,-0.));
#9710 = DIRECTION('',(0.,-1.,0.));
#9711 = ADVANCED_FACE('',(#9712),#9730,.F.);
#9712 = FACE_BOUND('',#9713,.F.);
#9713 = EDGE_LOOP('',(#9714,#9722,#9728,#9729));
#9714 = ORIENTED_EDGE('',*,*,#9715,.F.);
#9715 = EDGE_CURVE('',#9716,#9142,#9718,.T.);
#9716 = VERTEX_POINT('',#9717);
#9717 = CARTESIAN_POINT('',(23.,35.775,2.28));
#9718 = LINE('',#9719,#9720);
#9719 = CARTESIAN_POINT('',(23.,35.775,2.28));
#9720 = VECTOR('',#9721,1.);
#9721 = DIRECTION('',(-1.,0.,0.));
#9722 = ORIENTED_EDGE('',*,*,#9723,.T.);
#9723 = EDGE_CURVE('',#9716,#8765,#9724,.T.);
#9724 = LINE('',#9725,#9726);
#9725 = CARTESIAN_POINT('',(23.,35.775,2.28));
#9726 = VECTOR('',#9727,1.);
#9727 = DIRECTION('',(0.,0.,1.));
#9728 = ORIENTED_EDGE('',*,*,#8764,.T.);
#9729 = ORIENTED_EDGE('',*,*,#9141,.F.);
#9730 = PLANE('',#9731);
#9731 = AXIS2_PLACEMENT_3D('',#9732,#9733,#9734);
#9732 = CARTESIAN_POINT('',(23.,35.775,2.28));
#9733 = DIRECTION('',(0.,-1.,0.));
#9734 = DIRECTION('',(-1.,0.,0.));
#9735 = ADVANCED_FACE('',(#9736),#9754,.T.);
#9736 = FACE_BOUND('',#9737,.T.);
#9737 = EDGE_LOOP('',(#9738,#9739,#9740,#9748));
#9738 = ORIENTED_EDGE('',*,*,#8923,.F.);
#9739 = ORIENTED_EDGE('',*,*,#9701,.T.);
#9740 = ORIENTED_EDGE('',*,*,#9741,.T.);
#9741 = EDGE_CURVE('',#9694,#9742,#9744,.T.);
#9742 = VERTEX_POINT('',#9743);
#9743 = CARTESIAN_POINT('',(29.745584412272,24.5,3.45));
#9744 = LINE('',#9745,#9746);
#9745 = CARTESIAN_POINT('',(40.,24.5,3.45));
#9746 = VECTOR('',#9747,1.);
#9747 = DIRECTION('',(-1.,0.,0.));
#9748 = ORIENTED_EDGE('',*,*,#9749,.F.);
#9749 = EDGE_CURVE('',#8915,#9742,#9750,.T.);
#9750 = LINE('',#9751,#9752);
#9751 = CARTESIAN_POINT('',(29.745584412272,24.5,2.45));
#9752 = VECTOR('',#9753,1.);
#9753 = DIRECTION('',(0.,0.,1.));
#9754 = PLANE('',#9755);
#9755 = AXIS2_PLACEMENT_3D('',#9756,#9757,#9758);
#9756 = CARTESIAN_POINT('',(40.,24.5,2.45));
#9757 = DIRECTION('',(0.,-1.,0.));
#9758 = DIRECTION('',(-1.,0.,0.));
#9759 = ADVANCED_FACE('',(#9760),#9778,.F.);
#9760 = FACE_BOUND('',#9761,.F.);
#9761 = EDGE_LOOP('',(#9762,#9770,#9776,#9777));
#9762 = ORIENTED_EDGE('',*,*,#9763,.F.);
#9763 = EDGE_CURVE('',#9764,#9716,#9766,.T.);
#9764 = VERTEX_POINT('',#9765);
#9765 = CARTESIAN_POINT('',(23.,36.225,2.28));
#9766 = LINE('',#9767,#9768);
#9767 = CARTESIAN_POINT('',(23.,36.225,2.28));
#9768 = VECTOR('',#9769,1.);
#9769 = DIRECTION('',(0.,-1.,0.));
#9770 = ORIENTED_EDGE('',*,*,#9771,.T.);
#9771 = EDGE_CURVE('',#9764,#8773,#9772,.T.);
#9772 = LINE('',#9773,#9774);
#9773 = CARTESIAN_POINT('',(23.,36.225,2.28));
#9774 = VECTOR('',#9775,1.);
#9775 = DIRECTION('',(0.,0.,1.));
#9776 = ORIENTED_EDGE('',*,*,#8772,.T.);
#9777 = ORIENTED_EDGE('',*,*,#9723,.F.);
#9778 = PLANE('',#9779);
#9779 = AXIS2_PLACEMENT_3D('',#9780,#9781,#9782);
#9780 = CARTESIAN_POINT('',(23.,36.225,2.28));
#9781 = DIRECTION('',(1.,0.,-0.));
#9782 = DIRECTION('',(0.,-1.,0.));
#9783 = ADVANCED_FACE('',(#9784),#9803,.T.);
#9784 = FACE_BOUND('',#9785,.T.);
#9785 = EDGE_LOOP('',(#9786,#9787,#9788,#9797));
#9786 = ORIENTED_EDGE('',*,*,#8914,.F.);
#9787 = ORIENTED_EDGE('',*,*,#9749,.T.);
#9788 = ORIENTED_EDGE('',*,*,#9789,.T.);
#9789 = EDGE_CURVE('',#9742,#9790,#9792,.T.);
#9790 = VERTEX_POINT('',#9791);
#9791 = CARTESIAN_POINT('',(27.836396103068,25.290811690796,3.45));
#9792 = CIRCLE('',#9793,2.7);
#9793 = AXIS2_PLACEMENT_3D('',#9794,#9795,#9796);
#9794 = CARTESIAN_POINT('',(29.745584412272,27.2,3.45));
#9795 = DIRECTION('',(0.,0.,-1.));
#9796 = DIRECTION('',(2.631639762074E-15,-1.,0.));
#9797 = ORIENTED_EDGE('',*,*,#9798,.F.);
#9798 = EDGE_CURVE('',#8907,#9790,#9799,.T.);
#9799 = LINE('',#9800,#9801);
#9800 = CARTESIAN_POINT('',(27.836396103068,25.290811690796,2.45));
#9801 = VECTOR('',#9802,1.);
#9802 = DIRECTION('',(0.,0.,1.));
#9803 = CYLINDRICAL_SURFACE('',#9804,2.7);
#9804 = AXIS2_PLACEMENT_3D('',#9805,#9806,#9807);
#9805 = CARTESIAN_POINT('',(29.745584412272,27.2,2.45));
#9806 = DIRECTION('',(0.,0.,-1.));
#9807 = DIRECTION('',(2.631639762074E-15,-1.,0.));
#9808 = ADVANCED_FACE('',(#9809),#9820,.F.);
#9809 = FACE_BOUND('',#9810,.F.);
#9810 = EDGE_LOOP('',(#9811,#9817,#9818,#9819));
#9811 = ORIENTED_EDGE('',*,*,#9812,.F.);
#9812 = EDGE_CURVE('',#9150,#9764,#9813,.T.);
#9813 = LINE('',#9814,#9815);
#9814 = CARTESIAN_POINT('',(0.,36.225,2.28));
#9815 = VECTOR('',#9816,1.);
#9816 = DIRECTION('',(1.,0.,0.));
#9817 = ORIENTED_EDGE('',*,*,#9157,.T.);
#9818 = ORIENTED_EDGE('',*,*,#8780,.T.);
#9819 = ORIENTED_EDGE('',*,*,#9771,.F.);
#9820 = PLANE('',#9821);
#9821 = AXIS2_PLACEMENT_3D('',#9822,#9823,#9824);
#9822 = CARTESIAN_POINT('',(0.,36.225,2.28));
#9823 = DIRECTION('',(0.,1.,0.));
#9824 = DIRECTION('',(1.,0.,0.));
#9825 = ADVANCED_FACE('',(#9826),#9844,.T.);
#9826 = FACE_BOUND('',#9827,.T.);
#9827 = EDGE_LOOP('',(#9828,#9829,#9830,#9838));
#9828 = ORIENTED_EDGE('',*,*,#8906,.F.);
#9829 = ORIENTED_EDGE('',*,*,#9798,.T.);
#9830 = ORIENTED_EDGE('',*,*,#9831,.T.);
#9831 = EDGE_CURVE('',#9790,#9832,#9834,.T.);
#9832 = VERTEX_POINT('',#9833);
#9833 = CARTESIAN_POINT('',(25.290811690796,27.836396103068,3.45));
#9834 = LINE('',#9835,#9836);
#9835 = CARTESIAN_POINT('',(27.836396103068,25.290811690796,3.45));
#9836 = VECTOR('',#9837,1.);
#9837 = DIRECTION('',(-0.707106781187,0.707106781187,0.));
#9838 = ORIENTED_EDGE('',*,*,#9839,.F.);
#9839 = EDGE_CURVE('',#8898,#9832,#9840,.T.);
#9840 = LINE('',#9841,#9842);
#9841 = CARTESIAN_POINT('',(25.290811690796,27.836396103068,2.45));
#9842 = VECTOR('',#9843,1.);
#9843 = DIRECTION('',(0.,0.,1.));
#9844 = PLANE('',#9845);
#9845 = AXIS2_PLACEMENT_3D('',#9846,#9847,#9848);
#9846 = CARTESIAN_POINT('',(27.836396103068,25.290811690796,2.45));
#9847 = DIRECTION('',(-0.707106781187,-0.707106781187,0.));
#9848 = DIRECTION('',(-0.707106781187,0.707106781187,0.));
#9849 = ADVANCED_FACE('',(#9850),#9869,.T.);
#9850 = FACE_BOUND('',#9851,.T.);
#9851 = EDGE_LOOP('',(#9852,#9853,#9854,#9863));
#9852 = ORIENTED_EDGE('',*,*,#8897,.F.);
#9853 = ORIENTED_EDGE('',*,*,#9839,.T.);
#9854 = ORIENTED_EDGE('',*,*,#9855,.T.);
#9855 = EDGE_CURVE('',#9832,#9856,#9858,.T.);
#9856 = VERTEX_POINT('',#9857);
#9857 = CARTESIAN_POINT('',(24.5,29.745584412272,3.45));
#9858 = CIRCLE('',#9859,2.7);
#9859 = AXIS2_PLACEMENT_3D('',#9860,#9861,#9862);
#9860 = CARTESIAN_POINT('',(27.2,29.745584412272,3.45));
#9861 = DIRECTION('',(0.,0.,-1.));
#9862 = DIRECTION('',(-0.707106781187,-0.707106781187,-0.));
#9863 = ORIENTED_EDGE('',*,*,#9864,.F.);
#9864 = EDGE_CURVE('',#8890,#9856,#9865,.T.);
#9865 = LINE('',#9866,#9867);
#9866 = CARTESIAN_POINT('',(24.5,29.745584412272,2.45));
#9867 = VECTOR('',#9868,1.);
#9868 = DIRECTION('',(0.,0.,1.));
#9869 = CYLINDRICAL_SURFACE('',#9870,2.7);
#9870 = AXIS2_PLACEMENT_3D('',#9871,#9872,#9873);
#9871 = CARTESIAN_POINT('',(27.2,29.745584412272,2.45));
#9872 = DIRECTION('',(0.,0.,-1.));
#9873 = DIRECTION('',(-0.707106781187,-0.707106781187,-0.));
#9874 = ADVANCED_FACE('',(#9875),#9893,.T.);
#9875 = FACE_BOUND('',#9876,.T.);
#9876 = EDGE_LOOP('',(#9877,#9878,#9879,#9887));
#9877 = ORIENTED_EDGE('',*,*,#8889,.F.);
#9878 = ORIENTED_EDGE('',*,*,#9864,.T.);
#9879 = ORIENTED_EDGE('',*,*,#9880,.T.);
#9880 = EDGE_CURVE('',#9856,#9881,#9883,.T.);
#9881 = VERTEX_POINT('',#9882);
#9882 = CARTESIAN_POINT('',(24.5,40.,3.45));
#9883 = LINE('',#9884,#9885);
#9884 = CARTESIAN_POINT('',(24.5,29.745584412272,3.45));
#9885 = VECTOR('',#9886,1.);
#9886 = DIRECTION('',(0.,1.,0.));
#9887 = ORIENTED_EDGE('',*,*,#9888,.F.);
#9888 = EDGE_CURVE('',#8882,#9881,#9889,.T.);
#9889 = LINE('',#9890,#9891);
#9890 = CARTESIAN_POINT('',(24.5,40.,2.45));
#9891 = VECTOR('',#9892,1.);
#9892 = DIRECTION('',(0.,0.,1.));
#9893 = PLANE('',#9894);
#9894 = AXIS2_PLACEMENT_3D('',#9895,#9896,#9897);
#9895 = CARTESIAN_POINT('',(24.5,29.745584412272,2.45));
#9896 = DIRECTION('',(-1.,0.,0.));
#9897 = DIRECTION('',(0.,1.,0.));
#9898 = ADVANCED_FACE('',(#9899),#9917,.T.);
#9899 = FACE_BOUND('',#9900,.T.);
#9900 = EDGE_LOOP('',(#9901,#9902,#9903,#9911));
#9901 = ORIENTED_EDGE('',*,*,#8881,.F.);
#9902 = ORIENTED_EDGE('',*,*,#9888,.T.);
#9903 = ORIENTED_EDGE('',*,*,#9904,.T.);
#9904 = EDGE_CURVE('',#9881,#9905,#9907,.T.);
#9905 = VERTEX_POINT('',#9906);
#9906 = CARTESIAN_POINT('',(26.3,40.,3.45));
#9907 = LINE('',#9908,#9909);
#9908 = CARTESIAN_POINT('',(24.5,40.,3.45));
#9909 = VECTOR('',#9910,1.);
#9910 = DIRECTION('',(1.,0.,0.));
#9911 = ORIENTED_EDGE('',*,*,#9912,.F.);
#9912 = EDGE_CURVE('',#8874,#9905,#9913,.T.);
#9913 = LINE('',#9914,#9915);
#9914 = CARTESIAN_POINT('',(26.3,40.,2.45));
#9915 = VECTOR('',#9916,1.);
#9916 = DIRECTION('',(0.,0.,1.));
#9917 = PLANE('',#9918);
#9918 = AXIS2_PLACEMENT_3D('',#9919,#9920,#9921);
#9919 = CARTESIAN_POINT('',(24.5,40.,2.45));
#9920 = DIRECTION('',(0.,1.,0.));
#9921 = DIRECTION('',(1.,0.,0.));
#9922 = ADVANCED_FACE('',(#9923),#9941,.T.);
#9923 = FACE_BOUND('',#9924,.T.);
#9924 = EDGE_LOOP('',(#9925,#9926,#9927,#9935));
#9925 = ORIENTED_EDGE('',*,*,#8873,.F.);
#9926 = ORIENTED_EDGE('',*,*,#9912,.T.);
#9927 = ORIENTED_EDGE('',*,*,#9928,.T.);
#9928 = EDGE_CURVE('',#9905,#9929,#9931,.T.);
#9929 = VERTEX_POINT('',#9930);
#9930 = CARTESIAN_POINT('',(26.3,29.745584412272,3.45));
#9931 = LINE('',#9932,#9933);
#9932 = CARTESIAN_POINT('',(26.3,40.,3.45));
#9933 = VECTOR('',#9934,1.);
#9934 = DIRECTION('',(0.,-1.,0.));
#9935 = ORIENTED_EDGE('',*,*,#9936,.F.);
#9936 = EDGE_CURVE('',#8865,#9929,#9937,.T.);
#9937 = LINE('',#9938,#9939);
#9938 = CARTESIAN_POINT('',(26.3,29.745584412272,2.45));
#9939 = VECTOR('',#9940,1.);
#9940 = DIRECTION('',(0.,0.,1.));
#9941 = PLANE('',#9942);
#9942 = AXIS2_PLACEMENT_3D('',#9943,#9944,#9945);
#9943 = CARTESIAN_POINT('',(26.3,40.,2.45));
#9944 = DIRECTION('',(1.,0.,-0.));
#9945 = DIRECTION('',(0.,-1.,0.));
#9946 = ADVANCED_FACE('',(#9947),#9959,.F.);
#9947 = FACE_BOUND('',#9948,.T.);
#9948 = EDGE_LOOP('',(#9949,#9950,#9951,#9958));
#9949 = ORIENTED_EDGE('',*,*,#8864,.T.);
#9950 = ORIENTED_EDGE('',*,*,#9936,.T.);
#9951 = ORIENTED_EDGE('',*,*,#9952,.T.);
#9952 = EDGE_CURVE('',#9929,#9604,#9953,.T.);
#9953 = CIRCLE('',#9954,0.9);
#9954 = AXIS2_PLACEMENT_3D('',#9955,#9956,#9957);
#9955 = CARTESIAN_POINT('',(27.2,29.745584412272,3.45));
#9956 = DIRECTION('',(0.,0.,1.));
#9957 = DIRECTION('',(-1.,1.578983857245E-14,0.));
#9958 = ORIENTED_EDGE('',*,*,#9603,.F.);
#9959 = CYLINDRICAL_SURFACE('',#9960,0.9);
#9960 = AXIS2_PLACEMENT_3D('',#9961,#9962,#9963);
#9961 = CARTESIAN_POINT('',(27.2,29.745584412272,2.45));
#9962 = DIRECTION('',(-0.,-0.,-1.));
#9963 = DIRECTION('',(-1.,1.578983857245E-14,0.));
#9964 = ADVANCED_FACE('',(#9965),#9971,.F.);
#9965 = FACE_BOUND('',#9966,.F.);
#9966 = EDGE_LOOP('',(#9967,#9968,#9969,#9970));
#9967 = ORIENTED_EDGE('',*,*,#9585,.T.);
#9968 = ORIENTED_EDGE('',*,*,#9561,.T.);
#9969 = ORIENTED_EDGE('',*,*,#9537,.T.);
#9970 = ORIENTED_EDGE('',*,*,#9114,.T.);
#9971 = PLANE('',#9972);
#9972 = AXIS2_PLACEMENT_3D('',#9973,#9974,#9975);
#9973 = CARTESIAN_POINT('',(36.,11.5,2.28));
#9974 = DIRECTION('',(-0.,-0.,-1.));
#9975 = DIRECTION('',(-1.,0.,0.));
#9976 = ADVANCED_FACE('',(#9977),#9983,.F.);
#9977 = FACE_BOUND('',#9978,.F.);
#9978 = EDGE_LOOP('',(#9979,#9980,#9981,#9982));
#9979 = ORIENTED_EDGE('',*,*,#9812,.T.);
#9980 = ORIENTED_EDGE('',*,*,#9763,.T.);
#9981 = ORIENTED_EDGE('',*,*,#9715,.T.);
#9982 = ORIENTED_EDGE('',*,*,#9149,.T.);
#9983 = PLANE('',#9984);
#9984 = AXIS2_PLACEMENT_3D('',#9985,#9986,#9987);
#9985 = CARTESIAN_POINT('',(11.5,36.,2.28));
#9986 = DIRECTION('',(-0.,-0.,-1.));
#9987 = DIRECTION('',(-1.,0.,0.));
#9988 = ADVANCED_FACE('',(#9989),#9993,.T.);
#9989 = FACE_BOUND('',#9990,.T.);
#9990 = EDGE_LOOP('',(#9991,#9992));
#9991 = ORIENTED_EDGE('',*,*,#9393,.T.);
#9992 = ORIENTED_EDGE('',*,*,#9627,.T.);
#9993 = PLANE('',#9994);
#9994 = AXIS2_PLACEMENT_3D('',#9995,#9996,#9997);
#9995 = CARTESIAN_POINT('',(29.626019537006,29.626019537006,2.45));
#9996 = DIRECTION('',(-0.,-0.,-1.));
#9997 = DIRECTION('',(-1.,0.,0.));
#9998 = ADVANCED_FACE('',(#9999),#10013,.F.);
#9999 = FACE_BOUND('',#10000,.F.);
#10000 = EDGE_LOOP('',(#10001,#10002,#10003,#10004,#10005,#10006,#10007,
    #10008,#10009,#10010,#10011,#10012));
#10001 = ORIENTED_EDGE('',*,*,#9928,.T.);
#10002 = ORIENTED_EDGE('',*,*,#9952,.T.);
#10003 = ORIENTED_EDGE('',*,*,#9611,.T.);
#10004 = ORIENTED_EDGE('',*,*,#9644,.T.);
#10005 = ORIENTED_EDGE('',*,*,#9669,.T.);
#10006 = ORIENTED_EDGE('',*,*,#9693,.T.);
#10007 = ORIENTED_EDGE('',*,*,#9741,.T.);
#10008 = ORIENTED_EDGE('',*,*,#9789,.T.);
#10009 = ORIENTED_EDGE('',*,*,#9831,.T.);
#10010 = ORIENTED_EDGE('',*,*,#9855,.T.);
#10011 = ORIENTED_EDGE('',*,*,#9880,.T.);
#10012 = ORIENTED_EDGE('',*,*,#9904,.T.);
#10013 = PLANE('',#10014);
#10014 = AXIS2_PLACEMENT_3D('',#10015,#10016,#10017);
#10015 = CARTESIAN_POINT('',(29.626019537006,29.626019537006,3.45));
#10016 = DIRECTION('',(-0.,-0.,-1.));
#10017 = DIRECTION('',(-1.,0.,0.));
#10018 = ( GEOMETRIC_REPRESENTATION_CONTEXT(3) 
GLOBAL_UNCERTAINTY_ASSIGNED_CONTEXT((#10022)) 
GLOBAL_UNIT_ASSIGNED_CONTEXT((#10019,#10020,#10021)) 
REPRESENTATION_CONTEXT('Context #1',
  '3D Context with UNIT and UNCERTAINTY') );
#10019 = ( LENGTH_UNIT() NAMED_UNIT(*) SI_UNIT(.MILLI.,.METRE.) );
#10020 = ( NAMED_UNIT(*) PLANE_ANGLE_UNIT() SI_UNIT($,.RADIAN.) );
#10021 = ( NAMED_UNIT(*) SI_UNIT($,.STERADIAN.) SOLID_ANGLE_UNIT() );
#10022 = UNCERTAINTY_MEASURE_WITH_UNIT(LENGTH_MEASURE(1.E-07),#10019,
  'distance_accuracy_value','confusion accuracy');
#10023 = CONTEXT_DEPENDENT_SHAPE_REPRESENTATION(#10024,#10026);
#10024 = ( REPRESENTATION_RELATIONSHIP('','',#8378,#10) 
REPRESENTATION_RELATIONSHIP_WITH_TRANSFORMATION(#10025) 
SHAPE_REPRESENTATION_RELATIONSHIP() );
#10025 = ITEM_DEFINED_TRANSFORMATION('','',#11,#35);
#10026 = PRODUCT_DEFINITION_SHAPE('Placement','Placement of an item',
  #10027);
#10027 = NEXT_ASSEMBLY_USAGE_OCCURRENCE('14','H30 | Hoek rechtsonder',''
  ,#5,#8373,$);
#10028 = PRODUCT_RELATED_PRODUCT_CATEGORY('part',$,(#8375));
#10029 = SHAPE_DEFINITION_REPRESENTATION(#10030,#10036);
#10030 = PRODUCT_DEFINITION_SHAPE('','',#10031);
#10031 = PRODUCT_DEFINITION('design','',#10032,#10035);
#10032 = PRODUCT_DEFINITION_FORMATION('','',#10033);
#10033 = PRODUCT('H30 | Hoek rechtsboven','H30 | Hoek rechtsboven','',(
    #10034));
#10034 = PRODUCT_CONTEXT('',#2,'mechanical');
#10035 = PRODUCT_DEFINITION_CONTEXT('part definition',#2,'design');
#10036 = ADVANCED_BREP_SHAPE_REPRESENTATION('',(#11,#10037),#11676);
#10037 = MANIFOLD_SOLID_BREP('',#10038);
#10038 = CLOSED_SHELL('',(#10039,#10079,#10112,#10145,#10358,#10752,
    #10792,#10832,#10849,#10866,#10883,#10900,#10917,#10934,#10951,
    #10968,#10985,#11002,#11019,#11036,#11072,#11089,#11106,#11123,
    #11140,#11157,#11174,#11191,#11215,#11239,#11256,#11296,#11321,
    #11345,#11369,#11393,#11417,#11441,#11466,#11483,#11507,#11532,
    #11556,#11580,#11604,#11622,#11634,#11646,#11656));
#10039 = ADVANCED_FACE('',(#10040),#10074,.T.);
#10040 = FACE_BOUND('',#10041,.T.);
#10041 = EDGE_LOOP('',(#10042,#10052,#10060,#10068));
#10042 = ORIENTED_EDGE('',*,*,#10043,.T.);
#10043 = EDGE_CURVE('',#10044,#10046,#10048,.T.);
#10044 = VERTEX_POINT('',#10045);
#10045 = CARTESIAN_POINT('',(2.414213562373,0.585786437627,0.));
#10046 = VERTEX_POINT('',#10047);
#10047 = CARTESIAN_POINT('',(2.414213562373,0.585786437627,2.5));
#10048 = LINE('',#10049,#10050);
#10049 = CARTESIAN_POINT('',(2.414213562373,0.585786437627,0.));
#10050 = VECTOR('',#10051,1.);
#10051 = DIRECTION('',(0.,0.,1.));
#10052 = ORIENTED_EDGE('',*,*,#10053,.T.);
#10053 = EDGE_CURVE('',#10046,#10054,#10056,.T.);
#10054 = VERTEX_POINT('',#10055);
#10055 = CARTESIAN_POINT('',(0.585786437627,2.414213562373,2.5));
#10056 = LINE('',#10057,#10058);
#10057 = CARTESIAN_POINT('',(2.414213562373,0.585786437627,2.5));
#10058 = VECTOR('',#10059,1.);
#10059 = DIRECTION('',(-0.707106781187,0.707106781187,0.));
#10060 = ORIENTED_EDGE('',*,*,#10061,.F.);
#10061 = EDGE_CURVE('',#10062,#10054,#10064,.T.);
#10062 = VERTEX_POINT('',#10063);
#10063 = CARTESIAN_POINT('',(0.585786437627,2.414213562373,0.));
#10064 = LINE('',#10065,#10066);
#10065 = CARTESIAN_POINT('',(0.585786437627,2.414213562373,0.));
#10066 = VECTOR('',#10067,1.);
#10067 = DIRECTION('',(0.,0.,1.));
#10068 = ORIENTED_EDGE('',*,*,#10069,.F.);
#10069 = EDGE_CURVE('',#10044,#10062,#10070,.T.);
#10070 = LINE('',#10071,#10072);
#10071 = CARTESIAN_POINT('',(2.414213562373,0.585786437627,0.));
#10072 = VECTOR('',#10073,1.);
#10073 = DIRECTION('',(-0.707106781187,0.707106781187,0.));
#10074 = PLANE('',#10075);
#10075 = AXIS2_PLACEMENT_3D('',#10076,#10077,#10078);
#10076 = CARTESIAN_POINT('',(2.414213562373,0.585786437627,0.));
#10077 = DIRECTION('',(-0.707106781187,-0.707106781187,0.));
#10078 = DIRECTION('',(-0.707106781187,0.707106781187,0.));
#10079 = ADVANCED_FACE('',(#10080),#10107,.T.);
#10080 = FACE_BOUND('',#10081,.T.);
#10081 = EDGE_LOOP('',(#10082,#10092,#10099,#10100));
#10082 = ORIENTED_EDGE('',*,*,#10083,.T.);
#10083 = EDGE_CURVE('',#10084,#10086,#10088,.T.);
#10084 = VERTEX_POINT('',#10085);
#10085 = CARTESIAN_POINT('',(3.828427124746,0.,0.));
#10086 = VERTEX_POINT('',#10087);
#10087 = CARTESIAN_POINT('',(3.828427124746,0.,2.5));
#10088 = LINE('',#10089,#10090);
#10089 = CARTESIAN_POINT('',(3.828427124746,0.,0.));
#10090 = VECTOR('',#10091,1.);
#10091 = DIRECTION('',(0.,0.,1.));
#10092 = ORIENTED_EDGE('',*,*,#10093,.T.);
#10093 = EDGE_CURVE('',#10086,#10046,#10094,.T.);
#10094 = CIRCLE('',#10095,2.);
#10095 = AXIS2_PLACEMENT_3D('',#10096,#10097,#10098);
#10096 = CARTESIAN_POINT('',(3.828427124746,2.,2.5));
#10097 = DIRECTION('',(0.,0.,-1.));
#10098 = DIRECTION('',(0.,-1.,0.));
#10099 = ORIENTED_EDGE('',*,*,#10043,.F.);
#10100 = ORIENTED_EDGE('',*,*,#10101,.F.);
#10101 = EDGE_CURVE('',#10084,#10044,#10102,.T.);
#10102 = CIRCLE('',#10103,2.);
#10103 = AXIS2_PLACEMENT_3D('',#10104,#10105,#10106);
#10104 = CARTESIAN_POINT('',(3.828427124746,2.,0.));
#10105 = DIRECTION('',(0.,0.,-1.));
#10106 = DIRECTION('',(0.,-1.,0.));
#10107 = CYLINDRICAL_SURFACE('',#10108,2.);
#10108 = AXIS2_PLACEMENT_3D('',#10109,#10110,#10111);
#10109 = CARTESIAN_POINT('',(3.828427124746,2.,0.));
#10110 = DIRECTION('',(0.,0.,-1.));
#10111 = DIRECTION('',(0.,-1.,0.));
#10112 = ADVANCED_FACE('',(#10113),#10140,.T.);
#10113 = FACE_BOUND('',#10114,.T.);
#10114 = EDGE_LOOP('',(#10115,#10116,#10125,#10133));
#10115 = ORIENTED_EDGE('',*,*,#10061,.T.);
#10116 = ORIENTED_EDGE('',*,*,#10117,.T.);
#10117 = EDGE_CURVE('',#10054,#10118,#10120,.T.);
#10118 = VERTEX_POINT('',#10119);
#10119 = CARTESIAN_POINT('',(0.,3.828427124746,2.5));
#10120 = CIRCLE('',#10121,2.);
#10121 = AXIS2_PLACEMENT_3D('',#10122,#10123,#10124);
#10122 = CARTESIAN_POINT('',(2.,3.828427124746,2.5));
#10123 = DIRECTION('',(0.,0.,-1.));
#10124 = DIRECTION('',(-0.707106781187,-0.707106781187,-0.));
#10125 = ORIENTED_EDGE('',*,*,#10126,.F.);
#10126 = EDGE_CURVE('',#10127,#10118,#10129,.T.);
#10127 = VERTEX_POINT('',#10128);
#10128 = CARTESIAN_POINT('',(0.,3.828427124746,0.));
#10129 = LINE('',#10130,#10131);
#10130 = CARTESIAN_POINT('',(0.,3.828427124746,0.));
#10131 = VECTOR('',#10132,1.);
#10132 = DIRECTION('',(0.,0.,1.));
#10133 = ORIENTED_EDGE('',*,*,#10134,.F.);
#10134 = EDGE_CURVE('',#10062,#10127,#10135,.T.);
#10135 = CIRCLE('',#10136,2.);
#10136 = AXIS2_PLACEMENT_3D('',#10137,#10138,#10139);
#10137 = CARTESIAN_POINT('',(2.,3.828427124746,0.));
#10138 = DIRECTION('',(0.,0.,-1.));
#10139 = DIRECTION('',(-0.707106781187,-0.707106781187,-0.));
#10140 = CYLINDRICAL_SURFACE('',#10141,2.);
#10141 = AXIS2_PLACEMENT_3D('',#10142,#10143,#10144);
#10142 = CARTESIAN_POINT('',(2.,3.828427124746,0.));
#10143 = DIRECTION('',(0.,0.,-1.));
#10144 = DIRECTION('',(-0.707106781187,-0.707106781187,-0.));
#10145 = ADVANCED_FACE('',(#10146,#10276,#10287,#10298,#10309,#10320,
    #10331,#10342),#10353,.T.);
#10146 = FACE_BOUND('',#10147,.T.);
#10147 = EDGE_LOOP('',(#10148,#10149,#10150,#10158,#10167,#10175,#10184,
    #10192,#10201,#10209,#10218,#10226,#10235,#10243,#10252,#10260,
    #10269,#10275));
#10148 = ORIENTED_EDGE('',*,*,#10069,.T.);
#10149 = ORIENTED_EDGE('',*,*,#10134,.T.);
#10150 = ORIENTED_EDGE('',*,*,#10151,.T.);
#10151 = EDGE_CURVE('',#10127,#10152,#10154,.T.);
#10152 = VERTEX_POINT('',#10153);
#10153 = CARTESIAN_POINT('',(4.440892098501E-16,82.865565114351,0.));
#10154 = LINE('',#10155,#10156);
#10155 = CARTESIAN_POINT('',(0.,3.828427124746,0.));
#10156 = VECTOR('',#10157,1.);
#10157 = DIRECTION('',(0.,1.,0.));
#10158 = ORIENTED_EDGE('',*,*,#10159,.T.);
#10159 = EDGE_CURVE('',#10152,#10160,#10162,.T.);
#10160 = VERTEX_POINT('',#10161);
#10161 = CARTESIAN_POINT('',(0.397242322053,83.757518089848,0.));
#10162 = CIRCLE('',#10163,1.2);
#10163 = AXIS2_PLACEMENT_3D('',#10164,#10165,#10166);
#10164 = CARTESIAN_POINT('',(1.2,82.865565114351,0.));
#10165 = DIRECTION('',(0.,0.,-1.));
#10166 = DIRECTION('',(-1.,0.,0.));
#10167 = ORIENTED_EDGE('',*,*,#10168,.T.);
#10168 = EDGE_CURVE('',#10160,#10169,#10171,.T.);
#10169 = VERTEX_POINT('',#10170);
#10170 = CARTESIAN_POINT('',(23.62920265569,104.66628239012,0.));
#10171 = LINE('',#10172,#10173);
#10172 = CARTESIAN_POINT('',(0.397242322053,83.757518089848,0.));
#10173 = VECTOR('',#10174,1.);
#10174 = DIRECTION('',(0.743294146247,0.668964731622,0.));
#10175 = ORIENTED_EDGE('',*,*,#10176,.T.);
#10176 = EDGE_CURVE('',#10169,#10177,#10179,.T.);
#10177 = VERTEX_POINT('',#10178);
#10178 = CARTESIAN_POINT('',(24.4988568068,105.,0.));
#10179 = CIRCLE('',#10180,1.3);
#10180 = AXIS2_PLACEMENT_3D('',#10181,#10182,#10183);
#10181 = CARTESIAN_POINT('',(24.4988568068,103.7,0.));
#10182 = DIRECTION('',(0.,0.,-1.));
#10183 = DIRECTION('',(-0.668964731622,0.743294146247,0.));
#10184 = ORIENTED_EDGE('',*,*,#10185,.T.);
#10185 = EDGE_CURVE('',#10177,#10186,#10188,.T.);
#10186 = VERTEX_POINT('',#10187);
#10187 = CARTESIAN_POINT('',(25.68,105.,0.));
#10188 = LINE('',#10189,#10190);
#10189 = CARTESIAN_POINT('',(24.4988568068,105.,0.));
#10190 = VECTOR('',#10191,1.);
#10191 = DIRECTION('',(1.,0.,0.));
#10192 = ORIENTED_EDGE('',*,*,#10193,.T.);
#10193 = EDGE_CURVE('',#10186,#10194,#10196,.T.);
#10194 = VERTEX_POINT('',#10195);
#10195 = CARTESIAN_POINT('',(27.,103.68,0.));
#10196 = CIRCLE('',#10197,1.32);
#10197 = AXIS2_PLACEMENT_3D('',#10198,#10199,#10200);
#10198 = CARTESIAN_POINT('',(25.68,103.68,0.));
#10199 = DIRECTION('',(0.,0.,-1.));
#10200 = DIRECTION('',(-8.074349270001E-15,1.,0.));
#10201 = ORIENTED_EDGE('',*,*,#10202,.T.);
#10202 = EDGE_CURVE('',#10194,#10203,#10205,.T.);
#10203 = VERTEX_POINT('',#10204);
#10204 = CARTESIAN_POINT('',(27.,29.,0.));
#10205 = LINE('',#10206,#10207);
#10206 = CARTESIAN_POINT('',(27.,103.68,0.));
#10207 = VECTOR('',#10208,1.);
#10208 = DIRECTION('',(0.,-1.,0.));
#10209 = ORIENTED_EDGE('',*,*,#10210,.T.);
#10210 = EDGE_CURVE('',#10203,#10211,#10213,.T.);
#10211 = VERTEX_POINT('',#10212);
#10212 = CARTESIAN_POINT('',(29.,27.,0.));
#10213 = CIRCLE('',#10214,2.);
#10214 = AXIS2_PLACEMENT_3D('',#10215,#10216,#10217);
#10215 = CARTESIAN_POINT('',(29.,29.,0.));
#10216 = DIRECTION('',(0.,0.,1.));
#10217 = DIRECTION('',(-1.,0.,0.));
#10218 = ORIENTED_EDGE('',*,*,#10219,.T.);
#10219 = EDGE_CURVE('',#10211,#10220,#10222,.T.);
#10220 = VERTEX_POINT('',#10221);
#10221 = CARTESIAN_POINT('',(103.68,27.,0.));
#10222 = LINE('',#10223,#10224);
#10223 = CARTESIAN_POINT('',(29.,27.,0.));
#10224 = VECTOR('',#10225,1.);
#10225 = DIRECTION('',(1.,0.,0.));
#10226 = ORIENTED_EDGE('',*,*,#10227,.T.);
#10227 = EDGE_CURVE('',#10220,#10228,#10230,.T.);
#10228 = VERTEX_POINT('',#10229);
#10229 = CARTESIAN_POINT('',(105.,25.68,0.));
#10230 = CIRCLE('',#10231,1.32);
#10231 = AXIS2_PLACEMENT_3D('',#10232,#10233,#10234);
#10232 = CARTESIAN_POINT('',(103.68,25.68,0.));
#10233 = DIRECTION('',(0.,0.,-1.));
#10234 = DIRECTION('',(0.,1.,0.));
#10235 = ORIENTED_EDGE('',*,*,#10236,.T.);
#10236 = EDGE_CURVE('',#10228,#10237,#10239,.T.);
#10237 = VERTEX_POINT('',#10238);
#10238 = CARTESIAN_POINT('',(105.,24.460483206276,0.));
#10239 = LINE('',#10240,#10241);
#10240 = CARTESIAN_POINT('',(105.,25.68,0.));
#10241 = VECTOR('',#10242,1.);
#10242 = DIRECTION('',(0.,-1.,0.));
#10243 = ORIENTED_EDGE('',*,*,#10244,.T.);
#10244 = EDGE_CURVE('',#10237,#10245,#10247,.T.);
#10245 = VERTEX_POINT('',#10246);
#10246 = CARTESIAN_POINT('',(104.69195297549,23.65772552833,0.));
#10247 = CIRCLE('',#10248,1.2);
#10248 = AXIS2_PLACEMENT_3D('',#10249,#10250,#10251);
#10249 = CARTESIAN_POINT('',(103.8,24.460483206276,0.));
#10250 = DIRECTION('',(0.,0.,-1.));
#10251 = DIRECTION('',(1.,2.368475785867E-14,0.));
#10252 = ORIENTED_EDGE('',*,*,#10253,.T.);
#10253 = EDGE_CURVE('',#10245,#10254,#10256,.T.);
#10254 = VERTEX_POINT('',#10255);
#10255 = CARTESIAN_POINT('',(83.757518089848,0.397242322053,0.));
#10256 = LINE('',#10257,#10258);
#10257 = CARTESIAN_POINT('',(104.69195297549,23.65772552833,0.));
#10258 = VECTOR('',#10259,1.);
#10259 = DIRECTION('',(-0.668964731622,-0.743294146247,0.));
#10260 = ORIENTED_EDGE('',*,*,#10261,.T.);
#10261 = EDGE_CURVE('',#10254,#10262,#10264,.T.);
#10262 = VERTEX_POINT('',#10263);
#10263 = CARTESIAN_POINT('',(82.865565114351,1.332267630204E-15,0.));
#10264 = CIRCLE('',#10265,1.2);
#10265 = AXIS2_PLACEMENT_3D('',#10266,#10267,#10268);
#10266 = CARTESIAN_POINT('',(82.865565114351,1.2,0.));
#10267 = DIRECTION('',(0.,0.,-1.));
#10268 = DIRECTION('',(0.743294146247,-0.668964731622,0.));
#10269 = ORIENTED_EDGE('',*,*,#10270,.T.);
#10270 = EDGE_CURVE('',#10262,#10084,#10271,.T.);
#10271 = LINE('',#10272,#10273);
#10272 = CARTESIAN_POINT('',(82.865565114351,0.,0.));
#10273 = VECTOR('',#10274,1.);
#10274 = DIRECTION('',(-1.,0.,0.));
#10275 = ORIENTED_EDGE('',*,*,#10101,.T.);
#10276 = FACE_BOUND('',#10277,.T.);
#10277 = EDGE_LOOP('',(#10278));
#10278 = ORIENTED_EDGE('',*,*,#10279,.T.);
#10279 = EDGE_CURVE('',#10280,#10280,#10282,.T.);
#10280 = VERTEX_POINT('',#10281);
#10281 = CARTESIAN_POINT('',(89.,10.,0.));
#10282 = CIRCLE('',#10283,3.);
#10283 = AXIS2_PLACEMENT_3D('',#10284,#10285,#10286);
#10284 = CARTESIAN_POINT('',(86.,10.,0.));
#10285 = DIRECTION('',(0.,0.,1.));
#10286 = DIRECTION('',(1.,0.,-0.));
#10287 = FACE_BOUND('',#10288,.T.);
#10288 = EDGE_LOOP('',(#10289));
#10289 = ORIENTED_EDGE('',*,*,#10290,.T.);
#10290 = EDGE_CURVE('',#10291,#10291,#10293,.T.);
#10291 = VERTEX_POINT('',#10292);
#10292 = CARTESIAN_POINT('',(52.,10.,0.));
#10293 = CIRCLE('',#10294,3.);
#10294 = AXIS2_PLACEMENT_3D('',#10295,#10296,#10297);
#10295 = CARTESIAN_POINT('',(49.,10.,0.));
#10296 = DIRECTION('',(0.,0.,1.));
#10297 = DIRECTION('',(1.,0.,-0.));
#10298 = FACE_BOUND('',#10299,.T.);
#10299 = EDGE_LOOP('',(#10300));
#10300 = ORIENTED_EDGE('',*,*,#10301,.T.);
#10301 = EDGE_CURVE('',#10302,#10302,#10304,.T.);
#10302 = VERTEX_POINT('',#10303);
#10303 = CARTESIAN_POINT('',(33.,10.,0.));
#10304 = CIRCLE('',#10305,3.);
#10305 = AXIS2_PLACEMENT_3D('',#10306,#10307,#10308);
#10306 = CARTESIAN_POINT('',(30.,10.,0.));
#10307 = DIRECTION('',(0.,0.,1.));
#10308 = DIRECTION('',(1.,0.,-0.));
#10309 = FACE_BOUND('',#10310,.T.);
#10310 = EDGE_LOOP('',(#10311));
#10311 = ORIENTED_EDGE('',*,*,#10312,.T.);
#10312 = EDGE_CURVE('',#10313,#10313,#10315,.T.);
#10313 = VERTEX_POINT('',#10314);
#10314 = CARTESIAN_POINT('',(18.5,13.,0.));
#10315 = CIRCLE('',#10316,5.5);
#10316 = AXIS2_PLACEMENT_3D('',#10317,#10318,#10319);
#10317 = CARTESIAN_POINT('',(13.,13.,0.));
#10318 = DIRECTION('',(0.,0.,1.));
#10319 = DIRECTION('',(1.,0.,-0.));
#10320 = FACE_BOUND('',#10321,.T.);
#10321 = EDGE_LOOP('',(#10322));
#10322 = ORIENTED_EDGE('',*,*,#10323,.T.);
#10323 = EDGE_CURVE('',#10324,#10324,#10326,.T.);
#10324 = VERTEX_POINT('',#10325);
#10325 = CARTESIAN_POINT('',(13.,30.,0.));
#10326 = CIRCLE('',#10327,3.);
#10327 = AXIS2_PLACEMENT_3D('',#10328,#10329,#10330);
#10328 = CARTESIAN_POINT('',(10.,30.,0.));
#10329 = DIRECTION('',(0.,0.,1.));
#10330 = DIRECTION('',(1.,0.,-0.));
#10331 = FACE_BOUND('',#10332,.T.);
#10332 = EDGE_LOOP('',(#10333));
#10333 = ORIENTED_EDGE('',*,*,#10334,.T.);
#10334 = EDGE_CURVE('',#10335,#10335,#10337,.T.);
#10335 = VERTEX_POINT('',#10336);
#10336 = CARTESIAN_POINT('',(13.,49.,0.));
#10337 = CIRCLE('',#10338,3.);
#10338 = AXIS2_PLACEMENT_3D('',#10339,#10340,#10341);
#10339 = CARTESIAN_POINT('',(10.,49.,0.));
#10340 = DIRECTION('',(0.,0.,1.));
#10341 = DIRECTION('',(1.,0.,-0.));
#10342 = FACE_BOUND('',#10343,.T.);
#10343 = EDGE_LOOP('',(#10344));
#10344 = ORIENTED_EDGE('',*,*,#10345,.T.);
#10345 = EDGE_CURVE('',#10346,#10346,#10348,.T.);
#10346 = VERTEX_POINT('',#10347);
#10347 = CARTESIAN_POINT('',(13.,86.,0.));
#10348 = CIRCLE('',#10349,3.);
#10349 = AXIS2_PLACEMENT_3D('',#10350,#10351,#10352);
#10350 = CARTESIAN_POINT('',(10.,86.,0.));
#10351 = DIRECTION('',(0.,0.,1.));
#10352 = DIRECTION('',(1.,0.,-0.));
#10353 = PLANE('',#10354);
#10354 = AXIS2_PLACEMENT_3D('',#10355,#10356,#10357);
#10355 = CARTESIAN_POINT('',(37.109446800804,37.108671730138,0.));
#10356 = DIRECTION('',(-0.,-0.,-1.));
#10357 = DIRECTION('',(-1.,0.,0.));
#10358 = ADVANCED_FACE('',(#10359,#10670,#10681,#10692,#10703,#10714,
    #10725,#10736),#10747,.F.);
#10359 = FACE_BOUND('',#10360,.F.);
#10360 = EDGE_LOOP('',(#10361,#10372,#10380,#10388,#10396,#10404,#10410,
    #10411,#10412,#10413,#10421,#10429,#10437,#10445,#10453,#10462,
    #10470,#10479,#10487,#10496,#10504,#10513,#10521,#10530,#10538,
    #10546,#10554,#10563,#10571,#10580,#10588,#10596,#10604,#10613,
    #10621,#10630,#10638,#10647,#10655,#10664));
#10361 = ORIENTED_EDGE('',*,*,#10362,.T.);
#10362 = EDGE_CURVE('',#10363,#10365,#10367,.T.);
#10363 = VERTEX_POINT('',#10364);
#10364 = CARTESIAN_POINT('',(83.757518089848,0.397242322053,2.5));
#10365 = VERTEX_POINT('',#10366);
#10366 = CARTESIAN_POINT('',(82.865565114351,1.332267630204E-15,2.5));
#10367 = CIRCLE('',#10368,1.2);
#10368 = AXIS2_PLACEMENT_3D('',#10369,#10370,#10371);
#10369 = CARTESIAN_POINT('',(82.865565114351,1.2,2.5));
#10370 = DIRECTION('',(0.,0.,-1.));
#10371 = DIRECTION('',(0.743294146247,-0.668964731622,0.));
#10372 = ORIENTED_EDGE('',*,*,#10373,.T.);
#10373 = EDGE_CURVE('',#10365,#10374,#10376,.T.);
#10374 = VERTEX_POINT('',#10375);
#10375 = CARTESIAN_POINT('',(36.225,0.,2.5));
#10376 = LINE('',#10377,#10378);
#10377 = CARTESIAN_POINT('',(82.865565114351,0.,2.5));
#10378 = VECTOR('',#10379,1.);
#10379 = DIRECTION('',(-1.,0.,0.));
#10380 = ORIENTED_EDGE('',*,*,#10381,.F.);
#10381 = EDGE_CURVE('',#10382,#10374,#10384,.T.);
#10382 = VERTEX_POINT('',#10383);
#10383 = CARTESIAN_POINT('',(36.225,23.,2.5));
#10384 = LINE('',#10385,#10386);
#10385 = CARTESIAN_POINT('',(36.225,30.054335865069,2.5));
#10386 = VECTOR('',#10387,1.);
#10387 = DIRECTION('',(0.,-1.,0.));
#10388 = ORIENTED_EDGE('',*,*,#10389,.F.);
#10389 = EDGE_CURVE('',#10390,#10382,#10392,.T.);
#10390 = VERTEX_POINT('',#10391);
#10391 = CARTESIAN_POINT('',(35.775,23.,2.5));
#10392 = LINE('',#10393,#10394);
#10393 = CARTESIAN_POINT('',(36.442223400402,23.,2.5));
#10394 = VECTOR('',#10395,1.);
#10395 = DIRECTION('',(1.,0.,0.));
#10396 = ORIENTED_EDGE('',*,*,#10397,.F.);
#10397 = EDGE_CURVE('',#10398,#10390,#10400,.T.);
#10398 = VERTEX_POINT('',#10399);
#10399 = CARTESIAN_POINT('',(35.775,0.,2.5));
#10400 = LINE('',#10401,#10402);
#10401 = CARTESIAN_POINT('',(35.775,18.554335865069,2.5));
#10402 = VECTOR('',#10403,1.);
#10403 = DIRECTION('',(0.,1.,-0.));
#10404 = ORIENTED_EDGE('',*,*,#10405,.T.);
#10405 = EDGE_CURVE('',#10398,#10086,#10406,.T.);
#10406 = LINE('',#10407,#10408);
#10407 = CARTESIAN_POINT('',(82.865565114351,0.,2.5));
#10408 = VECTOR('',#10409,1.);
#10409 = DIRECTION('',(-1.,0.,0.));
#10410 = ORIENTED_EDGE('',*,*,#10093,.T.);
#10411 = ORIENTED_EDGE('',*,*,#10053,.T.);
#10412 = ORIENTED_EDGE('',*,*,#10117,.T.);
#10413 = ORIENTED_EDGE('',*,*,#10414,.T.);
#10414 = EDGE_CURVE('',#10118,#10415,#10417,.T.);
#10415 = VERTEX_POINT('',#10416);
#10416 = CARTESIAN_POINT('',(0.,35.775,2.5));
#10417 = LINE('',#10418,#10419);
#10418 = CARTESIAN_POINT('',(0.,3.828427124746,2.5));
#10419 = VECTOR('',#10420,1.);
#10420 = DIRECTION('',(0.,1.,0.));
#10421 = ORIENTED_EDGE('',*,*,#10422,.F.);
#10422 = EDGE_CURVE('',#10423,#10415,#10425,.T.);
#10423 = VERTEX_POINT('',#10424);
#10424 = CARTESIAN_POINT('',(23.,35.775,2.5));
#10425 = LINE('',#10426,#10427);
#10426 = CARTESIAN_POINT('',(30.054723400402,35.775,2.5));
#10427 = VECTOR('',#10428,1.);
#10428 = DIRECTION('',(-1.,0.,0.));
#10429 = ORIENTED_EDGE('',*,*,#10430,.F.);
#10430 = EDGE_CURVE('',#10431,#10423,#10433,.T.);
#10431 = VERTEX_POINT('',#10432);
#10432 = CARTESIAN_POINT('',(23.,36.225,2.5));
#10433 = LINE('',#10434,#10435);
#10434 = CARTESIAN_POINT('',(23.,36.666835865069,2.5));
#10435 = VECTOR('',#10436,1.);
#10436 = DIRECTION('',(0.,-1.,0.));
#10437 = ORIENTED_EDGE('',*,*,#10438,.F.);
#10438 = EDGE_CURVE('',#10439,#10431,#10441,.T.);
#10439 = VERTEX_POINT('',#10440);
#10440 = CARTESIAN_POINT('',(0.,36.225,2.5));
#10441 = LINE('',#10442,#10443);
#10442 = CARTESIAN_POINT('',(18.554723400402,36.225,2.5));
#10443 = VECTOR('',#10444,1.);
#10444 = DIRECTION('',(1.,0.,0.));
#10445 = ORIENTED_EDGE('',*,*,#10446,.T.);
#10446 = EDGE_CURVE('',#10439,#10447,#10449,.T.);
#10447 = VERTEX_POINT('',#10448);
#10448 = CARTESIAN_POINT('',(4.440892098501E-16,82.865565114351,2.5));
#10449 = LINE('',#10450,#10451);
#10450 = CARTESIAN_POINT('',(0.,3.828427124746,2.5));
#10451 = VECTOR('',#10452,1.);
#10452 = DIRECTION('',(0.,1.,0.));
#10453 = ORIENTED_EDGE('',*,*,#10454,.T.);
#10454 = EDGE_CURVE('',#10447,#10455,#10457,.T.);
#10455 = VERTEX_POINT('',#10456);
#10456 = CARTESIAN_POINT('',(0.397242322053,83.757518089848,2.5));
#10457 = CIRCLE('',#10458,1.2);
#10458 = AXIS2_PLACEMENT_3D('',#10459,#10460,#10461);
#10459 = CARTESIAN_POINT('',(1.2,82.865565114351,2.5));
#10460 = DIRECTION('',(0.,0.,-1.));
#10461 = DIRECTION('',(-1.,0.,0.));
#10462 = ORIENTED_EDGE('',*,*,#10463,.T.);
#10463 = EDGE_CURVE('',#10455,#10464,#10466,.T.);
#10464 = VERTEX_POINT('',#10465);
#10465 = CARTESIAN_POINT('',(23.62920265569,104.66628239012,2.5));
#10466 = LINE('',#10467,#10468);
#10467 = CARTESIAN_POINT('',(0.397242322053,83.757518089848,2.5));
#10468 = VECTOR('',#10469,1.);
#10469 = DIRECTION('',(0.743294146247,0.668964731622,0.));
#10470 = ORIENTED_EDGE('',*,*,#10471,.T.);
#10471 = EDGE_CURVE('',#10464,#10472,#10474,.T.);
#10472 = VERTEX_POINT('',#10473);
#10473 = CARTESIAN_POINT('',(24.4988568068,105.,2.5));
#10474 = CIRCLE('',#10475,1.3);
#10475 = AXIS2_PLACEMENT_3D('',#10476,#10477,#10478);
#10476 = CARTESIAN_POINT('',(24.4988568068,103.7,2.5));
#10477 = DIRECTION('',(0.,0.,-1.));
#10478 = DIRECTION('',(-0.668964731622,0.743294146247,0.));
#10479 = ORIENTED_EDGE('',*,*,#10480,.T.);
#10480 = EDGE_CURVE('',#10472,#10481,#10483,.T.);
#10481 = VERTEX_POINT('',#10482);
#10482 = CARTESIAN_POINT('',(25.68,105.,2.5));
#10483 = LINE('',#10484,#10485);
#10484 = CARTESIAN_POINT('',(24.4988568068,105.,2.5));
#10485 = VECTOR('',#10486,1.);
#10486 = DIRECTION('',(1.,0.,0.));
#10487 = ORIENTED_EDGE('',*,*,#10488,.T.);
#10488 = EDGE_CURVE('',#10481,#10489,#10491,.T.);
#10489 = VERTEX_POINT('',#10490);
#10490 = CARTESIAN_POINT('',(27.,103.68,2.5));
#10491 = CIRCLE('',#10492,1.32);
#10492 = AXIS2_PLACEMENT_3D('',#10493,#10494,#10495);
#10493 = CARTESIAN_POINT('',(25.68,103.68,2.5));
#10494 = DIRECTION('',(0.,0.,-1.));
#10495 = DIRECTION('',(-8.074349270001E-15,1.,0.));
#10496 = ORIENTED_EDGE('',*,*,#10497,.T.);
#10497 = EDGE_CURVE('',#10489,#10498,#10500,.T.);
#10498 = VERTEX_POINT('',#10499);
#10499 = CARTESIAN_POINT('',(27.,29.,2.5));
#10500 = LINE('',#10501,#10502);
#10501 = CARTESIAN_POINT('',(27.,103.68,2.5));
#10502 = VECTOR('',#10503,1.);
#10503 = DIRECTION('',(0.,-1.,0.));
#10504 = ORIENTED_EDGE('',*,*,#10505,.T.);
#10505 = EDGE_CURVE('',#10498,#10506,#10508,.T.);
#10506 = VERTEX_POINT('',#10507);
#10507 = CARTESIAN_POINT('',(27.032638694987,28.640153511148,2.5));
#10508 = CIRCLE('',#10509,2.);
#10509 = AXIS2_PLACEMENT_3D('',#10510,#10511,#10512);
#10510 = CARTESIAN_POINT('',(29.,29.,2.5));
#10511 = DIRECTION('',(0.,0.,1.));
#10512 = DIRECTION('',(-1.,0.,0.));
#10513 = ORIENTED_EDGE('',*,*,#10514,.F.);
#10514 = EDGE_CURVE('',#10515,#10506,#10517,.T.);
#10515 = VERTEX_POINT('',#10516);
#10516 = CARTESIAN_POINT('',(26.563603896932,29.109188309204,2.5));
#10517 = LINE('',#10518,#10519);
#10518 = CARTESIAN_POINT('',(27.200193767666,28.472598438469,2.5));
#10519 = VECTOR('',#10520,1.);
#10520 = DIRECTION('',(0.707106781187,-0.707106781187,0.));
#10521 = ORIENTED_EDGE('',*,*,#10522,.T.);
#10522 = EDGE_CURVE('',#10515,#10523,#10525,.T.);
#10523 = VERTEX_POINT('',#10524);
#10524 = CARTESIAN_POINT('',(26.3,29.745584412272,2.5));
#10525 = CIRCLE('',#10526,0.9);
#10526 = AXIS2_PLACEMENT_3D('',#10527,#10528,#10529);
#10527 = CARTESIAN_POINT('',(27.2,29.745584412272,2.5));
#10528 = DIRECTION('',(-0.,0.,-1.));
#10529 = DIRECTION('',(-1.,1.578983857245E-14,0.));
#10530 = ORIENTED_EDGE('',*,*,#10531,.F.);
#10531 = EDGE_CURVE('',#10532,#10523,#10534,.T.);
#10532 = VERTEX_POINT('',#10533);
#10533 = CARTESIAN_POINT('',(26.3,40.,2.5));
#10534 = LINE('',#10535,#10536);
#10535 = CARTESIAN_POINT('',(26.3,38.554335865069,2.5));
#10536 = VECTOR('',#10537,1.);
#10537 = DIRECTION('',(0.,-1.,0.));
#10538 = ORIENTED_EDGE('',*,*,#10539,.F.);
#10539 = EDGE_CURVE('',#10540,#10532,#10542,.T.);
#10540 = VERTEX_POINT('',#10541);
#10541 = CARTESIAN_POINT('',(24.5,40.,2.5));
#10542 = LINE('',#10543,#10544);
#10543 = CARTESIAN_POINT('',(30.804723400402,40.,2.5));
#10544 = VECTOR('',#10545,1.);
#10545 = DIRECTION('',(1.,0.,0.));
#10546 = ORIENTED_EDGE('',*,*,#10547,.F.);
#10547 = EDGE_CURVE('',#10548,#10540,#10550,.T.);
#10548 = VERTEX_POINT('',#10549);
#10549 = CARTESIAN_POINT('',(24.5,29.745584412272,2.5));
#10550 = LINE('',#10551,#10552);
#10551 = CARTESIAN_POINT('',(24.5,33.427128071205,2.5));
#10552 = VECTOR('',#10553,1.);
#10553 = DIRECTION('',(0.,1.,-0.));
#10554 = ORIENTED_EDGE('',*,*,#10555,.F.);
#10555 = EDGE_CURVE('',#10556,#10548,#10558,.T.);
#10556 = VERTEX_POINT('',#10557);
#10557 = CARTESIAN_POINT('',(25.290811690796,27.836396103068,2.5));
#10558 = CIRCLE('',#10559,2.7);
#10559 = AXIS2_PLACEMENT_3D('',#10560,#10561,#10562);
#10560 = CARTESIAN_POINT('',(27.2,29.745584412272,2.5));
#10561 = DIRECTION('',(0.,0.,-1.));
#10562 = DIRECTION('',(-0.707106781187,-0.707106781187,-0.));
#10563 = ORIENTED_EDGE('',*,*,#10564,.F.);
#10564 = EDGE_CURVE('',#10565,#10556,#10567,.T.);
#10565 = VERTEX_POINT('',#10566);
#10566 = CARTESIAN_POINT('',(27.836396103068,25.290811690796,2.5));
#10567 = LINE('',#10568,#10569);
#10568 = CARTESIAN_POINT('',(27.200193767666,25.927014026198,2.5));
#10569 = VECTOR('',#10570,1.);
#10570 = DIRECTION('',(-0.707106781187,0.707106781187,0.));
#10571 = ORIENTED_EDGE('',*,*,#10572,.F.);
#10572 = EDGE_CURVE('',#10573,#10565,#10575,.T.);
#10573 = VERTEX_POINT('',#10574);
#10574 = CARTESIAN_POINT('',(29.745584412272,24.5,2.5));
#10575 = CIRCLE('',#10576,2.7);
#10576 = AXIS2_PLACEMENT_3D('',#10577,#10578,#10579);
#10577 = CARTESIAN_POINT('',(29.745584412272,27.2,2.5));
#10578 = DIRECTION('',(0.,0.,-1.));
#10579 = DIRECTION('',(2.631639762074E-15,-1.,0.));
#10580 = ORIENTED_EDGE('',*,*,#10581,.F.);
#10581 = EDGE_CURVE('',#10582,#10573,#10584,.T.);
#10582 = VERTEX_POINT('',#10583);
#10583 = CARTESIAN_POINT('',(40.,24.5,2.5));
#10584 = LINE('',#10585,#10586);
#10585 = CARTESIAN_POINT('',(38.554723400402,24.5,2.5));
#10586 = VECTOR('',#10587,1.);
#10587 = DIRECTION('',(-1.,0.,0.));
#10588 = ORIENTED_EDGE('',*,*,#10589,.F.);
#10589 = EDGE_CURVE('',#10590,#10582,#10592,.T.);
#10590 = VERTEX_POINT('',#10591);
#10591 = CARTESIAN_POINT('',(40.,26.3,2.5));
#10592 = LINE('',#10593,#10594);
#10593 = CARTESIAN_POINT('',(40.,31.704335865069,2.5));
#10594 = VECTOR('',#10595,1.);
#10595 = DIRECTION('',(0.,-1.,0.));
#10596 = ORIENTED_EDGE('',*,*,#10597,.F.);
#10597 = EDGE_CURVE('',#10598,#10590,#10600,.T.);
#10598 = VERTEX_POINT('',#10599);
#10599 = CARTESIAN_POINT('',(29.745584412272,26.3,2.5));
#10600 = LINE('',#10601,#10602);
#10601 = CARTESIAN_POINT('',(33.427515606538,26.3,2.5));
#10602 = VECTOR('',#10603,1.);
#10603 = DIRECTION('',(1.,0.,0.));
#10604 = ORIENTED_EDGE('',*,*,#10605,.T.);
#10605 = EDGE_CURVE('',#10598,#10606,#10608,.T.);
#10606 = VERTEX_POINT('',#10607);
#10607 = CARTESIAN_POINT('',(29.109188309204,26.563603896932,2.5));
#10608 = CIRCLE('',#10609,0.9);
#10609 = AXIS2_PLACEMENT_3D('',#10610,#10611,#10612);
#10610 = CARTESIAN_POINT('',(29.745584412272,27.2,2.5));
#10611 = DIRECTION('',(-0.,0.,-1.));
#10612 = DIRECTION('',(-0.707106781187,-0.707106781187,0.));
#10613 = ORIENTED_EDGE('',*,*,#10614,.F.);
#10614 = EDGE_CURVE('',#10615,#10606,#10617,.T.);
#10615 = VERTEX_POINT('',#10616);
#10616 = CARTESIAN_POINT('',(28.640153511148,27.032638694987,2.5));
#10617 = LINE('',#10618,#10619);
#10618 = CARTESIAN_POINT('',(27.200193767666,28.472598438469,2.5));
#10619 = VECTOR('',#10620,1.);
#10620 = DIRECTION('',(0.707106781187,-0.707106781187,0.));
#10621 = ORIENTED_EDGE('',*,*,#10622,.T.);
#10622 = EDGE_CURVE('',#10615,#10623,#10625,.T.);
#10623 = VERTEX_POINT('',#10624);
#10624 = CARTESIAN_POINT('',(29.,27.,2.5));
#10625 = CIRCLE('',#10626,2.);
#10626 = AXIS2_PLACEMENT_3D('',#10627,#10628,#10629);
#10627 = CARTESIAN_POINT('',(29.,29.,2.5));
#10628 = DIRECTION('',(0.,0.,1.));
#10629 = DIRECTION('',(-1.,0.,0.));
#10630 = ORIENTED_EDGE('',*,*,#10631,.T.);
#10631 = EDGE_CURVE('',#10623,#10632,#10634,.T.);
#10632 = VERTEX_POINT('',#10633);
#10633 = CARTESIAN_POINT('',(103.68,27.,2.5));
#10634 = LINE('',#10635,#10636);
#10635 = CARTESIAN_POINT('',(29.,27.,2.5));
#10636 = VECTOR('',#10637,1.);
#10637 = DIRECTION('',(1.,0.,0.));
#10638 = ORIENTED_EDGE('',*,*,#10639,.T.);
#10639 = EDGE_CURVE('',#10632,#10640,#10642,.T.);
#10640 = VERTEX_POINT('',#10641);
#10641 = CARTESIAN_POINT('',(105.,25.68,2.5));
#10642 = CIRCLE('',#10643,1.32);
#10643 = AXIS2_PLACEMENT_3D('',#10644,#10645,#10646);
#10644 = CARTESIAN_POINT('',(103.68,25.68,2.5));
#10645 = DIRECTION('',(0.,0.,-1.));
#10646 = DIRECTION('',(0.,1.,0.));
#10647 = ORIENTED_EDGE('',*,*,#10648,.T.);
#10648 = EDGE_CURVE('',#10640,#10649,#10651,.T.);
#10649 = VERTEX_POINT('',#10650);
#10650 = CARTESIAN_POINT('',(105.,24.460483206276,2.5));
#10651 = LINE('',#10652,#10653);
#10652 = CARTESIAN_POINT('',(105.,25.68,2.5));
#10653 = VECTOR('',#10654,1.);
#10654 = DIRECTION('',(0.,-1.,0.));
#10655 = ORIENTED_EDGE('',*,*,#10656,.T.);
#10656 = EDGE_CURVE('',#10649,#10657,#10659,.T.);
#10657 = VERTEX_POINT('',#10658);
#10658 = CARTESIAN_POINT('',(104.69195297549,23.65772552833,2.5));
#10659 = CIRCLE('',#10660,1.2);
#10660 = AXIS2_PLACEMENT_3D('',#10661,#10662,#10663);
#10661 = CARTESIAN_POINT('',(103.8,24.460483206276,2.5));
#10662 = DIRECTION('',(0.,0.,-1.));
#10663 = DIRECTION('',(1.,2.368475785867E-14,0.));
#10664 = ORIENTED_EDGE('',*,*,#10665,.T.);
#10665 = EDGE_CURVE('',#10657,#10363,#10666,.T.);
#10666 = LINE('',#10667,#10668);
#10667 = CARTESIAN_POINT('',(104.69195297549,23.65772552833,2.5));
#10668 = VECTOR('',#10669,1.);
#10669 = DIRECTION('',(-0.668964731622,-0.743294146247,0.));
#10670 = FACE_BOUND('',#10671,.F.);
#10671 = EDGE_LOOP('',(#10672));
#10672 = ORIENTED_EDGE('',*,*,#10673,.T.);
#10673 = EDGE_CURVE('',#10674,#10674,#10676,.T.);
#10674 = VERTEX_POINT('',#10675);
#10675 = CARTESIAN_POINT('',(89.,10.,2.5));
#10676 = CIRCLE('',#10677,3.);
#10677 = AXIS2_PLACEMENT_3D('',#10678,#10679,#10680);
#10678 = CARTESIAN_POINT('',(86.,10.,2.5));
#10679 = DIRECTION('',(0.,0.,1.));
#10680 = DIRECTION('',(1.,0.,-0.));
#10681 = FACE_BOUND('',#10682,.F.);
#10682 = EDGE_LOOP('',(#10683));
#10683 = ORIENTED_EDGE('',*,*,#10684,.T.);
#10684 = EDGE_CURVE('',#10685,#10685,#10687,.T.);
#10685 = VERTEX_POINT('',#10686);
#10686 = CARTESIAN_POINT('',(52.,10.,2.5));
#10687 = CIRCLE('',#10688,3.);
#10688 = AXIS2_PLACEMENT_3D('',#10689,#10690,#10691);
#10689 = CARTESIAN_POINT('',(49.,10.,2.5));
#10690 = DIRECTION('',(0.,0.,1.));
#10691 = DIRECTION('',(1.,0.,-0.));
#10692 = FACE_BOUND('',#10693,.F.);
#10693 = EDGE_LOOP('',(#10694));
#10694 = ORIENTED_EDGE('',*,*,#10695,.T.);
#10695 = EDGE_CURVE('',#10696,#10696,#10698,.T.);
#10696 = VERTEX_POINT('',#10697);
#10697 = CARTESIAN_POINT('',(33.,10.,2.5));
#10698 = CIRCLE('',#10699,3.);
#10699 = AXIS2_PLACEMENT_3D('',#10700,#10701,#10702);
#10700 = CARTESIAN_POINT('',(30.,10.,2.5));
#10701 = DIRECTION('',(0.,0.,1.));
#10702 = DIRECTION('',(1.,0.,-0.));
#10703 = FACE_BOUND('',#10704,.F.);
#10704 = EDGE_LOOP('',(#10705));
#10705 = ORIENTED_EDGE('',*,*,#10706,.T.);
#10706 = EDGE_CURVE('',#10707,#10707,#10709,.T.);
#10707 = VERTEX_POINT('',#10708);
#10708 = CARTESIAN_POINT('',(18.5,13.,2.5));
#10709 = CIRCLE('',#10710,5.5);
#10710 = AXIS2_PLACEMENT_3D('',#10711,#10712,#10713);
#10711 = CARTESIAN_POINT('',(13.,13.,2.5));
#10712 = DIRECTION('',(0.,0.,1.));
#10713 = DIRECTION('',(1.,0.,-0.));
#10714 = FACE_BOUND('',#10715,.F.);
#10715 = EDGE_LOOP('',(#10716));
#10716 = ORIENTED_EDGE('',*,*,#10717,.T.);
#10717 = EDGE_CURVE('',#10718,#10718,#10720,.T.);
#10718 = VERTEX_POINT('',#10719);
#10719 = CARTESIAN_POINT('',(13.,30.,2.5));
#10720 = CIRCLE('',#10721,3.);
#10721 = AXIS2_PLACEMENT_3D('',#10722,#10723,#10724);
#10722 = CARTESIAN_POINT('',(10.,30.,2.5));
#10723 = DIRECTION('',(0.,0.,1.));
#10724 = DIRECTION('',(1.,0.,-0.));
#10725 = FACE_BOUND('',#10726,.F.);
#10726 = EDGE_LOOP('',(#10727));
#10727 = ORIENTED_EDGE('',*,*,#10728,.T.);
#10728 = EDGE_CURVE('',#10729,#10729,#10731,.T.);
#10729 = VERTEX_POINT('',#10730);
#10730 = CARTESIAN_POINT('',(13.,49.,2.5));
#10731 = CIRCLE('',#10732,3.);
#10732 = AXIS2_PLACEMENT_3D('',#10733,#10734,#10735);
#10733 = CARTESIAN_POINT('',(10.,49.,2.5));
#10734 = DIRECTION('',(0.,0.,1.));
#10735 = DIRECTION('',(1.,0.,-0.));
#10736 = FACE_BOUND('',#10737,.F.);
#10737 = EDGE_LOOP('',(#10738));
#10738 = ORIENTED_EDGE('',*,*,#10739,.T.);
#10739 = EDGE_CURVE('',#10740,#10740,#10742,.T.);
#10740 = VERTEX_POINT('',#10741);
#10741 = CARTESIAN_POINT('',(13.,86.,2.5));
#10742 = CIRCLE('',#10743,3.);
#10743 = AXIS2_PLACEMENT_3D('',#10744,#10745,#10746);
#10744 = CARTESIAN_POINT('',(10.,86.,2.5));
#10745 = DIRECTION('',(0.,0.,1.));
#10746 = DIRECTION('',(1.,0.,-0.));
#10747 = PLANE('',#10748);
#10748 = AXIS2_PLACEMENT_3D('',#10749,#10750,#10751);
#10749 = CARTESIAN_POINT('',(37.109446800804,37.108671730138,2.5));
#10750 = DIRECTION('',(-0.,-0.,-1.));
#10751 = DIRECTION('',(-1.,0.,0.));
#10752 = ADVANCED_FACE('',(#10753),#10787,.T.);
#10753 = FACE_BOUND('',#10754,.T.);
#10754 = EDGE_LOOP('',(#10755,#10756,#10762,#10763,#10771,#10779,#10785,
    #10786));
#10755 = ORIENTED_EDGE('',*,*,#10270,.F.);
#10756 = ORIENTED_EDGE('',*,*,#10757,.T.);
#10757 = EDGE_CURVE('',#10262,#10365,#10758,.T.);
#10758 = LINE('',#10759,#10760);
#10759 = CARTESIAN_POINT('',(82.865565114351,1.332267630204E-15,0.));
#10760 = VECTOR('',#10761,1.);
#10761 = DIRECTION('',(0.,0.,1.));
#10762 = ORIENTED_EDGE('',*,*,#10373,.T.);
#10763 = ORIENTED_EDGE('',*,*,#10764,.F.);
#10764 = EDGE_CURVE('',#10765,#10374,#10767,.T.);
#10765 = VERTEX_POINT('',#10766);
#10766 = CARTESIAN_POINT('',(36.225,0.,2.28));
#10767 = LINE('',#10768,#10769);
#10768 = CARTESIAN_POINT('',(36.225,0.,2.28));
#10769 = VECTOR('',#10770,1.);
#10770 = DIRECTION('',(0.,0.,1.));
#10771 = ORIENTED_EDGE('',*,*,#10772,.T.);
#10772 = EDGE_CURVE('',#10765,#10773,#10775,.T.);
#10773 = VERTEX_POINT('',#10774);
#10774 = CARTESIAN_POINT('',(35.775,0.,2.28));
#10775 = LINE('',#10776,#10777);
#10776 = CARTESIAN_POINT('',(36.225,0.,2.28));
#10777 = VECTOR('',#10778,1.);
#10778 = DIRECTION('',(-1.,0.,0.));
#10779 = ORIENTED_EDGE('',*,*,#10780,.T.);
#10780 = EDGE_CURVE('',#10773,#10398,#10781,.T.);
#10781 = LINE('',#10782,#10783);
#10782 = CARTESIAN_POINT('',(35.775,0.,2.28));
#10783 = VECTOR('',#10784,1.);
#10784 = DIRECTION('',(0.,0.,1.));
#10785 = ORIENTED_EDGE('',*,*,#10405,.T.);
#10786 = ORIENTED_EDGE('',*,*,#10083,.F.);
#10787 = PLANE('',#10788);
#10788 = AXIS2_PLACEMENT_3D('',#10789,#10790,#10791);
#10789 = CARTESIAN_POINT('',(82.865565114351,0.,0.));
#10790 = DIRECTION('',(0.,-1.,0.));
#10791 = DIRECTION('',(-1.,0.,0.));
#10792 = ADVANCED_FACE('',(#10793),#10827,.T.);
#10793 = FACE_BOUND('',#10794,.T.);
#10794 = EDGE_LOOP('',(#10795,#10796,#10797,#10798,#10806,#10814,#10820,
    #10821));
#10795 = ORIENTED_EDGE('',*,*,#10151,.F.);
#10796 = ORIENTED_EDGE('',*,*,#10126,.T.);
#10797 = ORIENTED_EDGE('',*,*,#10414,.T.);
#10798 = ORIENTED_EDGE('',*,*,#10799,.F.);
#10799 = EDGE_CURVE('',#10800,#10415,#10802,.T.);
#10800 = VERTEX_POINT('',#10801);
#10801 = CARTESIAN_POINT('',(0.,35.775,2.28));
#10802 = LINE('',#10803,#10804);
#10803 = CARTESIAN_POINT('',(0.,35.775,2.28));
#10804 = VECTOR('',#10805,1.);
#10805 = DIRECTION('',(0.,0.,1.));
#10806 = ORIENTED_EDGE('',*,*,#10807,.T.);
#10807 = EDGE_CURVE('',#10800,#10808,#10810,.T.);
#10808 = VERTEX_POINT('',#10809);
#10809 = CARTESIAN_POINT('',(0.,36.225,2.28));
#10810 = LINE('',#10811,#10812);
#10811 = CARTESIAN_POINT('',(0.,35.775,2.28));
#10812 = VECTOR('',#10813,1.);
#10813 = DIRECTION('',(0.,1.,0.));
#10814 = ORIENTED_EDGE('',*,*,#10815,.T.);
#10815 = EDGE_CURVE('',#10808,#10439,#10816,.T.);
#10816 = LINE('',#10817,#10818);
#10817 = CARTESIAN_POINT('',(0.,36.225,2.28));
#10818 = VECTOR('',#10819,1.);
#10819 = DIRECTION('',(0.,0.,1.));
#10820 = ORIENTED_EDGE('',*,*,#10446,.T.);
#10821 = ORIENTED_EDGE('',*,*,#10822,.F.);
#10822 = EDGE_CURVE('',#10152,#10447,#10823,.T.);
#10823 = LINE('',#10824,#10825);
#10824 = CARTESIAN_POINT('',(4.440892098501E-16,82.865565114351,0.));
#10825 = VECTOR('',#10826,1.);
#10826 = DIRECTION('',(0.,0.,1.));
#10827 = PLANE('',#10828);
#10828 = AXIS2_PLACEMENT_3D('',#10829,#10830,#10831);
#10829 = CARTESIAN_POINT('',(0.,3.828427124746,0.));
#10830 = DIRECTION('',(-1.,0.,0.));
#10831 = DIRECTION('',(0.,1.,0.));
#10832 = ADVANCED_FACE('',(#10833),#10844,.T.);
#10833 = FACE_BOUND('',#10834,.T.);
#10834 = EDGE_LOOP('',(#10835,#10841,#10842,#10843));
#10835 = ORIENTED_EDGE('',*,*,#10836,.T.);
#10836 = EDGE_CURVE('',#10254,#10363,#10837,.T.);
#10837 = LINE('',#10838,#10839);
#10838 = CARTESIAN_POINT('',(83.757518089848,0.397242322053,0.));
#10839 = VECTOR('',#10840,1.);
#10840 = DIRECTION('',(0.,0.,1.));
#10841 = ORIENTED_EDGE('',*,*,#10362,.T.);
#10842 = ORIENTED_EDGE('',*,*,#10757,.F.);
#10843 = ORIENTED_EDGE('',*,*,#10261,.F.);
#10844 = CYLINDRICAL_SURFACE('',#10845,1.2);
#10845 = AXIS2_PLACEMENT_3D('',#10846,#10847,#10848);
#10846 = CARTESIAN_POINT('',(82.865565114351,1.2,0.));
#10847 = DIRECTION('',(0.,0.,-1.));
#10848 = DIRECTION('',(0.743294146247,-0.668964731622,0.));
#10849 = ADVANCED_FACE('',(#10850),#10861,.T.);
#10850 = FACE_BOUND('',#10851,.T.);
#10851 = EDGE_LOOP('',(#10852,#10853,#10854,#10860));
#10852 = ORIENTED_EDGE('',*,*,#10822,.T.);
#10853 = ORIENTED_EDGE('',*,*,#10454,.T.);
#10854 = ORIENTED_EDGE('',*,*,#10855,.F.);
#10855 = EDGE_CURVE('',#10160,#10455,#10856,.T.);
#10856 = LINE('',#10857,#10858);
#10857 = CARTESIAN_POINT('',(0.397242322053,83.757518089848,0.));
#10858 = VECTOR('',#10859,1.);
#10859 = DIRECTION('',(0.,0.,1.));
#10860 = ORIENTED_EDGE('',*,*,#10159,.F.);
#10861 = CYLINDRICAL_SURFACE('',#10862,1.2);
#10862 = AXIS2_PLACEMENT_3D('',#10863,#10864,#10865);
#10863 = CARTESIAN_POINT('',(1.2,82.865565114351,0.));
#10864 = DIRECTION('',(0.,0.,-1.));
#10865 = DIRECTION('',(-1.,0.,0.));
#10866 = ADVANCED_FACE('',(#10867),#10878,.T.);
#10867 = FACE_BOUND('',#10868,.T.);
#10868 = EDGE_LOOP('',(#10869,#10875,#10876,#10877));
#10869 = ORIENTED_EDGE('',*,*,#10870,.T.);
#10870 = EDGE_CURVE('',#10245,#10657,#10871,.T.);
#10871 = LINE('',#10872,#10873);
#10872 = CARTESIAN_POINT('',(104.69195297549,23.65772552833,0.));
#10873 = VECTOR('',#10874,1.);
#10874 = DIRECTION('',(0.,0.,1.));
#10875 = ORIENTED_EDGE('',*,*,#10665,.T.);
#10876 = ORIENTED_EDGE('',*,*,#10836,.F.);
#10877 = ORIENTED_EDGE('',*,*,#10253,.F.);
#10878 = PLANE('',#10879);
#10879 = AXIS2_PLACEMENT_3D('',#10880,#10881,#10882);
#10880 = CARTESIAN_POINT('',(104.69195297549,23.65772552833,0.));
#10881 = DIRECTION('',(0.743294146247,-0.668964731622,0.));
#10882 = DIRECTION('',(-0.668964731622,-0.743294146247,0.));
#10883 = ADVANCED_FACE('',(#10884),#10895,.T.);
#10884 = FACE_BOUND('',#10885,.T.);
#10885 = EDGE_LOOP('',(#10886,#10887,#10888,#10894));
#10886 = ORIENTED_EDGE('',*,*,#10855,.T.);
#10887 = ORIENTED_EDGE('',*,*,#10463,.T.);
#10888 = ORIENTED_EDGE('',*,*,#10889,.F.);
#10889 = EDGE_CURVE('',#10169,#10464,#10890,.T.);
#10890 = LINE('',#10891,#10892);
#10891 = CARTESIAN_POINT('',(23.62920265569,104.66628239012,0.));
#10892 = VECTOR('',#10893,1.);
#10893 = DIRECTION('',(0.,0.,1.));
#10894 = ORIENTED_EDGE('',*,*,#10168,.F.);
#10895 = PLANE('',#10896);
#10896 = AXIS2_PLACEMENT_3D('',#10897,#10898,#10899);
#10897 = CARTESIAN_POINT('',(0.397242322053,83.757518089848,0.));
#10898 = DIRECTION('',(-0.668964731622,0.743294146247,0.));
#10899 = DIRECTION('',(0.743294146247,0.668964731622,0.));
#10900 = ADVANCED_FACE('',(#10901),#10912,.T.);
#10901 = FACE_BOUND('',#10902,.T.);
#10902 = EDGE_LOOP('',(#10903,#10909,#10910,#10911));
#10903 = ORIENTED_EDGE('',*,*,#10904,.T.);
#10904 = EDGE_CURVE('',#10237,#10649,#10905,.T.);
#10905 = LINE('',#10906,#10907);
#10906 = CARTESIAN_POINT('',(105.,24.460483206276,0.));
#10907 = VECTOR('',#10908,1.);
#10908 = DIRECTION('',(0.,0.,1.));
#10909 = ORIENTED_EDGE('',*,*,#10656,.T.);
#10910 = ORIENTED_EDGE('',*,*,#10870,.F.);
#10911 = ORIENTED_EDGE('',*,*,#10244,.F.);
#10912 = CYLINDRICAL_SURFACE('',#10913,1.2);
#10913 = AXIS2_PLACEMENT_3D('',#10914,#10915,#10916);
#10914 = CARTESIAN_POINT('',(103.8,24.460483206276,0.));
#10915 = DIRECTION('',(0.,0.,-1.));
#10916 = DIRECTION('',(1.,2.368475785867E-14,0.));
#10917 = ADVANCED_FACE('',(#10918),#10929,.T.);
#10918 = FACE_BOUND('',#10919,.T.);
#10919 = EDGE_LOOP('',(#10920,#10921,#10922,#10928));
#10920 = ORIENTED_EDGE('',*,*,#10889,.T.);
#10921 = ORIENTED_EDGE('',*,*,#10471,.T.);
#10922 = ORIENTED_EDGE('',*,*,#10923,.F.);
#10923 = EDGE_CURVE('',#10177,#10472,#10924,.T.);
#10924 = LINE('',#10925,#10926);
#10925 = CARTESIAN_POINT('',(24.4988568068,105.,0.));
#10926 = VECTOR('',#10927,1.);
#10927 = DIRECTION('',(0.,0.,1.));
#10928 = ORIENTED_EDGE('',*,*,#10176,.F.);
#10929 = CYLINDRICAL_SURFACE('',#10930,1.3);
#10930 = AXIS2_PLACEMENT_3D('',#10931,#10932,#10933);
#10931 = CARTESIAN_POINT('',(24.4988568068,103.7,0.));
#10932 = DIRECTION('',(0.,0.,-1.));
#10933 = DIRECTION('',(-0.668964731622,0.743294146247,0.));
#10934 = ADVANCED_FACE('',(#10935),#10946,.T.);
#10935 = FACE_BOUND('',#10936,.T.);
#10936 = EDGE_LOOP('',(#10937,#10943,#10944,#10945));
#10937 = ORIENTED_EDGE('',*,*,#10938,.T.);
#10938 = EDGE_CURVE('',#10228,#10640,#10939,.T.);
#10939 = LINE('',#10940,#10941);
#10940 = CARTESIAN_POINT('',(105.,25.68,0.));
#10941 = VECTOR('',#10942,1.);
#10942 = DIRECTION('',(0.,0.,1.));
#10943 = ORIENTED_EDGE('',*,*,#10648,.T.);
#10944 = ORIENTED_EDGE('',*,*,#10904,.F.);
#10945 = ORIENTED_EDGE('',*,*,#10236,.F.);
#10946 = PLANE('',#10947);
#10947 = AXIS2_PLACEMENT_3D('',#10948,#10949,#10950);
#10948 = CARTESIAN_POINT('',(105.,25.68,0.));
#10949 = DIRECTION('',(1.,0.,-0.));
#10950 = DIRECTION('',(0.,-1.,0.));
#10951 = ADVANCED_FACE('',(#10952),#10963,.T.);
#10952 = FACE_BOUND('',#10953,.T.);
#10953 = EDGE_LOOP('',(#10954,#10955,#10956,#10962));
#10954 = ORIENTED_EDGE('',*,*,#10923,.T.);
#10955 = ORIENTED_EDGE('',*,*,#10480,.T.);
#10956 = ORIENTED_EDGE('',*,*,#10957,.F.);
#10957 = EDGE_CURVE('',#10186,#10481,#10958,.T.);
#10958 = LINE('',#10959,#10960);
#10959 = CARTESIAN_POINT('',(25.68,105.,0.));
#10960 = VECTOR('',#10961,1.);
#10961 = DIRECTION('',(0.,0.,1.));
#10962 = ORIENTED_EDGE('',*,*,#10185,.F.);
#10963 = PLANE('',#10964);
#10964 = AXIS2_PLACEMENT_3D('',#10965,#10966,#10967);
#10965 = CARTESIAN_POINT('',(24.4988568068,105.,0.));
#10966 = DIRECTION('',(0.,1.,0.));
#10967 = DIRECTION('',(1.,0.,0.));
#10968 = ADVANCED_FACE('',(#10969),#10980,.T.);
#10969 = FACE_BOUND('',#10970,.T.);
#10970 = EDGE_LOOP('',(#10971,#10977,#10978,#10979));
#10971 = ORIENTED_EDGE('',*,*,#10972,.T.);
#10972 = EDGE_CURVE('',#10220,#10632,#10973,.T.);
#10973 = LINE('',#10974,#10975);
#10974 = CARTESIAN_POINT('',(103.68,27.,0.));
#10975 = VECTOR('',#10976,1.);
#10976 = DIRECTION('',(0.,0.,1.));
#10977 = ORIENTED_EDGE('',*,*,#10639,.T.);
#10978 = ORIENTED_EDGE('',*,*,#10938,.F.);
#10979 = ORIENTED_EDGE('',*,*,#10227,.F.);
#10980 = CYLINDRICAL_SURFACE('',#10981,1.32);
#10981 = AXIS2_PLACEMENT_3D('',#10982,#10983,#10984);
#10982 = CARTESIAN_POINT('',(103.68,25.68,0.));
#10983 = DIRECTION('',(0.,0.,-1.));
#10984 = DIRECTION('',(0.,1.,0.));
#10985 = ADVANCED_FACE('',(#10986),#10997,.T.);
#10986 = FACE_BOUND('',#10987,.T.);
#10987 = EDGE_LOOP('',(#10988,#10989,#10990,#10996));
#10988 = ORIENTED_EDGE('',*,*,#10957,.T.);
#10989 = ORIENTED_EDGE('',*,*,#10488,.T.);
#10990 = ORIENTED_EDGE('',*,*,#10991,.F.);
#10991 = EDGE_CURVE('',#10194,#10489,#10992,.T.);
#10992 = LINE('',#10993,#10994);
#10993 = CARTESIAN_POINT('',(27.,103.68,0.));
#10994 = VECTOR('',#10995,1.);
#10995 = DIRECTION('',(0.,0.,1.));
#10996 = ORIENTED_EDGE('',*,*,#10193,.F.);
#10997 = CYLINDRICAL_SURFACE('',#10998,1.32);
#10998 = AXIS2_PLACEMENT_3D('',#10999,#11000,#11001);
#10999 = CARTESIAN_POINT('',(25.68,103.68,0.));
#11000 = DIRECTION('',(0.,0.,-1.));
#11001 = DIRECTION('',(-8.074349270001E-15,1.,0.));
#11002 = ADVANCED_FACE('',(#11003),#11014,.T.);
#11003 = FACE_BOUND('',#11004,.T.);
#11004 = EDGE_LOOP('',(#11005,#11011,#11012,#11013));
#11005 = ORIENTED_EDGE('',*,*,#11006,.T.);
#11006 = EDGE_CURVE('',#10211,#10623,#11007,.T.);
#11007 = LINE('',#11008,#11009);
#11008 = CARTESIAN_POINT('',(29.,27.,0.));
#11009 = VECTOR('',#11010,1.);
#11010 = DIRECTION('',(0.,0.,1.));
#11011 = ORIENTED_EDGE('',*,*,#10631,.T.);
#11012 = ORIENTED_EDGE('',*,*,#10972,.F.);
#11013 = ORIENTED_EDGE('',*,*,#10219,.F.);
#11014 = PLANE('',#11015);
#11015 = AXIS2_PLACEMENT_3D('',#11016,#11017,#11018);
#11016 = CARTESIAN_POINT('',(29.,27.,0.));
#11017 = DIRECTION('',(0.,1.,0.));
#11018 = DIRECTION('',(1.,0.,0.));
#11019 = ADVANCED_FACE('',(#11020),#11031,.T.);
#11020 = FACE_BOUND('',#11021,.T.);
#11021 = EDGE_LOOP('',(#11022,#11023,#11024,#11030));
#11022 = ORIENTED_EDGE('',*,*,#10991,.T.);
#11023 = ORIENTED_EDGE('',*,*,#10497,.T.);
#11024 = ORIENTED_EDGE('',*,*,#11025,.F.);
#11025 = EDGE_CURVE('',#10203,#10498,#11026,.T.);
#11026 = LINE('',#11027,#11028);
#11027 = CARTESIAN_POINT('',(27.,29.,0.));
#11028 = VECTOR('',#11029,1.);
#11029 = DIRECTION('',(0.,0.,1.));
#11030 = ORIENTED_EDGE('',*,*,#10202,.F.);
#11031 = PLANE('',#11032);
#11032 = AXIS2_PLACEMENT_3D('',#11033,#11034,#11035);
#11033 = CARTESIAN_POINT('',(27.,103.68,0.));
#11034 = DIRECTION('',(1.,0.,-0.));
#11035 = DIRECTION('',(0.,-1.,0.));
#11036 = ADVANCED_FACE('',(#11037),#11067,.F.);
#11037 = FACE_BOUND('',#11038,.T.);
#11038 = EDGE_LOOP('',(#11039,#11040,#11041,#11042,#11050,#11059,#11065,
    #11066));
#11039 = ORIENTED_EDGE('',*,*,#10210,.F.);
#11040 = ORIENTED_EDGE('',*,*,#11025,.T.);
#11041 = ORIENTED_EDGE('',*,*,#10505,.T.);
#11042 = ORIENTED_EDGE('',*,*,#11043,.T.);
#11043 = EDGE_CURVE('',#10506,#11044,#11046,.T.);
#11044 = VERTEX_POINT('',#11045);
#11045 = CARTESIAN_POINT('',(27.032638694987,28.640153511148,2.45));
#11046 = LINE('',#11047,#11048);
#11047 = CARTESIAN_POINT('',(27.032638694987,28.640153511148,0.));
#11048 = VECTOR('',#11049,1.);
#11049 = DIRECTION('',(-0.,-0.,-1.));
#11050 = ORIENTED_EDGE('',*,*,#11051,.F.);
#11051 = EDGE_CURVE('',#11052,#11044,#11054,.T.);
#11052 = VERTEX_POINT('',#11053);
#11053 = CARTESIAN_POINT('',(28.640153511148,27.032638694987,2.45));
#11054 = CIRCLE('',#11055,2.);
#11055 = AXIS2_PLACEMENT_3D('',#11056,#11057,#11058);
#11056 = CARTESIAN_POINT('',(29.,29.,2.45));
#11057 = DIRECTION('',(-0.,0.,-1.));
#11058 = DIRECTION('',(-1.,0.,0.));
#11059 = ORIENTED_EDGE('',*,*,#11060,.F.);
#11060 = EDGE_CURVE('',#10615,#11052,#11061,.T.);
#11061 = LINE('',#11062,#11063);
#11062 = CARTESIAN_POINT('',(28.640153511148,27.032638694987,0.));
#11063 = VECTOR('',#11064,1.);
#11064 = DIRECTION('',(-0.,-0.,-1.));
#11065 = ORIENTED_EDGE('',*,*,#10622,.T.);
#11066 = ORIENTED_EDGE('',*,*,#11006,.F.);
#11067 = CYLINDRICAL_SURFACE('',#11068,2.);
#11068 = AXIS2_PLACEMENT_3D('',#11069,#11070,#11071);
#11069 = CARTESIAN_POINT('',(29.,29.,0.));
#11070 = DIRECTION('',(-0.,-0.,-1.));
#11071 = DIRECTION('',(-1.,0.,0.));
#11072 = ADVANCED_FACE('',(#11073),#11084,.F.);
#11073 = FACE_BOUND('',#11074,.F.);
#11074 = EDGE_LOOP('',(#11075,#11076,#11082,#11083));
#11075 = ORIENTED_EDGE('',*,*,#10673,.F.);
#11076 = ORIENTED_EDGE('',*,*,#11077,.F.);
#11077 = EDGE_CURVE('',#10280,#10674,#11078,.T.);
#11078 = LINE('',#11079,#11080);
#11079 = CARTESIAN_POINT('',(89.,10.,-1.));
#11080 = VECTOR('',#11081,1.);
#11081 = DIRECTION('',(0.,0.,1.));
#11082 = ORIENTED_EDGE('',*,*,#10279,.T.);
#11083 = ORIENTED_EDGE('',*,*,#11077,.T.);
#11084 = CYLINDRICAL_SURFACE('',#11085,3.);
#11085 = AXIS2_PLACEMENT_3D('',#11086,#11087,#11088);
#11086 = CARTESIAN_POINT('',(86.,10.,-1.));
#11087 = DIRECTION('',(0.,0.,1.));
#11088 = DIRECTION('',(1.,0.,-0.));
#11089 = ADVANCED_FACE('',(#11090),#11101,.F.);
#11090 = FACE_BOUND('',#11091,.F.);
#11091 = EDGE_LOOP('',(#11092,#11093,#11099,#11100));
#11092 = ORIENTED_EDGE('',*,*,#10684,.F.);
#11093 = ORIENTED_EDGE('',*,*,#11094,.F.);
#11094 = EDGE_CURVE('',#10291,#10685,#11095,.T.);
#11095 = LINE('',#11096,#11097);
#11096 = CARTESIAN_POINT('',(52.,10.,-1.));
#11097 = VECTOR('',#11098,1.);
#11098 = DIRECTION('',(0.,0.,1.));
#11099 = ORIENTED_EDGE('',*,*,#10290,.T.);
#11100 = ORIENTED_EDGE('',*,*,#11094,.T.);
#11101 = CYLINDRICAL_SURFACE('',#11102,3.);
#11102 = AXIS2_PLACEMENT_3D('',#11103,#11104,#11105);
#11103 = CARTESIAN_POINT('',(49.,10.,-1.));
#11104 = DIRECTION('',(0.,0.,1.));
#11105 = DIRECTION('',(1.,0.,-0.));
#11106 = ADVANCED_FACE('',(#11107),#11118,.F.);
#11107 = FACE_BOUND('',#11108,.F.);
#11108 = EDGE_LOOP('',(#11109,#11110,#11116,#11117));
#11109 = ORIENTED_EDGE('',*,*,#10695,.F.);
#11110 = ORIENTED_EDGE('',*,*,#11111,.F.);
#11111 = EDGE_CURVE('',#10302,#10696,#11112,.T.);
#11112 = LINE('',#11113,#11114);
#11113 = CARTESIAN_POINT('',(33.,10.,-1.));
#11114 = VECTOR('',#11115,1.);
#11115 = DIRECTION('',(0.,0.,1.));
#11116 = ORIENTED_EDGE('',*,*,#10301,.T.);
#11117 = ORIENTED_EDGE('',*,*,#11111,.T.);
#11118 = CYLINDRICAL_SURFACE('',#11119,3.);
#11119 = AXIS2_PLACEMENT_3D('',#11120,#11121,#11122);
#11120 = CARTESIAN_POINT('',(30.,10.,-1.));
#11121 = DIRECTION('',(0.,0.,1.));
#11122 = DIRECTION('',(1.,0.,-0.));
#11123 = ADVANCED_FACE('',(#11124),#11135,.F.);
#11124 = FACE_BOUND('',#11125,.F.);
#11125 = EDGE_LOOP('',(#11126,#11127,#11133,#11134));
#11126 = ORIENTED_EDGE('',*,*,#10706,.F.);
#11127 = ORIENTED_EDGE('',*,*,#11128,.F.);
#11128 = EDGE_CURVE('',#10313,#10707,#11129,.T.);
#11129 = LINE('',#11130,#11131);
#11130 = CARTESIAN_POINT('',(18.5,13.,-1.));
#11131 = VECTOR('',#11132,1.);
#11132 = DIRECTION('',(0.,0.,1.));
#11133 = ORIENTED_EDGE('',*,*,#10312,.T.);
#11134 = ORIENTED_EDGE('',*,*,#11128,.T.);
#11135 = CYLINDRICAL_SURFACE('',#11136,5.5);
#11136 = AXIS2_PLACEMENT_3D('',#11137,#11138,#11139);
#11137 = CARTESIAN_POINT('',(13.,13.,-1.));
#11138 = DIRECTION('',(0.,0.,1.));
#11139 = DIRECTION('',(1.,0.,-0.));
#11140 = ADVANCED_FACE('',(#11141),#11152,.F.);
#11141 = FACE_BOUND('',#11142,.F.);
#11142 = EDGE_LOOP('',(#11143,#11144,#11150,#11151));
#11143 = ORIENTED_EDGE('',*,*,#10717,.F.);
#11144 = ORIENTED_EDGE('',*,*,#11145,.F.);
#11145 = EDGE_CURVE('',#10324,#10718,#11146,.T.);
#11146 = LINE('',#11147,#11148);
#11147 = CARTESIAN_POINT('',(13.,30.,-1.));
#11148 = VECTOR('',#11149,1.);
#11149 = DIRECTION('',(0.,0.,1.));
#11150 = ORIENTED_EDGE('',*,*,#10323,.T.);
#11151 = ORIENTED_EDGE('',*,*,#11145,.T.);
#11152 = CYLINDRICAL_SURFACE('',#11153,3.);
#11153 = AXIS2_PLACEMENT_3D('',#11154,#11155,#11156);
#11154 = CARTESIAN_POINT('',(10.,30.,-1.));
#11155 = DIRECTION('',(0.,0.,1.));
#11156 = DIRECTION('',(1.,0.,-0.));
#11157 = ADVANCED_FACE('',(#11158),#11169,.F.);
#11158 = FACE_BOUND('',#11159,.F.);
#11159 = EDGE_LOOP('',(#11160,#11161,#11167,#11168));
#11160 = ORIENTED_EDGE('',*,*,#10728,.F.);
#11161 = ORIENTED_EDGE('',*,*,#11162,.F.);
#11162 = EDGE_CURVE('',#10335,#10729,#11163,.T.);
#11163 = LINE('',#11164,#11165);
#11164 = CARTESIAN_POINT('',(13.,49.,-1.));
#11165 = VECTOR('',#11166,1.);
#11166 = DIRECTION('',(0.,0.,1.));
#11167 = ORIENTED_EDGE('',*,*,#10334,.T.);
#11168 = ORIENTED_EDGE('',*,*,#11162,.T.);
#11169 = CYLINDRICAL_SURFACE('',#11170,3.);
#11170 = AXIS2_PLACEMENT_3D('',#11171,#11172,#11173);
#11171 = CARTESIAN_POINT('',(10.,49.,-1.));
#11172 = DIRECTION('',(0.,0.,1.));
#11173 = DIRECTION('',(1.,0.,-0.));
#11174 = ADVANCED_FACE('',(#11175),#11186,.F.);
#11175 = FACE_BOUND('',#11176,.F.);
#11176 = EDGE_LOOP('',(#11177,#11178,#11184,#11185));
#11177 = ORIENTED_EDGE('',*,*,#10739,.F.);
#11178 = ORIENTED_EDGE('',*,*,#11179,.F.);
#11179 = EDGE_CURVE('',#10346,#10740,#11180,.T.);
#11180 = LINE('',#11181,#11182);
#11181 = CARTESIAN_POINT('',(13.,86.,-1.));
#11182 = VECTOR('',#11183,1.);
#11183 = DIRECTION('',(0.,0.,1.));
#11184 = ORIENTED_EDGE('',*,*,#10345,.T.);
#11185 = ORIENTED_EDGE('',*,*,#11179,.T.);
#11186 = CYLINDRICAL_SURFACE('',#11187,3.);
#11187 = AXIS2_PLACEMENT_3D('',#11188,#11189,#11190);
#11188 = CARTESIAN_POINT('',(10.,86.,-1.));
#11189 = DIRECTION('',(0.,0.,1.));
#11190 = DIRECTION('',(1.,0.,-0.));
#11191 = ADVANCED_FACE('',(#11192),#11210,.F.);
#11192 = FACE_BOUND('',#11193,.F.);
#11193 = EDGE_LOOP('',(#11194,#11202,#11208,#11209));
#11194 = ORIENTED_EDGE('',*,*,#11195,.F.);
#11195 = EDGE_CURVE('',#11196,#10765,#11198,.T.);
#11196 = VERTEX_POINT('',#11197);
#11197 = CARTESIAN_POINT('',(36.225,23.,2.28));
#11198 = LINE('',#11199,#11200);
#11199 = CARTESIAN_POINT('',(36.225,23.,2.28));
#11200 = VECTOR('',#11201,1.);
#11201 = DIRECTION('',(0.,-1.,0.));
#11202 = ORIENTED_EDGE('',*,*,#11203,.T.);
#11203 = EDGE_CURVE('',#11196,#10382,#11204,.T.);
#11204 = LINE('',#11205,#11206);
#11205 = CARTESIAN_POINT('',(36.225,23.,2.28));
#11206 = VECTOR('',#11207,1.);
#11207 = DIRECTION('',(0.,0.,1.));
#11208 = ORIENTED_EDGE('',*,*,#10381,.T.);
#11209 = ORIENTED_EDGE('',*,*,#10764,.F.);
#11210 = PLANE('',#11211);
#11211 = AXIS2_PLACEMENT_3D('',#11212,#11213,#11214);
#11212 = CARTESIAN_POINT('',(36.225,23.,2.28));
#11213 = DIRECTION('',(1.,0.,-0.));
#11214 = DIRECTION('',(0.,-1.,0.));
#11215 = ADVANCED_FACE('',(#11216),#11234,.F.);
#11216 = FACE_BOUND('',#11217,.F.);
#11217 = EDGE_LOOP('',(#11218,#11226,#11232,#11233));
#11218 = ORIENTED_EDGE('',*,*,#11219,.F.);
#11219 = EDGE_CURVE('',#11220,#11196,#11222,.T.);
#11220 = VERTEX_POINT('',#11221);
#11221 = CARTESIAN_POINT('',(35.775,23.,2.28));
#11222 = LINE('',#11223,#11224);
#11223 = CARTESIAN_POINT('',(35.775,23.,2.28));
#11224 = VECTOR('',#11225,1.);
#11225 = DIRECTION('',(1.,0.,0.));
#11226 = ORIENTED_EDGE('',*,*,#11227,.T.);
#11227 = EDGE_CURVE('',#11220,#10390,#11228,.T.);
#11228 = LINE('',#11229,#11230);
#11229 = CARTESIAN_POINT('',(35.775,23.,2.28));
#11230 = VECTOR('',#11231,1.);
#11231 = DIRECTION('',(0.,0.,1.));
#11232 = ORIENTED_EDGE('',*,*,#10389,.T.);
#11233 = ORIENTED_EDGE('',*,*,#11203,.F.);
#11234 = PLANE('',#11235);
#11235 = AXIS2_PLACEMENT_3D('',#11236,#11237,#11238);
#11236 = CARTESIAN_POINT('',(35.775,23.,2.28));
#11237 = DIRECTION('',(0.,1.,0.));
#11238 = DIRECTION('',(1.,0.,0.));
#11239 = ADVANCED_FACE('',(#11240),#11251,.F.);
#11240 = FACE_BOUND('',#11241,.F.);
#11241 = EDGE_LOOP('',(#11242,#11248,#11249,#11250));
#11242 = ORIENTED_EDGE('',*,*,#11243,.F.);
#11243 = EDGE_CURVE('',#10773,#11220,#11244,.T.);
#11244 = LINE('',#11245,#11246);
#11245 = CARTESIAN_POINT('',(35.775,0.,2.28));
#11246 = VECTOR('',#11247,1.);
#11247 = DIRECTION('',(0.,1.,0.));
#11248 = ORIENTED_EDGE('',*,*,#10780,.T.);
#11249 = ORIENTED_EDGE('',*,*,#10397,.T.);
#11250 = ORIENTED_EDGE('',*,*,#11227,.F.);
#11251 = PLANE('',#11252);
#11252 = AXIS2_PLACEMENT_3D('',#11253,#11254,#11255);
#11253 = CARTESIAN_POINT('',(35.775,0.,2.28));
#11254 = DIRECTION('',(-1.,0.,0.));
#11255 = DIRECTION('',(0.,1.,0.));
#11256 = ADVANCED_FACE('',(#11257),#11291,.T.);
#11257 = FACE_BOUND('',#11258,.T.);
#11258 = EDGE_LOOP('',(#11259,#11260,#11268,#11276,#11282,#11283,#11284,
    #11290));
#11259 = ORIENTED_EDGE('',*,*,#10514,.F.);
#11260 = ORIENTED_EDGE('',*,*,#11261,.T.);
#11261 = EDGE_CURVE('',#10515,#11262,#11264,.T.);
#11262 = VERTEX_POINT('',#11263);
#11263 = CARTESIAN_POINT('',(26.563603896932,29.109188309204,3.45));
#11264 = LINE('',#11265,#11266);
#11265 = CARTESIAN_POINT('',(26.563603896932,29.109188309204,2.45));
#11266 = VECTOR('',#11267,1.);
#11267 = DIRECTION('',(0.,0.,1.));
#11268 = ORIENTED_EDGE('',*,*,#11269,.T.);
#11269 = EDGE_CURVE('',#11262,#11270,#11272,.T.);
#11270 = VERTEX_POINT('',#11271);
#11271 = CARTESIAN_POINT('',(29.109188309204,26.563603896932,3.45));
#11272 = LINE('',#11273,#11274);
#11273 = CARTESIAN_POINT('',(26.563603896932,29.109188309204,3.45));
#11274 = VECTOR('',#11275,1.);
#11275 = DIRECTION('',(0.707106781187,-0.707106781187,0.));
#11276 = ORIENTED_EDGE('',*,*,#11277,.F.);
#11277 = EDGE_CURVE('',#10606,#11270,#11278,.T.);
#11278 = LINE('',#11279,#11280);
#11279 = CARTESIAN_POINT('',(29.109188309204,26.563603896932,2.45));
#11280 = VECTOR('',#11281,1.);
#11281 = DIRECTION('',(0.,0.,1.));
#11282 = ORIENTED_EDGE('',*,*,#10614,.F.);
#11283 = ORIENTED_EDGE('',*,*,#11060,.T.);
#11284 = ORIENTED_EDGE('',*,*,#11285,.F.);
#11285 = EDGE_CURVE('',#11044,#11052,#11286,.T.);
#11286 = LINE('',#11287,#11288);
#11287 = CARTESIAN_POINT('',(26.563603896932,29.109188309204,2.45));
#11288 = VECTOR('',#11289,1.);
#11289 = DIRECTION('',(0.707106781187,-0.707106781187,0.));
#11290 = ORIENTED_EDGE('',*,*,#11043,.F.);
#11291 = PLANE('',#11292);
#11292 = AXIS2_PLACEMENT_3D('',#11293,#11294,#11295);
#11293 = CARTESIAN_POINT('',(26.563603896932,29.109188309204,2.45));
#11294 = DIRECTION('',(0.707106781187,0.707106781187,-0.));
#11295 = DIRECTION('',(0.707106781187,-0.707106781187,0.));
#11296 = ADVANCED_FACE('',(#11297),#11316,.F.);
#11297 = FACE_BOUND('',#11298,.T.);
#11298 = EDGE_LOOP('',(#11299,#11300,#11301,#11310));
#11299 = ORIENTED_EDGE('',*,*,#10605,.T.);
#11300 = ORIENTED_EDGE('',*,*,#11277,.T.);
#11301 = ORIENTED_EDGE('',*,*,#11302,.T.);
#11302 = EDGE_CURVE('',#11270,#11303,#11305,.T.);
#11303 = VERTEX_POINT('',#11304);
#11304 = CARTESIAN_POINT('',(29.745584412272,26.3,3.45));
#11305 = CIRCLE('',#11306,0.9);
#11306 = AXIS2_PLACEMENT_3D('',#11307,#11308,#11309);
#11307 = CARTESIAN_POINT('',(29.745584412272,27.2,3.45));
#11308 = DIRECTION('',(0.,0.,1.));
#11309 = DIRECTION('',(-0.707106781187,-0.707106781187,0.));
#11310 = ORIENTED_EDGE('',*,*,#11311,.F.);
#11311 = EDGE_CURVE('',#10598,#11303,#11312,.T.);
#11312 = LINE('',#11313,#11314);
#11313 = CARTESIAN_POINT('',(29.745584412272,26.3,2.45));
#11314 = VECTOR('',#11315,1.);
#11315 = DIRECTION('',(0.,0.,1.));
#11316 = CYLINDRICAL_SURFACE('',#11317,0.9);
#11317 = AXIS2_PLACEMENT_3D('',#11318,#11319,#11320);
#11318 = CARTESIAN_POINT('',(29.745584412272,27.2,2.45));
#11319 = DIRECTION('',(-0.,-0.,-1.));
#11320 = DIRECTION('',(-0.707106781187,-0.707106781187,0.));
#11321 = ADVANCED_FACE('',(#11322),#11340,.T.);
#11322 = FACE_BOUND('',#11323,.T.);
#11323 = EDGE_LOOP('',(#11324,#11325,#11326,#11334));
#11324 = ORIENTED_EDGE('',*,*,#10597,.F.);
#11325 = ORIENTED_EDGE('',*,*,#11311,.T.);
#11326 = ORIENTED_EDGE('',*,*,#11327,.T.);
#11327 = EDGE_CURVE('',#11303,#11328,#11330,.T.);
#11328 = VERTEX_POINT('',#11329);
#11329 = CARTESIAN_POINT('',(40.,26.3,3.45));
#11330 = LINE('',#11331,#11332);
#11331 = CARTESIAN_POINT('',(29.745584412272,26.3,3.45));
#11332 = VECTOR('',#11333,1.);
#11333 = DIRECTION('',(1.,0.,0.));
#11334 = ORIENTED_EDGE('',*,*,#11335,.F.);
#11335 = EDGE_CURVE('',#10590,#11328,#11336,.T.);
#11336 = LINE('',#11337,#11338);
#11337 = CARTESIAN_POINT('',(40.,26.3,2.45));
#11338 = VECTOR('',#11339,1.);
#11339 = DIRECTION('',(0.,0.,1.));
#11340 = PLANE('',#11341);
#11341 = AXIS2_PLACEMENT_3D('',#11342,#11343,#11344);
#11342 = CARTESIAN_POINT('',(29.745584412272,26.3,2.45));
#11343 = DIRECTION('',(0.,1.,0.));
#11344 = DIRECTION('',(1.,0.,0.));
#11345 = ADVANCED_FACE('',(#11346),#11364,.T.);
#11346 = FACE_BOUND('',#11347,.T.);
#11347 = EDGE_LOOP('',(#11348,#11349,#11350,#11358));
#11348 = ORIENTED_EDGE('',*,*,#10589,.F.);
#11349 = ORIENTED_EDGE('',*,*,#11335,.T.);
#11350 = ORIENTED_EDGE('',*,*,#11351,.T.);
#11351 = EDGE_CURVE('',#11328,#11352,#11354,.T.);
#11352 = VERTEX_POINT('',#11353);
#11353 = CARTESIAN_POINT('',(40.,24.5,3.45));
#11354 = LINE('',#11355,#11356);
#11355 = CARTESIAN_POINT('',(40.,26.3,3.45));
#11356 = VECTOR('',#11357,1.);
#11357 = DIRECTION('',(0.,-1.,0.));
#11358 = ORIENTED_EDGE('',*,*,#11359,.F.);
#11359 = EDGE_CURVE('',#10582,#11352,#11360,.T.);
#11360 = LINE('',#11361,#11362);
#11361 = CARTESIAN_POINT('',(40.,24.5,2.45));
#11362 = VECTOR('',#11363,1.);
#11363 = DIRECTION('',(0.,0.,1.));
#11364 = PLANE('',#11365);
#11365 = AXIS2_PLACEMENT_3D('',#11366,#11367,#11368);
#11366 = CARTESIAN_POINT('',(40.,26.3,2.45));
#11367 = DIRECTION('',(1.,0.,-0.));
#11368 = DIRECTION('',(0.,-1.,0.));
#11369 = ADVANCED_FACE('',(#11370),#11388,.F.);
#11370 = FACE_BOUND('',#11371,.F.);
#11371 = EDGE_LOOP('',(#11372,#11380,#11386,#11387));
#11372 = ORIENTED_EDGE('',*,*,#11373,.F.);
#11373 = EDGE_CURVE('',#11374,#10800,#11376,.T.);
#11374 = VERTEX_POINT('',#11375);
#11375 = CARTESIAN_POINT('',(23.,35.775,2.28));
#11376 = LINE('',#11377,#11378);
#11377 = CARTESIAN_POINT('',(23.,35.775,2.28));
#11378 = VECTOR('',#11379,1.);
#11379 = DIRECTION('',(-1.,0.,0.));
#11380 = ORIENTED_EDGE('',*,*,#11381,.T.);
#11381 = EDGE_CURVE('',#11374,#10423,#11382,.T.);
#11382 = LINE('',#11383,#11384);
#11383 = CARTESIAN_POINT('',(23.,35.775,2.28));
#11384 = VECTOR('',#11385,1.);
#11385 = DIRECTION('',(0.,0.,1.));
#11386 = ORIENTED_EDGE('',*,*,#10422,.T.);
#11387 = ORIENTED_EDGE('',*,*,#10799,.F.);
#11388 = PLANE('',#11389);
#11389 = AXIS2_PLACEMENT_3D('',#11390,#11391,#11392);
#11390 = CARTESIAN_POINT('',(23.,35.775,2.28));
#11391 = DIRECTION('',(0.,-1.,0.));
#11392 = DIRECTION('',(-1.,0.,0.));
#11393 = ADVANCED_FACE('',(#11394),#11412,.T.);
#11394 = FACE_BOUND('',#11395,.T.);
#11395 = EDGE_LOOP('',(#11396,#11397,#11398,#11406));
#11396 = ORIENTED_EDGE('',*,*,#10581,.F.);
#11397 = ORIENTED_EDGE('',*,*,#11359,.T.);
#11398 = ORIENTED_EDGE('',*,*,#11399,.T.);
#11399 = EDGE_CURVE('',#11352,#11400,#11402,.T.);
#11400 = VERTEX_POINT('',#11401);
#11401 = CARTESIAN_POINT('',(29.745584412272,24.5,3.45));
#11402 = LINE('',#11403,#11404);
#11403 = CARTESIAN_POINT('',(40.,24.5,3.45));
#11404 = VECTOR('',#11405,1.);
#11405 = DIRECTION('',(-1.,0.,0.));
#11406 = ORIENTED_EDGE('',*,*,#11407,.F.);
#11407 = EDGE_CURVE('',#10573,#11400,#11408,.T.);
#11408 = LINE('',#11409,#11410);
#11409 = CARTESIAN_POINT('',(29.745584412272,24.5,2.45));
#11410 = VECTOR('',#11411,1.);
#11411 = DIRECTION('',(0.,0.,1.));
#11412 = PLANE('',#11413);
#11413 = AXIS2_PLACEMENT_3D('',#11414,#11415,#11416);
#11414 = CARTESIAN_POINT('',(40.,24.5,2.45));
#11415 = DIRECTION('',(0.,-1.,0.));
#11416 = DIRECTION('',(-1.,0.,0.));
#11417 = ADVANCED_FACE('',(#11418),#11436,.F.);
#11418 = FACE_BOUND('',#11419,.F.);
#11419 = EDGE_LOOP('',(#11420,#11428,#11434,#11435));
#11420 = ORIENTED_EDGE('',*,*,#11421,.F.);
#11421 = EDGE_CURVE('',#11422,#11374,#11424,.T.);
#11422 = VERTEX_POINT('',#11423);
#11423 = CARTESIAN_POINT('',(23.,36.225,2.28));
#11424 = LINE('',#11425,#11426);
#11425 = CARTESIAN_POINT('',(23.,36.225,2.28));
#11426 = VECTOR('',#11427,1.);
#11427 = DIRECTION('',(0.,-1.,0.));
#11428 = ORIENTED_EDGE('',*,*,#11429,.T.);
#11429 = EDGE_CURVE('',#11422,#10431,#11430,.T.);
#11430 = LINE('',#11431,#11432);
#11431 = CARTESIAN_POINT('',(23.,36.225,2.28));
#11432 = VECTOR('',#11433,1.);
#11433 = DIRECTION('',(0.,0.,1.));
#11434 = ORIENTED_EDGE('',*,*,#10430,.T.);
#11435 = ORIENTED_EDGE('',*,*,#11381,.F.);
#11436 = PLANE('',#11437);
#11437 = AXIS2_PLACEMENT_3D('',#11438,#11439,#11440);
#11438 = CARTESIAN_POINT('',(23.,36.225,2.28));
#11439 = DIRECTION('',(1.,0.,-0.));
#11440 = DIRECTION('',(0.,-1.,0.));
#11441 = ADVANCED_FACE('',(#11442),#11461,.T.);
#11442 = FACE_BOUND('',#11443,.T.);
#11443 = EDGE_LOOP('',(#11444,#11445,#11446,#11455));
#11444 = ORIENTED_EDGE('',*,*,#10572,.F.);
#11445 = ORIENTED_EDGE('',*,*,#11407,.T.);
#11446 = ORIENTED_EDGE('',*,*,#11447,.T.);
#11447 = EDGE_CURVE('',#11400,#11448,#11450,.T.);
#11448 = VERTEX_POINT('',#11449);
#11449 = CARTESIAN_POINT('',(27.836396103068,25.290811690796,3.45));
#11450 = CIRCLE('',#11451,2.7);
#11451 = AXIS2_PLACEMENT_3D('',#11452,#11453,#11454);
#11452 = CARTESIAN_POINT('',(29.745584412272,27.2,3.45));
#11453 = DIRECTION('',(0.,0.,-1.));
#11454 = DIRECTION('',(2.631639762074E-15,-1.,0.));
#11455 = ORIENTED_EDGE('',*,*,#11456,.F.);
#11456 = EDGE_CURVE('',#10565,#11448,#11457,.T.);
#11457 = LINE('',#11458,#11459);
#11458 = CARTESIAN_POINT('',(27.836396103068,25.290811690796,2.45));
#11459 = VECTOR('',#11460,1.);
#11460 = DIRECTION('',(0.,0.,1.));
#11461 = CYLINDRICAL_SURFACE('',#11462,2.7);
#11462 = AXIS2_PLACEMENT_3D('',#11463,#11464,#11465);
#11463 = CARTESIAN_POINT('',(29.745584412272,27.2,2.45));
#11464 = DIRECTION('',(0.,0.,-1.));
#11465 = DIRECTION('',(2.631639762074E-15,-1.,0.));
#11466 = ADVANCED_FACE('',(#11467),#11478,.F.);
#11467 = FACE_BOUND('',#11468,.F.);
#11468 = EDGE_LOOP('',(#11469,#11475,#11476,#11477));
#11469 = ORIENTED_EDGE('',*,*,#11470,.F.);
#11470 = EDGE_CURVE('',#10808,#11422,#11471,.T.);
#11471 = LINE('',#11472,#11473);
#11472 = CARTESIAN_POINT('',(0.,36.225,2.28));
#11473 = VECTOR('',#11474,1.);
#11474 = DIRECTION('',(1.,0.,0.));
#11475 = ORIENTED_EDGE('',*,*,#10815,.T.);
#11476 = ORIENTED_EDGE('',*,*,#10438,.T.);
#11477 = ORIENTED_EDGE('',*,*,#11429,.F.);
#11478 = PLANE('',#11479);
#11479 = AXIS2_PLACEMENT_3D('',#11480,#11481,#11482);
#11480 = CARTESIAN_POINT('',(0.,36.225,2.28));
#11481 = DIRECTION('',(0.,1.,0.));
#11482 = DIRECTION('',(1.,0.,0.));
#11483 = ADVANCED_FACE('',(#11484),#11502,.T.);
#11484 = FACE_BOUND('',#11485,.T.);
#11485 = EDGE_LOOP('',(#11486,#11487,#11488,#11496));
#11486 = ORIENTED_EDGE('',*,*,#10564,.F.);
#11487 = ORIENTED_EDGE('',*,*,#11456,.T.);
#11488 = ORIENTED_EDGE('',*,*,#11489,.T.);
#11489 = EDGE_CURVE('',#11448,#11490,#11492,.T.);
#11490 = VERTEX_POINT('',#11491);
#11491 = CARTESIAN_POINT('',(25.290811690796,27.836396103068,3.45));
#11492 = LINE('',#11493,#11494);
#11493 = CARTESIAN_POINT('',(27.836396103068,25.290811690796,3.45));
#11494 = VECTOR('',#11495,1.);
#11495 = DIRECTION('',(-0.707106781187,0.707106781187,0.));
#11496 = ORIENTED_EDGE('',*,*,#11497,.F.);
#11497 = EDGE_CURVE('',#10556,#11490,#11498,.T.);
#11498 = LINE('',#11499,#11500);
#11499 = CARTESIAN_POINT('',(25.290811690796,27.836396103068,2.45));
#11500 = VECTOR('',#11501,1.);
#11501 = DIRECTION('',(0.,0.,1.));
#11502 = PLANE('',#11503);
#11503 = AXIS2_PLACEMENT_3D('',#11504,#11505,#11506);
#11504 = CARTESIAN_POINT('',(27.836396103068,25.290811690796,2.45));
#11505 = DIRECTION('',(-0.707106781187,-0.707106781187,0.));
#11506 = DIRECTION('',(-0.707106781187,0.707106781187,0.));
#11507 = ADVANCED_FACE('',(#11508),#11527,.T.);
#11508 = FACE_BOUND('',#11509,.T.);
#11509 = EDGE_LOOP('',(#11510,#11511,#11512,#11521));
#11510 = ORIENTED_EDGE('',*,*,#10555,.F.);
#11511 = ORIENTED_EDGE('',*,*,#11497,.T.);
#11512 = ORIENTED_EDGE('',*,*,#11513,.T.);
#11513 = EDGE_CURVE('',#11490,#11514,#11516,.T.);
#11514 = VERTEX_POINT('',#11515);
#11515 = CARTESIAN_POINT('',(24.5,29.745584412272,3.45));
#11516 = CIRCLE('',#11517,2.7);
#11517 = AXIS2_PLACEMENT_3D('',#11518,#11519,#11520);
#11518 = CARTESIAN_POINT('',(27.2,29.745584412272,3.45));
#11519 = DIRECTION('',(0.,0.,-1.));
#11520 = DIRECTION('',(-0.707106781187,-0.707106781187,-0.));
#11521 = ORIENTED_EDGE('',*,*,#11522,.F.);
#11522 = EDGE_CURVE('',#10548,#11514,#11523,.T.);
#11523 = LINE('',#11524,#11525);
#11524 = CARTESIAN_POINT('',(24.5,29.745584412272,2.45));
#11525 = VECTOR('',#11526,1.);
#11526 = DIRECTION('',(0.,0.,1.));
#11527 = CYLINDRICAL_SURFACE('',#11528,2.7);
#11528 = AXIS2_PLACEMENT_3D('',#11529,#11530,#11531);
#11529 = CARTESIAN_POINT('',(27.2,29.745584412272,2.45));
#11530 = DIRECTION('',(0.,0.,-1.));
#11531 = DIRECTION('',(-0.707106781187,-0.707106781187,-0.));
#11532 = ADVANCED_FACE('',(#11533),#11551,.T.);
#11533 = FACE_BOUND('',#11534,.T.);
#11534 = EDGE_LOOP('',(#11535,#11536,#11537,#11545));
#11535 = ORIENTED_EDGE('',*,*,#10547,.F.);
#11536 = ORIENTED_EDGE('',*,*,#11522,.T.);
#11537 = ORIENTED_EDGE('',*,*,#11538,.T.);
#11538 = EDGE_CURVE('',#11514,#11539,#11541,.T.);
#11539 = VERTEX_POINT('',#11540);
#11540 = CARTESIAN_POINT('',(24.5,40.,3.45));
#11541 = LINE('',#11542,#11543);
#11542 = CARTESIAN_POINT('',(24.5,29.745584412272,3.45));
#11543 = VECTOR('',#11544,1.);
#11544 = DIRECTION('',(0.,1.,0.));
#11545 = ORIENTED_EDGE('',*,*,#11546,.F.);
#11546 = EDGE_CURVE('',#10540,#11539,#11547,.T.);
#11547 = LINE('',#11548,#11549);
#11548 = CARTESIAN_POINT('',(24.5,40.,2.45));
#11549 = VECTOR('',#11550,1.);
#11550 = DIRECTION('',(0.,0.,1.));
#11551 = PLANE('',#11552);
#11552 = AXIS2_PLACEMENT_3D('',#11553,#11554,#11555);
#11553 = CARTESIAN_POINT('',(24.5,29.745584412272,2.45));
#11554 = DIRECTION('',(-1.,0.,0.));
#11555 = DIRECTION('',(0.,1.,0.));
#11556 = ADVANCED_FACE('',(#11557),#11575,.T.);
#11557 = FACE_BOUND('',#11558,.T.);
#11558 = EDGE_LOOP('',(#11559,#11560,#11561,#11569));
#11559 = ORIENTED_EDGE('',*,*,#10539,.F.);
#11560 = ORIENTED_EDGE('',*,*,#11546,.T.);
#11561 = ORIENTED_EDGE('',*,*,#11562,.T.);
#11562 = EDGE_CURVE('',#11539,#11563,#11565,.T.);
#11563 = VERTEX_POINT('',#11564);
#11564 = CARTESIAN_POINT('',(26.3,40.,3.45));
#11565 = LINE('',#11566,#11567);
#11566 = CARTESIAN_POINT('',(24.5,40.,3.45));
#11567 = VECTOR('',#11568,1.);
#11568 = DIRECTION('',(1.,0.,0.));
#11569 = ORIENTED_EDGE('',*,*,#11570,.F.);
#11570 = EDGE_CURVE('',#10532,#11563,#11571,.T.);
#11571 = LINE('',#11572,#11573);
#11572 = CARTESIAN_POINT('',(26.3,40.,2.45));
#11573 = VECTOR('',#11574,1.);
#11574 = DIRECTION('',(0.,0.,1.));
#11575 = PLANE('',#11576);
#11576 = AXIS2_PLACEMENT_3D('',#11577,#11578,#11579);
#11577 = CARTESIAN_POINT('',(24.5,40.,2.45));
#11578 = DIRECTION('',(0.,1.,0.));
#11579 = DIRECTION('',(1.,0.,0.));
#11580 = ADVANCED_FACE('',(#11581),#11599,.T.);
#11581 = FACE_BOUND('',#11582,.T.);
#11582 = EDGE_LOOP('',(#11583,#11584,#11585,#11593));
#11583 = ORIENTED_EDGE('',*,*,#10531,.F.);
#11584 = ORIENTED_EDGE('',*,*,#11570,.T.);
#11585 = ORIENTED_EDGE('',*,*,#11586,.T.);
#11586 = EDGE_CURVE('',#11563,#11587,#11589,.T.);
#11587 = VERTEX_POINT('',#11588);
#11588 = CARTESIAN_POINT('',(26.3,29.745584412272,3.45));
#11589 = LINE('',#11590,#11591);
#11590 = CARTESIAN_POINT('',(26.3,40.,3.45));
#11591 = VECTOR('',#11592,1.);
#11592 = DIRECTION('',(0.,-1.,0.));
#11593 = ORIENTED_EDGE('',*,*,#11594,.F.);
#11594 = EDGE_CURVE('',#10523,#11587,#11595,.T.);
#11595 = LINE('',#11596,#11597);
#11596 = CARTESIAN_POINT('',(26.3,29.745584412272,2.45));
#11597 = VECTOR('',#11598,1.);
#11598 = DIRECTION('',(0.,0.,1.));
#11599 = PLANE('',#11600);
#11600 = AXIS2_PLACEMENT_3D('',#11601,#11602,#11603);
#11601 = CARTESIAN_POINT('',(26.3,40.,2.45));
#11602 = DIRECTION('',(1.,0.,-0.));
#11603 = DIRECTION('',(0.,-1.,0.));
#11604 = ADVANCED_FACE('',(#11605),#11617,.F.);
#11605 = FACE_BOUND('',#11606,.T.);
#11606 = EDGE_LOOP('',(#11607,#11608,#11609,#11616));
#11607 = ORIENTED_EDGE('',*,*,#10522,.T.);
#11608 = ORIENTED_EDGE('',*,*,#11594,.T.);
#11609 = ORIENTED_EDGE('',*,*,#11610,.T.);
#11610 = EDGE_CURVE('',#11587,#11262,#11611,.T.);
#11611 = CIRCLE('',#11612,0.9);
#11612 = AXIS2_PLACEMENT_3D('',#11613,#11614,#11615);
#11613 = CARTESIAN_POINT('',(27.2,29.745584412272,3.45));
#11614 = DIRECTION('',(0.,0.,1.));
#11615 = DIRECTION('',(-1.,1.578983857245E-14,0.));
#11616 = ORIENTED_EDGE('',*,*,#11261,.F.);
#11617 = CYLINDRICAL_SURFACE('',#11618,0.9);
#11618 = AXIS2_PLACEMENT_3D('',#11619,#11620,#11621);
#11619 = CARTESIAN_POINT('',(27.2,29.745584412272,2.45));
#11620 = DIRECTION('',(-0.,-0.,-1.));
#11621 = DIRECTION('',(-1.,1.578983857245E-14,0.));
#11622 = ADVANCED_FACE('',(#11623),#11629,.F.);
#11623 = FACE_BOUND('',#11624,.F.);
#11624 = EDGE_LOOP('',(#11625,#11626,#11627,#11628));
#11625 = ORIENTED_EDGE('',*,*,#11243,.T.);
#11626 = ORIENTED_EDGE('',*,*,#11219,.T.);
#11627 = ORIENTED_EDGE('',*,*,#11195,.T.);
#11628 = ORIENTED_EDGE('',*,*,#10772,.T.);
#11629 = PLANE('',#11630);
#11630 = AXIS2_PLACEMENT_3D('',#11631,#11632,#11633);
#11631 = CARTESIAN_POINT('',(36.,11.5,2.28));
#11632 = DIRECTION('',(-0.,-0.,-1.));
#11633 = DIRECTION('',(-1.,0.,0.));
#11634 = ADVANCED_FACE('',(#11635),#11641,.F.);
#11635 = FACE_BOUND('',#11636,.F.);
#11636 = EDGE_LOOP('',(#11637,#11638,#11639,#11640));
#11637 = ORIENTED_EDGE('',*,*,#11470,.T.);
#11638 = ORIENTED_EDGE('',*,*,#11421,.T.);
#11639 = ORIENTED_EDGE('',*,*,#11373,.T.);
#11640 = ORIENTED_EDGE('',*,*,#10807,.T.);
#11641 = PLANE('',#11642);
#11642 = AXIS2_PLACEMENT_3D('',#11643,#11644,#11645);
#11643 = CARTESIAN_POINT('',(11.5,36.,2.28));
#11644 = DIRECTION('',(-0.,-0.,-1.));
#11645 = DIRECTION('',(-1.,0.,0.));
#11646 = ADVANCED_FACE('',(#11647),#11651,.T.);
#11647 = FACE_BOUND('',#11648,.T.);
#11648 = EDGE_LOOP('',(#11649,#11650));
#11649 = ORIENTED_EDGE('',*,*,#11051,.T.);
#11650 = ORIENTED_EDGE('',*,*,#11285,.T.);
#11651 = PLANE('',#11652);
#11652 = AXIS2_PLACEMENT_3D('',#11653,#11654,#11655);
#11653 = CARTESIAN_POINT('',(29.626019537006,29.626019537006,2.45));
#11654 = DIRECTION('',(-0.,-0.,-1.));
#11655 = DIRECTION('',(-1.,0.,0.));
#11656 = ADVANCED_FACE('',(#11657),#11671,.F.);
#11657 = FACE_BOUND('',#11658,.F.);
#11658 = EDGE_LOOP('',(#11659,#11660,#11661,#11662,#11663,#11664,#11665,
    #11666,#11667,#11668,#11669,#11670));
#11659 = ORIENTED_EDGE('',*,*,#11586,.T.);
#11660 = ORIENTED_EDGE('',*,*,#11610,.T.);
#11661 = ORIENTED_EDGE('',*,*,#11269,.T.);
#11662 = ORIENTED_EDGE('',*,*,#11302,.T.);
#11663 = ORIENTED_EDGE('',*,*,#11327,.T.);
#11664 = ORIENTED_EDGE('',*,*,#11351,.T.);
#11665 = ORIENTED_EDGE('',*,*,#11399,.T.);
#11666 = ORIENTED_EDGE('',*,*,#11447,.T.);
#11667 = ORIENTED_EDGE('',*,*,#11489,.T.);
#11668 = ORIENTED_EDGE('',*,*,#11513,.T.);
#11669 = ORIENTED_EDGE('',*,*,#11538,.T.);
#11670 = ORIENTED_EDGE('',*,*,#11562,.T.);
#11671 = PLANE('',#11672);
#11672 = AXIS2_PLACEMENT_3D('',#11673,#11674,#11675);
#11673 = CARTESIAN_POINT('',(29.626019537006,29.626019537006,3.45));
#11674 = DIRECTION('',(-0.,-0.,-1.));
#11675 = DIRECTION('',(-1.,0.,0.));
#11676 = ( GEOMETRIC_REPRESENTATION_CONTEXT(3) 
GLOBAL_UNCERTAINTY_ASSIGNED_CONTEXT((#11680)) 
GLOBAL_UNIT_ASSIGNED_CONTEXT((#11677,#11678,#11679)) 
REPRESENTATION_CONTEXT('Context #1',
  '3D Context with UNIT and UNCERTAINTY') );
#11677 = ( LENGTH_UNIT() NAMED_UNIT(*) SI_UNIT(.MILLI.,.METRE.) );
#11678 = ( NAMED_UNIT(*) PLANE_ANGLE_UNIT() SI_UNIT($,.RADIAN.) );
#11679 = ( NAMED_UNIT(*) SI_UNIT($,.STERADIAN.) SOLID_ANGLE_UNIT() );
#11680 = UNCERTAINTY_MEASURE_WITH_UNIT(LENGTH_MEASURE(1.E-07),#11677,
  'distance_accuracy_value','confusion accuracy');
#11681 = CONTEXT_DEPENDENT_SHAPE_REPRESENTATION(#11682,#11684);
#11682 = ( REPRESENTATION_RELATIONSHIP('','',#10036,#10) 
REPRESENTATION_RELATIONSHIP_WITH_TRANSFORMATION(#11683) 
SHAPE_REPRESENTATION_RELATIONSHIP() );
#11683 = ITEM_DEFINED_TRANSFORMATION('','',#11,#39);
#11684 = PRODUCT_DEFINITION_SHAPE('Placement','Placement of an item',
  #11685);
#11685 = NEXT_ASSEMBLY_USAGE_OCCURRENCE('15','H30 | Hoek rechtsboven',''
  ,#5,#10031,$);
#11686 = PRODUCT_RELATED_PRODUCT_CATEGORY('part',$,(#10033));
#11687 = SHAPE_DEFINITION_REPRESENTATION(#11688,#11694);
#11688 = PRODUCT_DEFINITION_SHAPE('','',#11689);
#11689 = PRODUCT_DEFINITION('design','',#11690,#11693);
#11690 = PRODUCT_DEFINITION_FORMATION('','',#11691);
#11691 = PRODUCT('H30 | Hoek linksboven','H30 | Hoek linksboven','',(
    #11692));
#11692 = PRODUCT_CONTEXT('',#2,'mechanical');
#11693 = PRODUCT_DEFINITION_CONTEXT('part definition',#2,'design');
#11694 = ADVANCED_BREP_SHAPE_REPRESENTATION('',(#11,#11695),#13334);
#11695 = MANIFOLD_SOLID_BREP('',#11696);
#11696 = CLOSED_SHELL('',(#11697,#11737,#11770,#11803,#12016,#12410,
    #12450,#12490,#12507,#12524,#12541,#12558,#12575,#12592,#12609,
    #12626,#12643,#12660,#12677,#12694,#12730,#12747,#12764,#12781,
    #12798,#12815,#12832,#12849,#12873,#12897,#12914,#12954,#12979,
    #13003,#13027,#13051,#13075,#13099,#13124,#13141,#13165,#13190,
    #13214,#13238,#13262,#13280,#13292,#13304,#13314));
#11697 = ADVANCED_FACE('',(#11698),#11732,.T.);
#11698 = FACE_BOUND('',#11699,.T.);
#11699 = EDGE_LOOP('',(#11700,#11710,#11718,#11726));
#11700 = ORIENTED_EDGE('',*,*,#11701,.T.);
#11701 = EDGE_CURVE('',#11702,#11704,#11706,.T.);
#11702 = VERTEX_POINT('',#11703);
#11703 = CARTESIAN_POINT('',(2.414213562373,0.585786437627,0.));
#11704 = VERTEX_POINT('',#11705);
#11705 = CARTESIAN_POINT('',(2.414213562373,0.585786437627,2.5));
#11706 = LINE('',#11707,#11708);
#11707 = CARTESIAN_POINT('',(2.414213562373,0.585786437627,0.));
#11708 = VECTOR('',#11709,1.);
#11709 = DIRECTION('',(0.,0.,1.));
#11710 = ORIENTED_EDGE('',*,*,#11711,.T.);
#11711 = EDGE_CURVE('',#11704,#11712,#11714,.T.);
#11712 = VERTEX_POINT('',#11713);
#11713 = CARTESIAN_POINT('',(0.585786437627,2.414213562373,2.5));
#11714 = LINE('',#11715,#11716);
#11715 = CARTESIAN_POINT('',(2.414213562373,0.585786437627,2.5));
#11716 = VECTOR('',#11717,1.);
#11717 = DIRECTION('',(-0.707106781187,0.707106781187,0.));
#11718 = ORIENTED_EDGE('',*,*,#11719,.F.);
#11719 = EDGE_CURVE('',#11720,#11712,#11722,.T.);
#11720 = VERTEX_POINT('',#11721);
#11721 = CARTESIAN_POINT('',(0.585786437627,2.414213562373,0.));
#11722 = LINE('',#11723,#11724);
#11723 = CARTESIAN_POINT('',(0.585786437627,2.414213562373,0.));
#11724 = VECTOR('',#11725,1.);
#11725 = DIRECTION('',(0.,0.,1.));
#11726 = ORIENTED_EDGE('',*,*,#11727,.F.);
#11727 = EDGE_CURVE('',#11702,#11720,#11728,.T.);
#11728 = LINE('',#11729,#11730);
#11729 = CARTESIAN_POINT('',(2.414213562373,0.585786437627,0.));
#11730 = VECTOR('',#11731,1.);
#11731 = DIRECTION('',(-0.707106781187,0.707106781187,0.));
#11732 = PLANE('',#11733);
#11733 = AXIS2_PLACEMENT_3D('',#11734,#11735,#11736);
#11734 = CARTESIAN_POINT('',(2.414213562373,0.585786437627,0.));
#11735 = DIRECTION('',(-0.707106781187,-0.707106781187,0.));
#11736 = DIRECTION('',(-0.707106781187,0.707106781187,0.));
#11737 = ADVANCED_FACE('',(#11738),#11765,.T.);
#11738 = FACE_BOUND('',#11739,.T.);
#11739 = EDGE_LOOP('',(#11740,#11750,#11757,#11758));
#11740 = ORIENTED_EDGE('',*,*,#11741,.T.);
#11741 = EDGE_CURVE('',#11742,#11744,#11746,.T.);
#11742 = VERTEX_POINT('',#11743);
#11743 = CARTESIAN_POINT('',(3.828427124746,0.,0.));
#11744 = VERTEX_POINT('',#11745);
#11745 = CARTESIAN_POINT('',(3.828427124746,0.,2.5));
#11746 = LINE('',#11747,#11748);
#11747 = CARTESIAN_POINT('',(3.828427124746,0.,0.));
#11748 = VECTOR('',#11749,1.);
#11749 = DIRECTION('',(0.,0.,1.));
#11750 = ORIENTED_EDGE('',*,*,#11751,.T.);
#11751 = EDGE_CURVE('',#11744,#11704,#11752,.T.);
#11752 = CIRCLE('',#11753,2.);
#11753 = AXIS2_PLACEMENT_3D('',#11754,#11755,#11756);
#11754 = CARTESIAN_POINT('',(3.828427124746,2.,2.5));
#11755 = DIRECTION('',(0.,0.,-1.));
#11756 = DIRECTION('',(0.,-1.,0.));
#11757 = ORIENTED_EDGE('',*,*,#11701,.F.);
#11758 = ORIENTED_EDGE('',*,*,#11759,.F.);
#11759 = EDGE_CURVE('',#11742,#11702,#11760,.T.);
#11760 = CIRCLE('',#11761,2.);
#11761 = AXIS2_PLACEMENT_3D('',#11762,#11763,#11764);
#11762 = CARTESIAN_POINT('',(3.828427124746,2.,0.));
#11763 = DIRECTION('',(0.,0.,-1.));
#11764 = DIRECTION('',(0.,-1.,0.));
#11765 = CYLINDRICAL_SURFACE('',#11766,2.);
#11766 = AXIS2_PLACEMENT_3D('',#11767,#11768,#11769);
#11767 = CARTESIAN_POINT('',(3.828427124746,2.,0.));
#11768 = DIRECTION('',(0.,0.,-1.));
#11769 = DIRECTION('',(0.,-1.,0.));
#11770 = ADVANCED_FACE('',(#11771),#11798,.T.);
#11771 = FACE_BOUND('',#11772,.T.);
#11772 = EDGE_LOOP('',(#11773,#11774,#11783,#11791));
#11773 = ORIENTED_EDGE('',*,*,#11719,.T.);
#11774 = ORIENTED_EDGE('',*,*,#11775,.T.);
#11775 = EDGE_CURVE('',#11712,#11776,#11778,.T.);
#11776 = VERTEX_POINT('',#11777);
#11777 = CARTESIAN_POINT('',(0.,3.828427124746,2.5));
#11778 = CIRCLE('',#11779,2.);
#11779 = AXIS2_PLACEMENT_3D('',#11780,#11781,#11782);
#11780 = CARTESIAN_POINT('',(2.,3.828427124746,2.5));
#11781 = DIRECTION('',(0.,0.,-1.));
#11782 = DIRECTION('',(-0.707106781187,-0.707106781187,-0.));
#11783 = ORIENTED_EDGE('',*,*,#11784,.F.);
#11784 = EDGE_CURVE('',#11785,#11776,#11787,.T.);
#11785 = VERTEX_POINT('',#11786);
#11786 = CARTESIAN_POINT('',(0.,3.828427124746,0.));
#11787 = LINE('',#11788,#11789);
#11788 = CARTESIAN_POINT('',(0.,3.828427124746,0.));
#11789 = VECTOR('',#11790,1.);
#11790 = DIRECTION('',(0.,0.,1.));
#11791 = ORIENTED_EDGE('',*,*,#11792,.F.);
#11792 = EDGE_CURVE('',#11720,#11785,#11793,.T.);
#11793 = CIRCLE('',#11794,2.);
#11794 = AXIS2_PLACEMENT_3D('',#11795,#11796,#11797);
#11795 = CARTESIAN_POINT('',(2.,3.828427124746,0.));
#11796 = DIRECTION('',(0.,0.,-1.));
#11797 = DIRECTION('',(-0.707106781187,-0.707106781187,-0.));
#11798 = CYLINDRICAL_SURFACE('',#11799,2.);
#11799 = AXIS2_PLACEMENT_3D('',#11800,#11801,#11802);
#11800 = CARTESIAN_POINT('',(2.,3.828427124746,0.));
#11801 = DIRECTION('',(0.,0.,-1.));
#11802 = DIRECTION('',(-0.707106781187,-0.707106781187,-0.));
#11803 = ADVANCED_FACE('',(#11804,#11934,#11945,#11956,#11967,#11978,
    #11989,#12000),#12011,.T.);
#11804 = FACE_BOUND('',#11805,.T.);
#11805 = EDGE_LOOP('',(#11806,#11807,#11808,#11816,#11825,#11833,#11842,
    #11850,#11859,#11867,#11876,#11884,#11893,#11901,#11910,#11918,
    #11927,#11933));
#11806 = ORIENTED_EDGE('',*,*,#11727,.T.);
#11807 = ORIENTED_EDGE('',*,*,#11792,.T.);
#11808 = ORIENTED_EDGE('',*,*,#11809,.T.);
#11809 = EDGE_CURVE('',#11785,#11810,#11812,.T.);
#11810 = VERTEX_POINT('',#11811);
#11811 = CARTESIAN_POINT('',(4.440892098501E-16,82.865565114351,0.));
#11812 = LINE('',#11813,#11814);
#11813 = CARTESIAN_POINT('',(0.,3.828427124746,0.));
#11814 = VECTOR('',#11815,1.);
#11815 = DIRECTION('',(0.,1.,0.));
#11816 = ORIENTED_EDGE('',*,*,#11817,.T.);
#11817 = EDGE_CURVE('',#11810,#11818,#11820,.T.);
#11818 = VERTEX_POINT('',#11819);
#11819 = CARTESIAN_POINT('',(0.397242322053,83.757518089848,0.));
#11820 = CIRCLE('',#11821,1.2);
#11821 = AXIS2_PLACEMENT_3D('',#11822,#11823,#11824);
#11822 = CARTESIAN_POINT('',(1.2,82.865565114351,0.));
#11823 = DIRECTION('',(0.,0.,-1.));
#11824 = DIRECTION('',(-1.,0.,0.));
#11825 = ORIENTED_EDGE('',*,*,#11826,.T.);
#11826 = EDGE_CURVE('',#11818,#11827,#11829,.T.);
#11827 = VERTEX_POINT('',#11828);
#11828 = CARTESIAN_POINT('',(23.62920265569,104.66628239012,0.));
#11829 = LINE('',#11830,#11831);
#11830 = CARTESIAN_POINT('',(0.397242322053,83.757518089848,0.));
#11831 = VECTOR('',#11832,1.);
#11832 = DIRECTION('',(0.743294146247,0.668964731622,0.));
#11833 = ORIENTED_EDGE('',*,*,#11834,.T.);
#11834 = EDGE_CURVE('',#11827,#11835,#11837,.T.);
#11835 = VERTEX_POINT('',#11836);
#11836 = CARTESIAN_POINT('',(24.4988568068,105.,0.));
#11837 = CIRCLE('',#11838,1.3);
#11838 = AXIS2_PLACEMENT_3D('',#11839,#11840,#11841);
#11839 = CARTESIAN_POINT('',(24.4988568068,103.7,0.));
#11840 = DIRECTION('',(0.,0.,-1.));
#11841 = DIRECTION('',(-0.668964731622,0.743294146247,0.));
#11842 = ORIENTED_EDGE('',*,*,#11843,.T.);
#11843 = EDGE_CURVE('',#11835,#11844,#11846,.T.);
#11844 = VERTEX_POINT('',#11845);
#11845 = CARTESIAN_POINT('',(25.68,105.,0.));
#11846 = LINE('',#11847,#11848);
#11847 = CARTESIAN_POINT('',(24.4988568068,105.,0.));
#11848 = VECTOR('',#11849,1.);
#11849 = DIRECTION('',(1.,0.,0.));
#11850 = ORIENTED_EDGE('',*,*,#11851,.T.);
#11851 = EDGE_CURVE('',#11844,#11852,#11854,.T.);
#11852 = VERTEX_POINT('',#11853);
#11853 = CARTESIAN_POINT('',(27.,103.68,0.));
#11854 = CIRCLE('',#11855,1.32);
#11855 = AXIS2_PLACEMENT_3D('',#11856,#11857,#11858);
#11856 = CARTESIAN_POINT('',(25.68,103.68,0.));
#11857 = DIRECTION('',(0.,0.,-1.));
#11858 = DIRECTION('',(-8.074349270001E-15,1.,0.));
#11859 = ORIENTED_EDGE('',*,*,#11860,.T.);
#11860 = EDGE_CURVE('',#11852,#11861,#11863,.T.);
#11861 = VERTEX_POINT('',#11862);
#11862 = CARTESIAN_POINT('',(27.,29.,0.));
#11863 = LINE('',#11864,#11865);
#11864 = CARTESIAN_POINT('',(27.,103.68,0.));
#11865 = VECTOR('',#11866,1.);
#11866 = DIRECTION('',(0.,-1.,0.));
#11867 = ORIENTED_EDGE('',*,*,#11868,.T.);
#11868 = EDGE_CURVE('',#11861,#11869,#11871,.T.);
#11869 = VERTEX_POINT('',#11870);
#11870 = CARTESIAN_POINT('',(29.,27.,0.));
#11871 = CIRCLE('',#11872,2.);
#11872 = AXIS2_PLACEMENT_3D('',#11873,#11874,#11875);
#11873 = CARTESIAN_POINT('',(29.,29.,0.));
#11874 = DIRECTION('',(0.,0.,1.));
#11875 = DIRECTION('',(-1.,0.,0.));
#11876 = ORIENTED_EDGE('',*,*,#11877,.T.);
#11877 = EDGE_CURVE('',#11869,#11878,#11880,.T.);
#11878 = VERTEX_POINT('',#11879);
#11879 = CARTESIAN_POINT('',(103.68,27.,0.));
#11880 = LINE('',#11881,#11882);
#11881 = CARTESIAN_POINT('',(29.,27.,0.));
#11882 = VECTOR('',#11883,1.);
#11883 = DIRECTION('',(1.,0.,0.));
#11884 = ORIENTED_EDGE('',*,*,#11885,.T.);
#11885 = EDGE_CURVE('',#11878,#11886,#11888,.T.);
#11886 = VERTEX_POINT('',#11887);
#11887 = CARTESIAN_POINT('',(105.,25.68,0.));
#11888 = CIRCLE('',#11889,1.32);
#11889 = AXIS2_PLACEMENT_3D('',#11890,#11891,#11892);
#11890 = CARTESIAN_POINT('',(103.68,25.68,0.));
#11891 = DIRECTION('',(0.,0.,-1.));
#11892 = DIRECTION('',(0.,1.,0.));
#11893 = ORIENTED_EDGE('',*,*,#11894,.T.);
#11894 = EDGE_CURVE('',#11886,#11895,#11897,.T.);
#11895 = VERTEX_POINT('',#11896);
#11896 = CARTESIAN_POINT('',(105.,24.460483206276,0.));
#11897 = LINE('',#11898,#11899);
#11898 = CARTESIAN_POINT('',(105.,25.68,0.));
#11899 = VECTOR('',#11900,1.);
#11900 = DIRECTION('',(0.,-1.,0.));
#11901 = ORIENTED_EDGE('',*,*,#11902,.T.);
#11902 = EDGE_CURVE('',#11895,#11903,#11905,.T.);
#11903 = VERTEX_POINT('',#11904);
#11904 = CARTESIAN_POINT('',(104.69195297549,23.65772552833,0.));
#11905 = CIRCLE('',#11906,1.2);
#11906 = AXIS2_PLACEMENT_3D('',#11907,#11908,#11909);
#11907 = CARTESIAN_POINT('',(103.8,24.460483206276,0.));
#11908 = DIRECTION('',(0.,0.,-1.));
#11909 = DIRECTION('',(1.,2.368475785867E-14,0.));
#11910 = ORIENTED_EDGE('',*,*,#11911,.T.);
#11911 = EDGE_CURVE('',#11903,#11912,#11914,.T.);
#11912 = VERTEX_POINT('',#11913);
#11913 = CARTESIAN_POINT('',(83.757518089848,0.397242322053,0.));
#11914 = LINE('',#11915,#11916);
#11915 = CARTESIAN_POINT('',(104.69195297549,23.65772552833,0.));
#11916 = VECTOR('',#11917,1.);
#11917 = DIRECTION('',(-0.668964731622,-0.743294146247,0.));
#11918 = ORIENTED_EDGE('',*,*,#11919,.T.);
#11919 = EDGE_CURVE('',#11912,#11920,#11922,.T.);
#11920 = VERTEX_POINT('',#11921);
#11921 = CARTESIAN_POINT('',(82.865565114351,1.332267630204E-15,0.));
#11922 = CIRCLE('',#11923,1.2);
#11923 = AXIS2_PLACEMENT_3D('',#11924,#11925,#11926);
#11924 = CARTESIAN_POINT('',(82.865565114351,1.2,0.));
#11925 = DIRECTION('',(0.,0.,-1.));
#11926 = DIRECTION('',(0.743294146247,-0.668964731622,0.));
#11927 = ORIENTED_EDGE('',*,*,#11928,.T.);
#11928 = EDGE_CURVE('',#11920,#11742,#11929,.T.);
#11929 = LINE('',#11930,#11931);
#11930 = CARTESIAN_POINT('',(82.865565114351,0.,0.));
#11931 = VECTOR('',#11932,1.);
#11932 = DIRECTION('',(-1.,0.,0.));
#11933 = ORIENTED_EDGE('',*,*,#11759,.T.);
#11934 = FACE_BOUND('',#11935,.T.);
#11935 = EDGE_LOOP('',(#11936));
#11936 = ORIENTED_EDGE('',*,*,#11937,.T.);
#11937 = EDGE_CURVE('',#11938,#11938,#11940,.T.);
#11938 = VERTEX_POINT('',#11939);
#11939 = CARTESIAN_POINT('',(89.,10.,0.));
#11940 = CIRCLE('',#11941,3.);
#11941 = AXIS2_PLACEMENT_3D('',#11942,#11943,#11944);
#11942 = CARTESIAN_POINT('',(86.,10.,0.));
#11943 = DIRECTION('',(0.,0.,1.));
#11944 = DIRECTION('',(1.,0.,-0.));
#11945 = FACE_BOUND('',#11946,.T.);
#11946 = EDGE_LOOP('',(#11947));
#11947 = ORIENTED_EDGE('',*,*,#11948,.T.);
#11948 = EDGE_CURVE('',#11949,#11949,#11951,.T.);
#11949 = VERTEX_POINT('',#11950);
#11950 = CARTESIAN_POINT('',(52.,10.,0.));
#11951 = CIRCLE('',#11952,3.);
#11952 = AXIS2_PLACEMENT_3D('',#11953,#11954,#11955);
#11953 = CARTESIAN_POINT('',(49.,10.,0.));
#11954 = DIRECTION('',(0.,0.,1.));
#11955 = DIRECTION('',(1.,0.,-0.));
#11956 = FACE_BOUND('',#11957,.T.);
#11957 = EDGE_LOOP('',(#11958));
#11958 = ORIENTED_EDGE('',*,*,#11959,.T.);
#11959 = EDGE_CURVE('',#11960,#11960,#11962,.T.);
#11960 = VERTEX_POINT('',#11961);
#11961 = CARTESIAN_POINT('',(33.,10.,0.));
#11962 = CIRCLE('',#11963,3.);
#11963 = AXIS2_PLACEMENT_3D('',#11964,#11965,#11966);
#11964 = CARTESIAN_POINT('',(30.,10.,0.));
#11965 = DIRECTION('',(0.,0.,1.));
#11966 = DIRECTION('',(1.,0.,-0.));
#11967 = FACE_BOUND('',#11968,.T.);
#11968 = EDGE_LOOP('',(#11969));
#11969 = ORIENTED_EDGE('',*,*,#11970,.T.);
#11970 = EDGE_CURVE('',#11971,#11971,#11973,.T.);
#11971 = VERTEX_POINT('',#11972);
#11972 = CARTESIAN_POINT('',(18.5,13.,0.));
#11973 = CIRCLE('',#11974,5.5);
#11974 = AXIS2_PLACEMENT_3D('',#11975,#11976,#11977);
#11975 = CARTESIAN_POINT('',(13.,13.,0.));
#11976 = DIRECTION('',(0.,0.,1.));
#11977 = DIRECTION('',(1.,0.,-0.));
#11978 = FACE_BOUND('',#11979,.T.);
#11979 = EDGE_LOOP('',(#11980));
#11980 = ORIENTED_EDGE('',*,*,#11981,.T.);
#11981 = EDGE_CURVE('',#11982,#11982,#11984,.T.);
#11982 = VERTEX_POINT('',#11983);
#11983 = CARTESIAN_POINT('',(13.,30.,0.));
#11984 = CIRCLE('',#11985,3.);
#11985 = AXIS2_PLACEMENT_3D('',#11986,#11987,#11988);
#11986 = CARTESIAN_POINT('',(10.,30.,0.));
#11987 = DIRECTION('',(0.,0.,1.));
#11988 = DIRECTION('',(1.,0.,-0.));
#11989 = FACE_BOUND('',#11990,.T.);
#11990 = EDGE_LOOP('',(#11991));
#11991 = ORIENTED_EDGE('',*,*,#11992,.T.);
#11992 = EDGE_CURVE('',#11993,#11993,#11995,.T.);
#11993 = VERTEX_POINT('',#11994);
#11994 = CARTESIAN_POINT('',(13.,49.,0.));
#11995 = CIRCLE('',#11996,3.);
#11996 = AXIS2_PLACEMENT_3D('',#11997,#11998,#11999);
#11997 = CARTESIAN_POINT('',(10.,49.,0.));
#11998 = DIRECTION('',(0.,0.,1.));
#11999 = DIRECTION('',(1.,0.,-0.));
#12000 = FACE_BOUND('',#12001,.T.);
#12001 = EDGE_LOOP('',(#12002));
#12002 = ORIENTED_EDGE('',*,*,#12003,.T.);
#12003 = EDGE_CURVE('',#12004,#12004,#12006,.T.);
#12004 = VERTEX_POINT('',#12005);
#12005 = CARTESIAN_POINT('',(13.,86.,0.));
#12006 = CIRCLE('',#12007,3.);
#12007 = AXIS2_PLACEMENT_3D('',#12008,#12009,#12010);
#12008 = CARTESIAN_POINT('',(10.,86.,0.));
#12009 = DIRECTION('',(0.,0.,1.));
#12010 = DIRECTION('',(1.,0.,-0.));
#12011 = PLANE('',#12012);
#12012 = AXIS2_PLACEMENT_3D('',#12013,#12014,#12015);
#12013 = CARTESIAN_POINT('',(37.109446800804,37.108671730138,0.));
#12014 = DIRECTION('',(-0.,-0.,-1.));
#12015 = DIRECTION('',(-1.,0.,0.));
#12016 = ADVANCED_FACE('',(#12017,#12328,#12339,#12350,#12361,#12372,
    #12383,#12394),#12405,.F.);
#12017 = FACE_BOUND('',#12018,.F.);
#12018 = EDGE_LOOP('',(#12019,#12030,#12038,#12046,#12054,#12062,#12068,
    #12069,#12070,#12071,#12079,#12087,#12095,#12103,#12111,#12120,
    #12128,#12137,#12145,#12154,#12162,#12171,#12179,#12188,#12196,
    #12204,#12212,#12221,#12229,#12238,#12246,#12254,#12262,#12271,
    #12279,#12288,#12296,#12305,#12313,#12322));
#12019 = ORIENTED_EDGE('',*,*,#12020,.T.);
#12020 = EDGE_CURVE('',#12021,#12023,#12025,.T.);
#12021 = VERTEX_POINT('',#12022);
#12022 = CARTESIAN_POINT('',(83.757518089848,0.397242322053,2.5));
#12023 = VERTEX_POINT('',#12024);
#12024 = CARTESIAN_POINT('',(82.865565114351,1.332267630204E-15,2.5));
#12025 = CIRCLE('',#12026,1.2);
#12026 = AXIS2_PLACEMENT_3D('',#12027,#12028,#12029);
#12027 = CARTESIAN_POINT('',(82.865565114351,1.2,2.5));
#12028 = DIRECTION('',(0.,0.,-1.));
#12029 = DIRECTION('',(0.743294146247,-0.668964731622,0.));
#12030 = ORIENTED_EDGE('',*,*,#12031,.T.);
#12031 = EDGE_CURVE('',#12023,#12032,#12034,.T.);
#12032 = VERTEX_POINT('',#12033);
#12033 = CARTESIAN_POINT('',(36.225,0.,2.5));
#12034 = LINE('',#12035,#12036);
#12035 = CARTESIAN_POINT('',(82.865565114351,0.,2.5));
#12036 = VECTOR('',#12037,1.);
#12037 = DIRECTION('',(-1.,0.,0.));
#12038 = ORIENTED_EDGE('',*,*,#12039,.F.);
#12039 = EDGE_CURVE('',#12040,#12032,#12042,.T.);
#12040 = VERTEX_POINT('',#12041);
#12041 = CARTESIAN_POINT('',(36.225,23.,2.5));
#12042 = LINE('',#12043,#12044);
#12043 = CARTESIAN_POINT('',(36.225,30.054335865069,2.5));
#12044 = VECTOR('',#12045,1.);
#12045 = DIRECTION('',(0.,-1.,0.));
#12046 = ORIENTED_EDGE('',*,*,#12047,.F.);
#12047 = EDGE_CURVE('',#12048,#12040,#12050,.T.);
#12048 = VERTEX_POINT('',#12049);
#12049 = CARTESIAN_POINT('',(35.775,23.,2.5));
#12050 = LINE('',#12051,#12052);
#12051 = CARTESIAN_POINT('',(36.442223400402,23.,2.5));
#12052 = VECTOR('',#12053,1.);
#12053 = DIRECTION('',(1.,0.,0.));
#12054 = ORIENTED_EDGE('',*,*,#12055,.F.);
#12055 = EDGE_CURVE('',#12056,#12048,#12058,.T.);
#12056 = VERTEX_POINT('',#12057);
#12057 = CARTESIAN_POINT('',(35.775,0.,2.5));
#12058 = LINE('',#12059,#12060);
#12059 = CARTESIAN_POINT('',(35.775,18.554335865069,2.5));
#12060 = VECTOR('',#12061,1.);
#12061 = DIRECTION('',(0.,1.,-0.));
#12062 = ORIENTED_EDGE('',*,*,#12063,.T.);
#12063 = EDGE_CURVE('',#12056,#11744,#12064,.T.);
#12064 = LINE('',#12065,#12066);
#12065 = CARTESIAN_POINT('',(82.865565114351,0.,2.5));
#12066 = VECTOR('',#12067,1.);
#12067 = DIRECTION('',(-1.,0.,0.));
#12068 = ORIENTED_EDGE('',*,*,#11751,.T.);
#12069 = ORIENTED_EDGE('',*,*,#11711,.T.);
#12070 = ORIENTED_EDGE('',*,*,#11775,.T.);
#12071 = ORIENTED_EDGE('',*,*,#12072,.T.);
#12072 = EDGE_CURVE('',#11776,#12073,#12075,.T.);
#12073 = VERTEX_POINT('',#12074);
#12074 = CARTESIAN_POINT('',(0.,35.775,2.5));
#12075 = LINE('',#12076,#12077);
#12076 = CARTESIAN_POINT('',(0.,3.828427124746,2.5));
#12077 = VECTOR('',#12078,1.);
#12078 = DIRECTION('',(0.,1.,0.));
#12079 = ORIENTED_EDGE('',*,*,#12080,.F.);
#12080 = EDGE_CURVE('',#12081,#12073,#12083,.T.);
#12081 = VERTEX_POINT('',#12082);
#12082 = CARTESIAN_POINT('',(23.,35.775,2.5));
#12083 = LINE('',#12084,#12085);
#12084 = CARTESIAN_POINT('',(30.054723400402,35.775,2.5));
#12085 = VECTOR('',#12086,1.);
#12086 = DIRECTION('',(-1.,0.,0.));
#12087 = ORIENTED_EDGE('',*,*,#12088,.F.);
#12088 = EDGE_CURVE('',#12089,#12081,#12091,.T.);
#12089 = VERTEX_POINT('',#12090);
#12090 = CARTESIAN_POINT('',(23.,36.225,2.5));
#12091 = LINE('',#12092,#12093);
#12092 = CARTESIAN_POINT('',(23.,36.666835865069,2.5));
#12093 = VECTOR('',#12094,1.);
#12094 = DIRECTION('',(0.,-1.,0.));
#12095 = ORIENTED_EDGE('',*,*,#12096,.F.);
#12096 = EDGE_CURVE('',#12097,#12089,#12099,.T.);
#12097 = VERTEX_POINT('',#12098);
#12098 = CARTESIAN_POINT('',(0.,36.225,2.5));
#12099 = LINE('',#12100,#12101);
#12100 = CARTESIAN_POINT('',(18.554723400402,36.225,2.5));
#12101 = VECTOR('',#12102,1.);
#12102 = DIRECTION('',(1.,0.,0.));
#12103 = ORIENTED_EDGE('',*,*,#12104,.T.);
#12104 = EDGE_CURVE('',#12097,#12105,#12107,.T.);
#12105 = VERTEX_POINT('',#12106);
#12106 = CARTESIAN_POINT('',(4.440892098501E-16,82.865565114351,2.5));
#12107 = LINE('',#12108,#12109);
#12108 = CARTESIAN_POINT('',(0.,3.828427124746,2.5));
#12109 = VECTOR('',#12110,1.);
#12110 = DIRECTION('',(0.,1.,0.));
#12111 = ORIENTED_EDGE('',*,*,#12112,.T.);
#12112 = EDGE_CURVE('',#12105,#12113,#12115,.T.);
#12113 = VERTEX_POINT('',#12114);
#12114 = CARTESIAN_POINT('',(0.397242322053,83.757518089848,2.5));
#12115 = CIRCLE('',#12116,1.2);
#12116 = AXIS2_PLACEMENT_3D('',#12117,#12118,#12119);
#12117 = CARTESIAN_POINT('',(1.2,82.865565114351,2.5));
#12118 = DIRECTION('',(0.,0.,-1.));
#12119 = DIRECTION('',(-1.,0.,0.));
#12120 = ORIENTED_EDGE('',*,*,#12121,.T.);
#12121 = EDGE_CURVE('',#12113,#12122,#12124,.T.);
#12122 = VERTEX_POINT('',#12123);
#12123 = CARTESIAN_POINT('',(23.62920265569,104.66628239012,2.5));
#12124 = LINE('',#12125,#12126);
#12125 = CARTESIAN_POINT('',(0.397242322053,83.757518089848,2.5));
#12126 = VECTOR('',#12127,1.);
#12127 = DIRECTION('',(0.743294146247,0.668964731622,0.));
#12128 = ORIENTED_EDGE('',*,*,#12129,.T.);
#12129 = EDGE_CURVE('',#12122,#12130,#12132,.T.);
#12130 = VERTEX_POINT('',#12131);
#12131 = CARTESIAN_POINT('',(24.4988568068,105.,2.5));
#12132 = CIRCLE('',#12133,1.3);
#12133 = AXIS2_PLACEMENT_3D('',#12134,#12135,#12136);
#12134 = CARTESIAN_POINT('',(24.4988568068,103.7,2.5));
#12135 = DIRECTION('',(0.,0.,-1.));
#12136 = DIRECTION('',(-0.668964731622,0.743294146247,0.));
#12137 = ORIENTED_EDGE('',*,*,#12138,.T.);
#12138 = EDGE_CURVE('',#12130,#12139,#12141,.T.);
#12139 = VERTEX_POINT('',#12140);
#12140 = CARTESIAN_POINT('',(25.68,105.,2.5));
#12141 = LINE('',#12142,#12143);
#12142 = CARTESIAN_POINT('',(24.4988568068,105.,2.5));
#12143 = VECTOR('',#12144,1.);
#12144 = DIRECTION('',(1.,0.,0.));
#12145 = ORIENTED_EDGE('',*,*,#12146,.T.);
#12146 = EDGE_CURVE('',#12139,#12147,#12149,.T.);
#12147 = VERTEX_POINT('',#12148);
#12148 = CARTESIAN_POINT('',(27.,103.68,2.5));
#12149 = CIRCLE('',#12150,1.32);
#12150 = AXIS2_PLACEMENT_3D('',#12151,#12152,#12153);
#12151 = CARTESIAN_POINT('',(25.68,103.68,2.5));
#12152 = DIRECTION('',(0.,0.,-1.));
#12153 = DIRECTION('',(-8.074349270001E-15,1.,0.));
#12154 = ORIENTED_EDGE('',*,*,#12155,.T.);
#12155 = EDGE_CURVE('',#12147,#12156,#12158,.T.);
#12156 = VERTEX_POINT('',#12157);
#12157 = CARTESIAN_POINT('',(27.,29.,2.5));
#12158 = LINE('',#12159,#12160);
#12159 = CARTESIAN_POINT('',(27.,103.68,2.5));
#12160 = VECTOR('',#12161,1.);
#12161 = DIRECTION('',(0.,-1.,0.));
#12162 = ORIENTED_EDGE('',*,*,#12163,.T.);
#12163 = EDGE_CURVE('',#12156,#12164,#12166,.T.);
#12164 = VERTEX_POINT('',#12165);
#12165 = CARTESIAN_POINT('',(27.032638694987,28.640153511148,2.5));
#12166 = CIRCLE('',#12167,2.);
#12167 = AXIS2_PLACEMENT_3D('',#12168,#12169,#12170);
#12168 = CARTESIAN_POINT('',(29.,29.,2.5));
#12169 = DIRECTION('',(0.,0.,1.));
#12170 = DIRECTION('',(-1.,0.,0.));
#12171 = ORIENTED_EDGE('',*,*,#12172,.F.);
#12172 = EDGE_CURVE('',#12173,#12164,#12175,.T.);
#12173 = VERTEX_POINT('',#12174);
#12174 = CARTESIAN_POINT('',(26.563603896932,29.109188309204,2.5));
#12175 = LINE('',#12176,#12177);
#12176 = CARTESIAN_POINT('',(27.200193767666,28.472598438469,2.5));
#12177 = VECTOR('',#12178,1.);
#12178 = DIRECTION('',(0.707106781187,-0.707106781187,0.));
#12179 = ORIENTED_EDGE('',*,*,#12180,.T.);
#12180 = EDGE_CURVE('',#12173,#12181,#12183,.T.);
#12181 = VERTEX_POINT('',#12182);
#12182 = CARTESIAN_POINT('',(26.3,29.745584412272,2.5));
#12183 = CIRCLE('',#12184,0.9);
#12184 = AXIS2_PLACEMENT_3D('',#12185,#12186,#12187);
#12185 = CARTESIAN_POINT('',(27.2,29.745584412272,2.5));
#12186 = DIRECTION('',(-0.,0.,-1.));
#12187 = DIRECTION('',(-1.,1.578983857245E-14,0.));
#12188 = ORIENTED_EDGE('',*,*,#12189,.F.);
#12189 = EDGE_CURVE('',#12190,#12181,#12192,.T.);
#12190 = VERTEX_POINT('',#12191);
#12191 = CARTESIAN_POINT('',(26.3,40.,2.5));
#12192 = LINE('',#12193,#12194);
#12193 = CARTESIAN_POINT('',(26.3,38.554335865069,2.5));
#12194 = VECTOR('',#12195,1.);
#12195 = DIRECTION('',(0.,-1.,0.));
#12196 = ORIENTED_EDGE('',*,*,#12197,.F.);
#12197 = EDGE_CURVE('',#12198,#12190,#12200,.T.);
#12198 = VERTEX_POINT('',#12199);
#12199 = CARTESIAN_POINT('',(24.5,40.,2.5));
#12200 = LINE('',#12201,#12202);
#12201 = CARTESIAN_POINT('',(30.804723400402,40.,2.5));
#12202 = VECTOR('',#12203,1.);
#12203 = DIRECTION('',(1.,0.,0.));
#12204 = ORIENTED_EDGE('',*,*,#12205,.F.);
#12205 = EDGE_CURVE('',#12206,#12198,#12208,.T.);
#12206 = VERTEX_POINT('',#12207);
#12207 = CARTESIAN_POINT('',(24.5,29.745584412272,2.5));
#12208 = LINE('',#12209,#12210);
#12209 = CARTESIAN_POINT('',(24.5,33.427128071205,2.5));
#12210 = VECTOR('',#12211,1.);
#12211 = DIRECTION('',(0.,1.,-0.));
#12212 = ORIENTED_EDGE('',*,*,#12213,.F.);
#12213 = EDGE_CURVE('',#12214,#12206,#12216,.T.);
#12214 = VERTEX_POINT('',#12215);
#12215 = CARTESIAN_POINT('',(25.290811690796,27.836396103068,2.5));
#12216 = CIRCLE('',#12217,2.7);
#12217 = AXIS2_PLACEMENT_3D('',#12218,#12219,#12220);
#12218 = CARTESIAN_POINT('',(27.2,29.745584412272,2.5));
#12219 = DIRECTION('',(0.,0.,-1.));
#12220 = DIRECTION('',(-0.707106781187,-0.707106781187,-0.));
#12221 = ORIENTED_EDGE('',*,*,#12222,.F.);
#12222 = EDGE_CURVE('',#12223,#12214,#12225,.T.);
#12223 = VERTEX_POINT('',#12224);
#12224 = CARTESIAN_POINT('',(27.836396103068,25.290811690796,2.5));
#12225 = LINE('',#12226,#12227);
#12226 = CARTESIAN_POINT('',(27.200193767666,25.927014026198,2.5));
#12227 = VECTOR('',#12228,1.);
#12228 = DIRECTION('',(-0.707106781187,0.707106781187,0.));
#12229 = ORIENTED_EDGE('',*,*,#12230,.F.);
#12230 = EDGE_CURVE('',#12231,#12223,#12233,.T.);
#12231 = VERTEX_POINT('',#12232);
#12232 = CARTESIAN_POINT('',(29.745584412272,24.5,2.5));
#12233 = CIRCLE('',#12234,2.7);
#12234 = AXIS2_PLACEMENT_3D('',#12235,#12236,#12237);
#12235 = CARTESIAN_POINT('',(29.745584412272,27.2,2.5));
#12236 = DIRECTION('',(0.,0.,-1.));
#12237 = DIRECTION('',(2.631639762074E-15,-1.,0.));
#12238 = ORIENTED_EDGE('',*,*,#12239,.F.);
#12239 = EDGE_CURVE('',#12240,#12231,#12242,.T.);
#12240 = VERTEX_POINT('',#12241);
#12241 = CARTESIAN_POINT('',(40.,24.5,2.5));
#12242 = LINE('',#12243,#12244);
#12243 = CARTESIAN_POINT('',(38.554723400402,24.5,2.5));
#12244 = VECTOR('',#12245,1.);
#12245 = DIRECTION('',(-1.,0.,0.));
#12246 = ORIENTED_EDGE('',*,*,#12247,.F.);
#12247 = EDGE_CURVE('',#12248,#12240,#12250,.T.);
#12248 = VERTEX_POINT('',#12249);
#12249 = CARTESIAN_POINT('',(40.,26.3,2.5));
#12250 = LINE('',#12251,#12252);
#12251 = CARTESIAN_POINT('',(40.,31.704335865069,2.5));
#12252 = VECTOR('',#12253,1.);
#12253 = DIRECTION('',(0.,-1.,0.));
#12254 = ORIENTED_EDGE('',*,*,#12255,.F.);
#12255 = EDGE_CURVE('',#12256,#12248,#12258,.T.);
#12256 = VERTEX_POINT('',#12257);
#12257 = CARTESIAN_POINT('',(29.745584412272,26.3,2.5));
#12258 = LINE('',#12259,#12260);
#12259 = CARTESIAN_POINT('',(33.427515606538,26.3,2.5));
#12260 = VECTOR('',#12261,1.);
#12261 = DIRECTION('',(1.,0.,0.));
#12262 = ORIENTED_EDGE('',*,*,#12263,.T.);
#12263 = EDGE_CURVE('',#12256,#12264,#12266,.T.);
#12264 = VERTEX_POINT('',#12265);
#12265 = CARTESIAN_POINT('',(29.109188309204,26.563603896932,2.5));
#12266 = CIRCLE('',#12267,0.9);
#12267 = AXIS2_PLACEMENT_3D('',#12268,#12269,#12270);
#12268 = CARTESIAN_POINT('',(29.745584412272,27.2,2.5));
#12269 = DIRECTION('',(-0.,0.,-1.));
#12270 = DIRECTION('',(-0.707106781187,-0.707106781187,0.));
#12271 = ORIENTED_EDGE('',*,*,#12272,.F.);
#12272 = EDGE_CURVE('',#12273,#12264,#12275,.T.);
#12273 = VERTEX_POINT('',#12274);
#12274 = CARTESIAN_POINT('',(28.640153511148,27.032638694987,2.5));
#12275 = LINE('',#12276,#12277);
#12276 = CARTESIAN_POINT('',(27.200193767666,28.472598438469,2.5));
#12277 = VECTOR('',#12278,1.);
#12278 = DIRECTION('',(0.707106781187,-0.707106781187,0.));
#12279 = ORIENTED_EDGE('',*,*,#12280,.T.);
#12280 = EDGE_CURVE('',#12273,#12281,#12283,.T.);
#12281 = VERTEX_POINT('',#12282);
#12282 = CARTESIAN_POINT('',(29.,27.,2.5));
#12283 = CIRCLE('',#12284,2.);
#12284 = AXIS2_PLACEMENT_3D('',#12285,#12286,#12287);
#12285 = CARTESIAN_POINT('',(29.,29.,2.5));
#12286 = DIRECTION('',(0.,0.,1.));
#12287 = DIRECTION('',(-1.,0.,0.));
#12288 = ORIENTED_EDGE('',*,*,#12289,.T.);
#12289 = EDGE_CURVE('',#12281,#12290,#12292,.T.);
#12290 = VERTEX_POINT('',#12291);
#12291 = CARTESIAN_POINT('',(103.68,27.,2.5));
#12292 = LINE('',#12293,#12294);
#12293 = CARTESIAN_POINT('',(29.,27.,2.5));
#12294 = VECTOR('',#12295,1.);
#12295 = DIRECTION('',(1.,0.,0.));
#12296 = ORIENTED_EDGE('',*,*,#12297,.T.);
#12297 = EDGE_CURVE('',#12290,#12298,#12300,.T.);
#12298 = VERTEX_POINT('',#12299);
#12299 = CARTESIAN_POINT('',(105.,25.68,2.5));
#12300 = CIRCLE('',#12301,1.32);
#12301 = AXIS2_PLACEMENT_3D('',#12302,#12303,#12304);
#12302 = CARTESIAN_POINT('',(103.68,25.68,2.5));
#12303 = DIRECTION('',(0.,0.,-1.));
#12304 = DIRECTION('',(0.,1.,0.));
#12305 = ORIENTED_EDGE('',*,*,#12306,.T.);
#12306 = EDGE_CURVE('',#12298,#12307,#12309,.T.);
#12307 = VERTEX_POINT('',#12308);
#12308 = CARTESIAN_POINT('',(105.,24.460483206276,2.5));
#12309 = LINE('',#12310,#12311);
#12310 = CARTESIAN_POINT('',(105.,25.68,2.5));
#12311 = VECTOR('',#12312,1.);
#12312 = DIRECTION('',(0.,-1.,0.));
#12313 = ORIENTED_EDGE('',*,*,#12314,.T.);
#12314 = EDGE_CURVE('',#12307,#12315,#12317,.T.);
#12315 = VERTEX_POINT('',#12316);
#12316 = CARTESIAN_POINT('',(104.69195297549,23.65772552833,2.5));
#12317 = CIRCLE('',#12318,1.2);
#12318 = AXIS2_PLACEMENT_3D('',#12319,#12320,#12321);
#12319 = CARTESIAN_POINT('',(103.8,24.460483206276,2.5));
#12320 = DIRECTION('',(0.,0.,-1.));
#12321 = DIRECTION('',(1.,2.368475785867E-14,0.));
#12322 = ORIENTED_EDGE('',*,*,#12323,.T.);
#12323 = EDGE_CURVE('',#12315,#12021,#12324,.T.);
#12324 = LINE('',#12325,#12326);
#12325 = CARTESIAN_POINT('',(104.69195297549,23.65772552833,2.5));
#12326 = VECTOR('',#12327,1.);
#12327 = DIRECTION('',(-0.668964731622,-0.743294146247,0.));
#12328 = FACE_BOUND('',#12329,.F.);
#12329 = EDGE_LOOP('',(#12330));
#12330 = ORIENTED_EDGE('',*,*,#12331,.T.);
#12331 = EDGE_CURVE('',#12332,#12332,#12334,.T.);
#12332 = VERTEX_POINT('',#12333);
#12333 = CARTESIAN_POINT('',(89.,10.,2.5));
#12334 = CIRCLE('',#12335,3.);
#12335 = AXIS2_PLACEMENT_3D('',#12336,#12337,#12338);
#12336 = CARTESIAN_POINT('',(86.,10.,2.5));
#12337 = DIRECTION('',(0.,0.,1.));
#12338 = DIRECTION('',(1.,0.,-0.));
#12339 = FACE_BOUND('',#12340,.F.);
#12340 = EDGE_LOOP('',(#12341));
#12341 = ORIENTED_EDGE('',*,*,#12342,.T.);
#12342 = EDGE_CURVE('',#12343,#12343,#12345,.T.);
#12343 = VERTEX_POINT('',#12344);
#12344 = CARTESIAN_POINT('',(52.,10.,2.5));
#12345 = CIRCLE('',#12346,3.);
#12346 = AXIS2_PLACEMENT_3D('',#12347,#12348,#12349);
#12347 = CARTESIAN_POINT('',(49.,10.,2.5));
#12348 = DIRECTION('',(0.,0.,1.));
#12349 = DIRECTION('',(1.,0.,-0.));
#12350 = FACE_BOUND('',#12351,.F.);
#12351 = EDGE_LOOP('',(#12352));
#12352 = ORIENTED_EDGE('',*,*,#12353,.T.);
#12353 = EDGE_CURVE('',#12354,#12354,#12356,.T.);
#12354 = VERTEX_POINT('',#12355);
#12355 = CARTESIAN_POINT('',(33.,10.,2.5));
#12356 = CIRCLE('',#12357,3.);
#12357 = AXIS2_PLACEMENT_3D('',#12358,#12359,#12360);
#12358 = CARTESIAN_POINT('',(30.,10.,2.5));
#12359 = DIRECTION('',(0.,0.,1.));
#12360 = DIRECTION('',(1.,0.,-0.));
#12361 = FACE_BOUND('',#12362,.F.);
#12362 = EDGE_LOOP('',(#12363));
#12363 = ORIENTED_EDGE('',*,*,#12364,.T.);
#12364 = EDGE_CURVE('',#12365,#12365,#12367,.T.);
#12365 = VERTEX_POINT('',#12366);
#12366 = CARTESIAN_POINT('',(18.5,13.,2.5));
#12367 = CIRCLE('',#12368,5.5);
#12368 = AXIS2_PLACEMENT_3D('',#12369,#12370,#12371);
#12369 = CARTESIAN_POINT('',(13.,13.,2.5));
#12370 = DIRECTION('',(0.,0.,1.));
#12371 = DIRECTION('',(1.,0.,-0.));
#12372 = FACE_BOUND('',#12373,.F.);
#12373 = EDGE_LOOP('',(#12374));
#12374 = ORIENTED_EDGE('',*,*,#12375,.T.);
#12375 = EDGE_CURVE('',#12376,#12376,#12378,.T.);
#12376 = VERTEX_POINT('',#12377);
#12377 = CARTESIAN_POINT('',(13.,30.,2.5));
#12378 = CIRCLE('',#12379,3.);
#12379 = AXIS2_PLACEMENT_3D('',#12380,#12381,#12382);
#12380 = CARTESIAN_POINT('',(10.,30.,2.5));
#12381 = DIRECTION('',(0.,0.,1.));
#12382 = DIRECTION('',(1.,0.,-0.));
#12383 = FACE_BOUND('',#12384,.F.);
#12384 = EDGE_LOOP('',(#12385));
#12385 = ORIENTED_EDGE('',*,*,#12386,.T.);
#12386 = EDGE_CURVE('',#12387,#12387,#12389,.T.);
#12387 = VERTEX_POINT('',#12388);
#12388 = CARTESIAN_POINT('',(13.,49.,2.5));
#12389 = CIRCLE('',#12390,3.);
#12390 = AXIS2_PLACEMENT_3D('',#12391,#12392,#12393);
#12391 = CARTESIAN_POINT('',(10.,49.,2.5));
#12392 = DIRECTION('',(0.,0.,1.));
#12393 = DIRECTION('',(1.,0.,-0.));
#12394 = FACE_BOUND('',#12395,.F.);
#12395 = EDGE_LOOP('',(#12396));
#12396 = ORIENTED_EDGE('',*,*,#12397,.T.);
#12397 = EDGE_CURVE('',#12398,#12398,#12400,.T.);
#12398 = VERTEX_POINT('',#12399);
#12399 = CARTESIAN_POINT('',(13.,86.,2.5));
#12400 = CIRCLE('',#12401,3.);
#12401 = AXIS2_PLACEMENT_3D('',#12402,#12403,#12404);
#12402 = CARTESIAN_POINT('',(10.,86.,2.5));
#12403 = DIRECTION('',(0.,0.,1.));
#12404 = DIRECTION('',(1.,0.,-0.));
#12405 = PLANE('',#12406);
#12406 = AXIS2_PLACEMENT_3D('',#12407,#12408,#12409);
#12407 = CARTESIAN_POINT('',(37.109446800804,37.108671730138,2.5));
#12408 = DIRECTION('',(-0.,-0.,-1.));
#12409 = DIRECTION('',(-1.,0.,0.));
#12410 = ADVANCED_FACE('',(#12411),#12445,.T.);
#12411 = FACE_BOUND('',#12412,.T.);
#12412 = EDGE_LOOP('',(#12413,#12414,#12420,#12421,#12429,#12437,#12443,
    #12444));
#12413 = ORIENTED_EDGE('',*,*,#11928,.F.);
#12414 = ORIENTED_EDGE('',*,*,#12415,.T.);
#12415 = EDGE_CURVE('',#11920,#12023,#12416,.T.);
#12416 = LINE('',#12417,#12418);
#12417 = CARTESIAN_POINT('',(82.865565114351,1.332267630204E-15,0.));
#12418 = VECTOR('',#12419,1.);
#12419 = DIRECTION('',(0.,0.,1.));
#12420 = ORIENTED_EDGE('',*,*,#12031,.T.);
#12421 = ORIENTED_EDGE('',*,*,#12422,.F.);
#12422 = EDGE_CURVE('',#12423,#12032,#12425,.T.);
#12423 = VERTEX_POINT('',#12424);
#12424 = CARTESIAN_POINT('',(36.225,0.,2.28));
#12425 = LINE('',#12426,#12427);
#12426 = CARTESIAN_POINT('',(36.225,0.,2.28));
#12427 = VECTOR('',#12428,1.);
#12428 = DIRECTION('',(0.,0.,1.));
#12429 = ORIENTED_EDGE('',*,*,#12430,.T.);
#12430 = EDGE_CURVE('',#12423,#12431,#12433,.T.);
#12431 = VERTEX_POINT('',#12432);
#12432 = CARTESIAN_POINT('',(35.775,0.,2.28));
#12433 = LINE('',#12434,#12435);
#12434 = CARTESIAN_POINT('',(36.225,0.,2.28));
#12435 = VECTOR('',#12436,1.);
#12436 = DIRECTION('',(-1.,0.,0.));
#12437 = ORIENTED_EDGE('',*,*,#12438,.T.);
#12438 = EDGE_CURVE('',#12431,#12056,#12439,.T.);
#12439 = LINE('',#12440,#12441);
#12440 = CARTESIAN_POINT('',(35.775,0.,2.28));
#12441 = VECTOR('',#12442,1.);
#12442 = DIRECTION('',(0.,0.,1.));
#12443 = ORIENTED_EDGE('',*,*,#12063,.T.);
#12444 = ORIENTED_EDGE('',*,*,#11741,.F.);
#12445 = PLANE('',#12446);
#12446 = AXIS2_PLACEMENT_3D('',#12447,#12448,#12449);
#12447 = CARTESIAN_POINT('',(82.865565114351,0.,0.));
#12448 = DIRECTION('',(0.,-1.,0.));
#12449 = DIRECTION('',(-1.,0.,0.));
#12450 = ADVANCED_FACE('',(#12451),#12485,.T.);
#12451 = FACE_BOUND('',#12452,.T.);
#12452 = EDGE_LOOP('',(#12453,#12454,#12455,#12456,#12464,#12472,#12478,
    #12479));
#12453 = ORIENTED_EDGE('',*,*,#11809,.F.);
#12454 = ORIENTED_EDGE('',*,*,#11784,.T.);
#12455 = ORIENTED_EDGE('',*,*,#12072,.T.);
#12456 = ORIENTED_EDGE('',*,*,#12457,.F.);
#12457 = EDGE_CURVE('',#12458,#12073,#12460,.T.);
#12458 = VERTEX_POINT('',#12459);
#12459 = CARTESIAN_POINT('',(0.,35.775,2.28));
#12460 = LINE('',#12461,#12462);
#12461 = CARTESIAN_POINT('',(0.,35.775,2.28));
#12462 = VECTOR('',#12463,1.);
#12463 = DIRECTION('',(0.,0.,1.));
#12464 = ORIENTED_EDGE('',*,*,#12465,.T.);
#12465 = EDGE_CURVE('',#12458,#12466,#12468,.T.);
#12466 = VERTEX_POINT('',#12467);
#12467 = CARTESIAN_POINT('',(0.,36.225,2.28));
#12468 = LINE('',#12469,#12470);
#12469 = CARTESIAN_POINT('',(0.,35.775,2.28));
#12470 = VECTOR('',#12471,1.);
#12471 = DIRECTION('',(0.,1.,0.));
#12472 = ORIENTED_EDGE('',*,*,#12473,.T.);
#12473 = EDGE_CURVE('',#12466,#12097,#12474,.T.);
#12474 = LINE('',#12475,#12476);
#12475 = CARTESIAN_POINT('',(0.,36.225,2.28));
#12476 = VECTOR('',#12477,1.);
#12477 = DIRECTION('',(0.,0.,1.));
#12478 = ORIENTED_EDGE('',*,*,#12104,.T.);
#12479 = ORIENTED_EDGE('',*,*,#12480,.F.);
#12480 = EDGE_CURVE('',#11810,#12105,#12481,.T.);
#12481 = LINE('',#12482,#12483);
#12482 = CARTESIAN_POINT('',(4.440892098501E-16,82.865565114351,0.));
#12483 = VECTOR('',#12484,1.);
#12484 = DIRECTION('',(0.,0.,1.));
#12485 = PLANE('',#12486);
#12486 = AXIS2_PLACEMENT_3D('',#12487,#12488,#12489);
#12487 = CARTESIAN_POINT('',(0.,3.828427124746,0.));
#12488 = DIRECTION('',(-1.,0.,0.));
#12489 = DIRECTION('',(0.,1.,0.));
#12490 = ADVANCED_FACE('',(#12491),#12502,.T.);
#12491 = FACE_BOUND('',#12492,.T.);
#12492 = EDGE_LOOP('',(#12493,#12499,#12500,#12501));
#12493 = ORIENTED_EDGE('',*,*,#12494,.T.);
#12494 = EDGE_CURVE('',#11912,#12021,#12495,.T.);
#12495 = LINE('',#12496,#12497);
#12496 = CARTESIAN_POINT('',(83.757518089848,0.397242322053,0.));
#12497 = VECTOR('',#12498,1.);
#12498 = DIRECTION('',(0.,0.,1.));
#12499 = ORIENTED_EDGE('',*,*,#12020,.T.);
#12500 = ORIENTED_EDGE('',*,*,#12415,.F.);
#12501 = ORIENTED_EDGE('',*,*,#11919,.F.);
#12502 = CYLINDRICAL_SURFACE('',#12503,1.2);
#12503 = AXIS2_PLACEMENT_3D('',#12504,#12505,#12506);
#12504 = CARTESIAN_POINT('',(82.865565114351,1.2,0.));
#12505 = DIRECTION('',(0.,0.,-1.));
#12506 = DIRECTION('',(0.743294146247,-0.668964731622,0.));
#12507 = ADVANCED_FACE('',(#12508),#12519,.T.);
#12508 = FACE_BOUND('',#12509,.T.);
#12509 = EDGE_LOOP('',(#12510,#12511,#12512,#12518));
#12510 = ORIENTED_EDGE('',*,*,#12480,.T.);
#12511 = ORIENTED_EDGE('',*,*,#12112,.T.);
#12512 = ORIENTED_EDGE('',*,*,#12513,.F.);
#12513 = EDGE_CURVE('',#11818,#12113,#12514,.T.);
#12514 = LINE('',#12515,#12516);
#12515 = CARTESIAN_POINT('',(0.397242322053,83.757518089848,0.));
#12516 = VECTOR('',#12517,1.);
#12517 = DIRECTION('',(0.,0.,1.));
#12518 = ORIENTED_EDGE('',*,*,#11817,.F.);
#12519 = CYLINDRICAL_SURFACE('',#12520,1.2);
#12520 = AXIS2_PLACEMENT_3D('',#12521,#12522,#12523);
#12521 = CARTESIAN_POINT('',(1.2,82.865565114351,0.));
#12522 = DIRECTION('',(0.,0.,-1.));
#12523 = DIRECTION('',(-1.,0.,0.));
#12524 = ADVANCED_FACE('',(#12525),#12536,.T.);
#12525 = FACE_BOUND('',#12526,.T.);
#12526 = EDGE_LOOP('',(#12527,#12533,#12534,#12535));
#12527 = ORIENTED_EDGE('',*,*,#12528,.T.);
#12528 = EDGE_CURVE('',#11903,#12315,#12529,.T.);
#12529 = LINE('',#12530,#12531);
#12530 = CARTESIAN_POINT('',(104.69195297549,23.65772552833,0.));
#12531 = VECTOR('',#12532,1.);
#12532 = DIRECTION('',(0.,0.,1.));
#12533 = ORIENTED_EDGE('',*,*,#12323,.T.);
#12534 = ORIENTED_EDGE('',*,*,#12494,.F.);
#12535 = ORIENTED_EDGE('',*,*,#11911,.F.);
#12536 = PLANE('',#12537);
#12537 = AXIS2_PLACEMENT_3D('',#12538,#12539,#12540);
#12538 = CARTESIAN_POINT('',(104.69195297549,23.65772552833,0.));
#12539 = DIRECTION('',(0.743294146247,-0.668964731622,0.));
#12540 = DIRECTION('',(-0.668964731622,-0.743294146247,0.));
#12541 = ADVANCED_FACE('',(#12542),#12553,.T.);
#12542 = FACE_BOUND('',#12543,.T.);
#12543 = EDGE_LOOP('',(#12544,#12545,#12546,#12552));
#12544 = ORIENTED_EDGE('',*,*,#12513,.T.);
#12545 = ORIENTED_EDGE('',*,*,#12121,.T.);
#12546 = ORIENTED_EDGE('',*,*,#12547,.F.);
#12547 = EDGE_CURVE('',#11827,#12122,#12548,.T.);
#12548 = LINE('',#12549,#12550);
#12549 = CARTESIAN_POINT('',(23.62920265569,104.66628239012,0.));
#12550 = VECTOR('',#12551,1.);
#12551 = DIRECTION('',(0.,0.,1.));
#12552 = ORIENTED_EDGE('',*,*,#11826,.F.);
#12553 = PLANE('',#12554);
#12554 = AXIS2_PLACEMENT_3D('',#12555,#12556,#12557);
#12555 = CARTESIAN_POINT('',(0.397242322053,83.757518089848,0.));
#12556 = DIRECTION('',(-0.668964731622,0.743294146247,0.));
#12557 = DIRECTION('',(0.743294146247,0.668964731622,0.));
#12558 = ADVANCED_FACE('',(#12559),#12570,.T.);
#12559 = FACE_BOUND('',#12560,.T.);
#12560 = EDGE_LOOP('',(#12561,#12567,#12568,#12569));
#12561 = ORIENTED_EDGE('',*,*,#12562,.T.);
#12562 = EDGE_CURVE('',#11895,#12307,#12563,.T.);
#12563 = LINE('',#12564,#12565);
#12564 = CARTESIAN_POINT('',(105.,24.460483206276,0.));
#12565 = VECTOR('',#12566,1.);
#12566 = DIRECTION('',(0.,0.,1.));
#12567 = ORIENTED_EDGE('',*,*,#12314,.T.);
#12568 = ORIENTED_EDGE('',*,*,#12528,.F.);
#12569 = ORIENTED_EDGE('',*,*,#11902,.F.);
#12570 = CYLINDRICAL_SURFACE('',#12571,1.2);
#12571 = AXIS2_PLACEMENT_3D('',#12572,#12573,#12574);
#12572 = CARTESIAN_POINT('',(103.8,24.460483206276,0.));
#12573 = DIRECTION('',(0.,0.,-1.));
#12574 = DIRECTION('',(1.,2.368475785867E-14,0.));
#12575 = ADVANCED_FACE('',(#12576),#12587,.T.);
#12576 = FACE_BOUND('',#12577,.T.);
#12577 = EDGE_LOOP('',(#12578,#12579,#12580,#12586));
#12578 = ORIENTED_EDGE('',*,*,#12547,.T.);
#12579 = ORIENTED_EDGE('',*,*,#12129,.T.);
#12580 = ORIENTED_EDGE('',*,*,#12581,.F.);
#12581 = EDGE_CURVE('',#11835,#12130,#12582,.T.);
#12582 = LINE('',#12583,#12584);
#12583 = CARTESIAN_POINT('',(24.4988568068,105.,0.));
#12584 = VECTOR('',#12585,1.);
#12585 = DIRECTION('',(0.,0.,1.));
#12586 = ORIENTED_EDGE('',*,*,#11834,.F.);
#12587 = CYLINDRICAL_SURFACE('',#12588,1.3);
#12588 = AXIS2_PLACEMENT_3D('',#12589,#12590,#12591);
#12589 = CARTESIAN_POINT('',(24.4988568068,103.7,0.));
#12590 = DIRECTION('',(0.,0.,-1.));
#12591 = DIRECTION('',(-0.668964731622,0.743294146247,0.));
#12592 = ADVANCED_FACE('',(#12593),#12604,.T.);
#12593 = FACE_BOUND('',#12594,.T.);
#12594 = EDGE_LOOP('',(#12595,#12601,#12602,#12603));
#12595 = ORIENTED_EDGE('',*,*,#12596,.T.);
#12596 = EDGE_CURVE('',#11886,#12298,#12597,.T.);
#12597 = LINE('',#12598,#12599);
#12598 = CARTESIAN_POINT('',(105.,25.68,0.));
#12599 = VECTOR('',#12600,1.);
#12600 = DIRECTION('',(0.,0.,1.));
#12601 = ORIENTED_EDGE('',*,*,#12306,.T.);
#12602 = ORIENTED_EDGE('',*,*,#12562,.F.);
#12603 = ORIENTED_EDGE('',*,*,#11894,.F.);
#12604 = PLANE('',#12605);
#12605 = AXIS2_PLACEMENT_3D('',#12606,#12607,#12608);
#12606 = CARTESIAN_POINT('',(105.,25.68,0.));
#12607 = DIRECTION('',(1.,0.,-0.));
#12608 = DIRECTION('',(0.,-1.,0.));
#12609 = ADVANCED_FACE('',(#12610),#12621,.T.);
#12610 = FACE_BOUND('',#12611,.T.);
#12611 = EDGE_LOOP('',(#12612,#12613,#12614,#12620));
#12612 = ORIENTED_EDGE('',*,*,#12581,.T.);
#12613 = ORIENTED_EDGE('',*,*,#12138,.T.);
#12614 = ORIENTED_EDGE('',*,*,#12615,.F.);
#12615 = EDGE_CURVE('',#11844,#12139,#12616,.T.);
#12616 = LINE('',#12617,#12618);
#12617 = CARTESIAN_POINT('',(25.68,105.,0.));
#12618 = VECTOR('',#12619,1.);
#12619 = DIRECTION('',(0.,0.,1.));
#12620 = ORIENTED_EDGE('',*,*,#11843,.F.);
#12621 = PLANE('',#12622);
#12622 = AXIS2_PLACEMENT_3D('',#12623,#12624,#12625);
#12623 = CARTESIAN_POINT('',(24.4988568068,105.,0.));
#12624 = DIRECTION('',(0.,1.,0.));
#12625 = DIRECTION('',(1.,0.,0.));
#12626 = ADVANCED_FACE('',(#12627),#12638,.T.);
#12627 = FACE_BOUND('',#12628,.T.);
#12628 = EDGE_LOOP('',(#12629,#12635,#12636,#12637));
#12629 = ORIENTED_EDGE('',*,*,#12630,.T.);
#12630 = EDGE_CURVE('',#11878,#12290,#12631,.T.);
#12631 = LINE('',#12632,#12633);
#12632 = CARTESIAN_POINT('',(103.68,27.,0.));
#12633 = VECTOR('',#12634,1.);
#12634 = DIRECTION('',(0.,0.,1.));
#12635 = ORIENTED_EDGE('',*,*,#12297,.T.);
#12636 = ORIENTED_EDGE('',*,*,#12596,.F.);
#12637 = ORIENTED_EDGE('',*,*,#11885,.F.);
#12638 = CYLINDRICAL_SURFACE('',#12639,1.32);
#12639 = AXIS2_PLACEMENT_3D('',#12640,#12641,#12642);
#12640 = CARTESIAN_POINT('',(103.68,25.68,0.));
#12641 = DIRECTION('',(0.,0.,-1.));
#12642 = DIRECTION('',(0.,1.,0.));
#12643 = ADVANCED_FACE('',(#12644),#12655,.T.);
#12644 = FACE_BOUND('',#12645,.T.);
#12645 = EDGE_LOOP('',(#12646,#12647,#12648,#12654));
#12646 = ORIENTED_EDGE('',*,*,#12615,.T.);
#12647 = ORIENTED_EDGE('',*,*,#12146,.T.);
#12648 = ORIENTED_EDGE('',*,*,#12649,.F.);
#12649 = EDGE_CURVE('',#11852,#12147,#12650,.T.);
#12650 = LINE('',#12651,#12652);
#12651 = CARTESIAN_POINT('',(27.,103.68,0.));
#12652 = VECTOR('',#12653,1.);
#12653 = DIRECTION('',(0.,0.,1.));
#12654 = ORIENTED_EDGE('',*,*,#11851,.F.);
#12655 = CYLINDRICAL_SURFACE('',#12656,1.32);
#12656 = AXIS2_PLACEMENT_3D('',#12657,#12658,#12659);
#12657 = CARTESIAN_POINT('',(25.68,103.68,0.));
#12658 = DIRECTION('',(0.,0.,-1.));
#12659 = DIRECTION('',(-8.074349270001E-15,1.,0.));
#12660 = ADVANCED_FACE('',(#12661),#12672,.T.);
#12661 = FACE_BOUND('',#12662,.T.);
#12662 = EDGE_LOOP('',(#12663,#12669,#12670,#12671));
#12663 = ORIENTED_EDGE('',*,*,#12664,.T.);
#12664 = EDGE_CURVE('',#11869,#12281,#12665,.T.);
#12665 = LINE('',#12666,#12667);
#12666 = CARTESIAN_POINT('',(29.,27.,0.));
#12667 = VECTOR('',#12668,1.);
#12668 = DIRECTION('',(0.,0.,1.));
#12669 = ORIENTED_EDGE('',*,*,#12289,.T.);
#12670 = ORIENTED_EDGE('',*,*,#12630,.F.);
#12671 = ORIENTED_EDGE('',*,*,#11877,.F.);
#12672 = PLANE('',#12673);
#12673 = AXIS2_PLACEMENT_3D('',#12674,#12675,#12676);
#12674 = CARTESIAN_POINT('',(29.,27.,0.));
#12675 = DIRECTION('',(0.,1.,0.));
#12676 = DIRECTION('',(1.,0.,0.));
#12677 = ADVANCED_FACE('',(#12678),#12689,.T.);
#12678 = FACE_BOUND('',#12679,.T.);
#12679 = EDGE_LOOP('',(#12680,#12681,#12682,#12688));
#12680 = ORIENTED_EDGE('',*,*,#12649,.T.);
#12681 = ORIENTED_EDGE('',*,*,#12155,.T.);
#12682 = ORIENTED_EDGE('',*,*,#12683,.F.);
#12683 = EDGE_CURVE('',#11861,#12156,#12684,.T.);
#12684 = LINE('',#12685,#12686);
#12685 = CARTESIAN_POINT('',(27.,29.,0.));
#12686 = VECTOR('',#12687,1.);
#12687 = DIRECTION('',(0.,0.,1.));
#12688 = ORIENTED_EDGE('',*,*,#11860,.F.);
#12689 = PLANE('',#12690);
#12690 = AXIS2_PLACEMENT_3D('',#12691,#12692,#12693);
#12691 = CARTESIAN_POINT('',(27.,103.68,0.));
#12692 = DIRECTION('',(1.,0.,-0.));
#12693 = DIRECTION('',(0.,-1.,0.));
#12694 = ADVANCED_FACE('',(#12695),#12725,.F.);
#12695 = FACE_BOUND('',#12696,.T.);
#12696 = EDGE_LOOP('',(#12697,#12698,#12699,#12700,#12708,#12717,#12723,
    #12724));
#12697 = ORIENTED_EDGE('',*,*,#11868,.F.);
#12698 = ORIENTED_EDGE('',*,*,#12683,.T.);
#12699 = ORIENTED_EDGE('',*,*,#12163,.T.);
#12700 = ORIENTED_EDGE('',*,*,#12701,.T.);
#12701 = EDGE_CURVE('',#12164,#12702,#12704,.T.);
#12702 = VERTEX_POINT('',#12703);
#12703 = CARTESIAN_POINT('',(27.032638694987,28.640153511148,2.45));
#12704 = LINE('',#12705,#12706);
#12705 = CARTESIAN_POINT('',(27.032638694987,28.640153511148,0.));
#12706 = VECTOR('',#12707,1.);
#12707 = DIRECTION('',(-0.,-0.,-1.));
#12708 = ORIENTED_EDGE('',*,*,#12709,.F.);
#12709 = EDGE_CURVE('',#12710,#12702,#12712,.T.);
#12710 = VERTEX_POINT('',#12711);
#12711 = CARTESIAN_POINT('',(28.640153511148,27.032638694987,2.45));
#12712 = CIRCLE('',#12713,2.);
#12713 = AXIS2_PLACEMENT_3D('',#12714,#12715,#12716);
#12714 = CARTESIAN_POINT('',(29.,29.,2.45));
#12715 = DIRECTION('',(-0.,0.,-1.));
#12716 = DIRECTION('',(-1.,0.,0.));
#12717 = ORIENTED_EDGE('',*,*,#12718,.F.);
#12718 = EDGE_CURVE('',#12273,#12710,#12719,.T.);
#12719 = LINE('',#12720,#12721);
#12720 = CARTESIAN_POINT('',(28.640153511148,27.032638694987,0.));
#12721 = VECTOR('',#12722,1.);
#12722 = DIRECTION('',(-0.,-0.,-1.));
#12723 = ORIENTED_EDGE('',*,*,#12280,.T.);
#12724 = ORIENTED_EDGE('',*,*,#12664,.F.);
#12725 = CYLINDRICAL_SURFACE('',#12726,2.);
#12726 = AXIS2_PLACEMENT_3D('',#12727,#12728,#12729);
#12727 = CARTESIAN_POINT('',(29.,29.,0.));
#12728 = DIRECTION('',(-0.,-0.,-1.));
#12729 = DIRECTION('',(-1.,0.,0.));
#12730 = ADVANCED_FACE('',(#12731),#12742,.F.);
#12731 = FACE_BOUND('',#12732,.F.);
#12732 = EDGE_LOOP('',(#12733,#12734,#12740,#12741));
#12733 = ORIENTED_EDGE('',*,*,#12331,.F.);
#12734 = ORIENTED_EDGE('',*,*,#12735,.F.);
#12735 = EDGE_CURVE('',#11938,#12332,#12736,.T.);
#12736 = LINE('',#12737,#12738);
#12737 = CARTESIAN_POINT('',(89.,10.,-1.));
#12738 = VECTOR('',#12739,1.);
#12739 = DIRECTION('',(0.,0.,1.));
#12740 = ORIENTED_EDGE('',*,*,#11937,.T.);
#12741 = ORIENTED_EDGE('',*,*,#12735,.T.);
#12742 = CYLINDRICAL_SURFACE('',#12743,3.);
#12743 = AXIS2_PLACEMENT_3D('',#12744,#12745,#12746);
#12744 = CARTESIAN_POINT('',(86.,10.,-1.));
#12745 = DIRECTION('',(0.,0.,1.));
#12746 = DIRECTION('',(1.,0.,-0.));
#12747 = ADVANCED_FACE('',(#12748),#12759,.F.);
#12748 = FACE_BOUND('',#12749,.F.);
#12749 = EDGE_LOOP('',(#12750,#12751,#12757,#12758));
#12750 = ORIENTED_EDGE('',*,*,#12342,.F.);
#12751 = ORIENTED_EDGE('',*,*,#12752,.F.);
#12752 = EDGE_CURVE('',#11949,#12343,#12753,.T.);
#12753 = LINE('',#12754,#12755);
#12754 = CARTESIAN_POINT('',(52.,10.,-1.));
#12755 = VECTOR('',#12756,1.);
#12756 = DIRECTION('',(0.,0.,1.));
#12757 = ORIENTED_EDGE('',*,*,#11948,.T.);
#12758 = ORIENTED_EDGE('',*,*,#12752,.T.);
#12759 = CYLINDRICAL_SURFACE('',#12760,3.);
#12760 = AXIS2_PLACEMENT_3D('',#12761,#12762,#12763);
#12761 = CARTESIAN_POINT('',(49.,10.,-1.));
#12762 = DIRECTION('',(0.,0.,1.));
#12763 = DIRECTION('',(1.,0.,-0.));
#12764 = ADVANCED_FACE('',(#12765),#12776,.F.);
#12765 = FACE_BOUND('',#12766,.F.);
#12766 = EDGE_LOOP('',(#12767,#12768,#12774,#12775));
#12767 = ORIENTED_EDGE('',*,*,#12353,.F.);
#12768 = ORIENTED_EDGE('',*,*,#12769,.F.);
#12769 = EDGE_CURVE('',#11960,#12354,#12770,.T.);
#12770 = LINE('',#12771,#12772);
#12771 = CARTESIAN_POINT('',(33.,10.,-1.));
#12772 = VECTOR('',#12773,1.);
#12773 = DIRECTION('',(0.,0.,1.));
#12774 = ORIENTED_EDGE('',*,*,#11959,.T.);
#12775 = ORIENTED_EDGE('',*,*,#12769,.T.);
#12776 = CYLINDRICAL_SURFACE('',#12777,3.);
#12777 = AXIS2_PLACEMENT_3D('',#12778,#12779,#12780);
#12778 = CARTESIAN_POINT('',(30.,10.,-1.));
#12779 = DIRECTION('',(0.,0.,1.));
#12780 = DIRECTION('',(1.,0.,-0.));
#12781 = ADVANCED_FACE('',(#12782),#12793,.F.);
#12782 = FACE_BOUND('',#12783,.F.);
#12783 = EDGE_LOOP('',(#12784,#12785,#12791,#12792));
#12784 = ORIENTED_EDGE('',*,*,#12364,.F.);
#12785 = ORIENTED_EDGE('',*,*,#12786,.F.);
#12786 = EDGE_CURVE('',#11971,#12365,#12787,.T.);
#12787 = LINE('',#12788,#12789);
#12788 = CARTESIAN_POINT('',(18.5,13.,-1.));
#12789 = VECTOR('',#12790,1.);
#12790 = DIRECTION('',(0.,0.,1.));
#12791 = ORIENTED_EDGE('',*,*,#11970,.T.);
#12792 = ORIENTED_EDGE('',*,*,#12786,.T.);
#12793 = CYLINDRICAL_SURFACE('',#12794,5.5);
#12794 = AXIS2_PLACEMENT_3D('',#12795,#12796,#12797);
#12795 = CARTESIAN_POINT('',(13.,13.,-1.));
#12796 = DIRECTION('',(0.,0.,1.));
#12797 = DIRECTION('',(1.,0.,-0.));
#12798 = ADVANCED_FACE('',(#12799),#12810,.F.);
#12799 = FACE_BOUND('',#12800,.F.);
#12800 = EDGE_LOOP('',(#12801,#12802,#12808,#12809));
#12801 = ORIENTED_EDGE('',*,*,#12375,.F.);
#12802 = ORIENTED_EDGE('',*,*,#12803,.F.);
#12803 = EDGE_CURVE('',#11982,#12376,#12804,.T.);
#12804 = LINE('',#12805,#12806);
#12805 = CARTESIAN_POINT('',(13.,30.,-1.));
#12806 = VECTOR('',#12807,1.);
#12807 = DIRECTION('',(0.,0.,1.));
#12808 = ORIENTED_EDGE('',*,*,#11981,.T.);
#12809 = ORIENTED_EDGE('',*,*,#12803,.T.);
#12810 = CYLINDRICAL_SURFACE('',#12811,3.);
#12811 = AXIS2_PLACEMENT_3D('',#12812,#12813,#12814);
#12812 = CARTESIAN_POINT('',(10.,30.,-1.));
#12813 = DIRECTION('',(0.,0.,1.));
#12814 = DIRECTION('',(1.,0.,-0.));
#12815 = ADVANCED_FACE('',(#12816),#12827,.F.);
#12816 = FACE_BOUND('',#12817,.F.);
#12817 = EDGE_LOOP('',(#12818,#12819,#12825,#12826));
#12818 = ORIENTED_EDGE('',*,*,#12386,.F.);
#12819 = ORIENTED_EDGE('',*,*,#12820,.F.);
#12820 = EDGE_CURVE('',#11993,#12387,#12821,.T.);
#12821 = LINE('',#12822,#12823);
#12822 = CARTESIAN_POINT('',(13.,49.,-1.));
#12823 = VECTOR('',#12824,1.);
#12824 = DIRECTION('',(0.,0.,1.));
#12825 = ORIENTED_EDGE('',*,*,#11992,.T.);
#12826 = ORIENTED_EDGE('',*,*,#12820,.T.);
#12827 = CYLINDRICAL_SURFACE('',#12828,3.);
#12828 = AXIS2_PLACEMENT_3D('',#12829,#12830,#12831);
#12829 = CARTESIAN_POINT('',(10.,49.,-1.));
#12830 = DIRECTION('',(0.,0.,1.));
#12831 = DIRECTION('',(1.,0.,-0.));
#12832 = ADVANCED_FACE('',(#12833),#12844,.F.);
#12833 = FACE_BOUND('',#12834,.F.);
#12834 = EDGE_LOOP('',(#12835,#12836,#12842,#12843));
#12835 = ORIENTED_EDGE('',*,*,#12397,.F.);
#12836 = ORIENTED_EDGE('',*,*,#12837,.F.);
#12837 = EDGE_CURVE('',#12004,#12398,#12838,.T.);
#12838 = LINE('',#12839,#12840);
#12839 = CARTESIAN_POINT('',(13.,86.,-1.));
#12840 = VECTOR('',#12841,1.);
#12841 = DIRECTION('',(0.,0.,1.));
#12842 = ORIENTED_EDGE('',*,*,#12003,.T.);
#12843 = ORIENTED_EDGE('',*,*,#12837,.T.);
#12844 = CYLINDRICAL_SURFACE('',#12845,3.);
#12845 = AXIS2_PLACEMENT_3D('',#12846,#12847,#12848);
#12846 = CARTESIAN_POINT('',(10.,86.,-1.));
#12847 = DIRECTION('',(0.,0.,1.));
#12848 = DIRECTION('',(1.,0.,-0.));
#12849 = ADVANCED_FACE('',(#12850),#12868,.F.);
#12850 = FACE_BOUND('',#12851,.F.);
#12851 = EDGE_LOOP('',(#12852,#12860,#12866,#12867));
#12852 = ORIENTED_EDGE('',*,*,#12853,.F.);
#12853 = EDGE_CURVE('',#12854,#12423,#12856,.T.);
#12854 = VERTEX_POINT('',#12855);
#12855 = CARTESIAN_POINT('',(36.225,23.,2.28));
#12856 = LINE('',#12857,#12858);
#12857 = CARTESIAN_POINT('',(36.225,23.,2.28));
#12858 = VECTOR('',#12859,1.);
#12859 = DIRECTION('',(0.,-1.,0.));
#12860 = ORIENTED_EDGE('',*,*,#12861,.T.);
#12861 = EDGE_CURVE('',#12854,#12040,#12862,.T.);
#12862 = LINE('',#12863,#12864);
#12863 = CARTESIAN_POINT('',(36.225,23.,2.28));
#12864 = VECTOR('',#12865,1.);
#12865 = DIRECTION('',(0.,0.,1.));
#12866 = ORIENTED_EDGE('',*,*,#12039,.T.);
#12867 = ORIENTED_EDGE('',*,*,#12422,.F.);
#12868 = PLANE('',#12869);
#12869 = AXIS2_PLACEMENT_3D('',#12870,#12871,#12872);
#12870 = CARTESIAN_POINT('',(36.225,23.,2.28));
#12871 = DIRECTION('',(1.,0.,-0.));
#12872 = DIRECTION('',(0.,-1.,0.));
#12873 = ADVANCED_FACE('',(#12874),#12892,.F.);
#12874 = FACE_BOUND('',#12875,.F.);
#12875 = EDGE_LOOP('',(#12876,#12884,#12890,#12891));
#12876 = ORIENTED_EDGE('',*,*,#12877,.F.);
#12877 = EDGE_CURVE('',#12878,#12854,#12880,.T.);
#12878 = VERTEX_POINT('',#12879);
#12879 = CARTESIAN_POINT('',(35.775,23.,2.28));
#12880 = LINE('',#12881,#12882);
#12881 = CARTESIAN_POINT('',(35.775,23.,2.28));
#12882 = VECTOR('',#12883,1.);
#12883 = DIRECTION('',(1.,0.,0.));
#12884 = ORIENTED_EDGE('',*,*,#12885,.T.);
#12885 = EDGE_CURVE('',#12878,#12048,#12886,.T.);
#12886 = LINE('',#12887,#12888);
#12887 = CARTESIAN_POINT('',(35.775,23.,2.28));
#12888 = VECTOR('',#12889,1.);
#12889 = DIRECTION('',(0.,0.,1.));
#12890 = ORIENTED_EDGE('',*,*,#12047,.T.);
#12891 = ORIENTED_EDGE('',*,*,#12861,.F.);
#12892 = PLANE('',#12893);
#12893 = AXIS2_PLACEMENT_3D('',#12894,#12895,#12896);
#12894 = CARTESIAN_POINT('',(35.775,23.,2.28));
#12895 = DIRECTION('',(0.,1.,0.));
#12896 = DIRECTION('',(1.,0.,0.));
#12897 = ADVANCED_FACE('',(#12898),#12909,.F.);
#12898 = FACE_BOUND('',#12899,.F.);
#12899 = EDGE_LOOP('',(#12900,#12906,#12907,#12908));
#12900 = ORIENTED_EDGE('',*,*,#12901,.F.);
#12901 = EDGE_CURVE('',#12431,#12878,#12902,.T.);
#12902 = LINE('',#12903,#12904);
#12903 = CARTESIAN_POINT('',(35.775,0.,2.28));
#12904 = VECTOR('',#12905,1.);
#12905 = DIRECTION('',(0.,1.,0.));
#12906 = ORIENTED_EDGE('',*,*,#12438,.T.);
#12907 = ORIENTED_EDGE('',*,*,#12055,.T.);
#12908 = ORIENTED_EDGE('',*,*,#12885,.F.);
#12909 = PLANE('',#12910);
#12910 = AXIS2_PLACEMENT_3D('',#12911,#12912,#12913);
#12911 = CARTESIAN_POINT('',(35.775,0.,2.28));
#12912 = DIRECTION('',(-1.,0.,0.));
#12913 = DIRECTION('',(0.,1.,0.));
#12914 = ADVANCED_FACE('',(#12915),#12949,.T.);
#12915 = FACE_BOUND('',#12916,.T.);
#12916 = EDGE_LOOP('',(#12917,#12918,#12926,#12934,#12940,#12941,#12942,
    #12948));
#12917 = ORIENTED_EDGE('',*,*,#12172,.F.);
#12918 = ORIENTED_EDGE('',*,*,#12919,.T.);
#12919 = EDGE_CURVE('',#12173,#12920,#12922,.T.);
#12920 = VERTEX_POINT('',#12921);
#12921 = CARTESIAN_POINT('',(26.563603896932,29.109188309204,3.45));
#12922 = LINE('',#12923,#12924);
#12923 = CARTESIAN_POINT('',(26.563603896932,29.109188309204,2.45));
#12924 = VECTOR('',#12925,1.);
#12925 = DIRECTION('',(0.,0.,1.));
#12926 = ORIENTED_EDGE('',*,*,#12927,.T.);
#12927 = EDGE_CURVE('',#12920,#12928,#12930,.T.);
#12928 = VERTEX_POINT('',#12929);
#12929 = CARTESIAN_POINT('',(29.109188309204,26.563603896932,3.45));
#12930 = LINE('',#12931,#12932);
#12931 = CARTESIAN_POINT('',(26.563603896932,29.109188309204,3.45));
#12932 = VECTOR('',#12933,1.);
#12933 = DIRECTION('',(0.707106781187,-0.707106781187,0.));
#12934 = ORIENTED_EDGE('',*,*,#12935,.F.);
#12935 = EDGE_CURVE('',#12264,#12928,#12936,.T.);
#12936 = LINE('',#12937,#12938);
#12937 = CARTESIAN_POINT('',(29.109188309204,26.563603896932,2.45));
#12938 = VECTOR('',#12939,1.);
#12939 = DIRECTION('',(0.,0.,1.));
#12940 = ORIENTED_EDGE('',*,*,#12272,.F.);
#12941 = ORIENTED_EDGE('',*,*,#12718,.T.);
#12942 = ORIENTED_EDGE('',*,*,#12943,.F.);
#12943 = EDGE_CURVE('',#12702,#12710,#12944,.T.);
#12944 = LINE('',#12945,#12946);
#12945 = CARTESIAN_POINT('',(26.563603896932,29.109188309204,2.45));
#12946 = VECTOR('',#12947,1.);
#12947 = DIRECTION('',(0.707106781187,-0.707106781187,0.));
#12948 = ORIENTED_EDGE('',*,*,#12701,.F.);
#12949 = PLANE('',#12950);
#12950 = AXIS2_PLACEMENT_3D('',#12951,#12952,#12953);
#12951 = CARTESIAN_POINT('',(26.563603896932,29.109188309204,2.45));
#12952 = DIRECTION('',(0.707106781187,0.707106781187,-0.));
#12953 = DIRECTION('',(0.707106781187,-0.707106781187,0.));
#12954 = ADVANCED_FACE('',(#12955),#12974,.F.);
#12955 = FACE_BOUND('',#12956,.T.);
#12956 = EDGE_LOOP('',(#12957,#12958,#12959,#12968));
#12957 = ORIENTED_EDGE('',*,*,#12263,.T.);
#12958 = ORIENTED_EDGE('',*,*,#12935,.T.);
#12959 = ORIENTED_EDGE('',*,*,#12960,.T.);
#12960 = EDGE_CURVE('',#12928,#12961,#12963,.T.);
#12961 = VERTEX_POINT('',#12962);
#12962 = CARTESIAN_POINT('',(29.745584412272,26.3,3.45));
#12963 = CIRCLE('',#12964,0.9);
#12964 = AXIS2_PLACEMENT_3D('',#12965,#12966,#12967);
#12965 = CARTESIAN_POINT('',(29.745584412272,27.2,3.45));
#12966 = DIRECTION('',(0.,0.,1.));
#12967 = DIRECTION('',(-0.707106781187,-0.707106781187,0.));
#12968 = ORIENTED_EDGE('',*,*,#12969,.F.);
#12969 = EDGE_CURVE('',#12256,#12961,#12970,.T.);
#12970 = LINE('',#12971,#12972);
#12971 = CARTESIAN_POINT('',(29.745584412272,26.3,2.45));
#12972 = VECTOR('',#12973,1.);
#12973 = DIRECTION('',(0.,0.,1.));
#12974 = CYLINDRICAL_SURFACE('',#12975,0.9);
#12975 = AXIS2_PLACEMENT_3D('',#12976,#12977,#12978);
#12976 = CARTESIAN_POINT('',(29.745584412272,27.2,2.45));
#12977 = DIRECTION('',(-0.,-0.,-1.));
#12978 = DIRECTION('',(-0.707106781187,-0.707106781187,0.));
#12979 = ADVANCED_FACE('',(#12980),#12998,.T.);
#12980 = FACE_BOUND('',#12981,.T.);
#12981 = EDGE_LOOP('',(#12982,#12983,#12984,#12992));
#12982 = ORIENTED_EDGE('',*,*,#12255,.F.);
#12983 = ORIENTED_EDGE('',*,*,#12969,.T.);
#12984 = ORIENTED_EDGE('',*,*,#12985,.T.);
#12985 = EDGE_CURVE('',#12961,#12986,#12988,.T.);
#12986 = VERTEX_POINT('',#12987);
#12987 = CARTESIAN_POINT('',(40.,26.3,3.45));
#12988 = LINE('',#12989,#12990);
#12989 = CARTESIAN_POINT('',(29.745584412272,26.3,3.45));
#12990 = VECTOR('',#12991,1.);
#12991 = DIRECTION('',(1.,0.,0.));
#12992 = ORIENTED_EDGE('',*,*,#12993,.F.);
#12993 = EDGE_CURVE('',#12248,#12986,#12994,.T.);
#12994 = LINE('',#12995,#12996);
#12995 = CARTESIAN_POINT('',(40.,26.3,2.45));
#12996 = VECTOR('',#12997,1.);
#12997 = DIRECTION('',(0.,0.,1.));
#12998 = PLANE('',#12999);
#12999 = AXIS2_PLACEMENT_3D('',#13000,#13001,#13002);
#13000 = CARTESIAN_POINT('',(29.745584412272,26.3,2.45));
#13001 = DIRECTION('',(0.,1.,0.));
#13002 = DIRECTION('',(1.,0.,0.));
#13003 = ADVANCED_FACE('',(#13004),#13022,.T.);
#13004 = FACE_BOUND('',#13005,.T.);
#13005 = EDGE_LOOP('',(#13006,#13007,#13008,#13016));
#13006 = ORIENTED_EDGE('',*,*,#12247,.F.);
#13007 = ORIENTED_EDGE('',*,*,#12993,.T.);
#13008 = ORIENTED_EDGE('',*,*,#13009,.T.);
#13009 = EDGE_CURVE('',#12986,#13010,#13012,.T.);
#13010 = VERTEX_POINT('',#13011);
#13011 = CARTESIAN_POINT('',(40.,24.5,3.45));
#13012 = LINE('',#13013,#13014);
#13013 = CARTESIAN_POINT('',(40.,26.3,3.45));
#13014 = VECTOR('',#13015,1.);
#13015 = DIRECTION('',(0.,-1.,0.));
#13016 = ORIENTED_EDGE('',*,*,#13017,.F.);
#13017 = EDGE_CURVE('',#12240,#13010,#13018,.T.);
#13018 = LINE('',#13019,#13020);
#13019 = CARTESIAN_POINT('',(40.,24.5,2.45));
#13020 = VECTOR('',#13021,1.);
#13021 = DIRECTION('',(0.,0.,1.));
#13022 = PLANE('',#13023);
#13023 = AXIS2_PLACEMENT_3D('',#13024,#13025,#13026);
#13024 = CARTESIAN_POINT('',(40.,26.3,2.45));
#13025 = DIRECTION('',(1.,0.,-0.));
#13026 = DIRECTION('',(0.,-1.,0.));
#13027 = ADVANCED_FACE('',(#13028),#13046,.F.);
#13028 = FACE_BOUND('',#13029,.F.);
#13029 = EDGE_LOOP('',(#13030,#13038,#13044,#13045));
#13030 = ORIENTED_EDGE('',*,*,#13031,.F.);
#13031 = EDGE_CURVE('',#13032,#12458,#13034,.T.);
#13032 = VERTEX_POINT('',#13033);
#13033 = CARTESIAN_POINT('',(23.,35.775,2.28));
#13034 = LINE('',#13035,#13036);
#13035 = CARTESIAN_POINT('',(23.,35.775,2.28));
#13036 = VECTOR('',#13037,1.);
#13037 = DIRECTION('',(-1.,0.,0.));
#13038 = ORIENTED_EDGE('',*,*,#13039,.T.);
#13039 = EDGE_CURVE('',#13032,#12081,#13040,.T.);
#13040 = LINE('',#13041,#13042);
#13041 = CARTESIAN_POINT('',(23.,35.775,2.28));
#13042 = VECTOR('',#13043,1.);
#13043 = DIRECTION('',(0.,0.,1.));
#13044 = ORIENTED_EDGE('',*,*,#12080,.T.);
#13045 = ORIENTED_EDGE('',*,*,#12457,.F.);
#13046 = PLANE('',#13047);
#13047 = AXIS2_PLACEMENT_3D('',#13048,#13049,#13050);
#13048 = CARTESIAN_POINT('',(23.,35.775,2.28));
#13049 = DIRECTION('',(0.,-1.,0.));
#13050 = DIRECTION('',(-1.,0.,0.));
#13051 = ADVANCED_FACE('',(#13052),#13070,.T.);
#13052 = FACE_BOUND('',#13053,.T.);
#13053 = EDGE_LOOP('',(#13054,#13055,#13056,#13064));
#13054 = ORIENTED_EDGE('',*,*,#12239,.F.);
#13055 = ORIENTED_EDGE('',*,*,#13017,.T.);
#13056 = ORIENTED_EDGE('',*,*,#13057,.T.);
#13057 = EDGE_CURVE('',#13010,#13058,#13060,.T.);
#13058 = VERTEX_POINT('',#13059);
#13059 = CARTESIAN_POINT('',(29.745584412272,24.5,3.45));
#13060 = LINE('',#13061,#13062);
#13061 = CARTESIAN_POINT('',(40.,24.5,3.45));
#13062 = VECTOR('',#13063,1.);
#13063 = DIRECTION('',(-1.,0.,0.));
#13064 = ORIENTED_EDGE('',*,*,#13065,.F.);
#13065 = EDGE_CURVE('',#12231,#13058,#13066,.T.);
#13066 = LINE('',#13067,#13068);
#13067 = CARTESIAN_POINT('',(29.745584412272,24.5,2.45));
#13068 = VECTOR('',#13069,1.);
#13069 = DIRECTION('',(0.,0.,1.));
#13070 = PLANE('',#13071);
#13071 = AXIS2_PLACEMENT_3D('',#13072,#13073,#13074);
#13072 = CARTESIAN_POINT('',(40.,24.5,2.45));
#13073 = DIRECTION('',(0.,-1.,0.));
#13074 = DIRECTION('',(-1.,0.,0.));
#13075 = ADVANCED_FACE('',(#13076),#13094,.F.);
#13076 = FACE_BOUND('',#13077,.F.);
#13077 = EDGE_LOOP('',(#13078,#13086,#13092,#13093));
#13078 = ORIENTED_EDGE('',*,*,#13079,.F.);
#13079 = EDGE_CURVE('',#13080,#13032,#13082,.T.);
#13080 = VERTEX_POINT('',#13081);
#13081 = CARTESIAN_POINT('',(23.,36.225,2.28));
#13082 = LINE('',#13083,#13084);
#13083 = CARTESIAN_POINT('',(23.,36.225,2.28));
#13084 = VECTOR('',#13085,1.);
#13085 = DIRECTION('',(0.,-1.,0.));
#13086 = ORIENTED_EDGE('',*,*,#13087,.T.);
#13087 = EDGE_CURVE('',#13080,#12089,#13088,.T.);
#13088 = LINE('',#13089,#13090);
#13089 = CARTESIAN_POINT('',(23.,36.225,2.28));
#13090 = VECTOR('',#13091,1.);
#13091 = DIRECTION('',(0.,0.,1.));
#13092 = ORIENTED_EDGE('',*,*,#12088,.T.);
#13093 = ORIENTED_EDGE('',*,*,#13039,.F.);
#13094 = PLANE('',#13095);
#13095 = AXIS2_PLACEMENT_3D('',#13096,#13097,#13098);
#13096 = CARTESIAN_POINT('',(23.,36.225,2.28));
#13097 = DIRECTION('',(1.,0.,-0.));
#13098 = DIRECTION('',(0.,-1.,0.));
#13099 = ADVANCED_FACE('',(#13100),#13119,.T.);
#13100 = FACE_BOUND('',#13101,.T.);
#13101 = EDGE_LOOP('',(#13102,#13103,#13104,#13113));
#13102 = ORIENTED_EDGE('',*,*,#12230,.F.);
#13103 = ORIENTED_EDGE('',*,*,#13065,.T.);
#13104 = ORIENTED_EDGE('',*,*,#13105,.T.);
#13105 = EDGE_CURVE('',#13058,#13106,#13108,.T.);
#13106 = VERTEX_POINT('',#13107);
#13107 = CARTESIAN_POINT('',(27.836396103068,25.290811690796,3.45));
#13108 = CIRCLE('',#13109,2.7);
#13109 = AXIS2_PLACEMENT_3D('',#13110,#13111,#13112);
#13110 = CARTESIAN_POINT('',(29.745584412272,27.2,3.45));
#13111 = DIRECTION('',(0.,0.,-1.));
#13112 = DIRECTION('',(2.631639762074E-15,-1.,0.));
#13113 = ORIENTED_EDGE('',*,*,#13114,.F.);
#13114 = EDGE_CURVE('',#12223,#13106,#13115,.T.);
#13115 = LINE('',#13116,#13117);
#13116 = CARTESIAN_POINT('',(27.836396103068,25.290811690796,2.45));
#13117 = VECTOR('',#13118,1.);
#13118 = DIRECTION('',(0.,0.,1.));
#13119 = CYLINDRICAL_SURFACE('',#13120,2.7);
#13120 = AXIS2_PLACEMENT_3D('',#13121,#13122,#13123);
#13121 = CARTESIAN_POINT('',(29.745584412272,27.2,2.45));
#13122 = DIRECTION('',(0.,0.,-1.));
#13123 = DIRECTION('',(2.631639762074E-15,-1.,0.));
#13124 = ADVANCED_FACE('',(#13125),#13136,.F.);
#13125 = FACE_BOUND('',#13126,.F.);
#13126 = EDGE_LOOP('',(#13127,#13133,#13134,#13135));
#13127 = ORIENTED_EDGE('',*,*,#13128,.F.);
#13128 = EDGE_CURVE('',#12466,#13080,#13129,.T.);
#13129 = LINE('',#13130,#13131);
#13130 = CARTESIAN_POINT('',(0.,36.225,2.28));
#13131 = VECTOR('',#13132,1.);
#13132 = DIRECTION('',(1.,0.,0.));
#13133 = ORIENTED_EDGE('',*,*,#12473,.T.);
#13134 = ORIENTED_EDGE('',*,*,#12096,.T.);
#13135 = ORIENTED_EDGE('',*,*,#13087,.F.);
#13136 = PLANE('',#13137);
#13137 = AXIS2_PLACEMENT_3D('',#13138,#13139,#13140);
#13138 = CARTESIAN_POINT('',(0.,36.225,2.28));
#13139 = DIRECTION('',(0.,1.,0.));
#13140 = DIRECTION('',(1.,0.,0.));
#13141 = ADVANCED_FACE('',(#13142),#13160,.T.);
#13142 = FACE_BOUND('',#13143,.T.);
#13143 = EDGE_LOOP('',(#13144,#13145,#13146,#13154));
#13144 = ORIENTED_EDGE('',*,*,#12222,.F.);
#13145 = ORIENTED_EDGE('',*,*,#13114,.T.);
#13146 = ORIENTED_EDGE('',*,*,#13147,.T.);
#13147 = EDGE_CURVE('',#13106,#13148,#13150,.T.);
#13148 = VERTEX_POINT('',#13149);
#13149 = CARTESIAN_POINT('',(25.290811690796,27.836396103068,3.45));
#13150 = LINE('',#13151,#13152);
#13151 = CARTESIAN_POINT('',(27.836396103068,25.290811690796,3.45));
#13152 = VECTOR('',#13153,1.);
#13153 = DIRECTION('',(-0.707106781187,0.707106781187,0.));
#13154 = ORIENTED_EDGE('',*,*,#13155,.F.);
#13155 = EDGE_CURVE('',#12214,#13148,#13156,.T.);
#13156 = LINE('',#13157,#13158);
#13157 = CARTESIAN_POINT('',(25.290811690796,27.836396103068,2.45));
#13158 = VECTOR('',#13159,1.);
#13159 = DIRECTION('',(0.,0.,1.));
#13160 = PLANE('',#13161);
#13161 = AXIS2_PLACEMENT_3D('',#13162,#13163,#13164);
#13162 = CARTESIAN_POINT('',(27.836396103068,25.290811690796,2.45));
#13163 = DIRECTION('',(-0.707106781187,-0.707106781187,0.));
#13164 = DIRECTION('',(-0.707106781187,0.707106781187,0.));
#13165 = ADVANCED_FACE('',(#13166),#13185,.T.);
#13166 = FACE_BOUND('',#13167,.T.);
#13167 = EDGE_LOOP('',(#13168,#13169,#13170,#13179));
#13168 = ORIENTED_EDGE('',*,*,#12213,.F.);
#13169 = ORIENTED_EDGE('',*,*,#13155,.T.);
#13170 = ORIENTED_EDGE('',*,*,#13171,.T.);
#13171 = EDGE_CURVE('',#13148,#13172,#13174,.T.);
#13172 = VERTEX_POINT('',#13173);
#13173 = CARTESIAN_POINT('',(24.5,29.745584412272,3.45));
#13174 = CIRCLE('',#13175,2.7);
#13175 = AXIS2_PLACEMENT_3D('',#13176,#13177,#13178);
#13176 = CARTESIAN_POINT('',(27.2,29.745584412272,3.45));
#13177 = DIRECTION('',(0.,0.,-1.));
#13178 = DIRECTION('',(-0.707106781187,-0.707106781187,-0.));
#13179 = ORIENTED_EDGE('',*,*,#13180,.F.);
#13180 = EDGE_CURVE('',#12206,#13172,#13181,.T.);
#13181 = LINE('',#13182,#13183);
#13182 = CARTESIAN_POINT('',(24.5,29.745584412272,2.45));
#13183 = VECTOR('',#13184,1.);
#13184 = DIRECTION('',(0.,0.,1.));
#13185 = CYLINDRICAL_SURFACE('',#13186,2.7);
#13186 = AXIS2_PLACEMENT_3D('',#13187,#13188,#13189);
#13187 = CARTESIAN_POINT('',(27.2,29.745584412272,2.45));
#13188 = DIRECTION('',(0.,0.,-1.));
#13189 = DIRECTION('',(-0.707106781187,-0.707106781187,-0.));
#13190 = ADVANCED_FACE('',(#13191),#13209,.T.);
#13191 = FACE_BOUND('',#13192,.T.);
#13192 = EDGE_LOOP('',(#13193,#13194,#13195,#13203));
#13193 = ORIENTED_EDGE('',*,*,#12205,.F.);
#13194 = ORIENTED_EDGE('',*,*,#13180,.T.);
#13195 = ORIENTED_EDGE('',*,*,#13196,.T.);
#13196 = EDGE_CURVE('',#13172,#13197,#13199,.T.);
#13197 = VERTEX_POINT('',#13198);
#13198 = CARTESIAN_POINT('',(24.5,40.,3.45));
#13199 = LINE('',#13200,#13201);
#13200 = CARTESIAN_POINT('',(24.5,29.745584412272,3.45));
#13201 = VECTOR('',#13202,1.);
#13202 = DIRECTION('',(0.,1.,0.));
#13203 = ORIENTED_EDGE('',*,*,#13204,.F.);
#13204 = EDGE_CURVE('',#12198,#13197,#13205,.T.);
#13205 = LINE('',#13206,#13207);
#13206 = CARTESIAN_POINT('',(24.5,40.,2.45));
#13207 = VECTOR('',#13208,1.);
#13208 = DIRECTION('',(0.,0.,1.));
#13209 = PLANE('',#13210);
#13210 = AXIS2_PLACEMENT_3D('',#13211,#13212,#13213);
#13211 = CARTESIAN_POINT('',(24.5,29.745584412272,2.45));
#13212 = DIRECTION('',(-1.,0.,0.));
#13213 = DIRECTION('',(0.,1.,0.));
#13214 = ADVANCED_FACE('',(#13215),#13233,.T.);
#13215 = FACE_BOUND('',#13216,.T.);
#13216 = EDGE_LOOP('',(#13217,#13218,#13219,#13227));
#13217 = ORIENTED_EDGE('',*,*,#12197,.F.);
#13218 = ORIENTED_EDGE('',*,*,#13204,.T.);
#13219 = ORIENTED_EDGE('',*,*,#13220,.T.);
#13220 = EDGE_CURVE('',#13197,#13221,#13223,.T.);
#13221 = VERTEX_POINT('',#13222);
#13222 = CARTESIAN_POINT('',(26.3,40.,3.45));
#13223 = LINE('',#13224,#13225);
#13224 = CARTESIAN_POINT('',(24.5,40.,3.45));
#13225 = VECTOR('',#13226,1.);
#13226 = DIRECTION('',(1.,0.,0.));
#13227 = ORIENTED_EDGE('',*,*,#13228,.F.);
#13228 = EDGE_CURVE('',#12190,#13221,#13229,.T.);
#13229 = LINE('',#13230,#13231);
#13230 = CARTESIAN_POINT('',(26.3,40.,2.45));
#13231 = VECTOR('',#13232,1.);
#13232 = DIRECTION('',(0.,0.,1.));
#13233 = PLANE('',#13234);
#13234 = AXIS2_PLACEMENT_3D('',#13235,#13236,#13237);
#13235 = CARTESIAN_POINT('',(24.5,40.,2.45));
#13236 = DIRECTION('',(0.,1.,0.));
#13237 = DIRECTION('',(1.,0.,0.));
#13238 = ADVANCED_FACE('',(#13239),#13257,.T.);
#13239 = FACE_BOUND('',#13240,.T.);
#13240 = EDGE_LOOP('',(#13241,#13242,#13243,#13251));
#13241 = ORIENTED_EDGE('',*,*,#12189,.F.);
#13242 = ORIENTED_EDGE('',*,*,#13228,.T.);
#13243 = ORIENTED_EDGE('',*,*,#13244,.T.);
#13244 = EDGE_CURVE('',#13221,#13245,#13247,.T.);
#13245 = VERTEX_POINT('',#13246);
#13246 = CARTESIAN_POINT('',(26.3,29.745584412272,3.45));
#13247 = LINE('',#13248,#13249);
#13248 = CARTESIAN_POINT('',(26.3,40.,3.45));
#13249 = VECTOR('',#13250,1.);
#13250 = DIRECTION('',(0.,-1.,0.));
#13251 = ORIENTED_EDGE('',*,*,#13252,.F.);
#13252 = EDGE_CURVE('',#12181,#13245,#13253,.T.);
#13253 = LINE('',#13254,#13255);
#13254 = CARTESIAN_POINT('',(26.3,29.745584412272,2.45));
#13255 = VECTOR('',#13256,1.);
#13256 = DIRECTION('',(0.,0.,1.));
#13257 = PLANE('',#13258);
#13258 = AXIS2_PLACEMENT_3D('',#13259,#13260,#13261);
#13259 = CARTESIAN_POINT('',(26.3,40.,2.45));
#13260 = DIRECTION('',(1.,0.,-0.));
#13261 = DIRECTION('',(0.,-1.,0.));
#13262 = ADVANCED_FACE('',(#13263),#13275,.F.);
#13263 = FACE_BOUND('',#13264,.T.);
#13264 = EDGE_LOOP('',(#13265,#13266,#13267,#13274));
#13265 = ORIENTED_EDGE('',*,*,#12180,.T.);
#13266 = ORIENTED_EDGE('',*,*,#13252,.T.);
#13267 = ORIENTED_EDGE('',*,*,#13268,.T.);
#13268 = EDGE_CURVE('',#13245,#12920,#13269,.T.);
#13269 = CIRCLE('',#13270,0.9);
#13270 = AXIS2_PLACEMENT_3D('',#13271,#13272,#13273);
#13271 = CARTESIAN_POINT('',(27.2,29.745584412272,3.45));
#13272 = DIRECTION('',(0.,0.,1.));
#13273 = DIRECTION('',(-1.,1.578983857245E-14,0.));
#13274 = ORIENTED_EDGE('',*,*,#12919,.F.);
#13275 = CYLINDRICAL_SURFACE('',#13276,0.9);
#13276 = AXIS2_PLACEMENT_3D('',#13277,#13278,#13279);
#13277 = CARTESIAN_POINT('',(27.2,29.745584412272,2.45));
#13278 = DIRECTION('',(-0.,-0.,-1.));
#13279 = DIRECTION('',(-1.,1.578983857245E-14,0.));
#13280 = ADVANCED_FACE('',(#13281),#13287,.F.);
#13281 = FACE_BOUND('',#13282,.F.);
#13282 = EDGE_LOOP('',(#13283,#13284,#13285,#13286));
#13283 = ORIENTED_EDGE('',*,*,#12901,.T.);
#13284 = ORIENTED_EDGE('',*,*,#12877,.T.);
#13285 = ORIENTED_EDGE('',*,*,#12853,.T.);
#13286 = ORIENTED_EDGE('',*,*,#12430,.T.);
#13287 = PLANE('',#13288);
#13288 = AXIS2_PLACEMENT_3D('',#13289,#13290,#13291);
#13289 = CARTESIAN_POINT('',(36.,11.5,2.28));
#13290 = DIRECTION('',(-0.,-0.,-1.));
#13291 = DIRECTION('',(-1.,0.,0.));
#13292 = ADVANCED_FACE('',(#13293),#13299,.F.);
#13293 = FACE_BOUND('',#13294,.F.);
#13294 = EDGE_LOOP('',(#13295,#13296,#13297,#13298));
#13295 = ORIENTED_EDGE('',*,*,#13128,.T.);
#13296 = ORIENTED_EDGE('',*,*,#13079,.T.);
#13297 = ORIENTED_EDGE('',*,*,#13031,.T.);
#13298 = ORIENTED_EDGE('',*,*,#12465,.T.);
#13299 = PLANE('',#13300);
#13300 = AXIS2_PLACEMENT_3D('',#13301,#13302,#13303);
#13301 = CARTESIAN_POINT('',(11.5,36.,2.28));
#13302 = DIRECTION('',(-0.,-0.,-1.));
#13303 = DIRECTION('',(-1.,0.,0.));
#13304 = ADVANCED_FACE('',(#13305),#13309,.T.);
#13305 = FACE_BOUND('',#13306,.T.);
#13306 = EDGE_LOOP('',(#13307,#13308));
#13307 = ORIENTED_EDGE('',*,*,#12709,.T.);
#13308 = ORIENTED_EDGE('',*,*,#12943,.T.);
#13309 = PLANE('',#13310);
#13310 = AXIS2_PLACEMENT_3D('',#13311,#13312,#13313);
#13311 = CARTESIAN_POINT('',(29.626019537006,29.626019537006,2.45));
#13312 = DIRECTION('',(-0.,-0.,-1.));
#13313 = DIRECTION('',(-1.,0.,0.));
#13314 = ADVANCED_FACE('',(#13315),#13329,.F.);
#13315 = FACE_BOUND('',#13316,.F.);
#13316 = EDGE_LOOP('',(#13317,#13318,#13319,#13320,#13321,#13322,#13323,
    #13324,#13325,#13326,#13327,#13328));
#13317 = ORIENTED_EDGE('',*,*,#13244,.T.);
#13318 = ORIENTED_EDGE('',*,*,#13268,.T.);
#13319 = ORIENTED_EDGE('',*,*,#12927,.T.);
#13320 = ORIENTED_EDGE('',*,*,#12960,.T.);
#13321 = ORIENTED_EDGE('',*,*,#12985,.T.);
#13322 = ORIENTED_EDGE('',*,*,#13009,.T.);
#13323 = ORIENTED_EDGE('',*,*,#13057,.T.);
#13324 = ORIENTED_EDGE('',*,*,#13105,.T.);
#13325 = ORIENTED_EDGE('',*,*,#13147,.T.);
#13326 = ORIENTED_EDGE('',*,*,#13171,.T.);
#13327 = ORIENTED_EDGE('',*,*,#13196,.T.);
#13328 = ORIENTED_EDGE('',*,*,#13220,.T.);
#13329 = PLANE('',#13330);
#13330 = AXIS2_PLACEMENT_3D('',#13331,#13332,#13333);
#13331 = CARTESIAN_POINT('',(29.626019537006,29.626019537006,3.45));
#13332 = DIRECTION('',(-0.,-0.,-1.));
#13333 = DIRECTION('',(-1.,0.,0.));
#13334 = ( GEOMETRIC_REPRESENTATION_CONTEXT(3) 
GLOBAL_UNCERTAINTY_ASSIGNED_CONTEXT((#13338)) 
GLOBAL_UNIT_ASSIGNED_CONTEXT((#13335,#13336,#13337)) 
REPRESENTATION_CONTEXT('Context #1',
  '3D Context with UNIT and UNCERTAINTY') );
#13335 = ( LENGTH_UNIT() NAMED_UNIT(*) SI_UNIT(.MILLI.,.METRE.) );
#13336 = ( NAMED_UNIT(*) PLANE_ANGLE_UNIT() SI_UNIT($,.RADIAN.) );
#13337 = ( NAMED_UNIT(*) SI_UNIT($,.STERADIAN.) SOLID_ANGLE_UNIT() );
#13338 = UNCERTAINTY_MEASURE_WITH_UNIT(LENGTH_MEASURE(1.E-07),#13335,
  'distance_accuracy_value','confusion accuracy');
#13339 = CONTEXT_DEPENDENT_SHAPE_REPRESENTATION(#13340,#13342);
#13340 = ( REPRESENTATION_RELATIONSHIP('','',#11694,#10) 
REPRESENTATION_RELATIONSHIP_WITH_TRANSFORMATION(#13341) 
SHAPE_REPRESENTATION_RELATIONSHIP() );
#13341 = ITEM_DEFINED_TRANSFORMATION('','',#11,#43);
#13342 = PRODUCT_DEFINITION_SHAPE('Placement','Placement of an item',
  #13343);
#13343 = NEXT_ASSEMBLY_USAGE_OCCURRENCE('16','H30 | Hoek linksboven','',
  #5,#11689,$);
#13344 = PRODUCT_RELATED_PRODUCT_CATEGORY('part',$,(#11691));
ENDSEC;
END-ISO-10303-21;
